mtllib transition_seal_cylinder_008.mtl
usemtl Texture
v -0.271070 0.102584 -0.074110
v -0.075362 0.023546 -0.119430
v -0.271070 0.023546 -0.119430
v -0.271070 0.023546 -0.119430
v -0.075362 -0.064390 -0.095588
v -0.271070 -0.064390 -0.095588
v -0.075362 -0.064390 -0.095588
v -0.271070 -0.109711 -0.016550
v -0.271070 -0.064390 -0.095588
v -0.271070 -0.109711 -0.016550
v -0.075362 -0.085869 0.071386
v -0.271070 -0.085868 0.071386
v -0.075362 -0.085869 0.071386
v -0.271070 -0.006830 0.116706
v -0.271070 -0.085868 0.071386
v -0.271070 -0.006830 0.116706
v -0.075362 0.081105 0.092864
v -0.271070 0.081105 0.092864
v -0.075362 0.081345 0.008027
v 0.064233 0.066607 -0.046333
v -0.075362 0.066607 -0.046333
v -0.075362 0.081105 0.092864
v -0.271070 0.126426 0.013826
v -0.271070 0.081105 0.092864
v -0.271070 0.126426 0.013826
v -0.075362 0.102584 -0.074110
v -0.271070 0.102584 -0.074110
v -0.075362 0.017747 -0.074349
v -0.075362 0.102584 -0.074110
v -0.075362 0.066607 -0.046333
v -0.075362 -0.036612 -0.059611
v -0.075362 0.023546 -0.119430
v -0.075362 0.017747 -0.074349
v -0.075362 -0.064629 -0.010750
v -0.075362 -0.064390 -0.095588
v -0.075362 -0.036612 -0.059611
v -0.075362 -0.064629 -0.010750
v -0.075362 -0.085869 0.071386
v -0.075362 -0.109711 -0.016550
v -0.075362 -0.049890 0.043609
v -0.075362 -0.006830 0.116706
v -0.075362 -0.085869 0.071386
v -0.075362 -0.001030 0.071625
v -0.075362 0.081105 0.092864
v -0.075362 -0.006830 0.116706
v -0.075362 0.053329 0.056887
v -0.075362 0.126426 0.013826
v -0.075362 0.081105 0.092864
v -0.075362 0.066607 -0.046333
v -0.075362 0.126426 0.013826
v -0.075362 0.081345 0.008027
v 0.064233 -0.064629 -0.010750
v 0.064233 -0.036612 -0.059611
v 0.064233 0.053329 0.056887
v -0.075362 -0.001030 0.071625
v 0.064233 0.053329 0.056887
v -0.075362 0.053329 0.056887
v -0.075362 -0.064629 -0.010750
v 0.064233 -0.049890 0.043609
v -0.075362 -0.049890 0.043609
v -0.075362 0.017747 -0.074349
v 0.064233 -0.036612 -0.059611
v -0.075362 -0.036612 -0.059611
v -0.075362 0.081345 0.008027
v 0.064233 0.053329 0.056887
v 0.064233 0.081345 0.008027
v -0.075362 -0.001030 0.071625
v 0.064233 -0.049890 0.043609
v 0.064233 -0.001030 0.071625
v -0.075362 -0.064629 -0.010750
v 0.064233 -0.036612 -0.059611
v 0.064233 -0.064629 -0.010750
v -0.075362 0.017747 -0.074349
v 0.064233 0.066607 -0.046333
v 0.064233 0.017747 -0.074349
v -0.000601 1.892273 -0.088952
v -0.075640 1.892088 -0.131714
v -0.044169 1.892289 -0.077278
v -0.131059 1.892371 0.075128
v -0.044170 1.892501 0.073648
v -0.076064 1.892457 0.041754
v 0.042967 1.892289 -0.077278
v 0.000070 1.892126 -0.151999
v -0.000601 1.892273 -0.088952
v 0.074861 1.892333 -0.045384
v 0.075779 1.892229 -0.131709
v 0.042967 1.892289 -0.077278
v 0.086535 1.892395 -0.001815
v 0.131199 1.892370 -0.076285
v 0.074861 1.892333 -0.045384
v 0.074860 1.892456 0.041753
v 0.151483 1.892511 -0.000579
v 0.086535 1.892395 -0.001815
v 0.000029 1.821203 -0.140192
v -0.075681 1.852609 -0.131717
v 0.000024 1.852647 -0.152004
v 0.000031 1.821696 0.139067
v -0.075683 1.853034 0.130538
v -0.069784 1.821587 0.120359
v -0.069786 1.821160 -0.121486
v -0.131101 1.852648 -0.076297
v -0.075681 1.852609 -0.131717
v 0.069846 1.821739 0.120361
v 0.000026 1.853137 0.150828
v 0.000031 1.821696 0.139067
v -0.139599 1.821298 -0.000564
v -0.131101 1.852648 -0.076297
v -0.120893 1.821195 -0.070378
v 0.120954 1.821705 0.069253
v 0.075736 1.853175 0.130543
v 0.069846 1.821739 0.120361
v 0.120954 1.821705 0.069253
v 0.151445 1.853033 -0.000591
v 0.131160 1.853136 0.075120
v -0.075635 1.892513 0.130548
v -0.000602 1.892517 0.085322
v -0.044170 1.892501 0.073648
v -0.075640 1.892088 -0.131714
v -0.076064 1.892334 -0.045384
v -0.044169 1.892289 -0.077278
v 0.000072 1.892616 0.150832
v 0.042966 1.892501 0.073648
v -0.000602 1.892517 0.085322
v -0.131064 1.892126 -0.076290
v -0.087738 1.892395 -0.001815
v -0.076064 1.892334 -0.045384
v 0.042966 1.892501 0.073648
v 0.131197 1.892615 0.075126
v 0.074860 1.892456 0.041753
v 0.120247 0.177237 -0.069915
v 0.120248 0.177483 0.069714
v -0.121598 0.177220 0.069712
v -0.140305 0.177076 -0.000103
v -0.120893 1.821195 -0.070378
v -0.121599 0.176973 -0.069917
v -0.120893 1.821195 -0.070378
v -0.070491 0.176938 -0.121025
v -0.121599 0.176973 -0.069917
v -0.069786 1.821160 -0.121486
v -0.000677 0.176982 -0.139731
v -0.070491 0.176938 -0.121025
v 0.000029 1.821203 -0.140192
v 0.069138 0.177091 -0.121024
v -0.000677 0.176982 -0.139731
v 0.069844 1.821312 -0.121484
v 0.120247 0.177237 -0.069915
v 0.069138 0.177091 -0.121024
v 0.120953 1.821458 -0.070376
v 0.138954 0.177380 -0.000101
v 0.120247 0.177237 -0.069915
v 0.139660 1.821602 -0.000562
v 0.120248 0.177483 0.069714
v 0.138954 0.177380 -0.000101
v 0.120248 0.177483 0.069714
v 0.069846 1.821739 0.120361
v 0.069140 0.177518 0.120821
v 0.069140 0.177518 0.120821
v 0.000031 1.821696 0.139067
v -0.000674 0.177475 0.139528
v -0.000674 0.177475 0.139528
v -0.069784 1.821587 0.120359
v -0.070489 0.177366 0.120820
v -0.070489 0.177366 0.120820
v -0.120892 1.821441 0.069251
v -0.121598 0.177220 0.069712
v -0.121598 0.177220 0.069712
v -0.139599 1.821298 -0.000564
v -0.140305 0.177076 -0.000103
v -0.131103 1.852893 0.075114
v -0.151348 1.892230 -0.000581
v -0.151387 1.852752 -0.000593
v -0.075683 1.853034 0.130538
v -0.131059 1.892371 0.075128
v -0.131103 1.852893 0.075114
v 0.000026 1.853137 0.150828
v -0.075635 1.892513 0.130548
v -0.075683 1.853034 0.130538
v 0.075736 1.853175 0.130543
v 0.000072 1.892616 0.150832
v 0.000026 1.853137 0.150828
v 0.131160 1.853136 0.075120
v 0.075778 1.892653 0.130546
v 0.075736 1.853175 0.130543
v 0.151483 1.892511 -0.000579
v 0.131160 1.853136 0.075120
v 0.151445 1.853033 -0.000591
v 0.131199 1.892370 -0.076285
v 0.151445 1.853033 -0.000591
v 0.131155 1.852892 -0.076299
v 0.075779 1.892229 -0.131709
v 0.131155 1.852892 -0.076299
v 0.075731 1.852750 -0.131719
v 0.000070 1.892126 -0.151999
v 0.075731 1.852750 -0.131719
v 0.000024 1.852647 -0.152004
v -0.075640 1.892088 -0.131714
v 0.000024 1.852647 -0.152004
v -0.075681 1.852609 -0.131717
v -0.131064 1.892126 -0.076290
v -0.075681 1.852609 -0.131717
v -0.131101 1.852648 -0.076297
v -0.151387 1.852752 -0.000593
v -0.131064 1.892126 -0.076290
v -0.131101 1.852648 -0.076297
v -0.069784 1.821587 0.120359
v -0.131103 1.852893 0.075114
v -0.120892 1.821441 0.069251
v 0.069844 1.821312 -0.121484
v 0.000024 1.852647 -0.152004
v 0.075731 1.852750 -0.131719
v -0.120892 1.821441 0.069251
v -0.151387 1.852752 -0.000593
v -0.139599 1.821298 -0.000564
v 0.120953 1.821458 -0.070376
v 0.075731 1.852750 -0.131719
v 0.131155 1.852892 -0.076299
v 0.139660 1.821602 -0.000562
v 0.131155 1.852892 -0.076299
v 0.151445 1.853033 -0.000591
v -0.151348 1.892230 -0.000581
v -0.076064 1.892457 0.041754
v -0.087738 1.892395 -0.001815
v 0.030457 0.205092 0.086091
v -0.030459 0.174577 -0.086817
v -0.030459 0.174909 0.086149
v 0.030457 -0.000164 -0.086482
v 0.030457 0.000167 0.086484
v 0.030457 -0.080137 0.000155
v -0.030459 0.174577 -0.086817
v 0.030457 -0.000164 -0.086482
v -0.030459 -0.000164 -0.086482
v -0.030459 -0.080137 0.000155
v -0.030459 0.000167 0.086484
v -0.030459 -0.000164 -0.086482
v -0.030459 0.000167 0.086484
v 0.030457 -0.039924 0.074974
v 0.030457 0.000167 0.086484
v 0.030457 -0.039924 0.074974
v -0.030459 -0.069317 0.043376
v 0.030457 -0.069317 0.043376
v -0.030459 -0.069317 0.043376
v 0.030457 -0.080137 0.000155
v 0.030457 -0.069317 0.043376
v -0.030459 -0.000164 -0.086482
v 0.030457 -0.040211 -0.074819
v -0.030459 -0.040211 -0.074819
v -0.030459 -0.040211 -0.074819
v 0.030457 -0.069483 -0.043107
v -0.030459 -0.069483 -0.043107
v -0.030459 -0.069483 -0.043107
v 0.030457 -0.080137 0.000155
v -0.030459 -0.080137 0.000155
v -0.030459 0.174909 0.086149
v 0.030457 0.000167 0.086484
v 0.030457 0.205092 0.086091
v -0.771161 0.102498 -0.074215
v -0.966823 0.023391 -0.119617
v -0.966870 0.102430 -0.074297
v -0.771115 0.023459 -0.119535
v -0.966803 -0.064544 -0.095775
v -0.966823 0.023391 -0.119617
v -0.771112 -0.109797 -0.016655
v -0.966803 -0.064544 -0.095775
v -0.771094 -0.064476 -0.095693
v -0.771112 -0.109797 -0.016655
v -0.966865 -0.086023 0.071198
v -0.966820 -0.109865 -0.016737
v -0.771203 -0.006916 0.116601
v -0.966865 -0.086023 0.071198
v -0.771157 -0.085955 0.071281
v -0.771203 -0.006916 0.116601
v -0.966932 0.080951 0.092677
v -0.966912 -0.006984 0.116519
v -1.106463 0.066404 -0.046578
v -0.966897 0.081191 0.007840
v -0.966869 0.066452 -0.046520
v -0.771206 0.126340 0.013721
v -0.966932 0.080951 0.092677
v -0.771224 0.081019 0.092759
v -0.771206 0.126340 0.013721
v -0.966870 0.102430 -0.074297
v -0.966915 0.126272 0.013639
v -0.966870 0.102430 -0.074297
v -0.966840 0.017593 -0.074536
v -0.966869 0.066452 -0.046520
v -0.966823 0.023391 -0.119617
v -0.966827 -0.036767 -0.059798
v -0.966840 0.017593 -0.074536
v -0.966803 -0.064544 -0.095775
v -0.966838 -0.064783 -0.010937
v -0.966827 -0.036767 -0.059798
v -0.966838 -0.064783 -0.010937
v -0.966865 -0.086023 0.071198
v -0.966866 -0.050044 0.043422
v -0.966866 -0.050044 0.043422
v -0.966912 -0.006984 0.116519
v -0.966895 -0.001185 0.071438
v -0.966895 -0.001185 0.071438
v -0.966932 0.080951 0.092677
v -0.966908 0.053175 0.056699
v -0.966908 0.053175 0.056699
v -0.966915 0.126272 0.013639
v -0.966897 0.081191 0.007840
v -0.966915 0.126272 0.013639
v -0.966869 0.066452 -0.046520
v -0.966897 0.081191 0.007840
v -1.106491 0.081143 0.007781
v -1.106463 0.066404 -0.046578
v -1.106461 -0.050093 0.043363
v -1.106502 0.053126 0.056641
v -0.966895 -0.001185 0.071438
v -0.966908 0.053175 0.056699
v -1.106461 -0.050093 0.043363
v -0.966838 -0.064783 -0.010937
v -0.966866 -0.050044 0.043422
v -1.106422 -0.036815 -0.059856
v -0.966840 0.017593 -0.074536
v -0.966827 -0.036767 -0.059798
v -0.966897 0.081191 0.007840
v -1.106502 0.053126 0.056641
v -0.966908 0.053175 0.056699
v -0.966895 -0.001185 0.071438
v -1.106461 -0.050093 0.043363
v -0.966866 -0.050044 0.043422
v -0.966838 -0.064783 -0.010937
v -1.106422 -0.036815 -0.059856
v -0.966827 -0.036767 -0.059798
v -1.106435 0.017544 -0.074594
v -0.966869 0.066452 -0.046520
v -0.966840 0.017593 -0.074536
v -1.042243 1.892092 -0.089171
v -0.967186 1.891934 -0.131901
v -1.042888 1.891945 -0.152218
v -0.998743 1.892335 0.073448
v -0.911854 1.892236 0.074964
v -0.966836 1.892302 0.041567
v -1.085816 1.892094 -0.077515
v -1.042888 1.891945 -0.152218
v -1.118605 1.892022 -0.131960
v -1.117723 1.892127 -0.045634
v -1.118605 1.892022 -0.131960
v -1.174049 1.892144 -0.076559
v -1.129416 1.892185 -0.002070
v -1.174049 1.892144 -0.076559
v -1.194365 1.892278 -0.000861
v -1.117760 1.892250 0.041503
v -1.194365 1.892278 -0.000861
v -1.174111 1.892389 0.074852
v -1.042827 1.821023 -0.140411
v -0.967131 1.852455 -0.131905
v -0.973021 1.821004 -0.121675
v -0.967240 1.852880 0.130351
v -1.042947 1.821515 0.138848
v -0.973124 1.821431 0.120170
v -0.973021 1.821004 -0.121675
v -0.911735 1.852513 -0.076461
v -0.921934 1.821056 -0.070546
v -1.042958 1.852956 0.150609
v -1.112754 1.821534 0.120112
v -1.042947 1.821515 0.138848
v -0.911735 1.852513 -0.076461
v -0.903258 1.821165 -0.000724
v -0.921934 1.821056 -0.070546
v -1.118660 1.852968 0.130292
v -1.163840 1.821482 0.068983
v -1.112754 1.821534 0.120112
v -1.163840 1.821482 0.068983
v -1.194313 1.852800 -0.000873
v -1.182517 1.821373 -0.000839
v -1.042316 1.892337 0.085104
v -0.967302 1.892358 0.130361
v -0.998743 1.892335 0.073448
v -0.966799 1.892179 -0.045570
v -0.967186 1.891934 -0.131901
v -0.998680 1.892124 -0.077479
v -1.085879 1.892305 0.073411
v -1.043018 1.892435 0.150614
v -1.042316 1.892337 0.085104
v -0.955144 1.892245 -0.001997
v -0.911786 1.891991 -0.076454
v -0.966799 1.892179 -0.045570
v -1.085879 1.892305 0.073411
v -1.174111 1.892389 0.074852
v -1.118714 1.892446 0.130295
v -0.920720 0.177082 0.069544
v -1.041673 0.177294 0.139309
v -1.162506 0.177015 -0.070184
v -0.901983 0.176944 -0.000263
v -0.921934 1.821056 -0.070546
v -0.903258 1.821165 -0.000724
v -0.971746 0.176783 -0.121214
v -0.921934 1.821056 -0.070546
v -0.920660 0.176835 -0.070085
v -1.041553 0.176802 -0.139949
v -0.973021 1.821004 -0.121675
v -0.971746 0.176783 -0.121214
v -1.111376 0.176886 -0.121271
v -1.042827 1.821023 -0.140411
v -1.041553 0.176802 -0.139949
v -1.162506 0.177015 -0.070184
v -1.112651 1.821108 -0.121733
v -1.111376 0.176886 -0.121271
v -1.181243 0.177152 -0.000378
v -1.163780 1.821236 -0.070646
v -1.162506 0.177015 -0.070184
v -1.162566 0.177261 0.069445
v -1.182517 1.821373 -0.000839
v -1.181243 0.177152 -0.000378
v -1.162566 0.177261 0.069445
v -1.112754 1.821534 0.120112
v -1.163840 1.821482 0.068983
v -1.111479 0.177313 0.120574
v -1.042947 1.821515 0.138848
v -1.112754 1.821534 0.120112
v -1.041673 0.177294 0.139309
v -0.973124 1.821431 0.120170
v -1.042947 1.821515 0.138848
v -0.971850 0.177210 0.120631
v -0.921995 1.821302 0.069083
v -0.973124 1.821431 0.120170
v -0.920720 0.177082 0.069544
v -0.903258 1.821165 -0.000724
v -0.921995 1.821302 0.069083
v -0.911797 1.852758 0.074951
v -0.891533 1.892102 -0.000736
v -0.911854 1.892236 0.074964
v -0.967240 1.852880 0.130351
v -0.911854 1.892236 0.074964
v -0.967302 1.892358 0.130361
v -1.042958 1.852956 0.150609
v -0.967302 1.892358 0.130361
v -1.043018 1.892435 0.150614
v -1.118660 1.852968 0.130292
v -1.043018 1.892435 0.150614
v -1.118714 1.892446 0.130295
v -1.174060 1.852910 0.074846
v -1.118714 1.892446 0.130295
v -1.174111 1.892389 0.074852
v -1.174060 1.852910 0.074846
v -1.194365 1.892278 -0.000861
v -1.194313 1.852800 -0.000873
v -1.194313 1.852800 -0.000873
v -1.174049 1.892144 -0.076559
v -1.173992 1.852666 -0.076573
v -1.173992 1.852666 -0.076573
v -1.118605 1.892022 -0.131960
v -1.118544 1.852543 -0.131970
v -1.118544 1.852543 -0.131970
v -1.042888 1.891945 -0.152218
v -1.042828 1.852466 -0.152222
v -1.042828 1.852466 -0.152222
v -0.967186 1.891934 -0.131901
v -0.967131 1.852455 -0.131905
v -0.967131 1.852455 -0.131905
v -0.911786 1.891991 -0.076454
v -0.911735 1.852513 -0.076461
v -0.891481 1.852624 -0.000748
v -0.911786 1.891991 -0.076454
v -0.891533 1.892102 -0.000736
v -0.911797 1.852758 0.074951
v -0.973124 1.821431 0.120170
v -0.921995 1.821302 0.069083
v -1.112651 1.821108 -0.121733
v -1.042828 1.852466 -0.152222
v -1.042827 1.821023 -0.140411
v -0.891481 1.852624 -0.000748
v -0.921995 1.821302 0.069083
v -0.903258 1.821165 -0.000724
v -1.163780 1.821236 -0.070646
v -1.118544 1.852543 -0.131970
v -1.112651 1.821108 -0.121733
v -1.182517 1.821373 -0.000839
v -1.173992 1.852666 -0.076573
v -1.163780 1.821236 -0.070646
v -0.891533 1.892102 -0.000736
v -0.966836 1.892302 0.041567
v -0.911854 1.892236 0.074964
v -1.072791 0.204901 0.085859
v -1.011792 0.174407 -0.087023
v -1.072718 0.204569 -0.087107
v -1.072647 -0.000355 -0.086713
v -1.072656 -0.080328 -0.000077
v -1.072720 -0.000024 0.086253
v -1.072647 -0.000355 -0.086713
v -1.011792 0.174407 -0.087023
v -1.011732 -0.000334 -0.086688
v -1.011732 -0.000334 -0.086688
v -1.011792 0.174407 -0.087023
v -1.011805 -0.000003 0.086278
v -1.072701 -0.040115 0.074743
v -1.011805 -0.000003 0.086278
v -1.072720 -0.000024 0.086253
v -1.072701 -0.040115 0.074743
v -1.011762 -0.069487 0.043170
v -1.011786 -0.040094 0.074768
v -1.072678 -0.069508 0.043144
v -1.011741 -0.080306 -0.000051
v -1.011762 -0.069487 0.043170
v -1.011732 -0.000334 -0.086688
v -1.072638 -0.040402 -0.075050
v -1.072647 -0.000355 -0.086713
v -1.011726 -0.069653 -0.043313
v -1.072638 -0.040402 -0.075050
v -1.011723 -0.040381 -0.075024
v -1.011726 -0.069653 -0.043313
v -1.072656 -0.080328 -0.000077
v -1.072641 -0.069674 -0.043339
v -1.011865 0.174739 0.085943
v -1.072720 -0.000024 0.086253
v -1.011805 -0.000003 0.086278
v -0.271070 0.102584 -0.074110
v -0.075362 0.102584 -0.074110
v -0.075362 0.023546 -0.119430
v -0.271070 0.023546 -0.119430
v -0.075362 0.023546 -0.119430
v -0.075362 -0.064390 -0.095588
v -0.075362 -0.064390 -0.095588
v -0.075362 -0.109711 -0.016550
v -0.271070 -0.109711 -0.016550
v -0.271070 -0.109711 -0.016550
v -0.075362 -0.109711 -0.016550
v -0.075362 -0.085869 0.071386
v -0.075362 -0.085869 0.071386
v -0.075362 -0.006830 0.116706
v -0.271070 -0.006830 0.116706
v -0.271070 -0.006830 0.116706
v -0.075362 -0.006830 0.116706
v -0.075362 0.081105 0.092864
v -0.075362 0.081345 0.008027
v 0.064233 0.081345 0.008027
v 0.064233 0.066607 -0.046333
v -0.075362 0.081105 0.092864
v -0.075362 0.126426 0.013826
v -0.271070 0.126426 0.013826
v -0.271070 0.126426 0.013826
v -0.075362 0.126426 0.013826
v -0.075362 0.102584 -0.074110
v -0.075362 0.017747 -0.074349
v -0.075362 0.023546 -0.119430
v -0.075362 0.102584 -0.074110
v -0.075362 -0.036612 -0.059611
v -0.075362 -0.064390 -0.095588
v -0.075362 0.023546 -0.119430
v -0.075362 -0.064629 -0.010750
v -0.075362 -0.109711 -0.016550
v -0.075362 -0.064390 -0.095588
v -0.075362 -0.064629 -0.010750
v -0.075362 -0.049890 0.043609
v -0.075362 -0.085869 0.071386
v -0.075362 -0.049890 0.043609
v -0.075362 -0.001030 0.071625
v -0.075362 -0.006830 0.116706
v -0.075362 -0.001030 0.071625
v -0.075362 0.053329 0.056887
v -0.075362 0.081105 0.092864
v -0.075362 0.053329 0.056887
v -0.075362 0.081345 0.008027
v -0.075362 0.126426 0.013826
v -0.075362 0.066607 -0.046333
v -0.075362 0.102584 -0.074110
v -0.075362 0.126426 0.013826
v 0.064233 -0.036612 -0.059611
v 0.064233 0.017747 -0.074349
v 0.064233 0.053329 0.056887
v 0.064233 0.017747 -0.074349
v 0.064233 0.066607 -0.046333
v 0.064233 0.053329 0.056887
v 0.064233 0.066607 -0.046333
v 0.064233 0.081345 0.008027
v 0.064233 0.053329 0.056887
v 0.064233 0.053329 0.056887
v 0.064233 -0.001030 0.071625
v 0.064233 -0.049890 0.043609
v 0.064233 -0.049890 0.043609
v 0.064233 -0.064629 -0.010750
v 0.064233 0.053329 0.056887
v -0.075362 -0.001030 0.071625
v 0.064233 -0.001030 0.071625
v 0.064233 0.053329 0.056887
v -0.075362 -0.064629 -0.010750
v 0.064233 -0.064629 -0.010750
v 0.064233 -0.049890 0.043609
v -0.075362 0.017747 -0.074349
v 0.064233 0.017747 -0.074349
v 0.064233 -0.036612 -0.059611
v -0.075362 0.081345 0.008027
v -0.075362 0.053329 0.056887
v 0.064233 0.053329 0.056887
v -0.075362 -0.001030 0.071625
v -0.075362 -0.049890 0.043609
v 0.064233 -0.049890 0.043609
v -0.075362 -0.064629 -0.010750
v -0.075362 -0.036612 -0.059611
v 0.064233 -0.036612 -0.059611
v -0.075362 0.017747 -0.074349
v -0.075362 0.066607 -0.046333
v 0.064233 0.066607 -0.046333
v -0.000601 1.892273 -0.088952
v 0.000070 1.892126 -0.151999
v -0.075640 1.892088 -0.131714
v -0.131059 1.892371 0.075128
v -0.075635 1.892513 0.130548
v -0.044170 1.892501 0.073648
v 0.042967 1.892289 -0.077278
v 0.075779 1.892229 -0.131709
v 0.000070 1.892126 -0.151999
v 0.074861 1.892333 -0.045384
v 0.131199 1.892370 -0.076285
v 0.075779 1.892229 -0.131709
v 0.086535 1.892395 -0.001815
v 0.151483 1.892511 -0.000579
v 0.131199 1.892370 -0.076285
v 0.074860 1.892456 0.041753
v 0.131197 1.892615 0.075126
v 0.151483 1.892511 -0.000579
v 0.000029 1.821203 -0.140192
v -0.069786 1.821160 -0.121486
v -0.075681 1.852609 -0.131717
v 0.000031 1.821696 0.139067
v 0.000026 1.853137 0.150828
v -0.075683 1.853034 0.130538
v -0.069786 1.821160 -0.121486
v -0.120893 1.821195 -0.070378
v -0.131101 1.852648 -0.076297
v 0.069846 1.821739 0.120361
v 0.075736 1.853175 0.130543
v 0.000026 1.853137 0.150828
v -0.139599 1.821298 -0.000564
v -0.151387 1.852752 -0.000593
v -0.131101 1.852648 -0.076297
v 0.120954 1.821705 0.069253
v 0.131160 1.853136 0.075120
v 0.075736 1.853175 0.130543
v 0.120954 1.821705 0.069253
v 0.139660 1.821602 -0.000562
v 0.151445 1.853033 -0.000591
v -0.075635 1.892513 0.130548
v 0.000072 1.892616 0.150832
v -0.000602 1.892517 0.085322
v -0.075640 1.892088 -0.131714
v -0.131064 1.892126 -0.076290
v -0.076064 1.892334 -0.045384
v 0.000072 1.892616 0.150832
v 0.075778 1.892653 0.130546
v 0.042966 1.892501 0.073648
v -0.131064 1.892126 -0.076290
v -0.151348 1.892230 -0.000581
v -0.087738 1.892395 -0.001815
v 0.042966 1.892501 0.073648
v 0.075778 1.892653 0.130546
v 0.131197 1.892615 0.075126
v -0.121598 0.177220 0.069712
v -0.140305 0.177076 -0.000103
v -0.000677 0.176982 -0.139731
v -0.140305 0.177076 -0.000103
v -0.121599 0.176973 -0.069917
v -0.000677 0.176982 -0.139731
v -0.121599 0.176973 -0.069917
v -0.070491 0.176938 -0.121025
v -0.000677 0.176982 -0.139731
v -0.000677 0.176982 -0.139731
v 0.069138 0.177091 -0.121024
v 0.120247 0.177237 -0.069915
v 0.120247 0.177237 -0.069915
v 0.138954 0.177380 -0.000101
v 0.120248 0.177483 0.069714
v 0.120248 0.177483 0.069714
v 0.069140 0.177518 0.120821
v -0.000674 0.177475 0.139528
v -0.000674 0.177475 0.139528
v -0.070489 0.177366 0.120820
v 0.120248 0.177483 0.069714
v -0.070489 0.177366 0.120820
v -0.121598 0.177220 0.069712
v 0.120248 0.177483 0.069714
v -0.000677 0.176982 -0.139731
v 0.120247 0.177237 -0.069915
v -0.121598 0.177220 0.069712
v -0.140305 0.177076 -0.000103
v -0.139599 1.821298 -0.000564
v -0.120893 1.821195 -0.070378
v -0.120893 1.821195 -0.070378
v -0.069786 1.821160 -0.121486
v -0.070491 0.176938 -0.121025
v -0.069786 1.821160 -0.121486
v 0.000029 1.821203 -0.140192
v -0.000677 0.176982 -0.139731
v 0.000029 1.821203 -0.140192
v 0.069844 1.821312 -0.121484
v 0.069138 0.177091 -0.121024
v 0.069844 1.821312 -0.121484
v 0.120953 1.821458 -0.070376
v 0.120247 0.177237 -0.069915
v 0.120953 1.821458 -0.070376
v 0.139660 1.821602 -0.000562
v 0.138954 0.177380 -0.000101
v 0.139660 1.821602 -0.000562
v 0.120954 1.821705 0.069253
v 0.120248 0.177483 0.069714
v 0.120248 0.177483 0.069714
v 0.120954 1.821705 0.069253
v 0.069846 1.821739 0.120361
v 0.069140 0.177518 0.120821
v 0.069846 1.821739 0.120361
v 0.000031 1.821696 0.139067
v -0.000674 0.177475 0.139528
v 0.000031 1.821696 0.139067
v -0.069784 1.821587 0.120359
v -0.070489 0.177366 0.120820
v -0.069784 1.821587 0.120359
v -0.120892 1.821441 0.069251
v -0.121598 0.177220 0.069712
v -0.120892 1.821441 0.069251
v -0.139599 1.821298 -0.000564
v -0.131103 1.852893 0.075114
v -0.131059 1.892371 0.075128
v -0.151348 1.892230 -0.000581
v -0.075683 1.853034 0.130538
v -0.075635 1.892513 0.130548
v -0.131059 1.892371 0.075128
v 0.000026 1.853137 0.150828
v 0.000072 1.892616 0.150832
v -0.075635 1.892513 0.130548
v 0.075736 1.853175 0.130543
v 0.075778 1.892653 0.130546
v 0.000072 1.892616 0.150832
v 0.131160 1.853136 0.075120
v 0.131197 1.892615 0.075126
v 0.075778 1.892653 0.130546
v 0.151483 1.892511 -0.000579
v 0.131197 1.892615 0.075126
v 0.131160 1.853136 0.075120
v 0.131199 1.892370 -0.076285
v 0.151483 1.892511 -0.000579
v 0.151445 1.853033 -0.000591
v 0.075779 1.892229 -0.131709
v 0.131199 1.892370 -0.076285
v 0.131155 1.852892 -0.076299
v 0.000070 1.892126 -0.151999
v 0.075779 1.892229 -0.131709
v 0.075731 1.852750 -0.131719
v -0.075640 1.892088 -0.131714
v 0.000070 1.892126 -0.151999
v 0.000024 1.852647 -0.152004
v -0.131064 1.892126 -0.076290
v -0.075640 1.892088 -0.131714
v -0.075681 1.852609 -0.131717
v -0.151387 1.852752 -0.000593
v -0.151348 1.892230 -0.000581
v -0.131064 1.892126 -0.076290
v -0.069784 1.821587 0.120359
v -0.075683 1.853034 0.130538
v -0.131103 1.852893 0.075114
v 0.069844 1.821312 -0.121484
v 0.000029 1.821203 -0.140192
v 0.000024 1.852647 -0.152004
v -0.120892 1.821441 0.069251
v -0.131103 1.852893 0.075114
v -0.151387 1.852752 -0.000593
v 0.120953 1.821458 -0.070376
v 0.069844 1.821312 -0.121484
v 0.075731 1.852750 -0.131719
v 0.139660 1.821602 -0.000562
v 0.120953 1.821458 -0.070376
v 0.131155 1.852892 -0.076299
v -0.151348 1.892230 -0.000581
v -0.131059 1.892371 0.075128
v -0.076064 1.892457 0.041754
v 0.030457 0.205092 0.086091
v 0.030457 0.204760 -0.086875
v -0.030459 0.174577 -0.086817
v 0.030457 0.205092 0.086091
v 0.030457 0.000167 0.086484
v 0.030457 0.204760 -0.086875
v 0.030457 0.000167 0.086484
v 0.030457 -0.039924 0.074974
v 0.030457 -0.069317 0.043376
v 0.030457 0.204760 -0.086875
v 0.030457 0.000167 0.086484
v 0.030457 -0.000164 -0.086482
v 0.030457 -0.069317 0.043376
v 0.030457 -0.080137 0.000155
v 0.030457 0.000167 0.086484
v 0.030457 -0.080137 0.000155
v 0.030457 -0.069483 -0.043107
v 0.030457 -0.000164 -0.086482
v 0.030457 -0.069483 -0.043107
v 0.030457 -0.040211 -0.074819
v 0.030457 -0.000164 -0.086482
v -0.030459 0.174577 -0.086817
v 0.030457 0.204760 -0.086875
v 0.030457 -0.000164 -0.086482
v -0.030459 0.000167 0.086484
v -0.030459 0.174909 0.086149
v -0.030459 0.174577 -0.086817
v -0.030459 0.174577 -0.086817
v -0.030459 -0.000164 -0.086482
v -0.030459 0.000167 0.086484
v -0.030459 -0.000164 -0.086482
v -0.030459 -0.040211 -0.074819
v -0.030459 -0.069483 -0.043107
v -0.030459 0.000167 0.086484
v -0.030459 -0.080137 0.000155
v -0.030459 -0.069317 0.043376
v -0.030459 -0.069483 -0.043107
v -0.030459 -0.080137 0.000155
v -0.030459 -0.000164 -0.086482
v -0.030459 -0.069317 0.043376
v -0.030459 -0.039924 0.074974
v -0.030459 0.000167 0.086484
v -0.030459 0.000167 0.086484
v -0.030459 -0.039924 0.074974
v 0.030457 -0.039924 0.074974
v 0.030457 -0.039924 0.074974
v -0.030459 -0.039924 0.074974
v -0.030459 -0.069317 0.043376
v -0.030459 -0.069317 0.043376
v -0.030459 -0.080137 0.000155
v 0.030457 -0.080137 0.000155
v -0.030459 -0.000164 -0.086482
v 0.030457 -0.000164 -0.086482
v 0.030457 -0.040211 -0.074819
v -0.030459 -0.040211 -0.074819
v 0.030457 -0.040211 -0.074819
v 0.030457 -0.069483 -0.043107
v -0.030459 -0.069483 -0.043107
v 0.030457 -0.069483 -0.043107
v 0.030457 -0.080137 0.000155
v -0.030459 0.174909 0.086149
v -0.030459 0.000167 0.086484
v 0.030457 0.000167 0.086484
v -0.771161 0.102498 -0.074215
v -0.771115 0.023459 -0.119535
v -0.966823 0.023391 -0.119617
v -0.771115 0.023459 -0.119535
v -0.771094 -0.064476 -0.095693
v -0.966803 -0.064544 -0.095775
v -0.771112 -0.109797 -0.016655
v -0.966820 -0.109865 -0.016737
v -0.966803 -0.064544 -0.095775
v -0.771112 -0.109797 -0.016655
v -0.771157 -0.085955 0.071281
v -0.966865 -0.086023 0.071198
v -0.771203 -0.006916 0.116601
v -0.966912 -0.006984 0.116519
v -0.966865 -0.086023 0.071198
v -0.771203 -0.006916 0.116601
v -0.771224 0.081019 0.092759
v -0.966932 0.080951 0.092677
v -1.106463 0.066404 -0.046578
v -1.106491 0.081143 0.007781
v -0.966897 0.081191 0.007840
v -0.771206 0.126340 0.013721
v -0.966915 0.126272 0.013639
v -0.966932 0.080951 0.092677
v -0.771206 0.126340 0.013721
v -0.771161 0.102498 -0.074215
v -0.966870 0.102430 -0.074297
v -0.966870 0.102430 -0.074297
v -0.966823 0.023391 -0.119617
v -0.966840 0.017593 -0.074536
v -0.966823 0.023391 -0.119617
v -0.966803 -0.064544 -0.095775
v -0.966827 -0.036767 -0.059798
v -0.966803 -0.064544 -0.095775
v -0.966820 -0.109865 -0.016737
v -0.966838 -0.064783 -0.010937
v -0.966838 -0.064783 -0.010937
v -0.966820 -0.109865 -0.016737
v -0.966865 -0.086023 0.071198
v -0.966866 -0.050044 0.043422
v -0.966865 -0.086023 0.071198
v -0.966912 -0.006984 0.116519
v -0.966895 -0.001185 0.071438
v -0.966912 -0.006984 0.116519
v -0.966932 0.080951 0.092677
v -0.966908 0.053175 0.056699
v -0.966932 0.080951 0.092677
v -0.966915 0.126272 0.013639
v -0.966915 0.126272 0.013639
v -0.966870 0.102430 -0.074297
v -0.966869 0.066452 -0.046520
v -1.106463 0.066404 -0.046578
v -1.106435 0.017544 -0.074594
v -1.106461 -0.050093 0.043363
v -1.106435 0.017544 -0.074594
v -1.106422 -0.036815 -0.059856
v -1.106461 -0.050093 0.043363
v -1.106422 -0.036815 -0.059856
v -1.106433 -0.064831 -0.010996
v -1.106461 -0.050093 0.043363
v -1.106461 -0.050093 0.043363
v -1.106490 -0.001233 0.071380
v -1.106502 0.053126 0.056641
v -1.106502 0.053126 0.056641
v -1.106491 0.081143 0.007781
v -1.106461 -0.050093 0.043363
v -1.106502 0.053126 0.056641
v -1.106490 -0.001233 0.071380
v -0.966895 -0.001185 0.071438
v -1.106461 -0.050093 0.043363
v -1.106433 -0.064831 -0.010996
v -0.966838 -0.064783 -0.010937
v -1.106422 -0.036815 -0.059856
v -1.106435 0.017544 -0.074594
v -0.966840 0.017593 -0.074536
v -0.966897 0.081191 0.007840
v -1.106491 0.081143 0.007781
v -1.106502 0.053126 0.056641
v -0.966895 -0.001185 0.071438
v -1.106490 -0.001233 0.071380
v -1.106461 -0.050093 0.043363
v -0.966838 -0.064783 -0.010937
v -1.106433 -0.064831 -0.010996
v -1.106422 -0.036815 -0.059856
v -1.106435 0.017544 -0.074594
v -1.106463 0.066404 -0.046578
v -0.966869 0.066452 -0.046520
v -1.042243 1.892092 -0.089171
v -0.998680 1.892124 -0.077479
v -0.967186 1.891934 -0.131901
v -0.998743 1.892335 0.073448
v -0.967302 1.892358 0.130361
v -0.911854 1.892236 0.074964
v -1.085816 1.892094 -0.077515
v -1.042243 1.892092 -0.089171
v -1.042888 1.891945 -0.152218
v -1.117723 1.892127 -0.045634
v -1.085816 1.892094 -0.077515
v -1.118605 1.892022 -0.131960
v -1.129416 1.892185 -0.002070
v -1.117723 1.892127 -0.045634
v -1.174049 1.892144 -0.076559
v -1.117760 1.892250 0.041503
v -1.129416 1.892185 -0.002070
v -1.194365 1.892278 -0.000861
v -1.042827 1.821023 -0.140411
v -1.042828 1.852466 -0.152222
v -0.967131 1.852455 -0.131905
v -0.967240 1.852880 0.130351
v -1.042958 1.852956 0.150609
v -1.042947 1.821515 0.138848
v -0.973021 1.821004 -0.121675
v -0.967131 1.852455 -0.131905
v -0.911735 1.852513 -0.076461
v -1.042958 1.852956 0.150609
v -1.118660 1.852968 0.130292
v -1.112754 1.821534 0.120112
v -0.911735 1.852513 -0.076461
v -0.891481 1.852624 -0.000748
v -0.903258 1.821165 -0.000724
v -1.118660 1.852968 0.130292
v -1.174060 1.852910 0.074846
v -1.163840 1.821482 0.068983
v -1.163840 1.821482 0.068983
v -1.174060 1.852910 0.074846
v -1.194313 1.852800 -0.000873
v -1.042316 1.892337 0.085104
v -1.043018 1.892435 0.150614
v -0.967302 1.892358 0.130361
v -0.966799 1.892179 -0.045570
v -0.911786 1.891991 -0.076454
v -0.967186 1.891934 -0.131901
v -1.085879 1.892305 0.073411
v -1.118714 1.892446 0.130295
v -1.043018 1.892435 0.150614
v -0.955144 1.892245 -0.001997
v -0.891533 1.892102 -0.000736
v -0.911786 1.891991 -0.076454
v -1.085879 1.892305 0.073411
v -1.117760 1.892250 0.041503
v -1.174111 1.892389 0.074852
v -0.920660 0.176835 -0.070085
v -0.901983 0.176944 -0.000263
v -0.920720 0.177082 0.069544
v -0.920720 0.177082 0.069544
v -0.971850 0.177210 0.120631
v -1.041673 0.177294 0.139309
v -1.041673 0.177294 0.139309
v -1.111479 0.177313 0.120574
v -1.162566 0.177261 0.069445
v -1.162566 0.177261 0.069445
v -1.181243 0.177152 -0.000378
v -1.041673 0.177294 0.139309
v -1.181243 0.177152 -0.000378
v -1.162506 0.177015 -0.070184
v -1.041673 0.177294 0.139309
v -1.162506 0.177015 -0.070184
v -1.111376 0.176886 -0.121271
v -0.920660 0.176835 -0.070085
v -1.111376 0.176886 -0.121271
v -1.041553 0.176802 -0.139949
v -0.920660 0.176835 -0.070085
v -1.041553 0.176802 -0.139949
v -0.971746 0.176783 -0.121214
v -0.920660 0.176835 -0.070085
v -0.920660 0.176835 -0.070085
v -0.920720 0.177082 0.069544
v -1.162506 0.177015 -0.070184
v -0.901983 0.176944 -0.000263
v -0.920660 0.176835 -0.070085
v -0.921934 1.821056 -0.070546
v -0.971746 0.176783 -0.121214
v -0.973021 1.821004 -0.121675
v -0.921934 1.821056 -0.070546
v -1.041553 0.176802 -0.139949
v -1.042827 1.821023 -0.140411
v -0.973021 1.821004 -0.121675
v -1.111376 0.176886 -0.121271
v -1.112651 1.821108 -0.121733
v -1.042827 1.821023 -0.140411
v -1.162506 0.177015 -0.070184
v -1.163780 1.821236 -0.070646
v -1.112651 1.821108 -0.121733
v -1.181243 0.177152 -0.000378
v -1.182517 1.821373 -0.000839
v -1.163780 1.821236 -0.070646
v -1.162566 0.177261 0.069445
v -1.163840 1.821482 0.068983
v -1.182517 1.821373 -0.000839
v -1.162566 0.177261 0.069445
v -1.111479 0.177313 0.120574
v -1.112754 1.821534 0.120112
v -1.111479 0.177313 0.120574
v -1.041673 0.177294 0.139309
v -1.042947 1.821515 0.138848
v -1.041673 0.177294 0.139309
v -0.971850 0.177210 0.120631
v -0.973124 1.821431 0.120170
v -0.971850 0.177210 0.120631
v -0.920720 0.177082 0.069544
v -0.921995 1.821302 0.069083
v -0.920720 0.177082 0.069544
v -0.901983 0.176944 -0.000263
v -0.903258 1.821165 -0.000724
v -0.911797 1.852758 0.074951
v -0.891481 1.852624 -0.000748
v -0.891533 1.892102 -0.000736
v -0.967240 1.852880 0.130351
v -0.911797 1.852758 0.074951
v -0.911854 1.892236 0.074964
v -1.042958 1.852956 0.150609
v -0.967240 1.852880 0.130351
v -0.967302 1.892358 0.130361
v -1.118660 1.852968 0.130292
v -1.042958 1.852956 0.150609
v -1.043018 1.892435 0.150614
v -1.174060 1.852910 0.074846
v -1.118660 1.852968 0.130292
v -1.118714 1.892446 0.130295
v -1.174060 1.852910 0.074846
v -1.174111 1.892389 0.074852
v -1.194365 1.892278 -0.000861
v -1.194313 1.852800 -0.000873
v -1.194365 1.892278 -0.000861
v -1.174049 1.892144 -0.076559
v -1.173992 1.852666 -0.076573
v -1.174049 1.892144 -0.076559
v -1.118605 1.892022 -0.131960
v -1.118544 1.852543 -0.131970
v -1.118605 1.892022 -0.131960
v -1.042888 1.891945 -0.152218
v -1.042828 1.852466 -0.152222
v -1.042888 1.891945 -0.152218
v -0.967186 1.891934 -0.131901
v -0.967131 1.852455 -0.131905
v -0.967186 1.891934 -0.131901
v -0.911786 1.891991 -0.076454
v -0.891481 1.852624 -0.000748
v -0.911735 1.852513 -0.076461
v -0.911786 1.891991 -0.076454
v -0.911797 1.852758 0.074951
v -0.967240 1.852880 0.130351
v -0.973124 1.821431 0.120170
v -1.112651 1.821108 -0.121733
v -1.118544 1.852543 -0.131970
v -1.042828 1.852466 -0.152222
v -0.891481 1.852624 -0.000748
v -0.911797 1.852758 0.074951
v -0.921995 1.821302 0.069083
v -1.163780 1.821236 -0.070646
v -1.173992 1.852666 -0.076573
v -1.118544 1.852543 -0.131970
v -1.182517 1.821373 -0.000839
v -1.194313 1.852800 -0.000873
v -1.173992 1.852666 -0.076573
v -0.891533 1.892102 -0.000736
v -0.955144 1.892245 -0.001997
v -0.966836 1.892302 0.041567
v -1.072791 0.204901 0.085859
v -1.011865 0.174739 0.085943
v -1.011792 0.174407 -0.087023
v -1.072701 -0.040115 0.074743
v -1.072720 -0.000024 0.086253
v -1.072678 -0.069508 0.043144
v -1.072720 -0.000024 0.086253
v -1.072791 0.204901 0.085859
v -1.072647 -0.000355 -0.086713
v -1.072791 0.204901 0.085859
v -1.072718 0.204569 -0.087107
v -1.072647 -0.000355 -0.086713
v -1.072647 -0.000355 -0.086713
v -1.072638 -0.040402 -0.075050
v -1.072641 -0.069674 -0.043339
v -1.072641 -0.069674 -0.043339
v -1.072656 -0.080328 -0.000077
v -1.072647 -0.000355 -0.086713
v -1.072656 -0.080328 -0.000077
v -1.072678 -0.069508 0.043144
v -1.072720 -0.000024 0.086253
v -1.072647 -0.000355 -0.086713
v -1.072718 0.204569 -0.087107
v -1.011792 0.174407 -0.087023
v -1.011792 0.174407 -0.087023
v -1.011865 0.174739 0.085943
v -1.011805 -0.000003 0.086278
v -1.011805 -0.000003 0.086278
v -1.011786 -0.040094 0.074768
v -1.011762 -0.069487 0.043170
v -1.011762 -0.069487 0.043170
v -1.011741 -0.080306 -0.000051
v -1.011805 -0.000003 0.086278
v -1.011741 -0.080306 -0.000051
v -1.011726 -0.069653 -0.043313
v -1.011732 -0.000334 -0.086688
v -1.011805 -0.000003 0.086278
v -1.011741 -0.080306 -0.000051
v -1.011732 -0.000334 -0.086688
v -1.011726 -0.069653 -0.043313
v -1.011723 -0.040381 -0.075024
v -1.011732 -0.000334 -0.086688
v -1.072701 -0.040115 0.074743
v -1.011786 -0.040094 0.074768
v -1.011805 -0.000003 0.086278
v -1.072701 -0.040115 0.074743
v -1.072678 -0.069508 0.043144
v -1.011762 -0.069487 0.043170
v -1.072678 -0.069508 0.043144
v -1.072656 -0.080328 -0.000077
v -1.011741 -0.080306 -0.000051
v -1.011732 -0.000334 -0.086688
v -1.011723 -0.040381 -0.075024
v -1.072638 -0.040402 -0.075050
v -1.011726 -0.069653 -0.043313
v -1.072641 -0.069674 -0.043339
v -1.072638 -0.040402 -0.075050
v -1.011726 -0.069653 -0.043313
v -1.011741 -0.080306 -0.000051
v -1.072656 -0.080328 -0.000077
v -1.011865 0.174739 0.085943
v -1.072791 0.204901 0.085859
v -1.072720 -0.000024 0.086253
vt 0.042020 0.016417
vt 0.043452 0.019493
vt 0.043452 0.016417
vt 0.043452 0.016417
vt 0.044884 0.019493
vt 0.044884 0.016417
vt 0.044884 0.019493
vt 0.046317 0.016417
vt 0.044884 0.016417
vt 0.046317 0.016417
vt 0.047749 0.019493
vt 0.047749 0.016417
vt 0.047749 0.019493
vt 0.049181 0.016417
vt 0.047749 0.016417
vt 0.037724 0.016417
vt 0.039156 0.019493
vt 0.039156 0.016417
vt 0.539597 0.015255
vt 0.542146 0.013699
vt 0.539567 0.013035
vt 0.039156 0.019493
vt 0.040588 0.016417
vt 0.039156 0.016417
vt 0.040588 0.016417
vt 0.042020 0.019493
vt 0.042020 0.016417
vt 0.184481 0.006625
vt 0.184834 0.007911
vt 0.185107 0.007251
vt 0.184481 0.005739
vt 0.183821 0.006898
vt 0.184481 0.006625
vt 0.185107 0.005113
vt 0.183821 0.005466
vt 0.184481 0.005739
vt 0.185107 0.005113
vt 0.186266 0.004453
vt 0.184834 0.004453
vt 0.185992 0.005113
vt 0.187278 0.005466
vt 0.186266 0.004453
vt 0.186618 0.005739
vt 0.187278 0.006898
vt 0.187278 0.005466
vt 0.186618 0.006625
vt 0.186266 0.007911
vt 0.187278 0.006898
vt 0.185107 0.007251
vt 0.186266 0.007911
vt 0.185992 0.007251
vt 0.978171 0.594812
vt 0.978171 0.595698
vt 0.980308 0.594812
vt 0.543452 0.016218
vt 0.542005 0.013812
vt 0.541398 0.016242
vt 0.544406 0.012523
vt 0.542063 0.013889
vt 0.544406 0.014494
vt 0.540978 0.011584
vt 0.542218 0.013784
vt 0.542813 0.011611
vt 0.539597 0.015255
vt 0.542005 0.013812
vt 0.542064 0.013744
vt 0.543452 0.016218
vt 0.542063 0.013889
vt 0.541970 0.013897
vt 0.544406 0.012523
vt 0.542218 0.013784
vt 0.542147 0.013853
vt 0.540978 0.011584
vt 0.542146 0.013699
vt 0.542245 0.013691
vt 0.045350 0.062826
vt 0.045233 0.061909
vt 0.044908 0.062563
vt 0.038728 0.063953
vt 0.043409 0.064393
vt 0.042895 0.063529
vt 0.045584 0.063183
vt 0.045796 0.062465
vt 0.045350 0.062826
vt 0.045613 0.063594
vt 0.046072 0.063045
vt 0.045584 0.063183
vt 0.045500 0.064014
vt 0.046138 0.063631
vt 0.045613 0.063594
vt 0.045244 0.064399
vt 0.046029 0.064221
vt 0.045500 0.064014
vt 0.046456 0.062064
vt 0.045543 0.061511
vt 0.046115 0.062243
vt 0.044843 0.067017
vt 0.042678 0.066949
vt 0.042986 0.068032
vt 0.045910 0.061176
vt 0.044531 0.060773
vt 0.045543 0.061511
vt 0.045855 0.066082
vt 0.044497 0.066423
vt 0.044843 0.067017
vt 0.042909 0.059009
vt 0.044531 0.060773
vt 0.044909 0.060179
vt 0.046430 0.065221
vt 0.045504 0.065740
vt 0.045855 0.066082
vt 0.046430 0.065221
vt 0.046366 0.064314
vt 0.046070 0.065022
vt 0.042753 0.065820
vt 0.044187 0.064749
vt 0.043409 0.064393
vt 0.045233 0.061909
vt 0.044217 0.062487
vt 0.044908 0.062563
vt 0.044294 0.065767
vt 0.044816 0.064690
vt 0.044187 0.064749
vt 0.044278 0.061436
vt 0.043392 0.062746
vt 0.044217 0.062487
vt 0.044816 0.064690
vt 0.045729 0.064797
vt 0.045244 0.064399
vt 0.961572 0.958233
vt 0.963124 0.956681
vt 0.960435 0.953993
vt 0.069516 0.058781
vt 0.044909 0.060179
vt 0.069516 0.059898
vt 0.044909 0.060179
vt 0.069514 0.061013
vt 0.069516 0.059898
vt 0.045910 0.061176
vt 0.069504 0.062111
vt 0.069514 0.061013
vt 0.046456 0.062064
vt 0.069486 0.063205
vt 0.069504 0.062111
vt 0.046718 0.062870
vt 0.069458 0.064298
vt 0.069486 0.063205
vt 0.046786 0.063633
vt 0.069421 0.065392
vt 0.069458 0.064298
vt 0.046698 0.064398
vt 0.069373 0.066486
vt 0.069421 0.065392
vt 0.069373 0.066486
vt 0.045855 0.066082
vt 0.069312 0.067584
vt 0.069312 0.067584
vt 0.044843 0.067017
vt 0.069246 0.068698
vt 0.069246 0.068698
vt 0.042986 0.068032
vt 0.069174 0.069854
vt 0.069174 0.069854
vt 0.039472 0.069205
vt 0.069091 0.071156
vt 0.069510 0.057606
vt 0.042909 0.059009
vt 0.069516 0.058781
vt 0.037724 0.060578
vt 0.042637 0.061472
vt 0.042587 0.060238
vt 0.042678 0.066949
vt 0.038728 0.063953
vt 0.038631 0.067104
vt 0.044497 0.066423
vt 0.042753 0.065820
vt 0.042678 0.066949
vt 0.045504 0.065740
vt 0.044294 0.065767
vt 0.044497 0.066423
vt 0.046070 0.065022
vt 0.045215 0.065349
vt 0.045504 0.065740
vt 0.046029 0.064221
vt 0.046070 0.065022
vt 0.046366 0.064314
vt 0.046138 0.063631
vt 0.046366 0.064314
vt 0.046466 0.063627
vt 0.046072 0.063045
vt 0.046466 0.063627
vt 0.046394 0.062945
vt 0.045796 0.062465
vt 0.046394 0.062945
vt 0.046115 0.062243
vt 0.045233 0.061909
vt 0.046115 0.062243
vt 0.045543 0.061511
vt 0.044278 0.061436
vt 0.045543 0.061511
vt 0.044531 0.060773
vt 0.042587 0.060238
vt 0.044278 0.061436
vt 0.044531 0.060773
vt 0.042986 0.068032
vt 0.038631 0.067104
vt 0.039472 0.069205
vt 0.046718 0.062870
vt 0.046115 0.062243
vt 0.046394 0.062945
vt 0.038297 0.057765
vt 0.042587 0.060238
vt 0.042909 0.059009
vt 0.046786 0.063633
vt 0.046394 0.062945
vt 0.046466 0.063627
vt 0.046698 0.064398
vt 0.046466 0.063627
vt 0.046366 0.064314
vt 0.042637 0.061472
vt 0.042895 0.063529
vt 0.043392 0.062746
vt 0.983785 0.749131
vt 0.986363 0.747686
vt 0.984252 0.748001
vt 0.994916 0.779199
vt 0.992197 0.779199
vt 0.993556 0.780458
vt 0.986363 0.747686
vt 0.987256 0.744757
vt 0.986074 0.745404
vt 0.993827 0.832677
vt 0.995186 0.831417
vt 0.992467 0.831417
vt 0.983701 0.745835
vt 0.982720 0.744676
vt 0.982482 0.745703
vt 0.982720 0.744676
vt 0.984152 0.744751
vt 0.983448 0.743863
vt 0.984152 0.744751
vt 0.984443 0.743327
vt 0.983448 0.743863
vt 0.986074 0.745404
vt 0.986528 0.743929
vt 0.985753 0.744879
vt 0.985753 0.744879
vt 0.985568 0.743461
vt 0.985259 0.744548
vt 0.985259 0.744548
vt 0.984443 0.743327
vt 0.984670 0.744518
vt 0.984252 0.748001
vt 0.982482 0.745703
vt 0.983785 0.749131
vt 0.377351 0.027323
vt 0.380427 0.028756
vt 0.380427 0.027323
vt 0.377351 0.028756
vt 0.380427 0.030188
vt 0.380427 0.028756
vt 0.377351 0.031620
vt 0.380427 0.030188
vt 0.377351 0.030188
vt 0.377351 0.031620
vt 0.380427 0.033052
vt 0.380427 0.031620
vt 0.377351 0.034484
vt 0.380427 0.033052
vt 0.377351 0.033052
vt 0.377351 0.023027
vt 0.380427 0.024459
vt 0.380427 0.023027
vt 0.791099 0.012767
vt 0.793361 0.013885
vt 0.793256 0.013829
vt 0.377351 0.025891
vt 0.380427 0.024459
vt 0.377351 0.024459
vt 0.377351 0.025891
vt 0.380427 0.027323
vt 0.380427 0.025891
vt 0.198749 0.005466
vt 0.197463 0.005113
vt 0.198089 0.005739
vt 0.197737 0.004453
vt 0.196578 0.005113
vt 0.197463 0.005113
vt 0.196305 0.004453
vt 0.195952 0.005739
vt 0.196578 0.005113
vt 0.195952 0.005739
vt 0.195292 0.006898
vt 0.195952 0.006625
vt 0.195952 0.006625
vt 0.196305 0.007911
vt 0.196578 0.007251
vt 0.196578 0.007251
vt 0.197737 0.007911
vt 0.197463 0.007251
vt 0.197463 0.007251
vt 0.198749 0.006898
vt 0.198089 0.006625
vt 0.198749 0.006898
vt 0.198089 0.005739
vt 0.198089 0.006625
vt 0.917642 0.005796
vt 0.917016 0.005170
vt 0.916131 0.007308
vt 0.792113 0.016323
vt 0.793505 0.013780
vt 0.793441 0.013837
vt 0.795794 0.014847
vt 0.793378 0.013605
vt 0.793475 0.013667
vt 0.794400 0.011396
vt 0.793209 0.013726
vt 0.793266 0.013632
vt 0.793361 0.013885
vt 0.792113 0.016323
vt 0.793441 0.013837
vt 0.793505 0.013780
vt 0.795794 0.014847
vt 0.793475 0.013667
vt 0.793378 0.013605
vt 0.794400 0.011396
vt 0.793266 0.013632
vt 0.792423 0.011368
vt 0.793256 0.013829
vt 0.793209 0.013726
vt 0.111749 0.064268
vt 0.111631 0.065185
vt 0.112195 0.064628
vt 0.109807 0.062701
vt 0.105126 0.063140
vt 0.109293 0.063565
vt 0.111982 0.063911
vt 0.112195 0.064628
vt 0.112470 0.064048
vt 0.112012 0.063499
vt 0.112470 0.064048
vt 0.112536 0.063463
vt 0.111898 0.063080
vt 0.112536 0.063463
vt 0.112427 0.062872
vt 0.111643 0.062695
vt 0.112427 0.062872
vt 0.112128 0.062296
vt 0.112854 0.065030
vt 0.111941 0.065582
vt 0.112309 0.065917
vt 0.109076 0.060145
vt 0.111241 0.060077
vt 0.109384 0.059061
vt 0.112309 0.065917
vt 0.110929 0.066321
vt 0.111308 0.066915
vt 0.110895 0.060671
vt 0.112254 0.061012
vt 0.111241 0.060077
vt 0.110929 0.066321
vt 0.109307 0.068085
vt 0.111308 0.066915
vt 0.111903 0.061353
vt 0.112828 0.061872
vt 0.112254 0.061012
vt 0.112828 0.061872
vt 0.112764 0.062780
vt 0.113096 0.062695
vt 0.110586 0.062345
vt 0.109151 0.061274
vt 0.109807 0.062701
vt 0.110616 0.064606
vt 0.111631 0.065185
vt 0.111306 0.064530
vt 0.111214 0.062403
vt 0.110692 0.061326
vt 0.110586 0.062345
vt 0.109791 0.064347
vt 0.110676 0.065658
vt 0.110616 0.064606
vt 0.111214 0.062403
vt 0.112128 0.062296
vt 0.111613 0.061744
vt 0.964149 0.010072
vt 0.963581 0.007952
vt 0.959909 0.008936
vt 0.135914 0.068312
vt 0.111308 0.066915
vt 0.109307 0.068085
vt 0.135912 0.066081
vt 0.111308 0.066915
vt 0.135914 0.067196
vt 0.135902 0.064982
vt 0.112309 0.065917
vt 0.135912 0.066081
vt 0.135884 0.063889
vt 0.112854 0.065030
vt 0.135902 0.064982
vt 0.135857 0.062795
vt 0.113116 0.064224
vt 0.135884 0.063889
vt 0.135819 0.061701
vt 0.113184 0.063461
vt 0.135857 0.062795
vt 0.135771 0.060607
vt 0.113096 0.062695
vt 0.135819 0.061701
vt 0.135771 0.060607
vt 0.112254 0.061012
vt 0.112828 0.061872
vt 0.135710 0.059509
vt 0.111241 0.060077
vt 0.112254 0.061012
vt 0.135644 0.058396
vt 0.109384 0.059061
vt 0.111241 0.060077
vt 0.135572 0.057240
vt 0.105870 0.057889
vt 0.109384 0.059061
vt 0.135908 0.069488
vt 0.109307 0.068085
vt 0.104695 0.069328
vt 0.104122 0.066515
vt 0.109036 0.065622
vt 0.105126 0.063140
vt 0.109076 0.060145
vt 0.105126 0.063140
vt 0.109151 0.061274
vt 0.110895 0.060671
vt 0.109151 0.061274
vt 0.110692 0.061326
vt 0.111903 0.061353
vt 0.110692 0.061326
vt 0.111613 0.061744
vt 0.112468 0.062072
vt 0.111613 0.061744
vt 0.112128 0.062296
vt 0.112468 0.062072
vt 0.112427 0.062872
vt 0.112764 0.062780
vt 0.112764 0.062780
vt 0.112536 0.063463
vt 0.112864 0.063466
vt 0.112864 0.063466
vt 0.112470 0.064048
vt 0.112792 0.064149
vt 0.112792 0.064149
vt 0.112195 0.064628
vt 0.112513 0.064851
vt 0.112513 0.064851
vt 0.111631 0.065185
vt 0.111941 0.065582
vt 0.111941 0.065582
vt 0.110676 0.065658
vt 0.110929 0.066321
vt 0.108985 0.066855
vt 0.110676 0.065658
vt 0.109036 0.065622
vt 0.105029 0.059990
vt 0.109384 0.059061
vt 0.105870 0.057889
vt 0.113116 0.064224
vt 0.112513 0.064851
vt 0.112854 0.065030
vt 0.108985 0.066855
vt 0.104695 0.069328
vt 0.109307 0.068085
vt 0.113184 0.063461
vt 0.112792 0.064149
vt 0.113116 0.064224
vt 0.113096 0.062695
vt 0.112864 0.063466
vt 0.113184 0.063461
vt 0.109036 0.065622
vt 0.109293 0.063565
vt 0.105126 0.063140
vt 0.081235 0.015751
vt 0.082589 0.013142
vt 0.081324 0.012284
vt 0.994916 0.789732
vt 0.993556 0.788472
vt 0.992197 0.789732
vt 0.085535 0.012133
vt 0.082589 0.013142
vt 0.084888 0.013365
vt 0.992467 0.841950
vt 0.992467 0.844697
vt 0.995186 0.841950
vt 0.085609 0.016677
vt 0.084503 0.015753
vt 0.084639 0.016922
vt 0.085609 0.016677
vt 0.085558 0.015242
vt 0.085091 0.015608
vt 0.086518 0.016016
vt 0.085814 0.014735
vt 0.085558 0.015242
vt 0.084888 0.013365
vt 0.086413 0.012866
vt 0.085535 0.012133
vt 0.085772 0.014154
vt 0.086413 0.012866
vt 0.085441 0.013681
vt 0.085772 0.014154
vt 0.086907 0.014953
vt 0.086907 0.013866
vt 0.082342 0.015257
vt 0.084639 0.016922
vt 0.084503 0.015753
vt 0.042020 0.016417
vt 0.042020 0.019493
vt 0.043452 0.019493
vt 0.043452 0.016417
vt 0.043452 0.019493
vt 0.044884 0.019493
vt 0.044884 0.019493
vt 0.046317 0.019493
vt 0.046317 0.016417
vt 0.046317 0.016417
vt 0.046317 0.019493
vt 0.047749 0.019493
vt 0.047749 0.019493
vt 0.049181 0.019493
vt 0.049181 0.016417
vt 0.037724 0.016417
vt 0.037724 0.019493
vt 0.039156 0.019493
vt 0.539597 0.015255
vt 0.542064 0.013744
vt 0.542146 0.013699
vt 0.039156 0.019493
vt 0.040588 0.019493
vt 0.040588 0.016417
vt 0.040588 0.016417
vt 0.040588 0.019493
vt 0.042020 0.019493
vt 0.184481 0.006625
vt 0.183821 0.006898
vt 0.184834 0.007911
vt 0.184481 0.005739
vt 0.183821 0.005466
vt 0.183821 0.006898
vt 0.185107 0.005113
vt 0.184834 0.004453
vt 0.183821 0.005466
vt 0.185107 0.005113
vt 0.185992 0.005113
vt 0.186266 0.004453
vt 0.185992 0.005113
vt 0.186618 0.005739
vt 0.187278 0.005466
vt 0.186618 0.005739
vt 0.186618 0.006625
vt 0.187278 0.006898
vt 0.186618 0.006625
vt 0.185992 0.007251
vt 0.186266 0.007911
vt 0.185107 0.007251
vt 0.184834 0.007911
vt 0.186266 0.007911
vt 0.978171 0.595698
vt 0.978797 0.596324
vt 0.980308 0.594812
vt 0.978797 0.596324
vt 0.979682 0.596324
vt 0.980308 0.594812
vt 0.979682 0.596324
vt 0.980308 0.595698
vt 0.980308 0.594812
vt 0.980308 0.594812
vt 0.979682 0.594186
vt 0.978797 0.594186
vt 0.978797 0.594186
vt 0.978171 0.594812
vt 0.980308 0.594812
vt 0.543452 0.016218
vt 0.541970 0.013897
vt 0.542005 0.013812
vt 0.544406 0.012523
vt 0.542147 0.013853
vt 0.542063 0.013889
vt 0.540978 0.011584
vt 0.542245 0.013691
vt 0.542218 0.013784
vt 0.539597 0.015255
vt 0.541398 0.016242
vt 0.542005 0.013812
vt 0.543452 0.016218
vt 0.544406 0.014494
vt 0.542063 0.013889
vt 0.544406 0.012523
vt 0.542813 0.011611
vt 0.542218 0.013784
vt 0.540978 0.011584
vt 0.539567 0.013035
vt 0.542146 0.013699
vt 0.045350 0.062826
vt 0.045796 0.062465
vt 0.045233 0.061909
vt 0.038728 0.063953
vt 0.042753 0.065820
vt 0.043409 0.064393
vt 0.045584 0.063183
vt 0.046072 0.063045
vt 0.045796 0.062465
vt 0.045613 0.063594
vt 0.046138 0.063631
vt 0.046072 0.063045
vt 0.045500 0.064014
vt 0.046029 0.064221
vt 0.046138 0.063631
vt 0.045244 0.064399
vt 0.045729 0.064797
vt 0.046029 0.064221
vt 0.046456 0.062064
vt 0.045910 0.061176
vt 0.045543 0.061511
vt 0.044843 0.067017
vt 0.044497 0.066423
vt 0.042678 0.066949
vt 0.045910 0.061176
vt 0.044909 0.060179
vt 0.044531 0.060773
vt 0.045855 0.066082
vt 0.045504 0.065740
vt 0.044497 0.066423
vt 0.042909 0.059009
vt 0.042587 0.060238
vt 0.044531 0.060773
vt 0.046430 0.065221
vt 0.046070 0.065022
vt 0.045504 0.065740
vt 0.046430 0.065221
vt 0.046698 0.064398
vt 0.046366 0.064314
vt 0.042753 0.065820
vt 0.044294 0.065767
vt 0.044187 0.064749
vt 0.045233 0.061909
vt 0.044278 0.061436
vt 0.044217 0.062487
vt 0.044294 0.065767
vt 0.045215 0.065349
vt 0.044816 0.064690
vt 0.044278 0.061436
vt 0.042637 0.061472
vt 0.043392 0.062746
vt 0.044816 0.064690
vt 0.045215 0.065349
vt 0.045729 0.064797
vt 0.960435 0.953993
vt 0.959452 0.954561
vt 0.959452 0.957665
vt 0.959452 0.954561
vt 0.958883 0.955545
vt 0.959452 0.957665
vt 0.958883 0.955545
vt 0.958883 0.956681
vt 0.959452 0.957665
vt 0.959452 0.957665
vt 0.960435 0.958233
vt 0.961572 0.958233
vt 0.961572 0.958233
vt 0.962556 0.957665
vt 0.963124 0.956681
vt 0.963124 0.956681
vt 0.963124 0.955545
vt 0.962556 0.954561
vt 0.962556 0.954561
vt 0.961572 0.953993
vt 0.963124 0.956681
vt 0.961572 0.953993
vt 0.960435 0.953993
vt 0.963124 0.956681
vt 0.959452 0.957665
vt 0.961572 0.958233
vt 0.960435 0.953993
vt 0.069516 0.058781
vt 0.042909 0.059009
vt 0.044909 0.060179
vt 0.044909 0.060179
vt 0.045910 0.061176
vt 0.069514 0.061013
vt 0.045910 0.061176
vt 0.046456 0.062064
vt 0.069504 0.062111
vt 0.046456 0.062064
vt 0.046718 0.062870
vt 0.069486 0.063205
vt 0.046718 0.062870
vt 0.046786 0.063633
vt 0.069458 0.064298
vt 0.046786 0.063633
vt 0.046698 0.064398
vt 0.069421 0.065392
vt 0.046698 0.064398
vt 0.046430 0.065221
vt 0.069373 0.066486
vt 0.069373 0.066486
vt 0.046430 0.065221
vt 0.045855 0.066082
vt 0.069312 0.067584
vt 0.045855 0.066082
vt 0.044843 0.067017
vt 0.069246 0.068698
vt 0.044843 0.067017
vt 0.042986 0.068032
vt 0.069174 0.069854
vt 0.042986 0.068032
vt 0.039472 0.069205
vt 0.069510 0.057606
vt 0.038297 0.057765
vt 0.042909 0.059009
vt 0.037724 0.060578
vt 0.038728 0.063953
vt 0.042637 0.061472
vt 0.042678 0.066949
vt 0.042753 0.065820
vt 0.038728 0.063953
vt 0.044497 0.066423
vt 0.044294 0.065767
vt 0.042753 0.065820
vt 0.045504 0.065740
vt 0.045215 0.065349
vt 0.044294 0.065767
vt 0.046070 0.065022
vt 0.045729 0.064797
vt 0.045215 0.065349
vt 0.046029 0.064221
vt 0.045729 0.064797
vt 0.046070 0.065022
vt 0.046138 0.063631
vt 0.046029 0.064221
vt 0.046366 0.064314
vt 0.046072 0.063045
vt 0.046138 0.063631
vt 0.046466 0.063627
vt 0.045796 0.062465
vt 0.046072 0.063045
vt 0.046394 0.062945
vt 0.045233 0.061909
vt 0.045796 0.062465
vt 0.046115 0.062243
vt 0.044278 0.061436
vt 0.045233 0.061909
vt 0.045543 0.061511
vt 0.042587 0.060238
vt 0.042637 0.061472
vt 0.044278 0.061436
vt 0.042986 0.068032
vt 0.042678 0.066949
vt 0.038631 0.067104
vt 0.046718 0.062870
vt 0.046456 0.062064
vt 0.046115 0.062243
vt 0.038297 0.057765
vt 0.037724 0.060578
vt 0.042587 0.060238
vt 0.046786 0.063633
vt 0.046718 0.062870
vt 0.046394 0.062945
vt 0.046698 0.064398
vt 0.046786 0.063633
vt 0.046466 0.063627
vt 0.042637 0.061472
vt 0.038728 0.063953
vt 0.042895 0.063529
vt 0.983785 0.749131
vt 0.987256 0.748922
vt 0.986363 0.747686
vt 0.992197 0.775978
vt 0.992197 0.779199
vt 0.994916 0.775978
vt 0.992197 0.779199
vt 0.992379 0.779829
vt 0.992877 0.780290
vt 0.994916 0.775978
vt 0.992197 0.779199
vt 0.994916 0.779199
vt 0.992877 0.780290
vt 0.993556 0.780458
vt 0.992197 0.779199
vt 0.993556 0.780458
vt 0.994236 0.780290
vt 0.994916 0.779199
vt 0.994236 0.780290
vt 0.994734 0.779829
vt 0.994916 0.779199
vt 0.986363 0.747686
vt 0.987256 0.748922
vt 0.987256 0.744757
vt 0.995186 0.831417
vt 0.995186 0.828671
vt 0.992467 0.828671
vt 0.992467 0.828671
vt 0.992467 0.831417
vt 0.995186 0.831417
vt 0.992467 0.831417
vt 0.992649 0.832047
vt 0.993147 0.832508
vt 0.995186 0.831417
vt 0.993827 0.832677
vt 0.994506 0.832508
vt 0.993147 0.832508
vt 0.993827 0.832677
vt 0.992467 0.831417
vt 0.994506 0.832508
vt 0.995004 0.832047
vt 0.995186 0.831417
vt 0.983701 0.745835
vt 0.983836 0.745218
vt 0.982720 0.744676
vt 0.982720 0.744676
vt 0.983836 0.745218
vt 0.984152 0.744751
vt 0.984152 0.744751
vt 0.984670 0.744518
vt 0.984443 0.743327
vt 0.986074 0.745404
vt 0.987256 0.744757
vt 0.986528 0.743929
vt 0.985753 0.744879
vt 0.986528 0.743929
vt 0.985568 0.743461
vt 0.985259 0.744548
vt 0.985568 0.743461
vt 0.984443 0.743327
vt 0.984252 0.748001
vt 0.983701 0.745835
vt 0.982482 0.745703
vt 0.377351 0.027323
vt 0.377351 0.028756
vt 0.380427 0.028756
vt 0.377351 0.028756
vt 0.377351 0.030188
vt 0.380427 0.030188
vt 0.377351 0.031620
vt 0.380427 0.031620
vt 0.380427 0.030188
vt 0.377351 0.031620
vt 0.377351 0.033052
vt 0.380427 0.033052
vt 0.377351 0.034484
vt 0.380427 0.034484
vt 0.380427 0.033052
vt 0.377351 0.023027
vt 0.377351 0.024459
vt 0.380427 0.024459
vt 0.791099 0.012767
vt 0.791132 0.014622
vt 0.793361 0.013885
vt 0.377351 0.025891
vt 0.380427 0.025891
vt 0.380427 0.024459
vt 0.377351 0.025891
vt 0.377351 0.027323
vt 0.380427 0.027323
vt 0.198749 0.005466
vt 0.197737 0.004453
vt 0.197463 0.005113
vt 0.197737 0.004453
vt 0.196305 0.004453
vt 0.196578 0.005113
vt 0.196305 0.004453
vt 0.195292 0.005466
vt 0.195952 0.005739
vt 0.195952 0.005739
vt 0.195292 0.005466
vt 0.195292 0.006898
vt 0.195952 0.006625
vt 0.195292 0.006898
vt 0.196305 0.007911
vt 0.196578 0.007251
vt 0.196305 0.007911
vt 0.197737 0.007911
vt 0.197463 0.007251
vt 0.197737 0.007911
vt 0.198749 0.006898
vt 0.198749 0.006898
vt 0.198749 0.005466
vt 0.198089 0.005739
vt 0.917016 0.005170
vt 0.916131 0.005170
vt 0.916131 0.007308
vt 0.916131 0.005170
vt 0.915505 0.005796
vt 0.916131 0.007308
vt 0.915505 0.005796
vt 0.915505 0.006682
vt 0.916131 0.007308
vt 0.916131 0.007308
vt 0.917016 0.007308
vt 0.917642 0.006682
vt 0.917642 0.006682
vt 0.917642 0.005796
vt 0.916131 0.007308
vt 0.792113 0.016323
vt 0.794304 0.016339
vt 0.793505 0.013780
vt 0.795794 0.014847
vt 0.795794 0.012810
vt 0.793378 0.013605
vt 0.794400 0.011396
vt 0.792423 0.011368
vt 0.793209 0.013726
vt 0.793361 0.013885
vt 0.791132 0.014622
vt 0.792113 0.016323
vt 0.793505 0.013780
vt 0.794304 0.016339
vt 0.795794 0.014847
vt 0.793378 0.013605
vt 0.795794 0.012810
vt 0.794400 0.011396
vt 0.792423 0.011368
vt 0.791099 0.012767
vt 0.793256 0.013829
vt 0.111749 0.064268
vt 0.111306 0.064530
vt 0.111631 0.065185
vt 0.109807 0.062701
vt 0.109151 0.061274
vt 0.105126 0.063140
vt 0.111982 0.063911
vt 0.111749 0.064268
vt 0.112195 0.064628
vt 0.112012 0.063499
vt 0.111982 0.063911
vt 0.112470 0.064048
vt 0.111898 0.063080
vt 0.112012 0.063499
vt 0.112536 0.063463
vt 0.111643 0.062695
vt 0.111898 0.063080
vt 0.112427 0.062872
vt 0.112854 0.065030
vt 0.112513 0.064851
vt 0.111941 0.065582
vt 0.109076 0.060145
vt 0.110895 0.060671
vt 0.111241 0.060077
vt 0.112309 0.065917
vt 0.111941 0.065582
vt 0.110929 0.066321
vt 0.110895 0.060671
vt 0.111903 0.061353
vt 0.112254 0.061012
vt 0.110929 0.066321
vt 0.108985 0.066855
vt 0.109307 0.068085
vt 0.111903 0.061353
vt 0.112468 0.062072
vt 0.112828 0.061872
vt 0.112828 0.061872
vt 0.112468 0.062072
vt 0.112764 0.062780
vt 0.110586 0.062345
vt 0.110692 0.061326
vt 0.109151 0.061274
vt 0.110616 0.064606
vt 0.110676 0.065658
vt 0.111631 0.065185
vt 0.111214 0.062403
vt 0.111613 0.061744
vt 0.110692 0.061326
vt 0.109791 0.064347
vt 0.109036 0.065622
vt 0.110676 0.065658
vt 0.111214 0.062403
vt 0.111643 0.062695
vt 0.112128 0.062296
vt 0.962597 0.011624
vt 0.963581 0.011056
vt 0.964149 0.010072
vt 0.964149 0.010072
vt 0.964149 0.008936
vt 0.963581 0.007952
vt 0.963581 0.007952
vt 0.962597 0.007384
vt 0.961461 0.007384
vt 0.961461 0.007384
vt 0.960477 0.007952
vt 0.963581 0.007952
vt 0.960477 0.007952
vt 0.959909 0.008936
vt 0.963581 0.007952
vt 0.959909 0.008936
vt 0.959909 0.010072
vt 0.962597 0.011624
vt 0.959909 0.010072
vt 0.960477 0.011056
vt 0.962597 0.011624
vt 0.960477 0.011056
vt 0.961461 0.011624
vt 0.962597 0.011624
vt 0.962597 0.011624
vt 0.964149 0.010072
vt 0.959909 0.008936
vt 0.135914 0.068312
vt 0.135914 0.067196
vt 0.111308 0.066915
vt 0.135912 0.066081
vt 0.112309 0.065917
vt 0.111308 0.066915
vt 0.135902 0.064982
vt 0.112854 0.065030
vt 0.112309 0.065917
vt 0.135884 0.063889
vt 0.113116 0.064224
vt 0.112854 0.065030
vt 0.135857 0.062795
vt 0.113184 0.063461
vt 0.113116 0.064224
vt 0.135819 0.061701
vt 0.113096 0.062695
vt 0.113184 0.063461
vt 0.135771 0.060607
vt 0.112828 0.061872
vt 0.113096 0.062695
vt 0.135771 0.060607
vt 0.135710 0.059509
vt 0.112254 0.061012
vt 0.135710 0.059509
vt 0.135644 0.058396
vt 0.111241 0.060077
vt 0.135644 0.058396
vt 0.135572 0.057240
vt 0.109384 0.059061
vt 0.135572 0.057240
vt 0.135489 0.055938
vt 0.105870 0.057889
vt 0.135908 0.069488
vt 0.135914 0.068312
vt 0.109307 0.068085
vt 0.104122 0.066515
vt 0.108985 0.066855
vt 0.109036 0.065622
vt 0.109076 0.060145
vt 0.105029 0.059990
vt 0.105126 0.063140
vt 0.110895 0.060671
vt 0.109076 0.060145
vt 0.109151 0.061274
vt 0.111903 0.061353
vt 0.110895 0.060671
vt 0.110692 0.061326
vt 0.112468 0.062072
vt 0.111903 0.061353
vt 0.111613 0.061744
vt 0.112468 0.062072
vt 0.112128 0.062296
vt 0.112427 0.062872
vt 0.112764 0.062780
vt 0.112427 0.062872
vt 0.112536 0.063463
vt 0.112864 0.063466
vt 0.112536 0.063463
vt 0.112470 0.064048
vt 0.112792 0.064149
vt 0.112470 0.064048
vt 0.112195 0.064628
vt 0.112513 0.064851
vt 0.112195 0.064628
vt 0.111631 0.065185
vt 0.111941 0.065582
vt 0.111631 0.065185
vt 0.110676 0.065658
vt 0.108985 0.066855
vt 0.110929 0.066321
vt 0.110676 0.065658
vt 0.105029 0.059990
vt 0.109076 0.060145
vt 0.109384 0.059061
vt 0.113116 0.064224
vt 0.112792 0.064149
vt 0.112513 0.064851
vt 0.108985 0.066855
vt 0.104122 0.066515
vt 0.104695 0.069328
vt 0.113184 0.063461
vt 0.112864 0.063466
vt 0.112792 0.064149
vt 0.113096 0.062695
vt 0.112764 0.062780
vt 0.112864 0.063466
vt 0.109036 0.065622
vt 0.109791 0.064347
vt 0.109293 0.063565
vt 0.081235 0.015751
vt 0.082342 0.015257
vt 0.082589 0.013142
vt 0.992379 0.789102
vt 0.992197 0.789732
vt 0.992877 0.788641
vt 0.992197 0.789732
vt 0.992197 0.792953
vt 0.994916 0.789732
vt 0.992197 0.792953
vt 0.994916 0.792953
vt 0.994916 0.789732
vt 0.994916 0.789732
vt 0.994734 0.789102
vt 0.994236 0.788641
vt 0.994236 0.788641
vt 0.993556 0.788472
vt 0.994916 0.789732
vt 0.993556 0.788472
vt 0.992877 0.788641
vt 0.992197 0.789732
vt 0.085535 0.012133
vt 0.081324 0.012284
vt 0.082589 0.013142
vt 0.992467 0.844697
vt 0.995186 0.844697
vt 0.995186 0.841950
vt 0.995186 0.841950
vt 0.995004 0.841321
vt 0.994506 0.840859
vt 0.994506 0.840859
vt 0.993827 0.840691
vt 0.995186 0.841950
vt 0.993827 0.840691
vt 0.993147 0.840859
vt 0.992467 0.841950
vt 0.995186 0.841950
vt 0.993827 0.840691
vt 0.992467 0.841950
vt 0.993147 0.840859
vt 0.992649 0.841321
vt 0.992467 0.841950
vt 0.085609 0.016677
vt 0.085091 0.015608
vt 0.084503 0.015753
vt 0.085609 0.016677
vt 0.086518 0.016016
vt 0.085558 0.015242
vt 0.086518 0.016016
vt 0.086907 0.014953
vt 0.085814 0.014735
vt 0.084888 0.013365
vt 0.085441 0.013681
vt 0.086413 0.012866
vt 0.085772 0.014154
vt 0.086907 0.013866
vt 0.086413 0.012866
vt 0.085772 0.014154
vt 0.085814 0.014735
vt 0.086907 0.014953
vt 0.082342 0.015257
vt 0.081235 0.015751
vt 0.084639 0.016922
vn 0.000000 0.791544 -0.611113
vn 0.000000 0.127584 -0.991828
vn 0.000000 0.127584 -0.991828
vn 0.000000 0.127584 -0.991828
vn 0.000000 -0.611112 -0.791544
vn 0.000000 -0.611112 -0.791544
vn 0.000000 -0.611112 -0.791544
vn -0.000000 -0.991828 -0.127584
vn 0.000000 -0.611112 -0.791544
vn -0.000000 -0.991828 -0.127584
vn -0.000000 -0.791544 0.611112
vn -0.000000 -0.791544 0.611112
vn -0.000000 -0.791544 0.611112
vn 0.000000 -0.127584 0.991828
vn -0.000000 -0.791544 0.611112
vn 0.000000 -0.127584 0.991828
vn 0.000000 0.611113 0.791543
vn 0.000000 0.611113 0.791543
vn 0.000000 0.991828 0.127585
vn 0.000000 0.791544 -0.611112
vn 0.000000 0.791544 -0.611112
vn 0.000000 0.611113 0.791543
vn 0.000000 0.991828 0.127584
vn 0.000000 0.611113 0.791543
vn 0.000000 0.991828 0.127584
vn 0.000000 0.791544 -0.611113
vn 0.000000 0.791544 -0.611113
vn 1.000000 -0.000000 -0.000000
vn 1.000000 -0.000000 -0.000000
vn 1.000000 -0.000000 -0.000000
vn 1.000000 0.000000 -0.000000
vn 1.000000 -0.000000 -0.000000
vn 1.000000 -0.000000 -0.000000
vn 1.000000 0.000000 0.000000
vn 1.000000 0.000000 -0.000001
vn 1.000000 0.000000 -0.000000
vn 1.000000 0.000000 0.000000
vn 1.000000 -0.000000 0.000000
vn 1.000000 0.000000 0.000000
vn 1.000000 -0.000000 0.000000
vn 1.000000 -0.000000 0.000000
vn 1.000000 -0.000000 0.000000
vn 1.000000 -0.000000 0.000000
vn 1.000000 0.000000 0.000000
vn 1.000000 -0.000000 0.000000
vn 1.000000 0.000000 0.000000
vn 1.000000 -0.000000 0.000000
vn 1.000000 0.000000 0.000000
vn 1.000000 -0.000000 -0.000000
vn 1.000000 -0.000000 0.000000
vn 1.000000 0.000000 0.000000
vn 1.000000 0.000001 -0.000000
vn 1.000000 0.000001 -0.000001
vn 1.000000 -0.000001 -0.000001
vn 0.000000 -0.127583 0.991828
vn 0.000000 0.611114 0.791543
vn 0.000000 0.611114 0.791543
vn 0.000000 -0.991828 -0.127582
vn -0.000000 -0.791544 0.611112
vn 0.000000 -0.791544 0.611112
vn 0.000000 0.127585 -0.991828
vn -0.000000 -0.611112 -0.791544
vn 0.000000 -0.611112 -0.791544
vn 0.000000 0.991828 0.127585
vn 0.000000 0.611114 0.791543
vn 0.000000 0.991828 0.127585
vn 0.000000 -0.127583 0.991828
vn -0.000000 -0.791544 0.611112
vn 0.000000 -0.127584 0.991828
vn 0.000000 -0.991828 -0.127582
vn -0.000000 -0.611112 -0.791544
vn -0.000000 -0.991828 -0.127582
vn 0.000000 0.127585 -0.991828
vn 0.000000 0.791544 -0.611112
vn 0.000000 0.127585 -0.991828
vn -0.000318 0.999997 -0.002556
vn -0.001384 0.999995 -0.002811
vn -0.000992 0.999995 -0.003125
vn -0.001894 0.999998 -0.000912
vn -0.000897 1.000000 -0.000457
vn -0.001965 0.999998 -0.000463
vn -0.000300 0.999999 -0.001581
vn -0.000786 0.999997 -0.002130
vn -0.000318 0.999997 -0.002556
vn -0.001031 0.999999 -0.001154
vn -0.000885 0.999999 -0.001437
vn -0.000300 0.999999 -0.001581
vn -0.001641 0.999997 -0.001564
vn -0.001436 0.999998 -0.001251
vn -0.001031 0.999999 -0.001154
vn -0.001496 0.999996 -0.002242
vn -0.001749 0.999997 -0.001626
vn -0.001641 0.999997 -0.001564
vn 0.000223 -0.351631 -0.936139
vn -0.468043 -0.351542 -0.810774
vn 0.000445 -0.351675 -0.936122
vn 0.000193 -0.350319 0.936631
vn -0.467693 -0.350421 0.811461
vn -0.467959 -0.350363 0.811332
vn -0.468123 -0.351522 -0.810736
vn -0.811025 -0.351267 -0.467814
vn -0.468043 -0.351542 -0.810774
vn 0.468238 -0.350452 0.811133
vn 0.000418 -0.350362 0.936614
vn 0.000193 -0.350319 0.936631
vn -0.936412 -0.350902 0.000473
vn -0.811025 -0.351267 -0.467814
vn -0.810996 -0.351250 -0.467877
vn 0.810874 -0.350723 0.468483
vn 0.468314 -0.350471 0.811081
vn 0.468238 -0.350452 0.811133
vn 0.810874 -0.350723 0.468483
vn 0.936345 -0.351080 0.000651
vn 0.810834 -0.350739 0.468541
vn -0.001094 0.999999 -0.001044
vn -0.000346 0.999999 -0.001248
vn -0.000897 1.000000 -0.000457
vn -0.001384 0.999995 -0.002811
vn -0.002227 0.999995 -0.002483
vn -0.000992 0.999995 -0.003125
vn -0.000801 0.999998 -0.001670
vn -0.000926 0.999997 -0.002037
vn -0.000346 0.999999 -0.001248
vn -0.002394 0.999994 -0.002470
vn -0.002611 0.999996 -0.001406
vn -0.002227 0.999995 -0.002483
vn -0.000926 0.999997 -0.002037
vn -0.001491 0.999997 -0.002027
vn -0.001496 0.999996 -0.002242
vn 0.001090 -0.999998 0.001766
vn 0.001089 -0.999998 0.001765
vn 0.001089 -0.999998 0.001766
vn -1.000000 0.000429 -0.000237
vn -0.866071 0.000232 -0.499921
vn -0.865984 0.000232 -0.500072
vn -0.866071 0.000232 -0.499921
vn -0.500078 -0.000028 -0.865981
vn -0.865984 0.000232 -0.500072
vn -0.499915 -0.000028 -0.866074
vn -0.000243 -0.000280 -1.000000
vn -0.500078 -0.000028 -0.865981
vn 0.000259 -0.000280 -1.000000
vn 0.499709 -0.000457 -0.866193
vn -0.000243 -0.000280 -1.000000
vn 0.500298 -0.000457 -0.865853
vn 0.865855 -0.000512 -0.500295
vn 0.499709 -0.000457 -0.866193
vn 0.866192 -0.000512 -0.499711
vn 1.000000 -0.000429 -0.000252
vn 0.865855 -0.000512 -0.500295
vn 1.000000 -0.000429 0.000237
vn 0.866070 -0.000232 0.499922
vn 1.000000 -0.000429 -0.000252
vn 0.866070 -0.000232 0.499922
vn 0.500081 0.000028 0.865979
vn 0.499915 0.000028 0.866074
vn 0.499915 0.000028 0.866074
vn 0.000243 0.000280 1.000000
vn -0.000257 0.000280 1.000000
vn -0.000257 0.000280 1.000000
vn -0.499710 0.000457 0.866193
vn -0.500297 0.000457 0.865854
vn -0.500297 0.000457 0.865854
vn -0.865855 0.000512 0.500295
vn -0.866192 0.000512 0.499711
vn -0.866192 0.000512 0.499711
vn -1.000000 0.000429 0.000252
vn -1.000000 0.000429 -0.000237
vn -0.866253 0.000763 0.499606
vn -1.000000 0.000988 0.000324
vn -1.000000 0.000961 -0.000321
vn -0.500408 0.000361 0.865790
vn -0.865796 0.000801 0.500397
vn -0.866253 0.000763 0.499606
vn -0.000358 -0.000136 1.000000
vn -0.499597 0.000401 0.866258
vn -0.500408 0.000361 0.865790
vn 0.499878 -0.000595 0.866096
vn 0.000350 -0.000106 1.000000
vn -0.000358 -0.000136 1.000000
vn 0.866074 -0.000908 0.499915
vn 0.500128 -0.000583 0.865951
vn 0.499878 -0.000595 0.866096
vn 1.000000 -0.000961 0.000321
vn 0.866074 -0.000908 0.499915
vn 1.000000 -0.000988 -0.000324
vn 0.866254 -0.000760 -0.499604
vn 1.000000 -0.000988 -0.000324
vn 0.865796 -0.000798 -0.500397
vn 0.500409 -0.000358 -0.865789
vn 0.865796 -0.000798 -0.500397
vn 0.499598 -0.000398 -0.866257
vn 0.000356 0.000137 -1.000000
vn 0.499598 -0.000398 -0.866257
vn -0.000351 0.000108 -1.000000
vn -0.499877 0.000607 -0.866096
vn -0.000351 0.000108 -1.000000
vn -0.500126 0.000595 -0.865953
vn -0.866077 0.000912 -0.499911
vn -0.500126 0.000595 -0.865953
vn -0.865973 0.000900 -0.500090
vn -1.000000 0.000961 -0.000321
vn -0.866077 0.000912 -0.499911
vn -0.865973 0.000900 -0.500090
vn -0.467959 -0.350363 0.811332
vn -0.810645 -0.350636 0.468945
vn -0.810808 -0.350579 0.468706
vn 0.468441 -0.351571 -0.810531
vn 0.000445 -0.351675 -0.936122
vn 0.468686 -0.351629 -0.810365
vn -0.810808 -0.350579 0.468706
vn -0.936396 -0.350944 0.000675
vn -0.936412 -0.350902 0.000473
vn 0.811058 -0.351353 -0.467693
vn 0.468686 -0.351629 -0.810365
vn 0.811184 -0.351408 -0.467432
vn 0.936360 -0.351041 0.000444
vn 0.811184 -0.351408 -0.467432
vn 0.936345 -0.351080 0.000651
vn -0.002528 0.999996 -0.001547
vn -0.001965 0.999998 -0.000463
vn -0.002611 0.999996 -0.001406
vn -0.443974 0.896038 -0.001721
vn -0.443976 0.896037 -0.001720
vn -0.443974 0.896038 -0.001721
vn 1.000000 0.000000 0.000001
vn 1.000000 0.000000 0.000001
vn 1.000000 0.000000 0.000001
vn -0.000002 -0.001919 -0.999998
vn -0.000000 -0.142179 -0.989841
vn 0.000000 -0.142179 -0.989841
vn -1.000000 0.000000 -0.000000
vn -1.000000 0.000000 -0.000000
vn -1.000000 0.000000 -0.000000
vn 0.000000 -0.138379 0.990379
vn 0.000000 -0.523160 0.852234
vn -0.000000 -0.138379 0.990379
vn 0.000000 -0.523160 0.852234
vn 0.000000 -0.878887 0.477030
vn 0.000000 -0.878887 0.477030
vn 0.000000 -0.878887 0.477030
vn 0.000000 -0.999998 0.001920
vn 0.000000 -0.878887 0.477030
vn 0.000000 -0.142179 -0.989841
vn 0.000000 -0.526425 -0.850221
vn 0.000000 -0.526425 -0.850221
vn 0.000000 -0.526425 -0.850221
vn 0.000000 -0.880711 -0.473655
vn 0.000000 -0.880711 -0.473654
vn 0.000000 -0.880711 -0.473654
vn 0.000000 -0.999998 0.001920
vn 0.000000 -0.999998 0.001920
vn -0.000001 0.001919 0.999998
vn -0.000000 -0.138379 0.990379
vn -0.000001 0.001918 0.999998
vn -0.000018 0.791544 -0.611113
vn 0.000372 0.127584 -0.991828
vn -0.000018 0.791544 -0.611113
vn 0.000372 0.127584 -0.991828
vn 0.000544 -0.611112 -0.791544
vn 0.000372 0.127584 -0.991828
vn 0.000397 -0.991828 -0.127584
vn 0.000544 -0.611112 -0.791544
vn 0.000544 -0.611112 -0.791544
vn 0.000397 -0.991828 -0.127584
vn 0.000018 -0.791544 0.611112
vn 0.000397 -0.991828 -0.127584
vn -0.000372 -0.127584 0.991828
vn 0.000018 -0.791544 0.611112
vn 0.000018 -0.791544 0.611112
vn -0.000372 -0.127584 0.991828
vn -0.000544 0.611113 0.791543
vn -0.000372 -0.127585 0.991828
vn -0.000018 0.791544 -0.611112
vn -0.000397 0.991828 0.127585
vn -0.000018 0.791544 -0.611112
vn -0.000397 0.991828 0.127584
vn -0.000544 0.611113 0.791543
vn -0.000544 0.611113 0.791543
vn -0.000397 0.991828 0.127584
vn -0.000018 0.791544 -0.611113
vn -0.000397 0.991828 0.127583
vn -1.000000 -0.000346 -0.000421
vn -1.000000 -0.000347 -0.000421
vn -1.000000 -0.000346 -0.000420
vn -1.000000 -0.000347 -0.000420
vn -1.000000 -0.000347 -0.000420
vn -1.000000 -0.000347 -0.000421
vn -1.000000 -0.000346 -0.000421
vn -1.000000 -0.000346 -0.000421
vn -1.000000 -0.000347 -0.000420
vn -1.000000 -0.000346 -0.000421
vn -1.000000 -0.000347 -0.000421
vn -1.000000 -0.000347 -0.000421
vn -1.000000 -0.000347 -0.000421
vn -1.000000 -0.000346 -0.000421
vn -1.000000 -0.000346 -0.000421
vn -1.000000 -0.000346 -0.000421
vn -1.000000 -0.000346 -0.000423
vn -1.000000 -0.000346 -0.000423
vn -1.000000 -0.000346 -0.000423
vn -1.000000 -0.000347 -0.000419
vn -1.000000 -0.000347 -0.000416
vn -1.000000 -0.000347 -0.000419
vn -1.000000 -0.000346 -0.000420
vn -1.000000 -0.000347 -0.000416
vn -1.000000 -0.000347 -0.000420
vn -1.000000 -0.000347 -0.000422
vn -1.000000 -0.000346 -0.000421
vn -0.000544 0.611113 0.791543
vn -0.000372 -0.127584 0.991828
vn -0.000544 0.611114 0.791543
vn 0.000018 -0.791544 0.611112
vn 0.000397 -0.991828 -0.127582
vn 0.000018 -0.791544 0.611112
vn 0.000544 -0.611112 -0.791544
vn 0.000372 0.127585 -0.991828
vn 0.000544 -0.611112 -0.791544
vn -0.000397 0.991828 0.127585
vn -0.000544 0.611113 0.791543
vn -0.000544 0.611114 0.791543
vn -0.000372 -0.127584 0.991828
vn 0.000018 -0.791544 0.611112
vn 0.000018 -0.791544 0.611112
vn 0.000397 -0.991828 -0.127582
vn 0.000544 -0.611112 -0.791544
vn 0.000544 -0.611112 -0.791544
vn 0.000372 0.127585 -0.991827
vn -0.000018 0.791544 -0.611112
vn 0.000372 0.127585 -0.991828
vn -0.000029 0.999997 -0.002555
vn 0.001039 0.999996 -0.002810
vn 0.000440 0.999998 -0.002130
vn 0.000549 1.000000 -0.000458
vn 0.001546 0.999999 -0.000912
vn 0.001618 0.999999 -0.000462
vn -0.000044 0.999999 -0.001582
vn 0.000440 0.999998 -0.002130
vn 0.000544 0.999999 -0.001437
vn 0.000686 0.999999 -0.001154
vn 0.000544 0.999999 -0.001437
vn 0.001092 0.999999 -0.001251
vn 0.001295 0.999998 -0.001563
vn 0.001092 0.999999 -0.001251
vn 0.001400 0.999998 -0.001625
vn 0.001149 0.999997 -0.002240
vn 0.001400 0.999998 -0.001625
vn 0.001141 0.999997 -0.002026
vn 0.000293 -0.351631 -0.936139
vn 0.468504 -0.351380 -0.810578
vn 0.468584 -0.351361 -0.810540
vn 0.467474 -0.350259 0.811657
vn -0.000466 -0.350318 0.936631
vn 0.467740 -0.350202 0.811528
vn 0.468584 -0.351361 -0.810540
vn 0.811343 -0.350986 -0.467473
vn 0.811316 -0.350967 -0.467535
vn -0.000691 -0.350362 0.936614
vn -0.468457 -0.350615 0.810936
vn -0.000466 -0.350318 0.936631
vn 0.811343 -0.350986 -0.467473
vn 0.936532 -0.350582 0.000869
vn 0.811316 -0.350967 -0.467535
vn -0.468532 -0.350634 0.810885
vn -0.810949 -0.351004 0.468143
vn -0.468457 -0.350615 0.810936
vn -0.810949 -0.351004 0.468143
vn -0.936223 -0.351405 0.000258
vn -0.936238 -0.351365 0.000052
vn -0.000005 0.999999 -0.001248
vn 0.000747 0.999999 -0.001045
vn 0.000549 1.000000 -0.000458
vn 0.001879 0.999995 -0.002482
vn 0.001039 0.999996 -0.002810
vn 0.000652 0.999995 -0.003124
vn 0.000582 0.999998 -0.002036
vn 0.000457 0.999999 -0.001670
vn -0.000005 0.999999 -0.001248
vn 0.002267 0.999996 -0.001405
vn 0.002048 0.999995 -0.002469
vn 0.001879 0.999995 -0.002482
vn 0.000582 0.999998 -0.002036
vn 0.001141 0.999997 -0.002026
vn 0.000811 0.999998 -0.002011
vn -0.000743 -0.999998 0.001765
vn -0.000744 -0.999998 0.001765
vn -0.000744 -0.999998 0.001765
vn 1.000000 0.000775 0.000183
vn 0.866281 0.000532 -0.499557
vn 1.000000 0.000775 0.000671
vn 0.500441 0.000145 -0.865770
vn 0.866281 0.000532 -0.499557
vn 0.866194 0.000531 -0.499708
vn 0.000663 -0.000280 -1.000000
vn 0.500279 0.000145 -0.865864
vn 0.500441 0.000145 -0.865770
vn -0.499344 -0.000630 -0.866403
vn 0.000161 -0.000280 -1.000000
vn 0.000663 -0.000280 -1.000000
vn -0.865644 -0.000812 -0.500659
vn -0.499935 -0.000631 -0.866063
vn -0.499344 -0.000630 -0.866403
vn -1.000000 -0.000775 -0.000670
vn -0.865981 -0.000812 -0.500075
vn -0.865644 -0.000812 -0.500659
vn -0.866279 -0.000531 0.499561
vn -1.000000 -0.000775 -0.000184
vn -1.000000 -0.000775 -0.000670
vn -0.866279 -0.000531 0.499561
vn -0.500444 -0.000145 0.865769
vn -0.866194 -0.000531 0.499708
vn -0.500278 -0.000145 0.865865
vn -0.000663 0.000280 1.000000
vn -0.500444 -0.000145 0.865769
vn -0.000163 0.000280 1.000000
vn 0.499348 0.000630 0.866402
vn -0.000663 0.000280 1.000000
vn 0.499932 0.000630 0.866064
vn 0.865645 0.000812 0.500657
vn 0.499348 0.000630 0.866402
vn 0.865981 0.000812 0.500075
vn 1.000000 0.000775 0.000671
vn 0.865645 0.000812 0.500657
vn 0.866042 0.001063 0.499971
vn 0.999999 0.001335 0.000745
vn 0.865585 0.001101 0.500760
vn 0.500045 0.000534 0.865999
vn 0.865585 0.001101 0.500760
vn 0.499235 0.000573 0.866466
vn -0.000062 -0.000137 1.000000
vn 0.499235 0.000573 0.866466
vn -0.000769 -0.000107 1.000000
vn -0.500242 -0.000768 0.865885
vn -0.000769 -0.000107 1.000000
vn -0.500492 -0.000756 0.865741
vn -0.866283 -0.001208 0.499551
vn -0.500492 -0.000756 0.865741
vn -0.866182 -0.001198 0.499728
vn -0.866283 -0.001208 0.499551
vn -0.999999 -0.001307 -0.000098
vn -0.999999 -0.001334 -0.000743
vn -0.999999 -0.001334 -0.000743
vn -0.866045 -0.001059 -0.499965
vn -0.865586 -0.001097 -0.500759
vn -0.865586 -0.001097 -0.500759
vn -0.500044 -0.000531 -0.866000
vn -0.499232 -0.000571 -0.866468
vn -0.499232 -0.000571 -0.866468
vn 0.000065 0.000137 -1.000000
vn 0.000771 0.000109 -1.000000
vn 0.000771 0.000109 -1.000000
vn 0.500240 0.000780 -0.865886
vn 0.500489 0.000769 -0.865742
vn 0.500489 0.000769 -0.865742
vn 0.866286 0.001212 -0.499546
vn 0.866183 0.001200 -0.499725
vn 0.999999 0.001308 0.000098
vn 0.866286 0.001212 -0.499546
vn 0.999999 0.001335 0.000745
vn 0.810570 -0.350355 0.469284
vn 0.467740 -0.350202 0.811528
vn 0.810732 -0.350299 0.469046
vn -0.467982 -0.351733 -0.810726
vn 0.000071 -0.351674 -0.936122
vn 0.000293 -0.351631 -0.936139
vn 0.936516 -0.350622 0.001070
vn 0.810732 -0.350299 0.469046
vn 0.936532 -0.350582 0.000869
vn -0.810739 -0.351636 -0.468033
vn -0.468225 -0.351791 -0.810561
vn -0.467982 -0.351733 -0.810726
vn -0.936238 -0.351365 0.000052
vn -0.810864 -0.351692 -0.467774
vn -0.810739 -0.351636 -0.468033
vn 0.002186 0.999996 -0.001546
vn 0.001618 0.999999 -0.000462
vn 0.001546 0.999999 -0.000912
vn 0.443665 0.896191 -0.001535
vn 0.443666 0.896191 -0.001534
vn 0.443667 0.896191 -0.001534
vn -1.000000 -0.000346 -0.000418
vn -1.000000 -0.000346 -0.000418
vn -1.000000 -0.000346 -0.000416
vn 0.000465 -0.142179 -0.989841
vn 0.000422 -0.001919 -0.999998
vn 0.000464 -0.142178 -0.989841
vn 1.000000 0.000346 0.000420
vn 1.000000 0.000346 0.000419
vn 1.000000 0.000346 0.000420
vn -0.000176 -0.523161 0.852234
vn -0.000368 -0.138379 0.990379
vn -0.000367 -0.138379 0.990379
vn -0.000176 -0.523161 0.852234
vn 0.000104 -0.878887 0.477031
vn -0.000176 -0.523160 0.852235
vn 0.000104 -0.878887 0.477029
vn 0.000345 -0.999998 0.001920
vn 0.000104 -0.878887 0.477031
vn 0.000464 -0.142178 -0.989841
vn 0.000539 -0.526424 -0.850222
vn 0.000465 -0.142179 -0.989841
vn 0.000504 -0.880710 -0.473655
vn 0.000539 -0.526424 -0.850222
vn 0.000539 -0.526424 -0.850222
vn 0.000504 -0.880710 -0.473655
vn 0.000345 -0.999998 0.001919
vn 0.000504 -0.880710 -0.473655
vn -0.000419 0.001918 0.999998
vn -0.000367 -0.138379 0.990379
vn -0.000368 -0.138379 0.990379
vn 0.000000 0.791544 -0.611113
vn 0.000000 0.791544 -0.611113
vn 0.000000 0.127584 -0.991828
vn 0.000000 0.127584 -0.991828
vn 0.000000 0.127584 -0.991828
vn 0.000000 -0.611112 -0.791544
vn 0.000000 -0.611112 -0.791544
vn 0.000000 -0.991828 -0.127585
vn -0.000000 -0.991828 -0.127584
vn -0.000000 -0.991828 -0.127584
vn 0.000000 -0.991828 -0.127585
vn -0.000000 -0.791544 0.611112
vn -0.000000 -0.791544 0.611112
vn 0.000000 -0.127585 0.991828
vn 0.000000 -0.127584 0.991828
vn 0.000000 -0.127584 0.991828
vn 0.000000 -0.127585 0.991828
vn 0.000000 0.611113 0.791543
vn 0.000000 0.991828 0.127585
vn 0.000000 0.991828 0.127585
vn 0.000000 0.791544 -0.611112
vn 0.000000 0.611113 0.791543
vn 0.000000 0.991828 0.127583
vn 0.000000 0.991828 0.127584
vn 0.000000 0.991828 0.127584
vn 0.000000 0.991828 0.127583
vn 0.000000 0.791544 -0.611113
vn 1.000000 -0.000000 -0.000000
vn 1.000000 -0.000000 -0.000000
vn 1.000000 -0.000000 -0.000000
vn 1.000000 0.000000 -0.000000
vn 1.000000 0.000000 -0.000001
vn 1.000000 -0.000000 -0.000000
vn 1.000000 0.000000 0.000000
vn 1.000000 0.000000 0.000000
vn 1.000000 0.000000 -0.000001
vn 1.000000 0.000000 0.000000
vn 1.000000 -0.000000 0.000000
vn 1.000000 -0.000000 0.000000
vn 1.000000 -0.000000 0.000000
vn 1.000000 -0.000000 0.000000
vn 1.000000 -0.000000 0.000000
vn 1.000000 -0.000000 0.000000
vn 1.000000 0.000000 0.000000
vn 1.000000 0.000000 0.000000
vn 1.000000 0.000000 0.000000
vn 1.000000 0.000000 0.000000
vn 1.000000 -0.000000 0.000000
vn 1.000000 -0.000000 -0.000000
vn 1.000000 -0.000000 -0.000000
vn 1.000000 -0.000000 0.000000
vn 1.000000 0.000001 -0.000001
vn 1.000000 -0.000000 0.000000
vn 1.000000 -0.000001 -0.000001
vn 1.000000 -0.000000 0.000000
vn 1.000000 -0.000001 0.000000
vn 1.000000 -0.000001 -0.000001
vn 1.000000 -0.000001 0.000000
vn 1.000000 -0.000006 -0.000001
vn 1.000000 -0.000001 -0.000001
vn 1.000000 -0.000001 -0.000001
vn 1.000000 0.000001 -0.000005
vn 1.000000 0.000000 0.000001
vn 1.000000 0.000000 0.000001
vn 1.000000 0.000001 -0.000000
vn 1.000000 -0.000001 -0.000001
vn 0.000000 -0.127583 0.991828
vn 0.000000 -0.127584 0.991828
vn 0.000000 0.611114 0.791543
vn 0.000000 -0.991828 -0.127582
vn -0.000000 -0.991828 -0.127582
vn -0.000000 -0.791544 0.611112
vn 0.000000 0.127585 -0.991828
vn 0.000000 0.127585 -0.991828
vn -0.000000 -0.611112 -0.791544
vn 0.000000 0.991828 0.127585
vn 0.000000 0.611114 0.791543
vn 0.000000 0.611114 0.791543
vn 0.000000 -0.127583 0.991828
vn 0.000000 -0.791544 0.611112
vn -0.000000 -0.791544 0.611112
vn 0.000000 -0.991828 -0.127582
vn 0.000000 -0.611112 -0.791544
vn -0.000000 -0.611112 -0.791544
vn 0.000000 0.127585 -0.991828
vn 0.000000 0.791544 -0.611112
vn 0.000000 0.791544 -0.611112
vn -0.000318 0.999997 -0.002556
vn -0.000786 0.999997 -0.002130
vn -0.001384 0.999995 -0.002811
vn -0.001894 0.999998 -0.000912
vn -0.001094 0.999999 -0.001044
vn -0.000897 1.000000 -0.000457
vn -0.000300 0.999999 -0.001581
vn -0.000885 0.999999 -0.001437
vn -0.000786 0.999997 -0.002130
vn -0.001031 0.999999 -0.001154
vn -0.001436 0.999998 -0.001251
vn -0.000885 0.999999 -0.001437
vn -0.001641 0.999997 -0.001564
vn -0.001749 0.999997 -0.001626
vn -0.001436 0.999998 -0.001251
vn -0.001496 0.999996 -0.002242
vn -0.001491 0.999997 -0.002027
vn -0.001749 0.999997 -0.001626
vn 0.000223 -0.351631 -0.936139
vn -0.468123 -0.351522 -0.810736
vn -0.468043 -0.351542 -0.810774
vn 0.000193 -0.350319 0.936631
vn 0.000418 -0.350362 0.936614
vn -0.467693 -0.350421 0.811461
vn -0.468123 -0.351522 -0.810736
vn -0.810996 -0.351250 -0.467877
vn -0.811025 -0.351267 -0.467814
vn 0.468238 -0.350452 0.811133
vn 0.468314 -0.350471 0.811081
vn 0.000418 -0.350362 0.936614
vn -0.936412 -0.350902 0.000473
vn -0.936396 -0.350944 0.000675
vn -0.811025 -0.351267 -0.467814
vn 0.810874 -0.350723 0.468483
vn 0.810834 -0.350739 0.468541
vn 0.468314 -0.350471 0.811081
vn 0.810874 -0.350723 0.468483
vn 0.936360 -0.351041 0.000444
vn 0.936345 -0.351080 0.000651
vn -0.001094 0.999999 -0.001044
vn -0.000801 0.999998 -0.001670
vn -0.000346 0.999999 -0.001248
vn -0.001384 0.999995 -0.002811
vn -0.002394 0.999994 -0.002470
vn -0.002227 0.999995 -0.002483
vn -0.000801 0.999998 -0.001670
vn -0.001152 0.999997 -0.002011
vn -0.000926 0.999997 -0.002037
vn -0.002394 0.999994 -0.002470
vn -0.002528 0.999996 -0.001547
vn -0.002611 0.999996 -0.001406
vn -0.000926 0.999997 -0.002037
vn -0.001152 0.999997 -0.002011
vn -0.001491 0.999997 -0.002027
vn 0.001089 -0.999998 0.001766
vn 0.001088 -0.999998 0.001765
vn 0.001090 -0.999998 0.001766
vn 0.001088 -0.999998 0.001765
vn 0.001088 -0.999998 0.001765
vn 0.001090 -0.999998 0.001766
vn 0.001088 -0.999998 0.001765
vn 0.001093 -0.999998 0.001775
vn 0.001090 -0.999998 0.001766
vn 0.001090 -0.999998 0.001766
vn 0.001090 -0.999998 0.001765
vn 0.001090 -0.999998 0.001766
vn 0.001090 -0.999998 0.001766
vn 0.001090 -0.999998 0.001766
vn 0.001089 -0.999998 0.001765
vn 0.001089 -0.999998 0.001765
vn 0.001089 -0.999998 0.001763
vn 0.001088 -0.999998 0.001762
vn 0.001088 -0.999998 0.001762
vn 0.001089 -0.999998 0.001765
vn 0.001089 -0.999998 0.001765
vn 0.001089 -0.999998 0.001765
vn 0.001089 -0.999998 0.001766
vn 0.001089 -0.999998 0.001765
vn 0.001090 -0.999998 0.001766
vn 0.001090 -0.999998 0.001766
vn 0.001089 -0.999998 0.001766
vn -1.000000 0.000429 -0.000237
vn -1.000000 0.000429 0.000252
vn -0.866071 0.000232 -0.499921
vn -0.866071 0.000232 -0.499921
vn -0.499915 -0.000028 -0.866074
vn -0.500078 -0.000028 -0.865981
vn -0.499915 -0.000028 -0.866074
vn 0.000259 -0.000280 -1.000000
vn -0.000243 -0.000280 -1.000000
vn 0.000259 -0.000280 -1.000000
vn 0.500298 -0.000457 -0.865853
vn 0.499709 -0.000457 -0.866193
vn 0.500298 -0.000457 -0.865853
vn 0.866192 -0.000512 -0.499711
vn 0.865855 -0.000512 -0.500295
vn 0.866192 -0.000512 -0.499711
vn 1.000000 -0.000429 0.000237
vn 1.000000 -0.000429 -0.000252
vn 1.000000 -0.000429 0.000237
vn 0.865984 -0.000232 0.500072
vn 0.866070 -0.000232 0.499922
vn 0.866070 -0.000232 0.499922
vn 0.865984 -0.000232 0.500072
vn 0.500081 0.000028 0.865979
vn 0.499915 0.000028 0.866074
vn 0.500081 0.000028 0.865979
vn 0.000243 0.000280 1.000000
vn -0.000257 0.000280 1.000000
vn 0.000243 0.000280 1.000000
vn -0.499710 0.000457 0.866193
vn -0.500297 0.000457 0.865854
vn -0.499710 0.000457 0.866193
vn -0.865855 0.000512 0.500295
vn -0.866192 0.000512 0.499711
vn -0.865855 0.000512 0.500295
vn -1.000000 0.000429 0.000252
vn -0.866253 0.000763 0.499606
vn -0.865796 0.000801 0.500397
vn -1.000000 0.000988 0.000324
vn -0.500408 0.000361 0.865790
vn -0.499597 0.000401 0.866258
vn -0.865796 0.000801 0.500397
vn -0.000358 -0.000136 1.000000
vn 0.000350 -0.000106 1.000000
vn -0.499597 0.000401 0.866258
vn 0.499878 -0.000595 0.866096
vn 0.500128 -0.000583 0.865951
vn 0.000350 -0.000106 1.000000
vn 0.866074 -0.000908 0.499915
vn 0.865972 -0.000897 0.500092
vn 0.500128 -0.000583 0.865951
vn 1.000000 -0.000961 0.000321
vn 0.865972 -0.000897 0.500092
vn 0.866074 -0.000908 0.499915
vn 0.866254 -0.000760 -0.499604
vn 1.000000 -0.000961 0.000321
vn 1.000000 -0.000988 -0.000324
vn 0.500409 -0.000358 -0.865789
vn 0.866254 -0.000760 -0.499604
vn 0.865796 -0.000798 -0.500397
vn 0.000356 0.000137 -1.000000
vn 0.500409 -0.000358 -0.865789
vn 0.499598 -0.000398 -0.866257
vn -0.499877 0.000607 -0.866096
vn 0.000356 0.000137 -1.000000
vn -0.000351 0.000108 -1.000000
vn -0.866077 0.000912 -0.499911
vn -0.499877 0.000607 -0.866096
vn -0.500126 0.000595 -0.865953
vn -1.000000 0.000961 -0.000321
vn -1.000000 0.000988 0.000324
vn -0.866077 0.000912 -0.499911
vn -0.467959 -0.350363 0.811332
vn -0.467693 -0.350421 0.811461
vn -0.810645 -0.350636 0.468945
vn 0.468441 -0.351571 -0.810531
vn 0.000223 -0.351631 -0.936139
vn 0.000445 -0.351675 -0.936122
vn -0.810808 -0.350579 0.468706
vn -0.810645 -0.350636 0.468945
vn -0.936396 -0.350944 0.000675
vn 0.811058 -0.351353 -0.467693
vn 0.468441 -0.351571 -0.810531
vn 0.468686 -0.351629 -0.810365
vn 0.936360 -0.351041 0.000444
vn 0.811058 -0.351353 -0.467693
vn 0.811184 -0.351408 -0.467432
vn -0.002528 0.999996 -0.001547
vn -0.001894 0.999998 -0.000912
vn -0.001965 0.999998 -0.000463
vn -0.443974 0.896038 -0.001721
vn -0.443976 0.896037 -0.001720
vn -0.443976 0.896037 -0.001720
vn 1.000000 -0.000000 0.000001
vn 1.000000 0.000000 0.000001
vn 1.000000 -0.000000 0.000001
vn 1.000000 0.000000 0.000001
vn 1.000000 -0.000001 0.000003
vn 1.000000 0.000001 0.000000
vn 1.000000 -0.000000 0.000001
vn 1.000000 0.000000 0.000001
vn 1.000000 0.000000 0.000001
vn 1.000000 0.000001 0.000000
vn 1.000000 0.000000 0.000001
vn 1.000000 0.000000 0.000001
vn 1.000000 0.000000 0.000001
vn 1.000000 0.000001 0.000001
vn 1.000000 0.000000 0.000001
vn 1.000000 0.000001 0.000001
vn 1.000000 0.000000 0.000000
vn 1.000000 0.000000 0.000001
vn -0.000002 -0.001919 -0.999998
vn -0.000002 -0.001919 -0.999998
vn -0.000000 -0.142179 -0.989841
vn -1.000000 0.000000 -0.000000
vn -1.000000 0.000000 -0.000000
vn -1.000000 0.000000 -0.000000
vn -1.000000 0.000000 -0.000000
vn -1.000000 0.000000 -0.000000
vn -1.000000 0.000000 -0.000000
vn -1.000000 0.000000 -0.000000
vn -1.000000 0.000000 0.000000
vn -1.000000 -0.000000 -0.000001
vn -1.000000 0.000000 -0.000000
vn -1.000000 0.000000 -0.000000
vn -1.000000 -0.000000 0.000000
vn -1.000000 -0.000000 -0.000001
vn -1.000000 0.000000 -0.000000
vn -1.000000 0.000000 -0.000000
vn -1.000000 -0.000000 0.000000
vn -1.000000 0.000001 -0.000001
vn -1.000000 0.000000 -0.000000
vn 0.000000 -0.138379 0.990379
vn 0.000000 -0.523160 0.852235
vn 0.000000 -0.523160 0.852234
vn 0.000000 -0.523160 0.852234
vn 0.000000 -0.523160 0.852235
vn 0.000000 -0.878887 0.477030
vn 0.000000 -0.878887 0.477030
vn 0.000000 -0.999998 0.001920
vn 0.000000 -0.999998 0.001920
vn 0.000000 -0.142179 -0.989841
vn -0.000000 -0.142179 -0.989841
vn 0.000000 -0.526425 -0.850221
vn 0.000000 -0.526425 -0.850221
vn 0.000000 -0.526425 -0.850221
vn 0.000000 -0.880711 -0.473655
vn 0.000000 -0.880711 -0.473654
vn 0.000000 -0.880711 -0.473655
vn 0.000000 -0.999998 0.001920
vn -0.000001 0.001919 0.999998
vn 0.000000 -0.138379 0.990379
vn -0.000000 -0.138379 0.990379
vn -0.000018 0.791544 -0.611113
vn 0.000372 0.127584 -0.991828
vn 0.000372 0.127584 -0.991828
vn 0.000372 0.127584 -0.991828
vn 0.000544 -0.611112 -0.791544
vn 0.000544 -0.611112 -0.791544
vn 0.000397 -0.991828 -0.127584
vn 0.000397 -0.991828 -0.127584
vn 0.000544 -0.611112 -0.791544
vn 0.000397 -0.991828 -0.127584
vn 0.000018 -0.791544 0.611112
vn 0.000018 -0.791544 0.611112
vn -0.000372 -0.127584 0.991828
vn -0.000372 -0.127585 0.991828
vn 0.000018 -0.791544 0.611112
vn -0.000372 -0.127584 0.991828
vn -0.000544 0.611113 0.791543
vn -0.000544 0.611113 0.791543
vn -0.000018 0.791544 -0.611112
vn -0.000397 0.991828 0.127584
vn -0.000397 0.991828 0.127585
vn -0.000397 0.991828 0.127584
vn -0.000397 0.991828 0.127583
vn -0.000544 0.611113 0.791543
vn -0.000397 0.991828 0.127584
vn -0.000018 0.791544 -0.611113
vn -0.000018 0.791544 -0.611113
vn -1.000000 -0.000346 -0.000421
vn -1.000000 -0.000347 -0.000420
vn -1.000000 -0.000347 -0.000421
vn -1.000000 -0.000347 -0.000420
vn -1.000000 -0.000346 -0.000421
vn -1.000000 -0.000347 -0.000420
vn -1.000000 -0.000346 -0.000421
vn -1.000000 -0.000345 -0.000421
vn -1.000000 -0.000346 -0.000421
vn -1.000000 -0.000346 -0.000421
vn -1.000000 -0.000345 -0.000421
vn -1.000000 -0.000347 -0.000421
vn -1.000000 -0.000347 -0.000421
vn -1.000000 -0.000347 -0.000421
vn -1.000000 -0.000346 -0.000421
vn -1.000000 -0.000346 -0.000421
vn -1.000000 -0.000346 -0.000421
vn -1.000000 -0.000346 -0.000423
vn -1.000000 -0.000346 -0.000423
vn -1.000000 -0.000346 -0.000423
vn -1.000000 -0.000347 -0.000419
vn -1.000000 -0.000347 -0.000419
vn -1.000000 -0.000346 -0.000421
vn -1.000000 -0.000346 -0.000420
vn -1.000000 -0.000347 -0.000422
vn -1.000000 -0.000347 -0.000420
vn -1.000000 -0.000346 -0.000421
vn -1.000000 -0.000347 -0.000420
vn -1.000000 -0.000346 -0.000420
vn -1.000000 -0.000346 -0.000421
vn -1.000000 -0.000346 -0.000420
vn -1.000000 -0.000345 -0.000422
vn -1.000000 -0.000346 -0.000421
vn -1.000000 -0.000346 -0.000421
vn -1.000000 -0.000345 -0.000425
vn -1.000000 -0.000346 -0.000415
vn -1.000000 -0.000346 -0.000415
vn -1.000000 -0.000347 -0.000420
vn -1.000000 -0.000346 -0.000421
vn -0.000544 0.611113 0.791543
vn -0.000372 -0.127584 0.991828
vn -0.000372 -0.127584 0.991828
vn 0.000018 -0.791544 0.611112
vn 0.000397 -0.991828 -0.127582
vn 0.000397 -0.991828 -0.127582
vn 0.000544 -0.611112 -0.791544
vn 0.000372 0.127585 -0.991827
vn 0.000372 0.127585 -0.991828
vn -0.000397 0.991828 0.127585
vn -0.000397 0.991828 0.127584
vn -0.000544 0.611113 0.791543
vn -0.000372 -0.127584 0.991828
vn -0.000372 -0.127584 0.991828
vn 0.000018 -0.791544 0.611112
vn 0.000397 -0.991828 -0.127582
vn 0.000397 -0.991828 -0.127582
vn 0.000544 -0.611112 -0.791544
vn 0.000372 0.127585 -0.991827
vn -0.000018 0.791544 -0.611112
vn -0.000018 0.791544 -0.611112
vn -0.000029 0.999997 -0.002555
vn 0.000652 0.999995 -0.003124
vn 0.001039 0.999996 -0.002810
vn 0.000549 1.000000 -0.000458
vn 0.000747 0.999999 -0.001045
vn 0.001546 0.999999 -0.000912
vn -0.000044 0.999999 -0.001582
vn -0.000029 0.999997 -0.002555
vn 0.000440 0.999998 -0.002130
vn 0.000686 0.999999 -0.001154
vn -0.000044 0.999999 -0.001582
vn 0.000544 0.999999 -0.001437
vn 0.001295 0.999998 -0.001563
vn 0.000686 0.999999 -0.001154
vn 0.001092 0.999999 -0.001251
vn 0.001149 0.999997 -0.002240
vn 0.001295 0.999998 -0.001563
vn 0.001400 0.999998 -0.001625
vn 0.000293 -0.351631 -0.936139
vn 0.000071 -0.351674 -0.936122
vn 0.468504 -0.351380 -0.810578
vn 0.467474 -0.350259 0.811657
vn -0.000691 -0.350362 0.936614
vn -0.000466 -0.350318 0.936631
vn 0.468584 -0.351361 -0.810540
vn 0.468504 -0.351380 -0.810578
vn 0.811343 -0.350986 -0.467473
vn -0.000691 -0.350362 0.936614
vn -0.468532 -0.350634 0.810885
vn -0.468457 -0.350615 0.810936
vn 0.811343 -0.350986 -0.467473
vn 0.936516 -0.350622 0.001070
vn 0.936532 -0.350582 0.000869
vn -0.468532 -0.350634 0.810885
vn -0.810909 -0.351021 0.468199
vn -0.810949 -0.351004 0.468143
vn -0.810949 -0.351004 0.468143
vn -0.810909 -0.351021 0.468199
vn -0.936223 -0.351405 0.000258
vn -0.000005 0.999999 -0.001248
vn 0.000457 0.999999 -0.001670
vn 0.000747 0.999999 -0.001045
vn 0.001879 0.999995 -0.002482
vn 0.002048 0.999995 -0.002469
vn 0.001039 0.999996 -0.002810
vn 0.000582 0.999998 -0.002036
vn 0.000811 0.999998 -0.002011
vn 0.000457 0.999999 -0.001670
vn 0.002267 0.999996 -0.001405
vn 0.002186 0.999996 -0.001546
vn 0.002048 0.999995 -0.002469
vn 0.000582 0.999998 -0.002036
vn 0.001149 0.999997 -0.002240
vn 0.001141 0.999997 -0.002026
vn -0.000744 -0.999998 0.001766
vn -0.000745 -0.999998 0.001765
vn -0.000743 -0.999998 0.001765
vn -0.000743 -0.999998 0.001765
vn -0.000741 -0.999998 0.001767
vn -0.000744 -0.999998 0.001765
vn -0.000744 -0.999998 0.001765
vn -0.000744 -0.999998 0.001763
vn -0.000745 -0.999998 0.001765
vn -0.000745 -0.999998 0.001765
vn -0.000746 -0.999998 0.001765
vn -0.000744 -0.999998 0.001765
vn -0.000746 -0.999998 0.001765
vn -0.000744 -0.999998 0.001765
vn -0.000744 -0.999998 0.001765
vn -0.000744 -0.999998 0.001765
vn -0.000744 -0.999998 0.001766
vn -0.000744 -0.999998 0.001766
vn -0.000744 -0.999998 0.001766
vn -0.000745 -0.999998 0.001768
vn -0.000744 -0.999998 0.001766
vn -0.000745 -0.999998 0.001768
vn -0.000748 -0.999998 0.001774
vn -0.000744 -0.999998 0.001766
vn -0.000744 -0.999998 0.001766
vn -0.000743 -0.999998 0.001765
vn -0.000744 -0.999998 0.001765
vn 1.000000 0.000775 0.000183
vn 0.866194 0.000531 -0.499708
vn 0.866281 0.000532 -0.499557
vn 0.500441 0.000145 -0.865770
vn 0.500279 0.000145 -0.865864
vn 0.866281 0.000532 -0.499557
vn 0.000663 -0.000280 -1.000000
vn 0.000161 -0.000280 -1.000000
vn 0.500279 0.000145 -0.865864
vn -0.499344 -0.000630 -0.866403
vn -0.499935 -0.000631 -0.866063
vn 0.000161 -0.000280 -1.000000
vn -0.865644 -0.000812 -0.500659
vn -0.865981 -0.000812 -0.500075
vn -0.499935 -0.000631 -0.866063
vn -1.000000 -0.000775 -0.000670
vn -1.000000 -0.000775 -0.000184
vn -0.865981 -0.000812 -0.500075
vn -0.866279 -0.000531 0.499561
vn -0.866194 -0.000531 0.499708
vn -1.000000 -0.000775 -0.000184
vn -0.866279 -0.000531 0.499561
vn -0.500278 -0.000145 0.865865
vn -0.500444 -0.000145 0.865769
vn -0.500278 -0.000145 0.865865
vn -0.000163 0.000280 1.000000
vn -0.000663 0.000280 1.000000
vn -0.000163 0.000280 1.000000
vn 0.499932 0.000630 0.866064
vn 0.499348 0.000630 0.866402
vn 0.499932 0.000630 0.866064
vn 0.865981 0.000812 0.500075
vn 0.865645 0.000812 0.500657
vn 0.865981 0.000812 0.500075
vn 1.000000 0.000775 0.000183
vn 1.000000 0.000775 0.000671
vn 0.866042 0.001063 0.499971
vn 0.999999 0.001308 0.000098
vn 0.999999 0.001335 0.000745
vn 0.500045 0.000534 0.865999
vn 0.866042 0.001063 0.499971
vn 0.865585 0.001101 0.500760
vn -0.000062 -0.000137 1.000000
vn 0.500045 0.000534 0.865999
vn 0.499235 0.000573 0.866466
vn -0.500242 -0.000768 0.865885
vn -0.000062 -0.000137 1.000000
vn -0.000769 -0.000107 1.000000
vn -0.866283 -0.001208 0.499551
vn -0.500242 -0.000768 0.865885
vn -0.500492 -0.000756 0.865741
vn -0.866283 -0.001208 0.499551
vn -0.866182 -0.001198 0.499728
vn -0.999999 -0.001307 -0.000098
vn -0.999999 -0.001334 -0.000743
vn -0.999999 -0.001307 -0.000098
vn -0.866045 -0.001059 -0.499965
vn -0.865586 -0.001097 -0.500759
vn -0.866045 -0.001059 -0.499965
vn -0.500044 -0.000531 -0.866000
vn -0.499232 -0.000571 -0.866468
vn -0.500044 -0.000531 -0.866000
vn 0.000065 0.000137 -1.000000
vn 0.000771 0.000109 -1.000000
vn 0.000065 0.000137 -1.000000
vn 0.500240 0.000780 -0.865886
vn 0.500489 0.000769 -0.865742
vn 0.500240 0.000780 -0.865886
vn 0.866286 0.001212 -0.499546
vn 0.999999 0.001308 0.000098
vn 0.866183 0.001200 -0.499725
vn 0.866286 0.001212 -0.499546
vn 0.810570 -0.350355 0.469284
vn 0.467474 -0.350259 0.811657
vn 0.467740 -0.350202 0.811528
vn -0.467982 -0.351733 -0.810726
vn -0.468225 -0.351791 -0.810561
vn 0.000071 -0.351674 -0.936122
vn 0.936516 -0.350622 0.001070
vn 0.810570 -0.350355 0.469284
vn 0.810732 -0.350299 0.469046
vn -0.810739 -0.351636 -0.468033
vn -0.810864 -0.351692 -0.467774
vn -0.468225 -0.351791 -0.810561
vn -0.936238 -0.351365 0.000052
vn -0.936223 -0.351405 0.000258
vn -0.810864 -0.351692 -0.467774
vn 0.002186 0.999996 -0.001546
vn 0.002267 0.999996 -0.001405
vn 0.001618 0.999999 -0.000462
vn 0.443665 0.896191 -0.001535
vn 0.443665 0.896192 -0.001535
vn 0.443666 0.896191 -0.001534
vn -1.000000 -0.000347 -0.000385
vn -1.000000 -0.000346 -0.000416
vn -1.000000 -0.000346 -0.000419
vn -1.000000 -0.000346 -0.000416
vn -1.000000 -0.000346 -0.000419
vn -1.000000 -0.000346 -0.000418
vn -1.000000 -0.000346 -0.000419
vn -1.000000 -0.000346 -0.000420
vn -1.000000 -0.000346 -0.000418
vn -1.000000 -0.000346 -0.000418
vn -1.000000 -0.000350 -0.000417
vn -1.000000 -0.000347 -0.000412
vn -1.000000 -0.000347 -0.000412
vn -1.000000 -0.000346 -0.000418
vn -1.000000 -0.000346 -0.000418
vn -1.000000 -0.000346 -0.000418
vn -1.000000 -0.000346 -0.000419
vn -1.000000 -0.000346 -0.000416
vn 0.000465 -0.142179 -0.989841
vn 0.000422 -0.001919 -0.999998
vn 0.000422 -0.001919 -0.999998
vn 1.000000 0.000346 0.000419
vn 1.000000 0.000346 0.000420
vn 1.000000 0.000346 0.000420
vn 1.000000 0.000346 0.000420
vn 1.000000 0.000346 0.000425
vn 1.000000 0.000348 0.000413
vn 1.000000 0.000348 0.000413
vn 1.000000 0.000346 0.000419
vn 1.000000 0.000346 0.000420
vn 1.000000 0.000346 0.000419
vn 1.000000 0.000344 0.000418
vn 1.000000 0.000346 0.000420
vn 1.000000 0.000346 0.000420
vn 1.000000 0.000346 0.000419
vn 1.000000 0.000346 0.000420
vn 1.000000 0.000344 0.000418
vn 1.000000 0.000346 0.000425
vn 1.000000 0.000346 0.000420
vn -0.000176 -0.523161 0.852234
vn -0.000176 -0.523160 0.852235
vn -0.000368 -0.138379 0.990379
vn -0.000176 -0.523161 0.852234
vn 0.000104 -0.878887 0.477029
vn 0.000104 -0.878887 0.477031
vn 0.000104 -0.878887 0.477029
vn 0.000345 -0.999998 0.001919
vn 0.000345 -0.999998 0.001920
vn 0.000464 -0.142178 -0.989841
vn 0.000539 -0.526424 -0.850222
vn 0.000539 -0.526424 -0.850222
vn 0.000504 -0.880710 -0.473655
vn 0.000504 -0.880710 -0.473655
vn 0.000539 -0.526424 -0.850222
vn 0.000504 -0.880710 -0.473655
vn 0.000345 -0.999998 0.001920
vn 0.000345 -0.999998 0.001919
vn -0.000419 0.001918 0.999998
vn -0.000419 0.001918 0.999998
vn -0.000367 -0.138379 0.990379
f 1/1/1 2/2/2 3/3/3
f 4/4/4 5/5/5 6/6/6
f 7/7/7 8/8/8 9/9/9
f 10/10/10 11/11/11 12/12/12
f 13/13/13 14/14/14 15/15/15
f 16/16/16 17/17/17 18/18/18
f 19/19/19 20/20/20 21/21/21
f 22/22/22 23/23/23 24/24/24
f 25/25/25 26/26/26 27/27/27
f 28/28/28 29/29/29 30/30/30
f 31/31/31 32/32/32 33/33/33
f 34/34/34 35/35/35 36/36/36
f 37/37/37 38/38/38 39/39/39
f 40/40/40 41/41/41 42/42/42
f 43/43/43 44/44/44 45/45/45
f 46/46/46 47/47/47 48/48/48
f 49/49/49 50/50/50 51/51/51
f 52/52/52 53/53/53 54/54/54
f 55/55/55 56/56/56 57/57/57
f 58/58/58 59/59/59 60/60/60
f 61/61/61 62/62/62 63/63/63
f 64/64/64 65/65/65 66/66/66
f 67/67/67 68/68/68 69/69/69
f 70/70/70 71/71/71 72/72/72
f 73/73/73 74/74/74 75/75/75
f 76/76/76 77/77/77 78/78/78
f 79/79/79 80/80/80 81/81/81
f 82/82/82 83/83/83 84/84/84
f 85/85/85 86/86/86 87/87/87
f 88/88/88 89/89/89 90/90/90
f 91/91/91 92/92/92 93/93/93
f 94/94/94 95/95/95 96/96/96
f 97/97/97 98/98/98 99/99/99
f 100/100/100 101/101/101 102/102/102
f 103/103/103 104/104/104 105/105/105
f 106/106/106 107/107/107 108/108/108
f 109/109/109 110/110/110 111/111/111
f 112/112/112 113/113/113 114/114/114
f 115/115/115 116/116/116 117/117/117
f 118/118/118 119/119/119 120/120/120
f 121/121/121 122/122/122 123/123/123
f 124/124/124 125/125/125 126/126/126
f 127/127/127 128/128/128 129/129/129
f 130/130/130 131/131/131 132/132/132
f 133/133/133 134/134/134 135/135/135
f 136/136/136 137/137/137 138/138/138
f 139/139/139 140/140/140 141/141/141
f 142/142/142 143/143/143 144/144/144
f 145/145/145 146/146/146 147/147/147
f 148/148/148 149/149/149 150/150/150
f 151/151/151 152/152/152 153/153/153
f 154/154/154 155/155/155 156/156/156
f 157/157/157 158/158/158 159/159/159
f 160/160/160 161/161/161 162/162/162
f 163/163/163 164/164/164 165/165/165
f 166/166/166 167/167/167 168/168/168
f 169/169/169 170/170/170 171/171/171
f 172/172/172 173/173/173 174/174/174
f 175/175/175 176/176/176 177/177/177
f 178/178/178 179/179/179 180/180/180
f 181/181/181 182/182/182 183/183/183
f 184/184/184 185/185/185 186/186/186
f 187/187/187 188/188/188 189/189/189
f 190/190/190 191/191/191 192/192/192
f 193/193/193 194/194/194 195/195/195
f 196/196/196 197/197/197 198/198/198
f 199/199/199 200/200/200 201/201/201
f 202/202/202 203/203/203 204/204/204
f 205/205/205 206/206/206 207/207/207
f 208/208/208 209/209/209 210/210/210
f 211/211/211 212/212/212 213/213/213
f 214/214/214 215/215/215 216/216/216
f 217/217/217 218/218/218 219/219/219
f 220/220/220 221/221/221 222/222/222
f 223/223/223 224/224/224 225/225/225
f 226/226/226 227/227/227 228/228/228
f 229/229/229 230/230/230 231/231/231
f 232/232/232 233/233/233 234/234/234
f 235/235/235 236/236/236 237/237/237
f 238/238/238 239/239/239 240/240/240
f 241/241/241 242/242/242 243/243/243
f 244/244/244 245/245/245 246/246/246
f 247/247/247 248/248/248 249/249/249
f 250/250/250 251/251/251 252/252/252
f 253/253/253 254/254/254 255/255/255
f 256/256/256 257/257/257 258/258/258
f 259/259/259 260/260/260 261/261/261
f 262/262/262 263/263/263 264/264/264
f 265/265/265 266/266/266 267/267/267
f 268/268/268 269/269/269 270/270/270
f 271/271/271 272/272/272 273/273/273
f 274/274/274 275/275/275 276/276/276
f 277/277/277 278/278/278 279/279/279
f 280/280/280 281/281/281 282/282/282
f 283/283/283 284/284/284 285/285/285
f 286/286/286 287/287/287 288/288/288
f 289/289/289 290/290/290 291/291/291
f 292/292/292 293/293/293 294/294/294
f 295/295/295 296/296/296 297/297/297
f 298/298/298 299/299/299 300/300/300
f 301/301/301 302/302/302 303/303/303
f 304/304/304 305/305/305 306/306/306
f 307/307/307 308/308/308 309/309/309
f 310/310/310 311/311/311 312/312/312
f 313/313/313 314/314/314 315/315/315
f 316/316/316 317/317/317 318/318/318
f 319/319/319 320/320/320 321/321/321
f 322/322/322 323/323/323 324/324/324
f 325/325/325 326/326/326 327/327/327
f 328/328/328 329/329/329 330/330/330
f 331/331/331 332/332/332 333/333/333
f 334/334/334 335/335/335 336/336/336
f 337/337/337 338/338/338 339/339/339
f 340/340/340 341/341/341 342/342/342
f 343/343/343 344/344/344 345/345/345
f 346/346/346 347/347/347 348/348/348
f 349/349/349 350/350/350 351/351/351
f 352/352/352 353/353/353 354/354/354
f 355/355/355 356/356/356 357/357/357
f 358/358/358 359/359/359 360/360/360
f 361/361/361 362/362/362 363/363/363
f 364/364/364 365/365/365 366/366/366
f 367/367/367 368/368/368 369/369/369
f 370/370/370 371/371/371 372/372/372
f 373/373/373 374/374/374 375/375/375
f 376/376/376 377/377/377 378/378/378
f 379/379/379 380/380/380 381/381/381
f 382/382/382 383/383/383 384/384/384
f 385/385/385 386/386/386 387/387/387
f 388/388/388 389/389/389 390/390/390
f 391/391/391 392/392/392 393/393/393
f 394/394/394 395/395/395 396/396/396
f 397/397/397 398/398/398 399/399/399
f 400/400/400 401/401/401 402/402/402
f 403/403/403 404/404/404 405/405/405
f 406/406/406 407/407/407 408/408/408
f 409/409/409 410/410/410 411/411/411
f 412/412/412 413/413/413 414/414/414
f 415/415/415 416/416/416 417/417/417
f 418/418/418 419/419/419 420/420/420
f 421/421/421 422/422/422 423/423/423
f 424/424/424 425/425/425 426/426/426
f 427/427/427 428/428/428 429/429/429
f 430/430/430 431/431/431 432/432/432
f 433/433/433 434/434/434 435/435/435
f 436/436/436 437/437/437 438/438/438
f 439/439/439 440/440/440 441/441/441
f 442/442/442 443/443/443 444/444/444
f 445/445/445 446/446/446 447/447/447
f 448/448/448 449/449/449 450/450/450
f 451/451/451 452/452/452 453/453/453
f 454/454/454 455/455/455 456/456/456
f 457/457/457 458/458/458 459/459/459
f 460/460/460 461/461/461 462/462/462
f 463/463/463 464/464/464 465/465/465
f 466/466/466 467/467/467 468/468/468
f 469/469/469 470/470/470 471/471/471
f 472/472/472 473/473/473 474/474/474
f 475/475/475 476/476/476 477/477/477
f 478/478/478 479/479/479 480/480/480
f 481/481/481 482/482/482 483/483/483
f 484/484/484 485/485/485 486/486/486
f 487/487/487 488/488/488 489/489/489
f 490/490/490 491/491/491 492/492/492
f 493/493/493 494/494/494 495/495/495
f 496/496/496 497/497/497 498/498/498
f 499/499/499 500/500/500 501/501/501
f 502/502/502 503/503/503 504/504/504
f 505/505/505 506/506/506 507/507/507
f 508/508/508 509/509/509 510/510/510
f 511/511/511 512/512/512 513/513/513
f 514/514/514 515/515/515 516/516/516
f 517/517/517 518/518/518 519/519/519
f 520/520/520 521/521/521 522/522/522
f 523/523/523 524/524/524 525/525/525
f 526/526/526 527/527/527 528/528/528
f 529/529/529 530/530/530 531/531/531
f 532/532/532 533/533/533 534/534/534
f 535/535/535 536/536/536 537/537/537
f 538/538/538 539/539/539 540/540/540
f 541/541/541 542/542/542 543/543/543
f 544/544/544 545/545/545 546/546/546
f 547/547/547 548/548/548 549/549/549
f 550/550/550 551/551/551 552/552/552
f 553/553/553 554/554/554 555/555/555
f 556/556/556 557/557/557 558/558/558
f 559/559/559 560/560/560 561/561/561
f 562/562/562 563/563/563 564/564/564
f 565/565/565 566/566/566 567/567/567
f 568/568/568 569/569/569 570/570/570
f 571/571/571 572/572/572 573/573/573
f 574/574/574 575/575/575 576/576/576
f 577/577/577 578/578/578 579/579/579
f 580/580/580 581/581/581 582/582/582
f 583/583/583 584/584/584 585/585/585
f 586/586/586 587/587/587 588/588/588
f 589/589/589 590/590/590 591/591/591
f 592/592/592 593/593/593 594/594/594
f 595/595/595 596/596/596 597/597/597
f 598/598/598 599/599/599 600/600/600
f 601/601/601 602/602/602 603/603/603
f 604/604/604 605/605/605 606/606/606
f 607/607/607 608/608/608 609/609/609
f 610/610/610 611/611/611 612/612/612
f 613/613/613 614/614/614 615/615/615
f 616/616/616 617/617/617 618/618/618
f 619/619/619 620/620/620 621/621/621
f 622/622/622 623/623/623 624/624/624
f 625/625/625 626/626/626 627/627/627
f 628/628/628 629/629/629 630/630/630
f 631/631/631 632/632/632 633/633/633
f 634/634/634 635/635/635 636/636/636
f 637/637/637 638/638/638 639/639/639
f 640/640/640 641/641/641 642/642/642
f 643/643/643 644/644/644 645/645/645
f 646/646/646 647/647/647 648/648/648
f 649/649/649 650/650/650 651/651/651
f 652/652/652 653/653/653 654/654/654
f 655/655/655 656/656/656 657/657/657
f 658/658/658 659/659/659 660/660/660
f 661/661/661 662/662/662 663/663/663
f 664/664/664 665/665/665 666/666/666
f 667/667/667 668/668/668 669/669/669
f 670/670/670 671/671/671 672/672/672
f 673/673/673 674/674/674 675/675/675
f 676/676/676 677/677/677 678/678/678
f 679/679/679 680/680/680 681/681/681
f 682/682/682 683/683/683 684/684/684
f 685/685/685 686/686/686 687/687/687
f 688/688/688 689/689/689 690/690/690
f 691/691/691 692/692/692 693/693/693
f 694/694/694 695/695/695 696/696/696
f 697/697/697 698/698/698 699/699/699
f 700/700/700 701/701/701 702/702/702
f 703/703/703 704/704/704 705/705/705
f 706/706/706 707/707/707 708/708/708
f 709/709/709 710/710/710 711/711/711
f 712/712/712 713/713/713 714/714/714
f 715/715/715 716/716/716 717/717/717
f 718/718/718 719/719/719 720/720/720
f 721/721/721 722/722/722 723/723/723
f 724/724/724 725/725/725 726/726/726
f 727/727/727 728/728/728 729/729/729
f 730/730/730 731/731/731 732/732/732
f 733/733/733 734/734/734 735/735/735
f 736/736/736 737/737/737 738/738/738
f 739/739/739 740/740/740 741/741/741
f 742/742/742 743/743/743 744/744/744
f 745/745/745 746/746/746 747/747/747
f 748/748/748 749/749/749 750/750/750
f 751/751/751 752/752/752 753/753/753
f 754/754/754 755/755/755 756/756/756
f 757/757/757 758/758/758 759/759/759
f 760/760/760 761/761/761 762/762/762
f 763/763/763 764/764/764 765/765/765
f 766/766/766 767/767/767 768/768/768
f 769/769/769 770/770/770 771/771/771
f 772/772/772 773/773/773 774/774/774
f 775/775/775 776/776/776 777/777/777
f 778/778/778 779/779/779 780/780/780
f 781/781/781 782/782/782 783/783/783
f 784/784/784 785/785/785 786/786/786
f 787/787/787 788/788/788 789/789/789
f 790/790/790 791/791/791 792/792/792
f 793/793/793 794/794/794 795/795/795
f 796/796/796 797/797/797 798/798/798
f 799/799/799 800/800/800 801/801/801
f 802/802/802 803/803/803 804/804/804
f 805/805/805 806/806/806 807/807/807
f 808/808/808 809/809/809 810/810/810
f 811/811/811 812/812/812 813/813/813
f 814/814/814 815/815/815 816/816/816
f 817/817/817 818/818/818 819/819/819
f 820/820/820 821/821/821 822/822/822
f 823/823/823 824/824/824 825/825/825
f 826/826/826 827/827/827 828/828/828
f 829/829/829 830/830/830 831/831/831
f 832/832/832 833/833/833 834/834/834
f 835/835/835 836/836/836 837/837/837
f 838/838/838 839/839/839 840/840/840
f 841/841/841 842/842/842 843/843/843
f 844/844/844 845/845/845 846/846/846
f 847/847/847 848/848/848 849/849/849
f 850/850/850 851/851/851 852/852/852
f 853/853/853 854/854/854 855/855/855
f 856/856/856 857/857/857 858/858/858
f 859/859/859 860/860/860 861/861/861
f 862/862/862 863/863/863 864/864/864
f 865/865/865 866/866/866 867/867/867
f 868/868/868 869/869/869 870/870/870
f 871/871/871 872/872/872 873/873/873
f 874/874/874 875/875/875 876/876/876
f 877/877/877 878/878/878 879/879/879
f 880/880/880 881/881/881 882/882/882
f 883/883/883 884/884/884 885/885/885
f 886/886/886 887/887/887 888/888/888
f 889/889/889 890/890/890 891/891/891
f 892/892/892 893/893/893 894/894/894
f 895/895/895 896/896/896 897/897/897
f 898/898/898 899/899/899 900/900/900
f 901/901/901 902/902/902 903/903/903
f 904/904/904 905/905/905 906/906/906
f 907/907/907 908/908/908 909/909/909
f 910/910/910 911/911/911 912/912/912
f 913/913/913 914/914/914 915/915/915
f 916/916/916 917/917/917 918/918/918
f 919/919/919 920/920/920 921/921/921
f 922/922/922 923/923/923 924/924/924
f 925/925/925 926/926/926 927/927/927
f 928/928/928 929/929/929 930/930/930
f 931/931/931 932/932/932 933/933/933
f 934/934/934 935/935/935 936/936/936
f 937/937/937 938/938/938 939/939/939
f 940/940/940 941/941/941 942/942/942
f 943/943/943 944/944/944 945/945/945
f 946/946/946 947/947/947 948/948/948
f 949/949/949 950/950/950 951/951/951
f 952/952/952 953/953/953 954/954/954
f 955/955/955 956/956/956 957/957/957
f 958/958/958 959/959/959 960/960/960
f 961/961/961 962/962/962 963/963/963
f 964/964/964 965/965/965 966/966/966
f 967/967/967 968/968/968 969/969/969
f 970/970/970 971/971/971 972/972/972
f 973/973/973 974/974/974 975/975/975
f 976/976/976 977/977/977 978/978/978
f 979/979/979 980/980/980 981/981/981
f 982/982/982 983/983/983 984/984/984
f 985/985/985 986/986/986 987/987/987
f 988/988/988 989/989/989 990/990/990
f 991/991/991 992/992/992 993/993/993
f 994/994/994 995/995/995 996/996/996
f 997/997/997 998/998/998 999/999/999
f 1000/1000/1000 1001/1001/1001 1002/1002/1002
f 1003/1003/1003 1004/1004/1004 1005/1005/1005
f 1006/1006/1006 1007/1007/1007 1008/1008/1008
f 1009/1009/1009 1010/1010/1010 1011/1011/1011
f 1012/1012/1012 1013/1013/1013 1014/1014/1014
f 1015/1015/1015 1016/1016/1016 1017/1017/1017
f 1018/1018/1018 1019/1019/1019 1020/1020/1020
f 1021/1021/1021 1022/1022/1022 1023/1023/1023
f 1024/1024/1024 1025/1025/1025 1026/1026/1026
f 1027/1027/1027 1028/1028/1028 1029/1029/1029
f 1030/1030/1030 1031/1031/1031 1032/1032/1032
f 1033/1033/1033 1034/1034/1034 1035/1035/1035
f 1036/1036/1036 1037/1037/1037 1038/1038/1038
f 1039/1039/1039 1040/1040/1040 1041/1041/1041
f 1042/1042/1042 1043/1043/1043 1044/1044/1044
f 1045/1045/1045 1046/1046/1046 1047/1047/1047
f 1048/1048/1048 1049/1049/1049 1050/1050/1050
f 1051/1051/1051 1052/1052/1052 1053/1053/1053
f 1054/1054/1054 1055/1055/1055 1056/1056/1056
f 1057/1057/1057 1058/1058/1058 1059/1059/1059
f 1060/1060/1060 1061/1061/1061 1062/1062/1062
f 1063/1063/1063 1064/1064/1064 1065/1065/1065
f 1066/1066/1066 1067/1067/1067 1068/1068/1068
f 1069/1069/1069 1070/1070/1070 1071/1071/1071
f 1072/1072/1072 1073/1073/1073 1074/1074/1074
f 1075/1075/1075 1076/1076/1076 1077/1077/1077
f 1078/1078/1078 1079/1079/1079 1080/1080/1080
f 1081/1081/1081 1082/1082/1082 1083/1083/1083
f 1084/1084/1084 1085/1085/1085 1086/1086/1086
f 1087/1087/1087 1088/1088/1088 1089/1089/1089
f 1090/1090/1090 1091/1091/1091 1092/1092/1092
f 1093/1093/1093 1094/1094/1094 1095/1095/1095
f 1096/1096/1096 1097/1097/1097 1098/1098/1098
f 1099/1099/1099 1100/1100/1100 1101/1101/1101
f 1102/1102/1102 1103/1103/1103 1104/1104/1104
f 1105/1105/1105 1106/1106/1106 1107/1107/1107
f 1108/1108/1108 1109/1109/1109 1110/1110/1110
f 1111/1111/1111 1112/1112/1112 1113/1113/1113
f 1114/1114/1114 1115/1115/1115 1116/1116/1116
f 1117/1117/1117 1118/1118/1118 1119/1119/1119
f 1120/1120/1120 1121/1121/1121 1122/1122/1122
f 1123/1123/1123 1124/1124/1124 1125/1125/1125
f 1126/1126/1126 1127/1127/1127 1128/1128/1128
f 1129/1129/1129 1130/1130/1130 1131/1131/1131
f 1132/1132/1132 1133/1133/1133 1134/1134/1134
f 1135/1135/1135 1136/1136/1136 1137/1137/1137
f 1138/1138/1138 1139/1139/1139 1140/1140/1140
f 1141/1141/1141 1142/1142/1142 1143/1143/1143
f 1144/1144/1144 1145/1145/1145 1146/1146/1146
f 1147/1147/1147 1148/1148/1148 1149/1149/1149
f 1150/1150/1150 1151/1151/1151 1152/1152/1152
