mtllib transition_seal_ring_001.mtl
usemtl Texture
v 0.538157 0.000012 -4.150706
v 1.247470 -0.809754 -4.070950
v 0.538157 -0.809754 -4.070950
v 1.244051 2.895435 -1.934664
v 0.872353 2.462367 -2.462358
v 1.244051 2.462367 -2.462358
v 0.538157 -3.834748 -1.588403
v 1.247470 -4.070948 -0.809759
v 0.538157 -4.070948 -0.809759
v 0.538157 2.306022 3.451190
v 1.247470 2.935005 2.934996
v 0.538157 2.935005 2.934996
v 0.538157 -0.809754 -4.070950
v 1.247470 -1.588400 -3.834751
v 0.538157 -1.588400 -3.834751
v 0.538157 -3.451180 -2.306006
v 1.247470 -3.834748 -1.588403
v 0.538157 -3.834748 -1.588403
v 0.538157 1.588418 3.834758
v 1.247470 2.306022 3.451190
v 0.538157 2.306022 3.451190
v 0.538157 0.809764 -4.070953
v 1.247470 0.000012 -4.150706
v 0.538157 0.000012 -4.150706
v 0.538157 -2.934986 -2.934991
v 1.247470 -3.451180 -2.306006
v 0.538157 -3.451180 -2.306006
v 0.538157 0.809775 4.070957
v 1.247470 1.588418 3.834758
v 0.538157 1.588418 3.834758
v 0.538157 1.588409 -3.834755
v 1.247470 0.809764 -4.070953
v 0.538157 0.809764 -4.070953
v 0.538157 -2.306003 -3.451184
v 1.247470 -2.934986 -2.934991
v 0.538157 -2.934986 -2.934991
v 0.538157 0.809775 4.070957
v 1.247470 0.000010 4.150712
v 1.247470 0.809775 4.070957
v 0.538157 2.306014 -3.451188
v 1.247470 1.588409 -3.834755
v 0.538157 1.588409 -3.834755
v 0.538157 -1.588400 -3.834751
v 1.247470 -2.306003 -3.451184
v 0.538157 -2.306003 -3.451184
v 0.538157 -0.809756 4.070957
v 1.247470 0.000010 4.150712
v 0.538157 0.000010 4.150712
v 0.538157 2.935000 -2.934994
v 1.247470 2.306014 -3.451188
v 0.538157 2.306014 -3.451188
v 0.538157 -1.588399 3.834759
v 1.247470 -0.809756 4.070957
v 0.538157 -0.809756 4.070957
v 0.538157 3.451195 -2.306012
v 1.247470 2.935000 -2.934994
v 0.538157 2.935000 -2.934994
v 0.538157 -2.306001 3.451193
v 1.247470 -1.588399 3.834759
v 0.538157 -1.588399 3.834759
v 0.538157 3.834762 -1.588409
v 1.247470 3.451195 -2.306012
v 0.538157 3.451195 -2.306012
v 0.538157 -2.934987 2.934998
v 1.247470 -2.306001 3.451193
v 0.538157 -2.306001 3.451193
v 0.538157 4.070963 -0.809762
v 1.247470 3.834762 -1.588409
v 0.538157 3.834762 -1.588409
v 0.538157 -3.451181 2.306013
v 1.247470 -2.934987 2.934998
v 0.538157 -2.934987 2.934998
v 0.538157 4.150720 -0.000000
v 1.247470 4.070963 -0.809762
v 0.538157 4.070963 -0.809762
v 0.538157 -3.834748 1.588409
v 1.247470 -3.451181 2.306013
v 0.538157 -3.451181 2.306013
v 0.538157 4.070966 0.809761
v 1.247470 4.150720 -0.000000
v 0.538157 4.150720 -0.000000
v 0.538157 -4.070948 0.809766
v 1.247470 -3.834748 1.588409
v 0.538157 -3.834748 1.588409
v 0.538157 3.834765 1.588408
v 1.247470 4.070966 0.809761
v 0.538157 4.070966 0.809761
v 0.538157 -4.150702 0.000004
v 1.247470 -4.070948 0.809766
v 0.538157 -4.070948 0.809766
v 0.538157 3.451200 2.306012
v 1.247470 3.834765 1.588408
v 0.538157 3.834765 1.588408
v 0.538157 -4.070948 -0.809759
v 1.247470 -4.150702 0.000004
v 0.538157 -4.150702 0.000004
v 0.538157 2.935005 2.934996
v 1.247470 3.451200 2.306012
v 0.538157 3.451200 2.306012
v 1.245239 3.378001 1.294354
v 1.051452 3.677499 1.348978
v 1.245686 3.676822 1.417452
v 1.245239 -0.096862 -3.616181
v 1.051452 -0.161009 -3.913785
v 1.245686 -0.097487 -3.939364
v 1.245686 0.770407 -3.873090
v 1.051452 0.161033 -3.913785
v 1.245686 0.097512 -3.939364
v 1.245239 3.014688 -2.014346
v 1.051854 2.675261 -2.448333
v 1.051854 3.025498 -2.021570
v 1.245686 -3.283441 -2.193926
v 1.051452 -2.881317 -2.653604
v 1.051452 -3.267375 -2.183191
v 1.245239 3.616195 0.096875
v 1.051452 3.913798 0.161021
v 1.051854 3.622935 0.160458
v 1.245239 -0.707334 -3.556054
v 1.051854 -1.238181 -3.408545
v 1.051854 -0.709871 -3.568807
v 1.245686 3.283454 -2.193931
v 1.051452 3.554255 -1.646507
v 1.051452 3.267388 -2.183196
v 1.245686 -3.283441 -2.193926
v 1.051452 -3.554241 -1.646502
v 1.245686 -3.602181 -1.597604
v 1.245239 3.556069 0.707342
v 1.051854 3.408560 1.238190
v 1.245239 3.378001 1.294354
v 1.245239 -0.707334 -3.556054
v 1.051854 -0.160445 -3.622921
v 1.245239 -0.096862 -3.616181
v 1.245239 1.473365 3.303849
v 1.051452 1.646517 3.554251
v 1.245686 1.597619 3.602191
v 1.245686 3.283454 -2.193931
v 1.051452 2.881331 -2.653607
v 1.245686 2.854503 -2.716609
v 1.245239 3.556069 0.707342
v 1.051854 3.622935 0.160458
v 1.051854 3.568822 0.709879
v 1.245686 -0.770396 -3.873087
v 1.051452 -1.348970 -3.677485
v 1.245686 -1.417444 -3.676808
v 1.245239 2.488539 2.625530
v 1.051452 2.653618 2.881327
v 1.051854 2.448344 2.675256
v 1.245686 3.873102 0.770404
v 1.051452 3.677499 1.348978
v 1.051452 3.854152 0.766634
v 1.245686 -0.770396 -3.873087
v 1.051452 -0.161009 -3.913785
v 1.051452 -0.766627 -3.854136
v 1.245239 2.014356 3.014683
v 1.051854 1.534687 3.285743
v 1.245239 1.473365 3.303849
v 1.245239 -1.294345 3.377994
v 1.051452 -1.348969 3.677492
v 1.245686 -1.417443 3.676815
v 1.245686 3.873102 0.770404
v 1.051452 3.913798 0.161021
v 1.245686 3.939378 0.097500
v 1.245239 2.014356 3.014683
v 1.051854 2.448344 2.675256
v 1.051854 2.021579 3.025494
v 1.245239 -0.096864 3.616187
v 1.051452 -0.161011 3.913791
v 1.051854 -0.160447 3.622927
v 1.245686 2.193940 3.283450
v 1.051452 1.646517 3.554251
v 1.051452 2.183206 3.267385
v 1.245239 -0.707337 3.556061
v 1.051854 -1.238181 3.408553
v 1.245239 -1.294345 3.377994
v 1.245239 -3.303840 1.473355
v 1.051452 -3.554242 1.646507
v 1.245686 -3.602182 1.597610
v 1.245686 2.193940 3.283450
v 1.051452 2.653618 2.881327
v 1.245686 2.716620 2.854497
v 1.245239 -0.707337 3.556061
v 1.051854 -0.160447 3.622927
v 1.051854 -0.709873 3.568813
v 1.245239 -2.625521 2.488531
v 1.051452 -2.881318 2.653610
v 1.051854 -2.675247 2.448336
v 1.245686 -0.770399 3.873094
v 1.051452 -1.348969 3.677492
v 1.051452 -0.766629 3.854143
v 1.245239 -3.014673 2.014348
v 1.051854 -3.285734 1.534678
v 1.245239 -3.303840 1.473355
v 1.245239 -3.377984 -1.294349
v 1.051452 -3.677482 -1.348974
v 1.245686 -3.676805 -1.417448
v 1.244051 -1.934654 2.895433
v 0.872353 -1.332611 3.217231
v 1.244051 -1.332611 3.217231
v 1.244051 3.217235 -1.332620
v 0.872353 2.895435 -1.934664
v 1.244051 2.895435 -1.934664
v 1.244051 -2.462352 2.462363
v 0.872353 -1.934654 2.895433
v 1.244051 -1.934654 2.895433
v 1.244051 3.415400 -0.679362
v 0.872353 3.217235 -1.332620
v 1.244051 3.217235 -1.332620
v 1.244051 -2.895421 1.934666
v 0.872353 -2.462352 2.462363
v 1.244051 -2.462352 2.462363
v 1.244051 3.482313 0.000001
v 0.872353 3.415400 -0.679362
v 1.244051 3.415400 -0.679362
v 1.244051 -3.217221 1.332621
v 0.872353 -2.895421 1.934666
v 1.244051 -2.895421 1.934666
v 1.244051 3.415401 0.679361
v 0.872353 3.482313 0.000001
v 1.244051 3.482313 0.000001
v 1.244051 -3.415384 0.679366
v 0.872353 -3.217221 1.332621
v 1.244051 -3.217221 1.332621
v 1.244051 3.217238 1.332620
v 0.872353 3.415401 0.679361
v 1.244051 3.415401 0.679361
v 1.244051 -3.482296 0.000004
v 0.872353 -3.415384 0.679366
v 1.244051 -3.415384 0.679366
v 1.244051 2.895439 1.934665
v 0.872353 3.217238 1.332620
v 1.244051 3.217238 1.332620
v 1.244051 -3.415384 -0.679360
v 0.872353 -3.482296 0.000004
v 1.244051 -3.482296 0.000004
v 1.244051 2.462371 2.462361
v 0.872353 2.895439 1.934665
v 1.244051 2.895439 1.934665
v 1.244051 0.000012 -3.482300
v 0.872353 -0.679354 -3.415387
v 1.244051 -0.679354 -3.415387
v 1.244051 -3.217220 -1.332615
v 0.872353 -3.415384 -0.679360
v 1.244051 -3.415384 -0.679360
v 1.244051 1.934674 2.895431
v 0.872353 2.462371 2.462361
v 1.244051 2.462371 2.462361
v 1.244051 -0.679354 -3.415387
v 0.872353 -1.332612 -3.217224
v 1.244051 -1.332612 -3.217224
v 1.244051 -2.895421 -1.934659
v 0.872353 -3.217220 -1.332615
v 1.244051 -3.217220 -1.332615
v 1.244051 1.332630 3.217231
v 0.872353 1.934674 2.895431
v 1.244051 1.934674 2.895431
v 1.244051 0.679365 -3.415390
v 0.872353 0.000012 -3.482300
v 1.244051 0.000012 -3.482300
v 1.244051 -2.462351 -2.462356
v 0.872353 -2.895421 -1.934659
v 1.244051 -2.895421 -1.934659
v 1.244051 0.679376 3.415394
v 0.872353 1.332630 3.217231
v 1.244051 1.332630 3.217231
v 1.244051 1.332622 -3.217227
v 0.872353 0.679365 -3.415390
v 1.244051 0.679365 -3.415390
v 1.244051 -1.934656 -2.895425
v 0.872353 -2.462351 -2.462356
v 1.244051 -2.462351 -2.462356
v 1.244050 0.000010 3.482305
v 0.872353 0.679376 3.415394
v 1.244051 0.679376 3.415394
v 1.244051 1.934669 -2.895427
v 0.872353 1.332622 -3.217227
v 1.244051 1.332622 -3.217227
v 1.244051 -1.332612 -3.217224
v 0.872353 -1.934656 -2.895425
v 1.244051 -1.934656 -2.895425
v 1.244050 0.000010 3.482305
v 0.872353 -0.679357 3.415394
v 0.872352 0.000010 3.482305
v 1.244051 2.462367 -2.462358
v 0.872353 1.934669 -2.895427
v 1.244051 1.934669 -2.895427
v 1.244051 -1.332611 3.217231
v 0.872353 -0.679357 3.415394
v 1.244051 -0.679357 3.415394
v 1.245686 0.097512 -3.939364
v 1.247470 0.809764 -4.070953
v 1.245686 0.770407 -3.873090
v 1.245686 1.417454 -3.676811
v 1.247470 0.809764 -4.070953
v 1.247470 1.588409 -3.834755
v 1.245239 0.096887 -3.616182
v 1.244051 0.679365 -3.415390
v 1.244051 0.000012 -3.482300
v 1.245239 1.294356 -3.377990
v 1.244051 0.679365 -3.415390
v 1.245239 0.707345 -3.556057
v 1.245686 0.097512 -3.939364
v 1.244051 0.000012 -3.482300
v 1.247470 0.000012 -4.150706
v 1.245686 1.417454 -3.676811
v 1.244051 1.332622 -3.217227
v 1.245239 1.294356 -3.377990
v 1.245686 1.597610 -3.602188
v 1.247470 2.306014 -3.451188
v 1.245686 2.193934 -3.283448
v 1.245686 2.716617 -2.854495
v 1.247470 2.306014 -3.451188
v 1.247470 2.935000 -2.934994
v 1.245239 1.473356 -3.303846
v 1.244051 1.934669 -2.895427
v 1.244051 1.332622 -3.217227
v 1.245239 2.488535 -2.625528
v 1.244051 1.934669 -2.895427
v 1.245239 2.014350 -3.014679
v 1.245686 1.597610 -3.602188
v 1.244051 1.332622 -3.217227
v 1.247470 1.588409 -3.834755
v 1.245686 2.716617 -2.854495
v 1.244051 2.462367 -2.462358
v 1.245239 2.488535 -2.625528
v 1.245686 2.854503 -2.716609
v 1.247470 3.451195 -2.306012
v 1.245686 3.283454 -2.193931
v 1.245686 3.602196 -1.597610
v 1.247470 3.451195 -2.306012
v 1.247470 3.834762 -1.588409
v 1.245239 2.625536 -2.488527
v 1.244051 2.895435 -1.934664
v 1.244051 2.462367 -2.462358
v 1.245239 3.303853 -1.473355
v 1.244051 2.895435 -1.934664
v 1.245239 3.014688 -2.014346
v 1.245686 2.854503 -2.716609
v 1.244051 2.462367 -2.462358
v 1.247470 2.935000 -2.934994
v 1.245686 3.602196 -1.597610
v 1.244051 3.217235 -1.332620
v 1.245239 3.303853 -1.473355
v 1.245686 3.676819 -1.417453
v 1.247470 4.070963 -0.809762
v 1.245686 3.873100 -0.770405
v 1.245686 3.939377 -0.097500
v 1.247470 4.070963 -0.809762
v 1.247470 4.150720 -0.000000
v 1.245239 3.377997 -1.294354
v 1.244051 3.415400 -0.679362
v 1.244051 3.217235 -1.332620
v 1.245239 3.616195 -0.096874
v 1.244051 3.415400 -0.679362
v 1.245239 3.556066 -0.707342
v 1.245686 3.676819 -1.417453
v 1.244051 3.217235 -1.332620
v 1.247470 3.834762 -1.588409
v 1.245686 3.939377 -0.097500
v 1.244051 3.482313 0.000001
v 1.245239 3.616195 -0.096874
v 1.245686 3.939378 0.097500
v 1.247470 4.070966 0.809761
v 1.245686 3.873102 0.770404
v 1.245686 3.676822 1.417452
v 1.247470 4.070966 0.809761
v 1.247470 3.834765 1.588408
v 1.245239 3.616195 0.096875
v 1.244051 3.415401 0.679361
v 1.244051 3.482313 0.000001
v 1.245239 3.378001 1.294354
v 1.244051 3.415401 0.679361
v 1.245239 3.556069 0.707342
v 1.245686 3.939378 0.097500
v 1.244051 3.482313 0.000001
v 1.247470 4.150720 -0.000000
v 1.245686 3.676822 1.417452
v 1.244051 3.217238 1.332620
v 1.245239 3.378001 1.294354
v 1.245686 3.602199 1.597609
v 1.247470 3.451200 2.306012
v 1.245686 3.283460 2.193931
v 1.245686 2.854506 2.716611
v 1.247470 3.451200 2.306012
v 1.247470 2.935005 2.934996
v 1.245239 3.303857 1.473354
v 1.244051 2.895439 1.934665
v 1.244051 3.217238 1.332620
v 1.245239 2.625540 2.488529
v 1.244051 2.895439 1.934665
v 1.245239 3.014691 2.014347
v 1.245686 3.602199 1.597609
v 1.244051 3.217238 1.332620
v 1.247470 3.834765 1.588408
v 1.245686 2.854506 2.716611
v 1.244051 2.462371 2.462361
v 1.245239 2.625540 2.488529
v 1.245686 2.716620 2.854497
v 1.247470 2.306022 3.451190
v 1.245686 2.193940 3.283450
v 1.245686 1.597619 3.602191
v 1.247470 2.306022 3.451190
v 1.247470 1.588418 3.834758
v 1.245239 2.488539 2.625530
v 1.244051 1.934674 2.895431
v 1.244051 2.462371 2.462361
v 1.245239 1.473365 3.303849
v 1.244051 1.934674 2.895431
v 1.245239 2.014356 3.014683
v 1.245686 2.716620 2.854497
v 1.244051 2.462371 2.462361
v 1.247470 2.935005 2.934996
v 1.245686 1.597619 3.602191
v 1.244051 1.332630 3.217231
v 1.245239 1.473365 3.303849
v 1.245686 1.417462 3.676815
v 1.247470 0.809775 4.070957
v 1.245686 0.770418 3.873094
v 1.245685 0.097510 3.939370
v 1.247470 0.809775 4.070957
v 1.247470 0.000010 4.150712
v 1.245239 1.294364 3.377994
v 1.244051 0.679376 3.415394
v 1.244051 1.332630 3.217231
v 1.245239 0.096885 3.616187
v 1.244051 0.679376 3.415394
v 1.245239 0.707357 3.556061
v 1.245686 1.417462 3.676815
v 1.244051 1.332630 3.217231
v 1.247470 1.588418 3.834758
v 1.245685 0.097510 3.939370
v 1.244050 0.000010 3.482305
v 1.245239 0.096885 3.616187
v 1.245685 -0.097489 3.939370
v 1.247470 -0.809756 4.070957
v 1.245686 -0.770399 3.873094
v 1.245686 -1.417443 3.676815
v 1.247470 -0.809756 4.070957
v 1.247470 -1.588399 3.834759
v 1.245239 -0.096864 3.616187
v 1.244051 -0.679357 3.415394
v 1.244050 0.000010 3.482305
v 1.245239 -1.294345 3.377994
v 1.244051 -0.679357 3.415394
v 1.245239 -0.707337 3.556061
v 1.245685 -0.097489 3.939370
v 1.244050 0.000010 3.482305
v 1.247470 0.000010 4.150712
v 1.245686 -1.417443 3.676815
v 1.244051 -1.332611 3.217231
v 1.245239 -1.294345 3.377994
v 1.245686 -1.597600 3.602192
v 1.247470 -2.306001 3.451193
v 1.245686 -2.193921 3.283453
v 1.245686 -2.716602 2.854499
v 1.247470 -2.306001 3.451193
v 1.247470 -2.934987 2.934998
v 1.245239 -1.473346 3.303850
v 1.244051 -1.934654 2.895433
v 1.244051 -1.332611 3.217231
v 1.245239 -2.488520 2.625532
v 1.244051 -1.934654 2.895433
v 1.245239 -2.014336 3.014685
v 1.245686 -1.597600 3.602192
v 1.244051 -1.332611 3.217231
v 1.247470 -1.588399 3.834759
v 1.245686 -2.716602 2.854499
v 1.244051 -2.462352 2.462363
v 1.245239 -2.488520 2.625532
v 1.245686 -2.854488 2.716613
v 1.247470 -3.451181 2.306013
v 1.245686 -3.283442 2.193932
v 1.245686 -3.602182 1.597610
v 1.247470 -3.451181 2.306013
v 1.247470 -3.834748 1.588409
v 1.245239 -2.625521 2.488531
v 1.244051 -2.895421 1.934666
v 1.244051 -2.462352 2.462363
v 1.245239 -3.303840 1.473355
v 1.244051 -2.895421 1.934666
v 1.245239 -3.014673 2.014348
v 1.245686 -2.854488 2.716613
v 1.244051 -2.462352 2.462363
v 1.247470 -2.934987 2.934998
v 1.245686 -3.602182 1.597610
v 1.244051 -3.217221 1.332621
v 1.245239 -3.303840 1.473355
v 1.245686 -3.676805 1.417454
v 1.247470 -4.070948 0.809766
v 1.245686 -3.873085 0.770408
v 1.245686 -3.939360 0.097504
v 1.247470 -4.070948 0.809766
v 1.247470 -4.150702 0.000004
v 1.245239 -3.377984 1.294355
v 1.244051 -3.415384 0.679366
v 1.244051 -3.217221 1.332621
v 1.245239 -3.616178 0.096878
v 1.244051 -3.415384 0.679366
v 1.245239 -3.556051 0.707346
v 1.245686 -3.676805 1.417454
v 1.244051 -3.217221 1.332621
v 1.247470 -3.834748 1.588409
v 1.245686 -3.939360 0.097504
v 1.244051 -3.482296 0.000004
v 1.245239 -3.616178 0.096878
v 1.245686 -3.939360 -0.097496
v 1.247470 -4.070948 -0.809759
v 1.245686 -3.873085 -0.770402
v 1.245686 -3.676805 -1.417448
v 1.247470 -4.070948 -0.809759
v 1.247470 -3.834748 -1.588403
v 1.245239 -3.616178 -0.096871
v 1.244051 -3.415384 -0.679360
v 1.244051 -3.482296 0.000004
v 1.245239 -3.377984 -1.294349
v 1.244051 -3.415384 -0.679360
v 1.245239 -3.556051 -0.707340
v 1.245686 -3.939360 -0.097496
v 1.244051 -3.482296 0.000004
v 1.247470 -4.150702 0.000004
v 1.245686 -3.676805 -1.417448
v 1.244051 -3.217220 -1.332615
v 1.245239 -3.377984 -1.294349
v 1.245686 -3.602181 -1.597604
v 1.247470 -3.451180 -2.306006
v 1.245686 -3.283441 -2.193926
v 1.245686 -2.854487 -2.716606
v 1.247470 -3.451180 -2.306006
v 1.247470 -2.934986 -2.934991
v 1.245239 -3.303839 -1.473349
v 1.244051 -2.895421 -1.934659
v 1.244051 -3.217220 -1.332615
v 1.245239 -2.625521 -2.488524
v 1.244051 -2.895421 -1.934659
v 1.245239 -3.014673 -2.014341
v 1.245686 -3.602181 -1.597604
v 1.244051 -3.217220 -1.332615
v 1.247470 -3.834748 -1.588403
v 1.245686 -2.854487 -2.716606
v 1.244051 -2.462351 -2.462356
v 1.245239 -2.625521 -2.488524
v 1.245686 -2.716602 -2.854492
v 1.247470 -2.306003 -3.451184
v 1.245686 -2.193922 -3.283444
v 1.245686 -1.597601 -3.602185
v 1.247470 -2.306003 -3.451184
v 1.247470 -1.588400 -3.834751
v 1.245239 -2.488520 -2.625525
v 1.244051 -1.934656 -2.895425
v 1.244051 -2.462351 -2.462356
v 1.245239 -1.473347 -3.303842
v 1.244051 -1.934656 -2.895425
v 1.245239 -2.014338 -3.014677
v 1.245686 -2.716602 -2.854492
v 1.244051 -2.462351 -2.462356
v 1.247470 -2.934986 -2.934991
v 1.245686 -1.597601 -3.602185
v 1.244051 -1.332612 -3.217224
v 1.245239 -1.473347 -3.303842
v 1.245686 -0.097487 -3.939364
v 1.247470 -0.809754 -4.070950
v 1.247470 0.000012 -4.150706
v 1.245686 -1.417444 -3.676808
v 1.247470 -0.809754 -4.070950
v 1.245686 -0.770396 -3.873087
v 1.245239 -0.096862 -3.616181
v 1.244051 -0.679354 -3.415387
v 1.245239 -0.707334 -3.556054
v 1.245239 -1.294346 -3.377986
v 1.244051 -0.679354 -3.415387
v 1.244051 -1.332612 -3.217224
v 1.245686 -0.097487 -3.939364
v 1.244051 0.000012 -3.482300
v 1.245239 -0.096862 -3.616181
v 1.245686 -1.417444 -3.676808
v 1.244051 -1.332612 -3.217224
v 1.247470 -1.588400 -3.834751
v 1.051452 -0.161009 -3.913785
v 1.051854 -0.709871 -3.568807
v 1.051452 -0.766627 -3.854136
v 1.051452 0.161033 -3.913785
v 1.051854 0.709883 -3.568809
v 1.051854 0.160470 -3.622921
v 1.051452 1.348980 -3.677488
v 1.051854 0.709883 -3.568809
v 1.051452 0.766638 -3.854139
v 1.051452 1.646508 -3.554248
v 1.051854 2.021573 -3.025490
v 1.051854 1.534679 -3.285740
v 1.051452 2.653613 -2.881325
v 1.051854 2.021573 -3.025490
v 1.051452 2.183199 -3.267382
v 1.051452 2.881331 -2.653607
v 1.051854 3.025498 -2.021570
v 1.051854 2.675261 -2.448333
v 1.051452 3.554255 -1.646507
v 1.051854 3.025498 -2.021570
v 1.051452 3.267388 -2.183196
v 1.051452 3.677496 -1.348979
v 1.051854 3.568819 -0.709879
v 1.051854 3.408557 -1.238190
v 1.051452 3.913798 -0.161021
v 1.051854 3.568819 -0.709879
v 1.051452 3.854149 -0.766635
v 1.051452 3.913798 0.161021
v 1.051854 3.568822 0.709879
v 1.051854 3.622935 0.160458
v 1.051452 3.677499 1.348978
v 1.051854 3.568822 0.709879
v 1.051452 3.854152 0.766634
v 1.051452 3.554259 1.646506
v 1.051854 3.025502 2.021570
v 1.051854 3.285750 1.534677
v 1.051452 2.881336 2.653609
v 1.051854 3.025502 2.021570
v 1.051452 3.267394 2.183197
v 1.051452 2.653618 2.881327
v 1.051854 2.021579 3.025494
v 1.051854 2.448344 2.675256
v 1.051452 1.646517 3.554251
v 1.051854 2.021579 3.025494
v 1.051452 2.183206 3.267385
v 1.051452 1.348989 3.677492
v 1.051854 0.709893 3.568813
v 1.051854 1.238200 3.408553
v 1.051452 0.161032 3.913791
v 1.051854 0.709893 3.568813
v 1.051452 0.766648 3.854143
v 1.051452 -0.161011 3.913791
v 1.051854 -0.709873 3.568813
v 1.051854 -0.160447 3.622927
v 1.051452 -1.348969 3.677492
v 1.051854 -0.709873 3.568813
v 1.051452 -0.766629 3.854143
v 1.051452 -1.646498 3.554252
v 1.051854 -2.021560 3.025496
v 1.051854 -1.534668 3.285744
v 1.051452 -2.653599 2.881328
v 1.051854 -2.021560 3.025496
v 1.051452 -2.183186 3.267387
v 1.051452 -2.881318 2.653610
v 1.051854 -3.025484 2.021571
v 1.051854 -2.675247 2.448336
v 1.051452 -3.554242 1.646507
v 1.051854 -3.025484 2.021571
v 1.051452 -3.267375 2.183197
v 1.051452 -3.677482 1.348979
v 1.051854 -3.568804 0.709883
v 1.051854 -3.408543 1.238191
v 1.051452 -3.913782 0.161024
v 1.051854 -3.568804 0.709883
v 1.051452 -3.854134 0.766639
v 1.051452 -3.913782 -0.161017
v 1.051854 -3.568804 -0.709877
v 1.051854 -3.622917 -0.160454
v 1.051452 -3.677482 -1.348974
v 1.051854 -3.568804 -0.709877
v 1.051452 -3.854134 -0.766632
v 1.051452 -3.554241 -1.646502
v 1.051854 -3.025484 -2.021565
v 1.051854 -3.285733 -1.534672
v 1.051452 -2.881317 -2.653604
v 1.051854 -3.025484 -2.021565
v 1.051452 -3.267375 -2.183191
v 1.051452 -2.653599 -2.881321
v 1.051854 -2.021562 -3.025487
v 1.051854 -2.448325 -2.675251
v 1.051452 -1.646499 -3.554245
v 1.051854 -2.021562 -3.025487
v 1.051452 -2.183187 -3.267379
v 1.051452 -1.348970 -3.677485
v 1.051854 -0.709871 -3.568807
v 1.051854 -1.238181 -3.408545
v 1.245239 -3.014673 -2.014341
v 1.051854 -3.285733 -1.534672
v 1.051854 -3.025484 -2.021565
v 1.245239 3.014688 -2.014346
v 1.051854 3.285748 -1.534677
v 1.245239 3.303853 -1.473355
v 1.245686 -3.873085 0.770408
v 1.051452 -3.677482 1.348979
v 1.245686 -3.676805 1.417454
v 1.245686 0.770407 -3.873090
v 1.051452 1.348980 -3.677488
v 1.051452 0.766638 -3.854139
v 1.245239 -1.294346 -3.377986
v 1.051452 -1.348970 -3.677485
v 1.051854 -1.238181 -3.408545
v 1.245239 -3.014673 -2.014341
v 1.051854 -2.675247 -2.448330
v 1.245239 -2.625521 -2.488524
v 1.245239 2.625536 -2.488527
v 1.051452 2.881331 -2.653607
v 1.051854 2.675261 -2.448333
v 1.245686 -3.873085 0.770408
v 1.051452 -3.913782 0.161024
v 1.051452 -3.854134 0.766639
v 1.245239 0.707345 -3.556057
v 1.051854 0.160470 -3.622921
v 1.051854 0.709883 -3.568809
v 1.245239 -3.303839 -1.473349
v 1.051452 -3.554241 -1.646502
v 1.051854 -3.285733 -1.534672
v 1.245239 3.303853 -1.473355
v 1.051452 3.554255 -1.646507
v 1.245686 3.602196 -1.597610
v 1.245239 -3.556051 0.707346
v 1.051854 -3.408543 1.238191
v 1.051854 -3.568804 0.709883
v 1.245239 0.707345 -3.556057
v 1.051854 1.238192 -3.408549
v 1.245239 1.294356 -3.377990
v 1.245686 -2.193921 3.283453
v 1.051452 -1.646498 3.554252
v 1.245686 -1.597600 3.602192
v 1.245239 -2.625521 -2.488524
v 1.051452 -2.881317 -2.653604
v 1.245686 -2.854487 -2.716606
v 1.245239 -3.556051 0.707346
v 1.051854 -3.622917 0.160461
v 1.245239 -3.616178 0.096878
v 1.245239 0.096887 -3.616182
v 1.051452 0.161033 -3.913785
v 1.051854 0.160470 -3.622921
v 1.245686 -2.193921 3.283453
v 1.051452 -2.653599 2.881328
v 1.051452 -2.183186 3.267387
v 1.245239 -3.377984 1.294355
v 1.051452 -3.677482 1.348979
v 1.051854 -3.408543 1.238191
v 1.245239 1.294356 -3.377990
v 1.051452 1.348980 -3.677488
v 1.245686 1.417454 -3.676811
v 1.245239 -2.014336 3.014685
v 1.051854 -1.534668 3.285744
v 1.051854 -2.021560 3.025496
v 1.245686 0.770418 3.873094
v 1.051452 1.348989 3.677492
v 1.245686 1.417462 3.676815
v 1.245239 -3.616178 0.096878
v 1.051452 -3.913782 0.161024
v 1.245686 -3.939360 0.097504
v 1.245239 -2.014336 3.014685
v 1.051854 -2.448325 2.675258
v 1.245239 -2.488520 2.625532
v 1.245686 0.770418 3.873094
v 1.051452 0.161032 3.913791
v 1.051452 0.766648 3.854143
v 1.245239 -1.473346 3.303850
v 1.051452 -1.646498 3.554252
v 1.051854 -1.534668 3.285744
v 1.245239 0.707357 3.556061
v 1.051854 1.238200 3.408553
v 1.051854 0.709893 3.568813
v 1.245686 3.283460 2.193931
v 1.051452 3.554259 1.646506
v 1.245686 3.602199 1.597609
v 1.245239 -2.488520 2.625532
v 1.051452 -2.653599 2.881328
v 1.245686 -2.716602 2.854499
v 1.245239 0.707357 3.556061
v 1.051854 0.160468 3.622927
v 1.245239 0.096885 3.616187
v 1.245686 3.283460 2.193931
v 1.051452 2.881336 2.653609
v 1.051452 3.267394 2.183197
v 1.245239 1.294364 3.377994
v 1.051452 1.348989 3.677492
v 1.051854 1.238200 3.408553
v 1.245239 3.014691 2.014347
v 1.051854 3.285750 1.534677
v 1.051854 3.025502 2.021570
v 1.245686 3.873100 -0.770405
v 1.051452 3.677496 -1.348979
v 1.245686 3.676819 -1.417453
v 1.245239 0.096885 3.616187
v 1.051452 0.161032 3.913791
v 1.245685 0.097510 3.939370
v 1.245239 3.014691 2.014347
v 1.051854 2.675265 2.448334
v 1.245239 2.625540 2.488529
v 1.245686 -2.193922 -3.283444
v 1.051452 -2.653599 -2.881321
v 1.245686 -2.716602 -2.854492
v 1.245686 3.873100 -0.770405
v 1.051452 3.913798 -0.161021
v 1.051452 3.854149 -0.766635
v 1.245239 3.303857 1.473354
v 1.051452 3.554259 1.646506
v 1.051854 3.285750 1.534677
v 1.245686 -2.193922 -3.283444
v 1.051452 -1.646499 -3.554245
v 1.051452 -2.183187 -3.267379
v 1.245239 3.556066 -0.707342
v 1.051854 3.408557 -1.238190
v 1.051854 3.568819 -0.709879
v 1.245686 2.193934 -3.283448
v 1.051452 1.646508 -3.554248
v 1.245686 1.597610 -3.602188
v 1.245239 2.625540 2.488529
v 1.051452 2.881336 2.653609
v 1.245686 2.854506 2.716611
v 1.245239 -2.014338 -3.014677
v 1.051854 -2.448325 -2.675251
v 1.051854 -2.021562 -3.025487
v 1.245239 3.556066 -0.707342
v 1.051854 3.622934 -0.160457
v 1.245239 3.616195 -0.096874
v 1.245686 -3.873085 -0.770402
v 1.051452 -3.913782 -0.161017
v 1.245686 -3.939360 -0.097496
v 1.245686 2.193934 -3.283448
v 1.051452 2.653613 -2.881325
v 1.051452 2.183199 -3.267382
v 1.245239 -2.014338 -3.014677
v 1.051854 -1.534669 -3.285737
v 1.245239 -1.473347 -3.303842
v 1.245239 3.377997 -1.294354
v 1.051452 3.677496 -1.348979
v 1.051854 3.408557 -1.238190
v 1.245686 -3.873085 -0.770402
v 1.051452 -3.677482 -1.348974
v 1.051452 -3.854134 -0.766632
v 1.245239 2.014350 -3.014679
v 1.051854 1.534679 -3.285740
v 1.051854 2.021573 -3.025490
v 1.245239 -2.488520 -2.625525
v 1.051452 -2.653599 -2.881321
v 1.051854 -2.448325 -2.675251
v 1.245239 3.616195 -0.096874
v 1.051452 3.913798 -0.161021
v 1.245686 3.939377 -0.097500
v 1.245239 -3.556051 -0.707340
v 1.051854 -3.622917 -0.160454
v 1.051854 -3.568804 -0.709877
v 1.245239 2.014350 -3.014679
v 1.051854 2.448339 -2.675254
v 1.245239 2.488535 -2.625528
v 1.245686 -3.283442 2.193932
v 1.051452 -2.881318 2.653610
v 1.245686 -2.854488 2.716613
v 1.245239 -1.473347 -3.303842
v 1.051452 -1.646499 -3.554245
v 1.245686 -1.597601 -3.602185
v 1.245239 -3.556051 -0.707340
v 1.051854 -3.408543 -1.238185
v 1.245239 -3.377984 -1.294349
v 1.245239 1.473356 -3.303846
v 1.051452 1.646508 -3.554248
v 1.051854 1.534679 -3.285740
v 1.245686 -3.283442 2.193932
v 1.051452 -3.554242 1.646507
v 1.051452 -3.267375 2.183197
v 1.245239 -3.616178 -0.096871
v 1.051452 -3.913782 -0.161017
v 1.051854 -3.622917 -0.160454
v 1.245239 2.488535 -2.625528
v 1.051452 2.653613 -2.881325
v 1.245686 2.716617 -2.854495
v 1.245239 -3.014673 2.014348
v 1.051854 -2.675247 2.448336
v 1.051854 -3.025484 2.021571
v 1.245686 -0.770399 3.873094
v 1.051452 -0.161011 3.913791
v 1.245685 -0.097489 3.939370
v 0.538157 0.000012 -4.150706
v 1.247470 0.000012 -4.150706
v 1.247470 -0.809754 -4.070950
v 1.244051 2.895435 -1.934664
v 0.872353 2.895435 -1.934664
v 0.872353 2.462367 -2.462358
v 0.538157 -3.834748 -1.588403
v 1.247470 -3.834748 -1.588403
v 1.247470 -4.070948 -0.809759
v 0.538157 2.306022 3.451190
v 1.247470 2.306022 3.451190
v 1.247470 2.935005 2.934996
v 0.538157 -0.809754 -4.070950
v 1.247470 -0.809754 -4.070950
v 1.247470 -1.588400 -3.834751
v 0.538157 -3.451180 -2.306006
v 1.247470 -3.451180 -2.306006
v 1.247470 -3.834748 -1.588403
v 0.538157 1.588418 3.834758
v 1.247470 1.588418 3.834758
v 1.247470 2.306022 3.451190
v 0.538157 0.809764 -4.070953
v 1.247470 0.809764 -4.070953
v 1.247470 0.000012 -4.150706
v 0.538157 -2.934986 -2.934991
v 1.247470 -2.934986 -2.934991
v 1.247470 -3.451180 -2.306006
v 0.538157 0.809775 4.070957
v 1.247470 0.809775 4.070957
v 1.247470 1.588418 3.834758
v 0.538157 1.588409 -3.834755
v 1.247470 1.588409 -3.834755
v 1.247470 0.809764 -4.070953
v 0.538157 -2.306003 -3.451184
v 1.247470 -2.306003 -3.451184
v 1.247470 -2.934986 -2.934991
v 0.538157 0.809775 4.070957
v 0.538157 0.000010 4.150712
v 1.247470 0.000010 4.150712
v 0.538157 2.306014 -3.451188
v 1.247470 2.306014 -3.451188
v 1.247470 1.588409 -3.834755
v 0.538157 -1.588400 -3.834751
v 1.247470 -1.588400 -3.834751
v 1.247470 -2.306003 -3.451184
v 0.538157 -0.809756 4.070957
v 1.247470 -0.809756 4.070957
v 1.247470 0.000010 4.150712
v 0.538157 2.935000 -2.934994
v 1.247470 2.935000 -2.934994
v 1.247470 2.306014 -3.451188
v 0.538157 -1.588399 3.834759
v 1.247470 -1.588399 3.834759
v 1.247470 -0.809756 4.070957
v 0.538157 3.451195 -2.306012
v 1.247470 3.451195 -2.306012
v 1.247470 2.935000 -2.934994
v 0.538157 -2.306001 3.451193
v 1.247470 -2.306001 3.451193
v 1.247470 -1.588399 3.834759
v 0.538157 3.834762 -1.588409
v 1.247470 3.834762 -1.588409
v 1.247470 3.451195 -2.306012
v 0.538157 -2.934987 2.934998
v 1.247470 -2.934987 2.934998
v 1.247470 -2.306001 3.451193
v 0.538157 4.070963 -0.809762
v 1.247470 4.070963 -0.809762
v 1.247470 3.834762 -1.588409
v 0.538157 -3.451181 2.306013
v 1.247470 -3.451181 2.306013
v 1.247470 -2.934987 2.934998
v 0.538157 4.150720 -0.000000
v 1.247470 4.150720 -0.000000
v 1.247470 4.070963 -0.809762
v 0.538157 -3.834748 1.588409
v 1.247470 -3.834748 1.588409
v 1.247470 -3.451181 2.306013
v 0.538157 4.070966 0.809761
v 1.247470 4.070966 0.809761
v 1.247470 4.150720 -0.000000
v 0.538157 -4.070948 0.809766
v 1.247470 -4.070948 0.809766
v 1.247470 -3.834748 1.588409
v 0.538157 3.834765 1.588408
v 1.247470 3.834765 1.588408
v 1.247470 4.070966 0.809761
v 0.538157 -4.150702 0.000004
v 1.247470 -4.150702 0.000004
v 1.247470 -4.070948 0.809766
v 0.538157 3.451200 2.306012
v 1.247470 3.451200 2.306012
v 1.247470 3.834765 1.588408
v 0.538157 -4.070948 -0.809759
v 1.247470 -4.070948 -0.809759
v 1.247470 -4.150702 0.000004
v 0.538157 2.935005 2.934996
v 1.247470 2.935005 2.934996
v 1.247470 3.451200 2.306012
v 1.245239 3.378001 1.294354
v 1.051854 3.408560 1.238190
v 1.051452 3.677499 1.348978
v 1.245239 -0.096862 -3.616181
v 1.051854 -0.160445 -3.622921
v 1.051452 -0.161009 -3.913785
v 1.245686 0.770407 -3.873090
v 1.051452 0.766638 -3.854139
v 1.051452 0.161033 -3.913785
v 1.245239 3.014688 -2.014346
v 1.245239 2.625536 -2.488527
v 1.051854 2.675261 -2.448333
v 1.245686 -3.283441 -2.193926
v 1.245686 -2.854487 -2.716606
v 1.051452 -2.881317 -2.653604
v 1.245239 3.616195 0.096875
v 1.245686 3.939378 0.097500
v 1.051452 3.913798 0.161021
v 1.245239 -0.707334 -3.556054
v 1.245239 -1.294346 -3.377986
v 1.051854 -1.238181 -3.408545
v 1.245686 3.283454 -2.193931
v 1.245686 3.602196 -1.597610
v 1.051452 3.554255 -1.646507
v 1.245686 -3.283441 -2.193926
v 1.051452 -3.267375 -2.183191
v 1.051452 -3.554241 -1.646502
v 1.245239 3.556069 0.707342
v 1.051854 3.568822 0.709879
v 1.051854 3.408560 1.238190
v 1.245239 -0.707334 -3.556054
v 1.051854 -0.709871 -3.568807
v 1.051854 -0.160445 -3.622921
v 1.245239 1.473365 3.303849
v 1.051854 1.534687 3.285743
v 1.051452 1.646517 3.554251
v 1.245686 3.283454 -2.193931
v 1.051452 3.267388 -2.183196
v 1.051452 2.881331 -2.653607
v 1.245239 3.556069 0.707342
v 1.245239 3.616195 0.096875
v 1.051854 3.622935 0.160458
v 1.245686 -0.770396 -3.873087
v 1.051452 -0.766627 -3.854136
v 1.051452 -1.348970 -3.677485
v 1.245239 2.488539 2.625530
v 1.245686 2.716620 2.854497
v 1.051452 2.653618 2.881327
v 1.245686 3.873102 0.770404
v 1.245686 3.676822 1.417452
v 1.051452 3.677499 1.348978
v 1.245686 -0.770396 -3.873087
v 1.245686 -0.097487 -3.939364
v 1.051452 -0.161009 -3.913785
v 1.245239 2.014356 3.014683
v 1.051854 2.021579 3.025494
v 1.051854 1.534687 3.285743
v 1.245239 -1.294345 3.377994
v 1.051854 -1.238181 3.408553
v 1.051452 -1.348969 3.677492
v 1.245686 3.873102 0.770404
v 1.051452 3.854152 0.766634
v 1.051452 3.913798 0.161021
v 1.245239 2.014356 3.014683
v 1.245239 2.488539 2.625530
v 1.051854 2.448344 2.675256
v 1.245239 -0.096864 3.616187
v 1.245685 -0.097489 3.939370
v 1.051452 -0.161011 3.913791
v 1.245686 2.193940 3.283450
v 1.245686 1.597619 3.602191
v 1.051452 1.646517 3.554251
v 1.245239 -0.707337 3.556061
v 1.051854 -0.709873 3.568813
v 1.051854 -1.238181 3.408553
v 1.245239 -3.303840 1.473355
v 1.051854 -3.285734 1.534678
v 1.051452 -3.554242 1.646507
v 1.245686 2.193940 3.283450
v 1.051452 2.183206 3.267385
v 1.051452 2.653618 2.881327
v 1.245239 -0.707337 3.556061
v 1.245239 -0.096864 3.616187
v 1.051854 -0.160447 3.622927
v 1.245239 -2.625521 2.488531
v 1.245686 -2.854488 2.716613
v 1.051452 -2.881318 2.653610
v 1.245686 -0.770399 3.873094
v 1.245686 -1.417443 3.676815
v 1.051452 -1.348969 3.677492
v 1.245239 -3.014673 2.014348
v 1.051854 -3.025484 2.021571
v 1.051854 -3.285734 1.534678
v 1.245239 -3.377984 -1.294349
v 1.051854 -3.408543 -1.238185
v 1.051452 -3.677482 -1.348974
v 1.244051 -1.934654 2.895433
v 0.872353 -1.934654 2.895433
v 0.872353 -1.332611 3.217231
v 1.244051 3.217235 -1.332620
v 0.872353 3.217235 -1.332620
v 0.872353 2.895435 -1.934664
v 1.244051 -2.462352 2.462363
v 0.872353 -2.462352 2.462363
v 0.872353 -1.934654 2.895433
v 1.244051 3.415400 -0.679362
v 0.872353 3.415400 -0.679362
v 0.872353 3.217235 -1.332620
v 1.244051 -2.895421 1.934666
v 0.872353 -2.895421 1.934666
v 0.872353 -2.462352 2.462363
v 1.244051 3.482313 0.000001
v 0.872353 3.482313 0.000001
v 0.872353 3.415400 -0.679362
v 1.244051 -3.217221 1.332621
v 0.872353 -3.217221 1.332621
v 0.872353 -2.895421 1.934666
v 1.244051 3.415401 0.679361
v 0.872353 3.415401 0.679361
v 0.872353 3.482313 0.000001
v 1.244051 -3.415384 0.679366
v 0.872353 -3.415384 0.679366
v 0.872353 -3.217221 1.332621
v 1.244051 3.217238 1.332620
v 0.872353 3.217238 1.332620
v 0.872353 3.415401 0.679361
v 1.244051 -3.482296 0.000004
v 0.872353 -3.482296 0.000004
v 0.872353 -3.415384 0.679366
v 1.244051 2.895439 1.934665
v 0.872353 2.895439 1.934665
v 0.872353 3.217238 1.332620
v 1.244051 -3.415384 -0.679360
v 0.872353 -3.415384 -0.679360
v 0.872353 -3.482296 0.000004
v 1.244051 2.462371 2.462361
v 0.872353 2.462371 2.462361
v 0.872353 2.895439 1.934665
v 1.244051 0.000012 -3.482300
v 0.872353 0.000012 -3.482300
v 0.872353 -0.679354 -3.415387
v 1.244051 -3.217220 -1.332615
v 0.872353 -3.217220 -1.332615
v 0.872353 -3.415384 -0.679360
v 1.244051 1.934674 2.895431
v 0.872353 1.934674 2.895431
v 0.872353 2.462371 2.462361
v 1.244051 -0.679354 -3.415387
v 0.872353 -0.679354 -3.415387
v 0.872353 -1.332612 -3.217224
v 1.244051 -2.895421 -1.934659
v 0.872353 -2.895421 -1.934659
v 0.872353 -3.217220 -1.332615
v 1.244051 1.332630 3.217231
v 0.872353 1.332630 3.217231
v 0.872353 1.934674 2.895431
v 1.244051 0.679365 -3.415390
v 0.872353 0.679365 -3.415390
v 0.872353 0.000012 -3.482300
v 1.244051 -2.462351 -2.462356
v 0.872353 -2.462351 -2.462356
v 0.872353 -2.895421 -1.934659
v 1.244051 0.679376 3.415394
v 0.872353 0.679376 3.415394
v 0.872353 1.332630 3.217231
v 1.244051 1.332622 -3.217227
v 0.872353 1.332622 -3.217227
v 0.872353 0.679365 -3.415390
v 1.244051 -1.934656 -2.895425
v 0.872353 -1.934656 -2.895425
v 0.872353 -2.462351 -2.462356
v 1.244050 0.000010 3.482305
v 0.872352 0.000010 3.482305
v 0.872353 0.679376 3.415394
v 1.244051 1.934669 -2.895427
v 0.872353 1.934669 -2.895427
v 0.872353 1.332622 -3.217227
v 1.244051 -1.332612 -3.217224
v 0.872353 -1.332612 -3.217224
v 0.872353 -1.934656 -2.895425
v 1.244050 0.000010 3.482305
v 1.244051 -0.679357 3.415394
v 0.872353 -0.679357 3.415394
v 1.244051 2.462367 -2.462358
v 0.872353 2.462367 -2.462358
v 0.872353 1.934669 -2.895427
v 1.244051 -1.332611 3.217231
v 0.872353 -1.332611 3.217231
v 0.872353 -0.679357 3.415394
v 1.245686 0.097512 -3.939364
v 1.247470 0.000012 -4.150706
v 1.247470 0.809764 -4.070953
v 1.245686 1.417454 -3.676811
v 1.245686 0.770407 -3.873090
v 1.247470 0.809764 -4.070953
v 1.245239 0.096887 -3.616182
v 1.245239 0.707345 -3.556057
v 1.244051 0.679365 -3.415390
v 1.245239 1.294356 -3.377990
v 1.244051 1.332622 -3.217227
v 1.244051 0.679365 -3.415390
v 1.245686 0.097512 -3.939364
v 1.245239 0.096887 -3.616182
v 1.244051 0.000012 -3.482300
v 1.245686 1.417454 -3.676811
v 1.247470 1.588409 -3.834755
v 1.244051 1.332622 -3.217227
v 1.245686 1.597610 -3.602188
v 1.247470 1.588409 -3.834755
v 1.247470 2.306014 -3.451188
v 1.245686 2.716617 -2.854495
v 1.245686 2.193934 -3.283448
v 1.247470 2.306014 -3.451188
v 1.245239 1.473356 -3.303846
v 1.245239 2.014350 -3.014679
v 1.244051 1.934669 -2.895427
v 1.245239 2.488535 -2.625528
v 1.244051 2.462367 -2.462358
v 1.244051 1.934669 -2.895427
v 1.245686 1.597610 -3.602188
v 1.245239 1.473356 -3.303846
v 1.244051 1.332622 -3.217227
v 1.245686 2.716617 -2.854495
v 1.247470 2.935000 -2.934994
v 1.244051 2.462367 -2.462358
v 1.245686 2.854503 -2.716609
v 1.247470 2.935000 -2.934994
v 1.247470 3.451195 -2.306012
v 1.245686 3.602196 -1.597610
v 1.245686 3.283454 -2.193931
v 1.247470 3.451195 -2.306012
v 1.245239 2.625536 -2.488527
v 1.245239 3.014688 -2.014346
v 1.244051 2.895435 -1.934664
v 1.245239 3.303853 -1.473355
v 1.244051 3.217235 -1.332620
v 1.244051 2.895435 -1.934664
v 1.245686 2.854503 -2.716609
v 1.245239 2.625536 -2.488527
v 1.244051 2.462367 -2.462358
v 1.245686 3.602196 -1.597610
v 1.247470 3.834762 -1.588409
v 1.244051 3.217235 -1.332620
v 1.245686 3.676819 -1.417453
v 1.247470 3.834762 -1.588409
v 1.247470 4.070963 -0.809762
v 1.245686 3.939377 -0.097500
v 1.245686 3.873100 -0.770405
v 1.247470 4.070963 -0.809762
v 1.245239 3.377997 -1.294354
v 1.245239 3.556066 -0.707342
v 1.244051 3.415400 -0.679362
v 1.245239 3.616195 -0.096874
v 1.244051 3.482313 0.000001
v 1.244051 3.415400 -0.679362
v 1.245686 3.676819 -1.417453
v 1.245239 3.377997 -1.294354
v 1.244051 3.217235 -1.332620
v 1.245686 3.939377 -0.097500
v 1.247470 4.150720 -0.000000
v 1.244051 3.482313 0.000001
v 1.245686 3.939378 0.097500
v 1.247470 4.150720 -0.000000
v 1.247470 4.070966 0.809761
v 1.245686 3.676822 1.417452
v 1.245686 3.873102 0.770404
v 1.247470 4.070966 0.809761
v 1.245239 3.616195 0.096875
v 1.245239 3.556069 0.707342
v 1.244051 3.415401 0.679361
v 1.245239 3.378001 1.294354
v 1.244051 3.217238 1.332620
v 1.244051 3.415401 0.679361
v 1.245686 3.939378 0.097500
v 1.245239 3.616195 0.096875
v 1.244051 3.482313 0.000001
v 1.245686 3.676822 1.417452
v 1.247470 3.834765 1.588408
v 1.244051 3.217238 1.332620
v 1.245686 3.602199 1.597609
v 1.247470 3.834765 1.588408
v 1.247470 3.451200 2.306012
v 1.245686 2.854506 2.716611
v 1.245686 3.283460 2.193931
v 1.247470 3.451200 2.306012
v 1.245239 3.303857 1.473354
v 1.245239 3.014691 2.014347
v 1.244051 2.895439 1.934665
v 1.245239 2.625540 2.488529
v 1.244051 2.462371 2.462361
v 1.244051 2.895439 1.934665
v 1.245686 3.602199 1.597609
v 1.245239 3.303857 1.473354
v 1.244051 3.217238 1.332620
v 1.245686 2.854506 2.716611
v 1.247470 2.935005 2.934996
v 1.244051 2.462371 2.462361
v 1.245686 2.716620 2.854497
v 1.247470 2.935005 2.934996
v 1.247470 2.306022 3.451190
v 1.245686 1.597619 3.602191
v 1.245686 2.193940 3.283450
v 1.247470 2.306022 3.451190
v 1.245239 2.488539 2.625530
v 1.245239 2.014356 3.014683
v 1.244051 1.934674 2.895431
v 1.245239 1.473365 3.303849
v 1.244051 1.332630 3.217231
v 1.244051 1.934674 2.895431
v 1.245686 2.716620 2.854497
v 1.245239 2.488539 2.625530
v 1.244051 2.462371 2.462361
v 1.245686 1.597619 3.602191
v 1.247470 1.588418 3.834758
v 1.244051 1.332630 3.217231
v 1.245686 1.417462 3.676815
v 1.247470 1.588418 3.834758
v 1.247470 0.809775 4.070957
v 1.245685 0.097510 3.939370
v 1.245686 0.770418 3.873094
v 1.247470 0.809775 4.070957
v 1.245239 1.294364 3.377994
v 1.245239 0.707357 3.556061
v 1.244051 0.679376 3.415394
v 1.245239 0.096885 3.616187
v 1.244050 0.000010 3.482305
v 1.244051 0.679376 3.415394
v 1.245686 1.417462 3.676815
v 1.245239 1.294364 3.377994
v 1.244051 1.332630 3.217231
v 1.245685 0.097510 3.939370
v 1.247470 0.000010 4.150712
v 1.244050 0.000010 3.482305
v 1.245685 -0.097489 3.939370
v 1.247470 0.000010 4.150712
v 1.247470 -0.809756 4.070957
v 1.245686 -1.417443 3.676815
v 1.245686 -0.770399 3.873094
v 1.247470 -0.809756 4.070957
v 1.245239 -0.096864 3.616187
v 1.245239 -0.707337 3.556061
v 1.244051 -0.679357 3.415394
v 1.245239 -1.294345 3.377994
v 1.244051 -1.332611 3.217231
v 1.244051 -0.679357 3.415394
v 1.245685 -0.097489 3.939370
v 1.245239 -0.096864 3.616187
v 1.244050 0.000010 3.482305
v 1.245686 -1.417443 3.676815
v 1.247470 -1.588399 3.834759
v 1.244051 -1.332611 3.217231
v 1.245686 -1.597600 3.602192
v 1.247470 -1.588399 3.834759
v 1.247470 -2.306001 3.451193
v 1.245686 -2.716602 2.854499
v 1.245686 -2.193921 3.283453
v 1.247470 -2.306001 3.451193
v 1.245239 -1.473346 3.303850
v 1.245239 -2.014336 3.014685
v 1.244051 -1.934654 2.895433
v 1.245239 -2.488520 2.625532
v 1.244051 -2.462352 2.462363
v 1.244051 -1.934654 2.895433
v 1.245686 -1.597600 3.602192
v 1.245239 -1.473346 3.303850
v 1.244051 -1.332611 3.217231
v 1.245686 -2.716602 2.854499
v 1.247470 -2.934987 2.934998
v 1.244051 -2.462352 2.462363
v 1.245686 -2.854488 2.716613
v 1.247470 -2.934987 2.934998
v 1.247470 -3.451181 2.306013
v 1.245686 -3.602182 1.597610
v 1.245686 -3.283442 2.193932
v 1.247470 -3.451181 2.306013
v 1.245239 -2.625521 2.488531
v 1.245239 -3.014673 2.014348
v 1.244051 -2.895421 1.934666
v 1.245239 -3.303840 1.473355
v 1.244051 -3.217221 1.332621
v 1.244051 -2.895421 1.934666
v 1.245686 -2.854488 2.716613
v 1.245239 -2.625521 2.488531
v 1.244051 -2.462352 2.462363
v 1.245686 -3.602182 1.597610
v 1.247470 -3.834748 1.588409
v 1.244051 -3.217221 1.332621
v 1.245686 -3.676805 1.417454
v 1.247470 -3.834748 1.588409
v 1.247470 -4.070948 0.809766
v 1.245686 -3.939360 0.097504
v 1.245686 -3.873085 0.770408
v 1.247470 -4.070948 0.809766
v 1.245239 -3.377984 1.294355
v 1.245239 -3.556051 0.707346
v 1.244051 -3.415384 0.679366
v 1.245239 -3.616178 0.096878
v 1.244051 -3.482296 0.000004
v 1.244051 -3.415384 0.679366
v 1.245686 -3.676805 1.417454
v 1.245239 -3.377984 1.294355
v 1.244051 -3.217221 1.332621
v 1.245686 -3.939360 0.097504
v 1.247470 -4.150702 0.000004
v 1.244051 -3.482296 0.000004
v 1.245686 -3.939360 -0.097496
v 1.247470 -4.150702 0.000004
v 1.247470 -4.070948 -0.809759
v 1.245686 -3.676805 -1.417448
v 1.245686 -3.873085 -0.770402
v 1.247470 -4.070948 -0.809759
v 1.245239 -3.616178 -0.096871
v 1.245239 -3.556051 -0.707340
v 1.244051 -3.415384 -0.679360
v 1.245239 -3.377984 -1.294349
v 1.244051 -3.217220 -1.332615
v 1.244051 -3.415384 -0.679360
v 1.245686 -3.939360 -0.097496
v 1.245239 -3.616178 -0.096871
v 1.244051 -3.482296 0.000004
v 1.245686 -3.676805 -1.417448
v 1.247470 -3.834748 -1.588403
v 1.244051 -3.217220 -1.332615
v 1.245686 -3.602181 -1.597604
v 1.247470 -3.834748 -1.588403
v 1.247470 -3.451180 -2.306006
v 1.245686 -2.854487 -2.716606
v 1.245686 -3.283441 -2.193926
v 1.247470 -3.451180 -2.306006
v 1.245239 -3.303839 -1.473349
v 1.245239 -3.014673 -2.014341
v 1.244051 -2.895421 -1.934659
v 1.245239 -2.625521 -2.488524
v 1.244051 -2.462351 -2.462356
v 1.244051 -2.895421 -1.934659
v 1.245686 -3.602181 -1.597604
v 1.245239 -3.303839 -1.473349
v 1.244051 -3.217220 -1.332615
v 1.245686 -2.854487 -2.716606
v 1.247470 -2.934986 -2.934991
v 1.244051 -2.462351 -2.462356
v 1.245686 -2.716602 -2.854492
v 1.247470 -2.934986 -2.934991
v 1.247470 -2.306003 -3.451184
v 1.245686 -1.597601 -3.602185
v 1.245686 -2.193922 -3.283444
v 1.247470 -2.306003 -3.451184
v 1.245239 -2.488520 -2.625525
v 1.245239 -2.014338 -3.014677
v 1.244051 -1.934656 -2.895425
v 1.245239 -1.473347 -3.303842
v 1.244051 -1.332612 -3.217224
v 1.244051 -1.934656 -2.895425
v 1.245686 -2.716602 -2.854492
v 1.245239 -2.488520 -2.625525
v 1.244051 -2.462351 -2.462356
v 1.245686 -1.597601 -3.602185
v 1.247470 -1.588400 -3.834751
v 1.244051 -1.332612 -3.217224
v 1.245686 -0.097487 -3.939364
v 1.245686 -0.770396 -3.873087
v 1.247470 -0.809754 -4.070950
v 1.245686 -1.417444 -3.676808
v 1.247470 -1.588400 -3.834751
v 1.247470 -0.809754 -4.070950
v 1.245239 -0.096862 -3.616181
v 1.244051 0.000012 -3.482300
v 1.244051 -0.679354 -3.415387
v 1.245239 -1.294346 -3.377986
v 1.245239 -0.707334 -3.556054
v 1.244051 -0.679354 -3.415387
v 1.245686 -0.097487 -3.939364
v 1.247470 0.000012 -4.150706
v 1.244051 0.000012 -3.482300
v 1.245686 -1.417444 -3.676808
v 1.245239 -1.294346 -3.377986
v 1.244051 -1.332612 -3.217224
v 1.051452 -0.161009 -3.913785
v 1.051854 -0.160445 -3.622921
v 1.051854 -0.709871 -3.568807
v 1.051452 0.161033 -3.913785
v 1.051452 0.766638 -3.854139
v 1.051854 0.709883 -3.568809
v 1.051452 1.348980 -3.677488
v 1.051854 1.238192 -3.408549
v 1.051854 0.709883 -3.568809
v 1.051452 1.646508 -3.554248
v 1.051452 2.183199 -3.267382
v 1.051854 2.021573 -3.025490
v 1.051452 2.653613 -2.881325
v 1.051854 2.448339 -2.675254
v 1.051854 2.021573 -3.025490
v 1.051452 2.881331 -2.653607
v 1.051452 3.267388 -2.183196
v 1.051854 3.025498 -2.021570
v 1.051452 3.554255 -1.646507
v 1.051854 3.285748 -1.534677
v 1.051854 3.025498 -2.021570
v 1.051452 3.677496 -1.348979
v 1.051452 3.854149 -0.766635
v 1.051854 3.568819 -0.709879
v 1.051452 3.913798 -0.161021
v 1.051854 3.622934 -0.160457
v 1.051854 3.568819 -0.709879
v 1.051452 3.913798 0.161021
v 1.051452 3.854152 0.766634
v 1.051854 3.568822 0.709879
v 1.051452 3.677499 1.348978
v 1.051854 3.408560 1.238190
v 1.051854 3.568822 0.709879
v 1.051452 3.554259 1.646506
v 1.051452 3.267394 2.183197
v 1.051854 3.025502 2.021570
v 1.051452 2.881336 2.653609
v 1.051854 2.675265 2.448334
v 1.051854 3.025502 2.021570
v 1.051452 2.653618 2.881327
v 1.051452 2.183206 3.267385
v 1.051854 2.021579 3.025494
v 1.051452 1.646517 3.554251
v 1.051854 1.534687 3.285743
v 1.051854 2.021579 3.025494
v 1.051452 1.348989 3.677492
v 1.051452 0.766648 3.854143
v 1.051854 0.709893 3.568813
v 1.051452 0.161032 3.913791
v 1.051854 0.160468 3.622927
v 1.051854 0.709893 3.568813
v 1.051452 -0.161011 3.913791
v 1.051452 -0.766629 3.854143
v 1.051854 -0.709873 3.568813
v 1.051452 -1.348969 3.677492
v 1.051854 -1.238181 3.408553
v 1.051854 -0.709873 3.568813
v 1.051452 -1.646498 3.554252
v 1.051452 -2.183186 3.267387
v 1.051854 -2.021560 3.025496
v 1.051452 -2.653599 2.881328
v 1.051854 -2.448325 2.675258
v 1.051854 -2.021560 3.025496
v 1.051452 -2.881318 2.653610
v 1.051452 -3.267375 2.183197
v 1.051854 -3.025484 2.021571
v 1.051452 -3.554242 1.646507
v 1.051854 -3.285734 1.534678
v 1.051854 -3.025484 2.021571
v 1.051452 -3.677482 1.348979
v 1.051452 -3.854134 0.766639
v 1.051854 -3.568804 0.709883
v 1.051452 -3.913782 0.161024
v 1.051854 -3.622917 0.160461
v 1.051854 -3.568804 0.709883
v 1.051452 -3.913782 -0.161017
v 1.051452 -3.854134 -0.766632
v 1.051854 -3.568804 -0.709877
v 1.051452 -3.677482 -1.348974
v 1.051854 -3.408543 -1.238185
v 1.051854 -3.568804 -0.709877
v 1.051452 -3.554241 -1.646502
v 1.051452 -3.267375 -2.183191
v 1.051854 -3.025484 -2.021565
v 1.051452 -2.881317 -2.653604
v 1.051854 -2.675247 -2.448330
v 1.051854 -3.025484 -2.021565
v 1.051452 -2.653599 -2.881321
v 1.051452 -2.183187 -3.267379
v 1.051854 -2.021562 -3.025487
v 1.051452 -1.646499 -3.554245
v 1.051854 -1.534669 -3.285737
v 1.051854 -2.021562 -3.025487
v 1.051452 -1.348970 -3.677485
v 1.051452 -0.766627 -3.854136
v 1.051854 -0.709871 -3.568807
v 1.245239 -3.014673 -2.014341
v 1.245239 -3.303839 -1.473349
v 1.051854 -3.285733 -1.534672
v 1.245239 3.014688 -2.014346
v 1.051854 3.025498 -2.021570
v 1.051854 3.285748 -1.534677
v 1.245686 -3.873085 0.770408
v 1.051452 -3.854134 0.766639
v 1.051452 -3.677482 1.348979
v 1.245686 0.770407 -3.873090
v 1.245686 1.417454 -3.676811
v 1.051452 1.348980 -3.677488
v 1.245239 -1.294346 -3.377986
v 1.245686 -1.417444 -3.676808
v 1.051452 -1.348970 -3.677485
v 1.245239 -3.014673 -2.014341
v 1.051854 -3.025484 -2.021565
v 1.051854 -2.675247 -2.448330
v 1.245239 2.625536 -2.488527
v 1.245686 2.854503 -2.716609
v 1.051452 2.881331 -2.653607
v 1.245686 -3.873085 0.770408
v 1.245686 -3.939360 0.097504
v 1.051452 -3.913782 0.161024
v 1.245239 0.707345 -3.556057
v 1.245239 0.096887 -3.616182
v 1.051854 0.160470 -3.622921
v 1.245239 -3.303839 -1.473349
v 1.245686 -3.602181 -1.597604
v 1.051452 -3.554241 -1.646502
v 1.245239 3.303853 -1.473355
v 1.051854 3.285748 -1.534677
v 1.051452 3.554255 -1.646507
v 1.245239 -3.556051 0.707346
v 1.245239 -3.377984 1.294355
v 1.051854 -3.408543 1.238191
v 1.245239 0.707345 -3.556057
v 1.051854 0.709883 -3.568809
v 1.051854 1.238192 -3.408549
v 1.245686 -2.193921 3.283453
v 1.051452 -2.183186 3.267387
v 1.051452 -1.646498 3.554252
v 1.245239 -2.625521 -2.488524
v 1.051854 -2.675247 -2.448330
v 1.051452 -2.881317 -2.653604
v 1.245239 -3.556051 0.707346
v 1.051854 -3.568804 0.709883
v 1.051854 -3.622917 0.160461
v 1.245239 0.096887 -3.616182
v 1.245686 0.097512 -3.939364
v 1.051452 0.161033 -3.913785
v 1.245686 -2.193921 3.283453
v 1.245686 -2.716602 2.854499
v 1.051452 -2.653599 2.881328
v 1.245239 -3.377984 1.294355
v 1.245686 -3.676805 1.417454
v 1.051452 -3.677482 1.348979
v 1.245239 1.294356 -3.377990
v 1.051854 1.238192 -3.408549
v 1.051452 1.348980 -3.677488
v 1.245239 -2.014336 3.014685
v 1.245239 -1.473346 3.303850
v 1.051854 -1.534668 3.285744
v 1.245686 0.770418 3.873094
v 1.051452 0.766648 3.854143
v 1.051452 1.348989 3.677492
v 1.245239 -3.616178 0.096878
v 1.051854 -3.622917 0.160461
v 1.051452 -3.913782 0.161024
v 1.245239 -2.014336 3.014685
v 1.051854 -2.021560 3.025496
v 1.051854 -2.448325 2.675258
v 1.245686 0.770418 3.873094
v 1.245685 0.097510 3.939370
v 1.051452 0.161032 3.913791
v 1.245239 -1.473346 3.303850
v 1.245686 -1.597600 3.602192
v 1.051452 -1.646498 3.554252
v 1.245239 0.707357 3.556061
v 1.245239 1.294364 3.377994
v 1.051854 1.238200 3.408553
v 1.245686 3.283460 2.193931
v 1.051452 3.267394 2.183197
v 1.051452 3.554259 1.646506
v 1.245239 -2.488520 2.625532
v 1.051854 -2.448325 2.675258
v 1.051452 -2.653599 2.881328
v 1.245239 0.707357 3.556061
v 1.051854 0.709893 3.568813
v 1.051854 0.160468 3.622927
v 1.245686 3.283460 2.193931
v 1.245686 2.854506 2.716611
v 1.051452 2.881336 2.653609
v 1.245239 1.294364 3.377994
v 1.245686 1.417462 3.676815
v 1.051452 1.348989 3.677492
v 1.245239 3.014691 2.014347
v 1.245239 3.303857 1.473354
v 1.051854 3.285750 1.534677
v 1.245686 3.873100 -0.770405
v 1.051452 3.854149 -0.766635
v 1.051452 3.677496 -1.348979
v 1.245239 0.096885 3.616187
v 1.051854 0.160468 3.622927
v 1.051452 0.161032 3.913791
v 1.245239 3.014691 2.014347
v 1.051854 3.025502 2.021570
v 1.051854 2.675265 2.448334
v 1.245686 -2.193922 -3.283444
v 1.051452 -2.183187 -3.267379
v 1.051452 -2.653599 -2.881321
v 1.245686 3.873100 -0.770405
v 1.245686 3.939377 -0.097500
v 1.051452 3.913798 -0.161021
v 1.245239 3.303857 1.473354
v 1.245686 3.602199 1.597609
v 1.051452 3.554259 1.646506
v 1.245686 -2.193922 -3.283444
v 1.245686 -1.597601 -3.602185
v 1.051452 -1.646499 -3.554245
v 1.245239 3.556066 -0.707342
v 1.245239 3.377997 -1.294354
v 1.051854 3.408557 -1.238190
v 1.245686 2.193934 -3.283448
v 1.051452 2.183199 -3.267382
v 1.051452 1.646508 -3.554248
v 1.245239 2.625540 2.488529
v 1.051854 2.675265 2.448334
v 1.051452 2.881336 2.653609
v 1.245239 -2.014338 -3.014677
v 1.245239 -2.488520 -2.625525
v 1.051854 -2.448325 -2.675251
v 1.245239 3.556066 -0.707342
v 1.051854 3.568819 -0.709879
v 1.051854 3.622934 -0.160457
v 1.245686 -3.873085 -0.770402
v 1.051452 -3.854134 -0.766632
v 1.051452 -3.913782 -0.161017
v 1.245686 2.193934 -3.283448
v 1.245686 2.716617 -2.854495
v 1.051452 2.653613 -2.881325
v 1.245239 -2.014338 -3.014677
v 1.051854 -2.021562 -3.025487
v 1.051854 -1.534669 -3.285737
v 1.245239 3.377997 -1.294354
v 1.245686 3.676819 -1.417453
v 1.051452 3.677496 -1.348979
v 1.245686 -3.873085 -0.770402
v 1.245686 -3.676805 -1.417448
v 1.051452 -3.677482 -1.348974
v 1.245239 2.014350 -3.014679
v 1.245239 1.473356 -3.303846
v 1.051854 1.534679 -3.285740
v 1.245239 -2.488520 -2.625525
v 1.245686 -2.716602 -2.854492
v 1.051452 -2.653599 -2.881321
v 1.245239 3.616195 -0.096874
v 1.051854 3.622934 -0.160457
v 1.051452 3.913798 -0.161021
v 1.245239 -3.556051 -0.707340
v 1.245239 -3.616178 -0.096871
v 1.051854 -3.622917 -0.160454
v 1.245239 2.014350 -3.014679
v 1.051854 2.021573 -3.025490
v 1.051854 2.448339 -2.675254
v 1.245686 -3.283442 2.193932
v 1.051452 -3.267375 2.183197
v 1.051452 -2.881318 2.653610
v 1.245239 -1.473347 -3.303842
v 1.051854 -1.534669 -3.285737
v 1.051452 -1.646499 -3.554245
v 1.245239 -3.556051 -0.707340
v 1.051854 -3.568804 -0.709877
v 1.051854 -3.408543 -1.238185
v 1.245239 1.473356 -3.303846
v 1.245686 1.597610 -3.602188
v 1.051452 1.646508 -3.554248
v 1.245686 -3.283442 2.193932
v 1.245686 -3.602182 1.597610
v 1.051452 -3.554242 1.646507
v 1.245239 -3.616178 -0.096871
v 1.245686 -3.939360 -0.097496
v 1.051452 -3.913782 -0.161017
v 1.245239 2.488535 -2.625528
v 1.051854 2.448339 -2.675254
v 1.051452 2.653613 -2.881325
v 1.245239 -3.014673 2.014348
v 1.245239 -2.625521 2.488531
v 1.051854 -2.675247 2.448336
v 1.245686 -0.770399 3.873094
v 1.051452 -0.766629 3.854143
v 1.051452 -0.161011 3.913791
vt 0.643143 0.200922
vt 0.631550 0.206628
vt 0.639081 0.210744
vt 0.802381 0.927345
vt 0.811108 0.924778
vt 0.808325 0.921348
vt 0.596960 0.239108
vt 0.587421 0.230715
vt 0.586496 0.239099
vt 0.557756 0.143846
vt 0.570373 0.145290
vt 0.566345 0.137860
vt 0.639081 0.210744
vt 0.626616 0.214084
vt 0.633193 0.219574
vt 0.607255 0.237045
vt 0.596205 0.230679
vt 0.596960 0.239108
vt 0.550543 0.151417
vt 0.563178 0.150315
vt 0.557756 0.143846
vt 0.645216 0.190489
vt 0.634947 0.198345
vt 0.643143 0.200922
vt 0.616969 0.232980
vt 0.604846 0.228903
vt 0.607255 0.237045
vt 0.544990 0.160266
vt 0.557139 0.156668
vt 0.550543 0.151417
vt 0.645216 0.179851
vt 0.636671 0.189556
vt 0.645216 0.190489
vt 0.625723 0.227076
vt 0.612994 0.225445
vt 0.616969 0.232980
vt 0.544990 0.160266
vt 0.549429 0.172324
vt 0.552496 0.164097
vt 0.643142 0.169421
vt 0.636655 0.180598
vt 0.645216 0.179851
vt 0.633193 0.219574
vt 0.620337 0.220433
vt 0.625723 0.227076
vt 0.539567 0.180304
vt 0.549429 0.172324
vt 0.541307 0.170030
vt 0.639078 0.159604
vt 0.634897 0.171819
vt 0.643142 0.169421
vt 0.539582 0.190744
vt 0.548066 0.181073
vt 0.539567 0.180304
vt 0.633181 0.150781
vt 0.631467 0.163560
vt 0.639078 0.159604
vt 0.541474 0.201025
vt 0.548031 0.190064
vt 0.539582 0.190744
vt 0.625681 0.143295
vt 0.626500 0.156141
vt 0.633181 0.150781
vt 0.545259 0.210752
vt 0.549635 0.198812
vt 0.541474 0.201025
vt 0.616874 0.137436
vt 0.620190 0.149848
vt 0.625681 0.143295
vt 0.550861 0.219548
vt 0.552818 0.207033
vt 0.545259 0.210752
vt 0.607105 0.133432
vt 0.612784 0.144925
vt 0.616874 0.137436
vt 0.558096 0.227052
vt 0.557528 0.214420
vt 0.550861 0.219548
vt 0.596757 0.131437
vt 0.604575 0.141562
vt 0.607105 0.133432
vt 0.566682 0.232955
vt 0.563602 0.220701
vt 0.558096 0.227052
vt 0.586239 0.131528
vt 0.595885 0.139889
vt 0.596757 0.131437
vt 0.576274 0.237023
vt 0.570804 0.225632
vt 0.566682 0.232955
vt 0.575966 0.133698
vt 0.587057 0.139969
vt 0.586239 0.131528
vt 0.586496 0.239099
vt 0.578849 0.229016
vt 0.576274 0.237023
vt 0.566345 0.137860
vt 0.578439 0.141794
vt 0.575966 0.133698
vt 0.966875 0.206671
vt 0.963320 0.204897
vt 0.963351 0.207164
vt 0.511829 0.055195
vt 0.508274 0.053421
vt 0.508305 0.055688
vt 0.962727 0.614057
vt 0.965169 0.607361
vt 0.963029 0.606543
vt 0.968496 0.120382
vt 0.966493 0.114121
vt 0.966303 0.120382
vt 0.960878 0.276020
vt 0.963320 0.282716
vt 0.963038 0.276020
vt 0.966875 0.189731
vt 0.963320 0.191505
vt 0.966493 0.191940
vt 0.513450 0.046725
vt 0.511446 0.040465
vt 0.511257 0.046725
vt 0.960878 0.120382
vt 0.963320 0.127078
vt 0.963038 0.120382
vt 0.960878 0.276020
vt 0.963320 0.269324
vt 0.961181 0.268506
vt 0.968496 0.198201
vt 0.966493 0.204461
vt 0.968694 0.205103
vt 0.513450 0.046725
vt 0.511446 0.052986
vt 0.513647 0.053628
vt 0.966875 0.232610
vt 0.963320 0.230836
vt 0.963351 0.233103
vt 0.960878 0.120382
vt 0.963320 0.113686
vt 0.961181 0.112868
vt 0.968496 0.198201
vt 0.966493 0.191940
vt 0.966303 0.198201
vt 0.505831 0.046725
vt 0.508274 0.040030
vt 0.506134 0.039212
vt 0.966875 0.215670
vt 0.963320 0.217445
vt 0.966493 0.217880
vt 0.960878 0.198201
vt 0.963320 0.204897
vt 0.963038 0.198201
vt 0.505831 0.046725
vt 0.508274 0.053421
vt 0.507991 0.046725
vt 0.968496 0.224140
vt 0.966492 0.230401
vt 0.968694 0.231043
vt 0.966875 0.336369
vt 0.963320 0.334595
vt 0.963351 0.336862
vt 0.960878 0.198201
vt 0.963320 0.191505
vt 0.961181 0.190687
vt 0.968496 0.224140
vt 0.966493 0.217880
vt 0.966303 0.224140
vt 0.966875 0.319429
vt 0.963320 0.321203
vt 0.966493 0.321638
vt 0.960878 0.224140
vt 0.963320 0.230836
vt 0.963038 0.224140
vt 0.968496 0.327899
vt 0.966492 0.334159
vt 0.968694 0.334801
vt 0.966875 0.414188
vt 0.963320 0.412414
vt 0.963351 0.414681
vt 0.960878 0.224140
vt 0.963320 0.217445
vt 0.961181 0.216627
vt 0.968496 0.327899
vt 0.966493 0.321638
vt 0.966303 0.327899
vt 0.966875 0.397248
vt 0.963320 0.399022
vt 0.966493 0.399457
vt 0.960878 0.327899
vt 0.963320 0.334595
vt 0.963038 0.327899
vt 0.968496 0.405718
vt 0.966493 0.411978
vt 0.968694 0.412620
vt 0.966875 0.180731
vt 0.963320 0.178957
vt 0.963351 0.181224
vt 0.856220 0.991625
vt 0.847351 0.990430
vt 0.848461 0.994620
vt 0.797737 0.934378
vt 0.805775 0.930159
vt 0.802381 0.927345
vt 0.863234 0.987127
vt 0.854289 0.987730
vt 0.856220 0.991625
vt 0.794572 0.942171
vt 0.801610 0.936467
vt 0.797737 0.934378
vt 0.869215 0.981311
vt 0.860558 0.983692
vt 0.863234 0.987127
vt 0.793009 0.950420
vt 0.798772 0.943455
vt 0.794572 0.942171
vt 0.873924 0.974410
vt 0.865902 0.978475
vt 0.869215 0.981311
vt 0.793108 0.958798
vt 0.797371 0.950848
vt 0.793009 0.950420
vt 0.877173 0.966699
vt 0.870107 0.972287
vt 0.873924 0.974410
vt 0.794862 0.966977
vt 0.797459 0.958355
vt 0.793108 0.958798
vt 0.878831 0.958481
vt 0.873002 0.965373
vt 0.877173 0.966699
vt 0.798202 0.974631
vt 0.799032 0.965681
vt 0.794862 0.966977
vt 0.878831 0.950082
vt 0.874472 0.958007
vt 0.878831 0.958481
vt 0.802992 0.981459
vt 0.802024 0.972535
vt 0.798202 0.974631
vt 0.839933 0.911626
vt 0.846954 0.917476
vt 0.848257 0.913239
vt 0.877171 0.941832
vt 0.874455 0.950479
vt 0.878831 0.950082
vt 0.809043 0.987188
vt 0.806315 0.978646
vt 0.802992 0.981459
vt 0.848257 0.913239
vt 0.854004 0.920340
vt 0.856106 0.916440
vt 0.873915 0.934054
vt 0.872950 0.943086
vt 0.877171 0.941832
vt 0.816113 0.991587
vt 0.811735 0.983771
vt 0.809043 0.987188
vt 0.831454 0.911665
vt 0.839478 0.916037
vt 0.839933 0.911626
vt 0.869188 0.927055
vt 0.870015 0.936117
vt 0.873915 0.934054
vt 0.823909 0.994476
vt 0.818064 0.987706
vt 0.816113 0.991587
vt 0.823148 0.913352
vt 0.831865 0.916078
vt 0.831454 0.911665
vt 0.863174 0.921106
vt 0.865762 0.929845
vt 0.869188 0.927055
vt 0.832074 0.995794
vt 0.825057 0.990295
vt 0.823909 0.994476
vt 0.815338 0.916622
vt 0.824410 0.917597
vt 0.823148 0.913352
vt 0.856106 0.916440
vt 0.860355 0.924517
vt 0.863174 0.921106
vt 0.832074 0.995794
vt 0.840020 0.991685
vt 0.832507 0.991440
vt 0.808325 0.921348
vt 0.817400 0.920536
vt 0.815338 0.916622
vt 0.848461 0.994620
vt 0.840020 0.991685
vt 0.840285 0.995993
vt 0.077078 0.127335
vt 0.071871 0.121164
vt 0.070811 0.123147
vt 0.063846 0.120262
vt 0.071871 0.121164
vt 0.063490 0.117692
vt 0.074798 0.130125
vt 0.068358 0.127736
vt 0.074686 0.131964
vt 0.062794 0.123708
vt 0.068358 0.127736
vt 0.069112 0.126325
vt 0.077078 0.127335
vt 0.074686 0.131964
vt 0.079413 0.126203
vt 0.063846 0.120262
vt 0.061327 0.124823
vt 0.062794 0.123708
vt 0.061766 0.119631
vt 0.054593 0.115922
vt 0.054373 0.118161
vt 0.046835 0.118161
vt 0.054593 0.115922
vt 0.045522 0.115922
vt 0.060727 0.123081
vt 0.053863 0.123338
vt 0.061327 0.124823
vt 0.047181 0.121747
vt 0.053863 0.123338
vt 0.054020 0.121747
vt 0.061766 0.119631
vt 0.061327 0.124823
vt 0.063490 0.117692
vt 0.046835 0.118161
vt 0.046252 0.123338
vt 0.047181 0.121747
vt 0.044671 0.118374
vt 0.036625 0.117692
vt 0.037278 0.119844
vt 0.030314 0.122729
vt 0.036625 0.117692
vt 0.028245 0.121163
vt 0.045031 0.121959
vt 0.038788 0.124823
vt 0.046252 0.123338
vt 0.032006 0.125910
vt 0.038788 0.124823
vt 0.038324 0.123293
vt 0.044671 0.118374
vt 0.046252 0.123338
vt 0.045522 0.115922
vt 0.030314 0.122729
vt 0.031757 0.127735
vt 0.032006 0.125910
vt 0.028397 0.123754
vt 0.020702 0.126203
vt 0.022129 0.127942
vt 0.016799 0.133272
vt 0.020702 0.126203
vt 0.014288 0.132617
vt 0.030101 0.126928
vt 0.025429 0.131963
vt 0.031757 0.127735
vt 0.019579 0.135563
vt 0.025429 0.131963
vt 0.024415 0.130727
vt 0.028397 0.123754
vt 0.031757 0.127735
vt 0.028245 0.121163
vt 0.016799 0.133272
vt 0.020048 0.137345
vt 0.019579 0.135563
vt 0.015420 0.134952
vt 0.009248 0.140160
vt 0.011232 0.141220
vt 0.008347 0.148184
vt 0.009248 0.140160
vt 0.005777 0.148540
vt 0.018209 0.137233
vt 0.015820 0.143672
vt 0.020048 0.137345
vt 0.011793 0.149237
vt 0.015820 0.143672
vt 0.014410 0.142919
vt 0.015420 0.134952
vt 0.020048 0.137345
vt 0.014288 0.132617
vt 0.008347 0.148184
vt 0.012907 0.150703
vt 0.011793 0.149237
vt 0.007716 0.150264
vt 0.004007 0.157437
vt 0.006245 0.157658
vt 0.006245 0.165196
vt 0.004007 0.157437
vt 0.004007 0.166508
vt 0.011166 0.151304
vt 0.011423 0.158168
vt 0.012907 0.150703
vt 0.009831 0.164849
vt 0.011423 0.158168
vt 0.009831 0.158011
vt 0.007716 0.150264
vt 0.012907 0.150703
vt 0.005777 0.148540
vt 0.006245 0.165196
vt 0.011423 0.165778
vt 0.009831 0.164849
vt 0.006458 0.167359
vt 0.005776 0.175405
vt 0.007929 0.174752
vt 0.010813 0.181717
vt 0.005776 0.175405
vt 0.009248 0.183786
vt 0.010043 0.166999
vt 0.012907 0.173242
vt 0.011423 0.165778
vt 0.013994 0.180024
vt 0.012907 0.173242
vt 0.011377 0.173706
vt 0.006458 0.167359
vt 0.011423 0.165778
vt 0.004007 0.166508
vt 0.010813 0.181717
vt 0.015820 0.180273
vt 0.013994 0.180024
vt 0.011838 0.183634
vt 0.014287 0.191329
vt 0.016026 0.189902
vt 0.021356 0.195232
vt 0.014287 0.191329
vt 0.020702 0.197743
vt 0.015012 0.181929
vt 0.020048 0.186601
vt 0.015820 0.180273
vt 0.023647 0.192451
vt 0.020048 0.186601
vt 0.018812 0.187616
vt 0.011838 0.183634
vt 0.015820 0.180273
vt 0.009248 0.183786
vt 0.021356 0.195232
vt 0.025429 0.191983
vt 0.023647 0.192451
vt 0.023037 0.196611
vt 0.028244 0.202783
vt 0.029304 0.200799
vt 0.036269 0.203684
vt 0.028244 0.202783
vt 0.036625 0.206254
vt 0.025317 0.193821
vt 0.031757 0.196211
vt 0.025429 0.191983
vt 0.037321 0.200238
vt 0.031757 0.196211
vt 0.031003 0.197621
vt 0.023037 0.196611
vt 0.025429 0.191983
vt 0.020702 0.197743
vt 0.036269 0.203684
vt 0.038788 0.199123
vt 0.037321 0.200238
vt 0.038349 0.204315
vt 0.045522 0.208024
vt 0.045742 0.205786
vt 0.053280 0.205786
vt 0.045522 0.208024
vt 0.054593 0.208024
vt 0.039388 0.200865
vt 0.046252 0.200608
vt 0.038788 0.199123
vt 0.052934 0.202199
vt 0.046252 0.200608
vt 0.046095 0.202199
vt 0.038349 0.204315
vt 0.038788 0.199123
vt 0.036625 0.206254
vt 0.053280 0.205786
vt 0.053863 0.200608
vt 0.052934 0.202199
vt 0.055444 0.205572
vt 0.063490 0.206254
vt 0.062837 0.204102
vt 0.069801 0.201217
vt 0.063490 0.206254
vt 0.071871 0.202783
vt 0.055084 0.201988
vt 0.061327 0.199123
vt 0.053863 0.200608
vt 0.068109 0.198036
vt 0.061327 0.199123
vt 0.061791 0.200653
vt 0.055444 0.205572
vt 0.053863 0.200608
vt 0.054593 0.208024
vt 0.069801 0.201217
vt 0.068358 0.196211
vt 0.068109 0.198036
vt 0.071719 0.200192
vt 0.079413 0.197743
vt 0.077986 0.196005
vt 0.083317 0.190674
vt 0.079413 0.197743
vt 0.085827 0.191329
vt 0.070014 0.197018
vt 0.074686 0.191983
vt 0.068358 0.196211
vt 0.080536 0.188383
vt 0.074686 0.191983
vt 0.075700 0.193219
vt 0.071719 0.200192
vt 0.068358 0.196211
vt 0.071871 0.202783
vt 0.083317 0.190674
vt 0.080067 0.186601
vt 0.080536 0.188383
vt 0.084696 0.188994
vt 0.090867 0.183786
vt 0.088884 0.182726
vt 0.091768 0.175762
vt 0.090867 0.183786
vt 0.094339 0.175406
vt 0.081906 0.186713
vt 0.084295 0.180274
vt 0.080067 0.186601
vt 0.088323 0.174709
vt 0.084295 0.180274
vt 0.085706 0.181027
vt 0.084696 0.188994
vt 0.080067 0.186601
vt 0.085827 0.191329
vt 0.091768 0.175762
vt 0.087208 0.173243
vt 0.088323 0.174709
vt 0.092399 0.173682
vt 0.096108 0.166509
vt 0.093870 0.166288
vt 0.093870 0.158750
vt 0.096108 0.166509
vt 0.096108 0.157438
vt 0.088950 0.172642
vt 0.088692 0.165778
vt 0.087208 0.173243
vt 0.090284 0.159097
vt 0.088692 0.165778
vt 0.090284 0.165935
vt 0.092399 0.173682
vt 0.087208 0.173243
vt 0.094339 0.175406
vt 0.093870 0.158750
vt 0.088692 0.158168
vt 0.090284 0.159097
vt 0.093657 0.156587
vt 0.094339 0.148541
vt 0.092186 0.149194
vt 0.089302 0.142230
vt 0.094339 0.148541
vt 0.090867 0.140160
vt 0.090072 0.156947
vt 0.087208 0.150704
vt 0.088692 0.158168
vt 0.086121 0.143922
vt 0.087208 0.150704
vt 0.088738 0.150240
vt 0.093657 0.156587
vt 0.088692 0.158168
vt 0.096108 0.157438
vt 0.089302 0.142230
vt 0.084295 0.143673
vt 0.086121 0.143922
vt 0.078759 0.128714
vt 0.085828 0.132618
vt 0.079413 0.126203
vt 0.088277 0.140312
vt 0.085828 0.132618
vt 0.084089 0.134045
vt 0.076468 0.131495
vt 0.080067 0.137345
vt 0.081303 0.136331
vt 0.085103 0.142017
vt 0.080067 0.137345
vt 0.084295 0.143673
vt 0.078759 0.128714
vt 0.074686 0.131964
vt 0.076468 0.131495
vt 0.088277 0.140312
vt 0.084295 0.143673
vt 0.090867 0.140160
vt 0.508274 0.053421
vt 0.511257 0.046725
vt 0.507991 0.046725
vt 0.965169 0.607361
vt 0.968152 0.614057
vt 0.968341 0.607796
vt 0.965169 0.620752
vt 0.968152 0.614057
vt 0.964886 0.614057
vt 0.962822 0.640776
vt 0.965805 0.647472
vt 0.965994 0.641212
vt 0.962822 0.654168
vt 0.965805 0.647472
vt 0.962539 0.647472
vt 0.963320 0.113686
vt 0.966303 0.120382
vt 0.966493 0.114121
vt 0.963320 0.127078
vt 0.966303 0.120382
vt 0.963038 0.120382
vt 0.963320 0.347143
vt 0.966303 0.353838
vt 0.966493 0.347578
vt 0.963320 0.360534
vt 0.966303 0.353838
vt 0.963038 0.353838
vt 0.963320 0.191505
vt 0.966303 0.198201
vt 0.966493 0.191940
vt 0.963320 0.204897
vt 0.966303 0.198201
vt 0.963038 0.198201
vt 0.963320 0.295263
vt 0.966303 0.301959
vt 0.966493 0.295699
vt 0.963320 0.308655
vt 0.966303 0.301959
vt 0.963038 0.301959
vt 0.963320 0.217445
vt 0.966303 0.224140
vt 0.966493 0.217880
vt 0.963320 0.230836
vt 0.966303 0.224140
vt 0.963038 0.224140
vt 0.963320 0.243384
vt 0.966303 0.250080
vt 0.966493 0.243820
vt 0.963320 0.256776
vt 0.966303 0.250080
vt 0.963038 0.250080
vt 0.963320 0.321203
vt 0.966303 0.327899
vt 0.966493 0.321638
vt 0.963320 0.334595
vt 0.966303 0.327899
vt 0.963038 0.327899
vt 0.963320 0.373082
vt 0.966303 0.379778
vt 0.966493 0.373518
vt 0.963320 0.386474
vt 0.966303 0.379778
vt 0.963038 0.379778
vt 0.963320 0.399022
vt 0.966303 0.405718
vt 0.966493 0.399457
vt 0.963320 0.412414
vt 0.966303 0.405718
vt 0.963038 0.405718
vt 0.963320 0.087746
vt 0.966303 0.094442
vt 0.966493 0.088182
vt 0.963320 0.101138
vt 0.966303 0.094442
vt 0.963038 0.094442
vt 0.963320 0.165565
vt 0.966303 0.172261
vt 0.966493 0.166001
vt 0.963320 0.178957
vt 0.966303 0.172261
vt 0.963038 0.172261
vt 0.963320 0.269324
vt 0.966303 0.276020
vt 0.966493 0.269759
vt 0.963320 0.282716
vt 0.966303 0.276020
vt 0.963038 0.276020
vt 0.963320 0.139626
vt 0.966303 0.146321
vt 0.966493 0.140061
vt 0.963320 0.153017
vt 0.966303 0.146321
vt 0.963038 0.146321
vt 0.508274 0.040030
vt 0.511257 0.046725
vt 0.511446 0.040465
vt 0.968496 0.276020
vt 0.966493 0.269759
vt 0.966303 0.276020
vt 0.968496 0.120382
vt 0.966493 0.126642
vt 0.968694 0.127285
vt 0.960878 0.094442
vt 0.963320 0.087746
vt 0.961181 0.086929
vt 0.962727 0.614057
vt 0.965169 0.620752
vt 0.964886 0.614057
vt 0.511829 0.038255
vt 0.508274 0.040030
vt 0.511446 0.040465
vt 0.968496 0.276020
vt 0.966493 0.282280
vt 0.968694 0.282922
vt 0.966875 0.111912
vt 0.963320 0.113686
vt 0.966493 0.114121
vt 0.960878 0.094442
vt 0.963320 0.101138
vt 0.963038 0.094442
vt 0.970345 0.614057
vt 0.968341 0.607796
vt 0.968152 0.614057
vt 0.966875 0.267550
vt 0.963320 0.269324
vt 0.966493 0.269759
vt 0.966875 0.128852
vt 0.963320 0.127078
vt 0.963351 0.129345
vt 0.968496 0.094442
vt 0.966493 0.088182
vt 0.966303 0.094442
vt 0.970345 0.614057
vt 0.968341 0.620317
vt 0.970542 0.620959
vt 0.960878 0.379778
vt 0.963320 0.373082
vt 0.961181 0.372265
vt 0.966875 0.284489
vt 0.963320 0.282716
vt 0.963351 0.284983
vt 0.968496 0.094442
vt 0.966493 0.100703
vt 0.968694 0.101345
vt 0.968724 0.605587
vt 0.965169 0.607361
vt 0.968341 0.607796
vt 0.960878 0.379778
vt 0.963320 0.386474
vt 0.963038 0.379778
vt 0.966875 0.085972
vt 0.963320 0.087746
vt 0.966493 0.088182
vt 0.968724 0.622526
vt 0.965169 0.620752
vt 0.965200 0.623020
vt 0.968496 0.379778
vt 0.966493 0.373518
vt 0.966303 0.379778
vt 0.960878 0.250080
vt 0.963320 0.243384
vt 0.961181 0.242567
vt 0.966875 0.102912
vt 0.963320 0.101138
vt 0.963351 0.103405
vt 0.968496 0.379778
vt 0.966493 0.386038
vt 0.968694 0.386681
vt 0.960878 0.250080
vt 0.963320 0.256776
vt 0.963038 0.250080
vt 0.966875 0.371308
vt 0.963320 0.373082
vt 0.966493 0.373518
vt 0.968496 0.250080
vt 0.966493 0.243820
vt 0.966303 0.250080
vt 0.960878 0.301959
vt 0.963320 0.295263
vt 0.961181 0.294446
vt 0.966875 0.388248
vt 0.963320 0.386474
vt 0.963351 0.388741
vt 0.968496 0.250080
vt 0.966493 0.256340
vt 0.968694 0.256983
vt 0.960878 0.301959
vt 0.963320 0.308655
vt 0.963038 0.301959
vt 0.966875 0.241610
vt 0.963320 0.243384
vt 0.966493 0.243820
vt 0.968496 0.301959
vt 0.966493 0.295699
vt 0.966303 0.301959
vt 0.960878 0.353838
vt 0.963320 0.347143
vt 0.961181 0.346325
vt 0.966875 0.258550
vt 0.963320 0.256776
vt 0.963351 0.259043
vt 0.968496 0.301959
vt 0.966493 0.308220
vt 0.968694 0.308862
vt 0.960878 0.146321
vt 0.963320 0.139626
vt 0.961181 0.138808
vt 0.960878 0.353838
vt 0.963320 0.360534
vt 0.963038 0.353838
vt 0.966875 0.293489
vt 0.963320 0.295263
vt 0.966493 0.295699
vt 0.960878 0.146321
vt 0.963320 0.153017
vt 0.963038 0.146321
vt 0.968496 0.353838
vt 0.966493 0.347578
vt 0.966303 0.353838
vt 0.960380 0.647472
vt 0.962822 0.640776
vt 0.960682 0.639959
vt 0.966875 0.310429
vt 0.963320 0.308655
vt 0.963351 0.310922
vt 0.968496 0.146321
vt 0.966493 0.140061
vt 0.966303 0.146321
vt 0.968496 0.353838
vt 0.966493 0.360099
vt 0.968694 0.360741
vt 0.960878 0.172261
vt 0.963320 0.165565
vt 0.961181 0.164748
vt 0.960380 0.647472
vt 0.962822 0.654168
vt 0.962539 0.647472
vt 0.968496 0.146321
vt 0.966493 0.152582
vt 0.968694 0.153224
vt 0.966875 0.345369
vt 0.963320 0.347143
vt 0.966493 0.347578
vt 0.960878 0.172261
vt 0.963320 0.178957
vt 0.963038 0.172261
vt 0.967998 0.647472
vt 0.965994 0.641212
vt 0.965805 0.647472
vt 0.966875 0.137852
vt 0.963320 0.139626
vt 0.966493 0.140061
vt 0.966875 0.362308
vt 0.963320 0.360534
vt 0.963351 0.362801
vt 0.968496 0.172261
vt 0.966493 0.166001
vt 0.966303 0.172261
vt 0.967998 0.647472
vt 0.965994 0.653733
vt 0.968195 0.654375
vt 0.960878 0.405718
vt 0.963320 0.399022
vt 0.961181 0.398204
vt 0.966875 0.154791
vt 0.963320 0.153017
vt 0.963351 0.155285
vt 0.968496 0.172261
vt 0.966493 0.178522
vt 0.968694 0.179164
vt 0.966377 0.639002
vt 0.962822 0.640776
vt 0.965994 0.641212
vt 0.960878 0.405718
vt 0.963320 0.412414
vt 0.963038 0.405718
vt 0.966875 0.163791
vt 0.963320 0.165565
vt 0.966493 0.166001
vt 0.966377 0.655942
vt 0.962822 0.654168
vt 0.962853 0.656435
vt 0.968496 0.405718
vt 0.966493 0.399457
vt 0.966303 0.405718
vt 0.960878 0.327899
vt 0.963320 0.321203
vt 0.961181 0.320385
vt 0.643143 0.200922
vt 0.634947 0.198345
vt 0.631550 0.206628
vt 0.802381 0.927345
vt 0.805775 0.930159
vt 0.811108 0.924778
vt 0.596960 0.239108
vt 0.596205 0.230679
vt 0.587421 0.230715
vt 0.557756 0.143846
vt 0.563178 0.150315
vt 0.570373 0.145290
vt 0.639081 0.210744
vt 0.631550 0.206628
vt 0.626616 0.214084
vt 0.607255 0.237045
vt 0.604846 0.228903
vt 0.596205 0.230679
vt 0.550543 0.151417
vt 0.557139 0.156668
vt 0.563178 0.150315
vt 0.645216 0.190489
vt 0.636671 0.189556
vt 0.634947 0.198345
vt 0.616969 0.232980
vt 0.612994 0.225445
vt 0.604846 0.228903
vt 0.544990 0.160266
vt 0.552496 0.164097
vt 0.557139 0.156668
vt 0.645216 0.179851
vt 0.636655 0.180598
vt 0.636671 0.189556
vt 0.625723 0.227076
vt 0.620337 0.220433
vt 0.612994 0.225445
vt 0.544990 0.160266
vt 0.541307 0.170030
vt 0.549429 0.172324
vt 0.643142 0.169421
vt 0.634897 0.171819
vt 0.636655 0.180598
vt 0.633193 0.219574
vt 0.626616 0.214084
vt 0.620337 0.220433
vt 0.539567 0.180304
vt 0.548066 0.181073
vt 0.549429 0.172324
vt 0.639078 0.159604
vt 0.631467 0.163560
vt 0.634897 0.171819
vt 0.539582 0.190744
vt 0.548031 0.190064
vt 0.548066 0.181073
vt 0.633181 0.150781
vt 0.626500 0.156141
vt 0.631467 0.163560
vt 0.541474 0.201025
vt 0.549635 0.198812
vt 0.548031 0.190064
vt 0.625681 0.143295
vt 0.620190 0.149848
vt 0.626500 0.156141
vt 0.545259 0.210752
vt 0.552818 0.207033
vt 0.549635 0.198812
vt 0.616874 0.137436
vt 0.612784 0.144925
vt 0.620190 0.149848
vt 0.550861 0.219548
vt 0.557528 0.214420
vt 0.552818 0.207033
vt 0.607105 0.133432
vt 0.604575 0.141562
vt 0.612784 0.144925
vt 0.558096 0.227052
vt 0.563602 0.220701
vt 0.557528 0.214420
vt 0.596757 0.131437
vt 0.595885 0.139889
vt 0.604575 0.141562
vt 0.566682 0.232955
vt 0.570804 0.225632
vt 0.563602 0.220701
vt 0.586239 0.131528
vt 0.587057 0.139969
vt 0.595885 0.139889
vt 0.576274 0.237023
vt 0.578849 0.229016
vt 0.570804 0.225632
vt 0.575966 0.133698
vt 0.578439 0.141794
vt 0.587057 0.139969
vt 0.586496 0.239099
vt 0.587421 0.230715
vt 0.578849 0.229016
vt 0.566345 0.137860
vt 0.570373 0.145290
vt 0.578439 0.141794
vt 0.966875 0.206671
vt 0.966493 0.204461
vt 0.963320 0.204897
vt 0.511829 0.055195
vt 0.511446 0.052986
vt 0.508274 0.053421
vt 0.962727 0.614057
vt 0.964886 0.614057
vt 0.965169 0.607361
vt 0.968496 0.120382
vt 0.968694 0.113479
vt 0.966493 0.114121
vt 0.960878 0.276020
vt 0.961181 0.283533
vt 0.963320 0.282716
vt 0.966875 0.189731
vt 0.963351 0.189238
vt 0.963320 0.191505
vt 0.513450 0.046725
vt 0.513647 0.039823
vt 0.511446 0.040465
vt 0.960878 0.120382
vt 0.961181 0.127895
vt 0.963320 0.127078
vt 0.960878 0.276020
vt 0.963038 0.276020
vt 0.963320 0.269324
vt 0.968496 0.198201
vt 0.966303 0.198201
vt 0.966493 0.204461
vt 0.513450 0.046725
vt 0.511257 0.046725
vt 0.511446 0.052986
vt 0.966875 0.232610
vt 0.966492 0.230401
vt 0.963320 0.230836
vt 0.960878 0.120382
vt 0.963038 0.120382
vt 0.963320 0.113686
vt 0.968496 0.198201
vt 0.968694 0.191298
vt 0.966493 0.191940
vt 0.505831 0.046725
vt 0.507991 0.046725
vt 0.508274 0.040030
vt 0.966875 0.215670
vt 0.963351 0.215177
vt 0.963320 0.217445
vt 0.960878 0.198201
vt 0.961181 0.205714
vt 0.963320 0.204897
vt 0.505831 0.046725
vt 0.506134 0.054239
vt 0.508274 0.053421
vt 0.968496 0.224140
vt 0.966303 0.224140
vt 0.966492 0.230401
vt 0.966875 0.336369
vt 0.966492 0.334159
vt 0.963320 0.334595
vt 0.960878 0.198201
vt 0.963038 0.198201
vt 0.963320 0.191505
vt 0.968496 0.224140
vt 0.968694 0.217238
vt 0.966493 0.217880
vt 0.966875 0.319429
vt 0.963351 0.318936
vt 0.963320 0.321203
vt 0.960878 0.224140
vt 0.961181 0.231654
vt 0.963320 0.230836
vt 0.968496 0.327899
vt 0.966303 0.327899
vt 0.966492 0.334159
vt 0.966875 0.414188
vt 0.966493 0.411978
vt 0.963320 0.412414
vt 0.960878 0.224140
vt 0.963038 0.224140
vt 0.963320 0.217445
vt 0.968496 0.327899
vt 0.968694 0.320996
vt 0.966493 0.321638
vt 0.966875 0.397248
vt 0.963351 0.396755
vt 0.963320 0.399022
vt 0.960878 0.327899
vt 0.961181 0.335412
vt 0.963320 0.334595
vt 0.968496 0.405718
vt 0.966303 0.405718
vt 0.966493 0.411978
vt 0.966875 0.180731
vt 0.966493 0.178522
vt 0.963320 0.178957
vt 0.856220 0.991625
vt 0.854289 0.987730
vt 0.847351 0.990430
vt 0.797737 0.934378
vt 0.801610 0.936467
vt 0.805775 0.930159
vt 0.863234 0.987127
vt 0.860558 0.983692
vt 0.854289 0.987730
vt 0.794572 0.942171
vt 0.798772 0.943455
vt 0.801610 0.936467
vt 0.869215 0.981311
vt 0.865902 0.978475
vt 0.860558 0.983692
vt 0.793009 0.950420
vt 0.797371 0.950848
vt 0.798772 0.943455
vt 0.873924 0.974410
vt 0.870107 0.972287
vt 0.865902 0.978475
vt 0.793108 0.958798
vt 0.797459 0.958355
vt 0.797371 0.950848
vt 0.877173 0.966699
vt 0.873002 0.965373
vt 0.870107 0.972287
vt 0.794862 0.966977
vt 0.799032 0.965681
vt 0.797459 0.958355
vt 0.878831 0.958481
vt 0.874472 0.958007
vt 0.873002 0.965373
vt 0.798202 0.974631
vt 0.802024 0.972535
vt 0.799032 0.965681
vt 0.878831 0.950082
vt 0.874455 0.950479
vt 0.874472 0.958007
vt 0.802992 0.981459
vt 0.806315 0.978646
vt 0.802024 0.972535
vt 0.839933 0.911626
vt 0.839478 0.916037
vt 0.846954 0.917476
vt 0.877171 0.941832
vt 0.872950 0.943086
vt 0.874455 0.950479
vt 0.809043 0.987188
vt 0.811735 0.983771
vt 0.806315 0.978646
vt 0.848257 0.913239
vt 0.846954 0.917476
vt 0.854004 0.920340
vt 0.873915 0.934054
vt 0.870015 0.936117
vt 0.872950 0.943086
vt 0.816113 0.991587
vt 0.818064 0.987706
vt 0.811735 0.983771
vt 0.831454 0.911665
vt 0.831865 0.916078
vt 0.839478 0.916037
vt 0.869188 0.927055
vt 0.865762 0.929845
vt 0.870015 0.936117
vt 0.823909 0.994476
vt 0.825057 0.990295
vt 0.818064 0.987706
vt 0.823148 0.913352
vt 0.824410 0.917597
vt 0.831865 0.916078
vt 0.863174 0.921106
vt 0.860355 0.924517
vt 0.865762 0.929845
vt 0.832074 0.995794
vt 0.832507 0.991440
vt 0.825057 0.990295
vt 0.815338 0.916622
vt 0.817400 0.920536
vt 0.824410 0.917597
vt 0.856106 0.916440
vt 0.854004 0.920340
vt 0.860355 0.924517
vt 0.832074 0.995794
vt 0.840285 0.995993
vt 0.840020 0.991685
vt 0.808325 0.921348
vt 0.811108 0.924778
vt 0.817400 0.920536
vt 0.848461 0.994620
vt 0.847351 0.990430
vt 0.840020 0.991685
vt 0.077078 0.127335
vt 0.079413 0.126203
vt 0.071871 0.121164
vt 0.063846 0.120262
vt 0.070811 0.123147
vt 0.071871 0.121164
vt 0.074798 0.130125
vt 0.069112 0.126325
vt 0.068358 0.127736
vt 0.062794 0.123708
vt 0.061327 0.124823
vt 0.068358 0.127736
vt 0.077078 0.127335
vt 0.074798 0.130125
vt 0.074686 0.131964
vt 0.063846 0.120262
vt 0.063490 0.117692
vt 0.061327 0.124823
vt 0.061766 0.119631
vt 0.063490 0.117692
vt 0.054593 0.115922
vt 0.046835 0.118161
vt 0.054373 0.118161
vt 0.054593 0.115922
vt 0.060727 0.123081
vt 0.054020 0.121747
vt 0.053863 0.123338
vt 0.047181 0.121747
vt 0.046252 0.123338
vt 0.053863 0.123338
vt 0.061766 0.119631
vt 0.060727 0.123081
vt 0.061327 0.124823
vt 0.046835 0.118161
vt 0.045522 0.115922
vt 0.046252 0.123338
vt 0.044671 0.118374
vt 0.045522 0.115922
vt 0.036625 0.117692
vt 0.030314 0.122729
vt 0.037278 0.119844
vt 0.036625 0.117692
vt 0.045031 0.121959
vt 0.038324 0.123293
vt 0.038788 0.124823
vt 0.032006 0.125910
vt 0.031757 0.127735
vt 0.038788 0.124823
vt 0.044671 0.118374
vt 0.045031 0.121959
vt 0.046252 0.123338
vt 0.030314 0.122729
vt 0.028245 0.121163
vt 0.031757 0.127735
vt 0.028397 0.123754
vt 0.028245 0.121163
vt 0.020702 0.126203
vt 0.016799 0.133272
vt 0.022129 0.127942
vt 0.020702 0.126203
vt 0.030101 0.126928
vt 0.024415 0.130727
vt 0.025429 0.131963
vt 0.019579 0.135563
vt 0.020048 0.137345
vt 0.025429 0.131963
vt 0.028397 0.123754
vt 0.030101 0.126928
vt 0.031757 0.127735
vt 0.016799 0.133272
vt 0.014288 0.132617
vt 0.020048 0.137345
vt 0.015420 0.134952
vt 0.014288 0.132617
vt 0.009248 0.140160
vt 0.008347 0.148184
vt 0.011232 0.141220
vt 0.009248 0.140160
vt 0.018209 0.137233
vt 0.014410 0.142919
vt 0.015820 0.143672
vt 0.011793 0.149237
vt 0.012907 0.150703
vt 0.015820 0.143672
vt 0.015420 0.134952
vt 0.018209 0.137233
vt 0.020048 0.137345
vt 0.008347 0.148184
vt 0.005777 0.148540
vt 0.012907 0.150703
vt 0.007716 0.150264
vt 0.005777 0.148540
vt 0.004007 0.157437
vt 0.006245 0.165196
vt 0.006245 0.157658
vt 0.004007 0.157437
vt 0.011166 0.151304
vt 0.009831 0.158011
vt 0.011423 0.158168
vt 0.009831 0.164849
vt 0.011423 0.165778
vt 0.011423 0.158168
vt 0.007716 0.150264
vt 0.011166 0.151304
vt 0.012907 0.150703
vt 0.006245 0.165196
vt 0.004007 0.166508
vt 0.011423 0.165778
vt 0.006458 0.167359
vt 0.004007 0.166508
vt 0.005776 0.175405
vt 0.010813 0.181717
vt 0.007929 0.174752
vt 0.005776 0.175405
vt 0.010043 0.166999
vt 0.011377 0.173706
vt 0.012907 0.173242
vt 0.013994 0.180024
vt 0.015820 0.180273
vt 0.012907 0.173242
vt 0.006458 0.167359
vt 0.010043 0.166999
vt 0.011423 0.165778
vt 0.010813 0.181717
vt 0.009248 0.183786
vt 0.015820 0.180273
vt 0.011838 0.183634
vt 0.009248 0.183786
vt 0.014287 0.191329
vt 0.021356 0.195232
vt 0.016026 0.189902
vt 0.014287 0.191329
vt 0.015012 0.181929
vt 0.018812 0.187616
vt 0.020048 0.186601
vt 0.023647 0.192451
vt 0.025429 0.191983
vt 0.020048 0.186601
vt 0.011838 0.183634
vt 0.015012 0.181929
vt 0.015820 0.180273
vt 0.021356 0.195232
vt 0.020702 0.197743
vt 0.025429 0.191983
vt 0.023037 0.196611
vt 0.020702 0.197743
vt 0.028244 0.202783
vt 0.036269 0.203684
vt 0.029304 0.200799
vt 0.028244 0.202783
vt 0.025317 0.193821
vt 0.031003 0.197621
vt 0.031757 0.196211
vt 0.037321 0.200238
vt 0.038788 0.199123
vt 0.031757 0.196211
vt 0.023037 0.196611
vt 0.025317 0.193821
vt 0.025429 0.191983
vt 0.036269 0.203684
vt 0.036625 0.206254
vt 0.038788 0.199123
vt 0.038349 0.204315
vt 0.036625 0.206254
vt 0.045522 0.208024
vt 0.053280 0.205786
vt 0.045742 0.205786
vt 0.045522 0.208024
vt 0.039388 0.200865
vt 0.046095 0.202199
vt 0.046252 0.200608
vt 0.052934 0.202199
vt 0.053863 0.200608
vt 0.046252 0.200608
vt 0.038349 0.204315
vt 0.039388 0.200865
vt 0.038788 0.199123
vt 0.053280 0.205786
vt 0.054593 0.208024
vt 0.053863 0.200608
vt 0.055444 0.205572
vt 0.054593 0.208024
vt 0.063490 0.206254
vt 0.069801 0.201217
vt 0.062837 0.204102
vt 0.063490 0.206254
vt 0.055084 0.201988
vt 0.061791 0.200653
vt 0.061327 0.199123
vt 0.068109 0.198036
vt 0.068358 0.196211
vt 0.061327 0.199123
vt 0.055444 0.205572
vt 0.055084 0.201988
vt 0.053863 0.200608
vt 0.069801 0.201217
vt 0.071871 0.202783
vt 0.068358 0.196211
vt 0.071719 0.200192
vt 0.071871 0.202783
vt 0.079413 0.197743
vt 0.083317 0.190674
vt 0.077986 0.196005
vt 0.079413 0.197743
vt 0.070014 0.197018
vt 0.075700 0.193219
vt 0.074686 0.191983
vt 0.080536 0.188383
vt 0.080067 0.186601
vt 0.074686 0.191983
vt 0.071719 0.200192
vt 0.070014 0.197018
vt 0.068358 0.196211
vt 0.083317 0.190674
vt 0.085827 0.191329
vt 0.080067 0.186601
vt 0.084696 0.188994
vt 0.085827 0.191329
vt 0.090867 0.183786
vt 0.091768 0.175762
vt 0.088884 0.182726
vt 0.090867 0.183786
vt 0.081906 0.186713
vt 0.085706 0.181027
vt 0.084295 0.180274
vt 0.088323 0.174709
vt 0.087208 0.173243
vt 0.084295 0.180274
vt 0.084696 0.188994
vt 0.081906 0.186713
vt 0.080067 0.186601
vt 0.091768 0.175762
vt 0.094339 0.175406
vt 0.087208 0.173243
vt 0.092399 0.173682
vt 0.094339 0.175406
vt 0.096108 0.166509
vt 0.093870 0.158750
vt 0.093870 0.166288
vt 0.096108 0.166509
vt 0.088950 0.172642
vt 0.090284 0.165935
vt 0.088692 0.165778
vt 0.090284 0.159097
vt 0.088692 0.158168
vt 0.088692 0.165778
vt 0.092399 0.173682
vt 0.088950 0.172642
vt 0.087208 0.173243
vt 0.093870 0.158750
vt 0.096108 0.157438
vt 0.088692 0.158168
vt 0.093657 0.156587
vt 0.096108 0.157438
vt 0.094339 0.148541
vt 0.089302 0.142230
vt 0.092186 0.149194
vt 0.094339 0.148541
vt 0.090072 0.156947
vt 0.088738 0.150240
vt 0.087208 0.150704
vt 0.086121 0.143922
vt 0.084295 0.143673
vt 0.087208 0.150704
vt 0.093657 0.156587
vt 0.090072 0.156947
vt 0.088692 0.158168
vt 0.089302 0.142230
vt 0.090867 0.140160
vt 0.084295 0.143673
vt 0.078759 0.128714
vt 0.084089 0.134045
vt 0.085828 0.132618
vt 0.088277 0.140312
vt 0.090867 0.140160
vt 0.085828 0.132618
vt 0.076468 0.131495
vt 0.074686 0.131964
vt 0.080067 0.137345
vt 0.085103 0.142017
vt 0.081303 0.136331
vt 0.080067 0.137345
vt 0.078759 0.128714
vt 0.079413 0.126203
vt 0.074686 0.131964
vt 0.088277 0.140312
vt 0.085103 0.142017
vt 0.084295 0.143673
vt 0.508274 0.053421
vt 0.511446 0.052986
vt 0.511257 0.046725
vt 0.965169 0.607361
vt 0.964886 0.614057
vt 0.968152 0.614057
vt 0.965169 0.620752
vt 0.968341 0.620317
vt 0.968152 0.614057
vt 0.962822 0.640776
vt 0.962539 0.647472
vt 0.965805 0.647472
vt 0.962822 0.654168
vt 0.965994 0.653733
vt 0.965805 0.647472
vt 0.963320 0.113686
vt 0.963038 0.120382
vt 0.966303 0.120382
vt 0.963320 0.127078
vt 0.966493 0.126642
vt 0.966303 0.120382
vt 0.963320 0.347143
vt 0.963038 0.353838
vt 0.966303 0.353838
vt 0.963320 0.360534
vt 0.966493 0.360099
vt 0.966303 0.353838
vt 0.963320 0.191505
vt 0.963038 0.198201
vt 0.966303 0.198201
vt 0.963320 0.204897
vt 0.966493 0.204461
vt 0.966303 0.198201
vt 0.963320 0.295263
vt 0.963038 0.301959
vt 0.966303 0.301959
vt 0.963320 0.308655
vt 0.966493 0.308220
vt 0.966303 0.301959
vt 0.963320 0.217445
vt 0.963038 0.224140
vt 0.966303 0.224140
vt 0.963320 0.230836
vt 0.966492 0.230401
vt 0.966303 0.224140
vt 0.963320 0.243384
vt 0.963038 0.250080
vt 0.966303 0.250080
vt 0.963320 0.256776
vt 0.966493 0.256340
vt 0.966303 0.250080
vt 0.963320 0.321203
vt 0.963038 0.327899
vt 0.966303 0.327899
vt 0.963320 0.334595
vt 0.966492 0.334159
vt 0.966303 0.327899
vt 0.963320 0.373082
vt 0.963038 0.379778
vt 0.966303 0.379778
vt 0.963320 0.386474
vt 0.966493 0.386038
vt 0.966303 0.379778
vt 0.963320 0.399022
vt 0.963038 0.405718
vt 0.966303 0.405718
vt 0.963320 0.412414
vt 0.966493 0.411978
vt 0.966303 0.405718
vt 0.963320 0.087746
vt 0.963038 0.094442
vt 0.966303 0.094442
vt 0.963320 0.101138
vt 0.966493 0.100703
vt 0.966303 0.094442
vt 0.963320 0.165565
vt 0.963038 0.172261
vt 0.966303 0.172261
vt 0.963320 0.178957
vt 0.966493 0.178522
vt 0.966303 0.172261
vt 0.963320 0.269324
vt 0.963038 0.276020
vt 0.966303 0.276020
vt 0.963320 0.282716
vt 0.966493 0.282280
vt 0.966303 0.276020
vt 0.963320 0.139626
vt 0.963038 0.146321
vt 0.966303 0.146321
vt 0.963320 0.153017
vt 0.966493 0.152582
vt 0.966303 0.146321
vt 0.508274 0.040030
vt 0.507991 0.046725
vt 0.511257 0.046725
vt 0.968496 0.276020
vt 0.968694 0.269117
vt 0.966493 0.269759
vt 0.968496 0.120382
vt 0.966303 0.120382
vt 0.966493 0.126642
vt 0.960878 0.094442
vt 0.963038 0.094442
vt 0.963320 0.087746
vt 0.962727 0.614057
vt 0.963029 0.621570
vt 0.965169 0.620752
vt 0.511829 0.038255
vt 0.508305 0.037762
vt 0.508274 0.040030
vt 0.968496 0.276020
vt 0.966303 0.276020
vt 0.966493 0.282280
vt 0.966875 0.111912
vt 0.963351 0.111419
vt 0.963320 0.113686
vt 0.960878 0.094442
vt 0.961181 0.101956
vt 0.963320 0.101138
vt 0.970345 0.614057
vt 0.970542 0.607154
vt 0.968341 0.607796
vt 0.966875 0.267550
vt 0.963351 0.267057
vt 0.963320 0.269324
vt 0.966875 0.128852
vt 0.966493 0.126642
vt 0.963320 0.127078
vt 0.968496 0.094442
vt 0.968694 0.087540
vt 0.966493 0.088182
vt 0.970345 0.614057
vt 0.968152 0.614057
vt 0.968341 0.620317
vt 0.960878 0.379778
vt 0.963038 0.379778
vt 0.963320 0.373082
vt 0.966875 0.284489
vt 0.966493 0.282280
vt 0.963320 0.282716
vt 0.968496 0.094442
vt 0.966303 0.094442
vt 0.966493 0.100703
vt 0.968724 0.605587
vt 0.965200 0.605094
vt 0.965169 0.607361
vt 0.960878 0.379778
vt 0.961181 0.387292
vt 0.963320 0.386474
vt 0.966875 0.085972
vt 0.963351 0.085479
vt 0.963320 0.087746
vt 0.968724 0.622526
vt 0.968341 0.620317
vt 0.965169 0.620752
vt 0.968496 0.379778
vt 0.968694 0.372876
vt 0.966493 0.373518
vt 0.960878 0.250080
vt 0.963038 0.250080
vt 0.963320 0.243384
vt 0.966875 0.102912
vt 0.966493 0.100703
vt 0.963320 0.101138
vt 0.968496 0.379778
vt 0.966303 0.379778
vt 0.966493 0.386038
vt 0.960878 0.250080
vt 0.961181 0.257594
vt 0.963320 0.256776
vt 0.966875 0.371308
vt 0.963351 0.370815
vt 0.963320 0.373082
vt 0.968496 0.250080
vt 0.968694 0.243177
vt 0.966493 0.243820
vt 0.960878 0.301959
vt 0.963038 0.301959
vt 0.963320 0.295263
vt 0.966875 0.388248
vt 0.966493 0.386038
vt 0.963320 0.386474
vt 0.968496 0.250080
vt 0.966303 0.250080
vt 0.966493 0.256340
vt 0.960878 0.301959
vt 0.961181 0.309473
vt 0.963320 0.308655
vt 0.966875 0.241610
vt 0.963351 0.241117
vt 0.963320 0.243384
vt 0.968496 0.301959
vt 0.968694 0.295057
vt 0.966493 0.295699
vt 0.960878 0.353838
vt 0.963038 0.353838
vt 0.963320 0.347143
vt 0.966875 0.258550
vt 0.966493 0.256340
vt 0.963320 0.256776
vt 0.968496 0.301959
vt 0.966303 0.301959
vt 0.966493 0.308220
vt 0.960878 0.146321
vt 0.963038 0.146321
vt 0.963320 0.139626
vt 0.960878 0.353838
vt 0.961181 0.361352
vt 0.963320 0.360534
vt 0.966875 0.293489
vt 0.963351 0.292996
vt 0.963320 0.295263
vt 0.960878 0.146321
vt 0.961181 0.153835
vt 0.963320 0.153017
vt 0.968496 0.353838
vt 0.968694 0.346936
vt 0.966493 0.347578
vt 0.960380 0.647472
vt 0.962539 0.647472
vt 0.962822 0.640776
vt 0.966875 0.310429
vt 0.966493 0.308220
vt 0.963320 0.308655
vt 0.968496 0.146321
vt 0.968694 0.139419
vt 0.966493 0.140061
vt 0.968496 0.353838
vt 0.966303 0.353838
vt 0.966493 0.360099
vt 0.960878 0.172261
vt 0.963038 0.172261
vt 0.963320 0.165565
vt 0.960380 0.647472
vt 0.960682 0.654986
vt 0.962822 0.654168
vt 0.968496 0.146321
vt 0.966303 0.146321
vt 0.966493 0.152582
vt 0.966875 0.345369
vt 0.963351 0.344875
vt 0.963320 0.347143
vt 0.960878 0.172261
vt 0.961181 0.179775
vt 0.963320 0.178957
vt 0.967998 0.647472
vt 0.968195 0.640570
vt 0.965994 0.641212
vt 0.966875 0.137852
vt 0.963351 0.137359
vt 0.963320 0.139626
vt 0.966875 0.362308
vt 0.966493 0.360099
vt 0.963320 0.360534
vt 0.968496 0.172261
vt 0.968694 0.165358
vt 0.966493 0.166001
vt 0.967998 0.647472
vt 0.965805 0.647472
vt 0.965994 0.653733
vt 0.960878 0.405718
vt 0.963038 0.405718
vt 0.963320 0.399022
vt 0.966875 0.154791
vt 0.966493 0.152582
vt 0.963320 0.153017
vt 0.968496 0.172261
vt 0.966303 0.172261
vt 0.966493 0.178522
vt 0.966377 0.639002
vt 0.962853 0.638509
vt 0.962822 0.640776
vt 0.960878 0.405718
vt 0.961181 0.413231
vt 0.963320 0.412414
vt 0.966875 0.163791
vt 0.963351 0.163298
vt 0.963320 0.165565
vt 0.966377 0.655942
vt 0.965994 0.653733
vt 0.962822 0.654168
vt 0.968496 0.405718
vt 0.968694 0.398815
vt 0.966493 0.399457
vt 0.960878 0.327899
vt 0.963038 0.327899
vt 0.963320 0.321203
vn 0.000000 -0.000001 -1.000000
vn 0.000000 -0.195091 -0.980785
vn 0.000000 -0.195091 -0.980785
vn 0.000000 -0.831469 0.555571
vn 0.000000 -0.707106 0.707108
vn 0.000000 -0.707106 0.707108
vn 0.000000 -0.923879 -0.382684
vn 0.000000 -0.980785 -0.195091
vn 0.000000 -0.980785 -0.195091
vn 0.000000 0.555571 0.831469
vn 0.000000 0.707107 0.707107
vn 0.000000 0.707107 0.707106
vn 0.000000 -0.195091 -0.980785
vn 0.000000 -0.382684 -0.923880
vn 0.000000 -0.382684 -0.923880
vn 0.000000 -0.831469 -0.555570
vn 0.000000 -0.923879 -0.382684
vn 0.000000 -0.923879 -0.382684
vn 0.000000 0.382684 0.923879
vn 0.000000 0.555571 0.831469
vn 0.000000 0.555571 0.831469
vn 0.000000 0.195089 -0.980786
vn 0.000000 -0.000001 -1.000000
vn 0.000000 -0.000001 -1.000000
vn 0.000000 -0.707107 -0.707107
vn 0.000000 -0.831469 -0.555571
vn 0.000000 -0.831469 -0.555570
vn 0.000000 0.195091 0.980785
vn 0.000000 0.382684 0.923879
vn 0.000000 0.382684 0.923879
vn 0.000000 0.382683 -0.923880
vn 0.000000 0.195089 -0.980786
vn 0.000000 0.195089 -0.980786
vn 0.000000 -0.555570 -0.831470
vn 0.000000 -0.707107 -0.707107
vn 0.000000 -0.707107 -0.707107
vn 0.000000 0.195091 0.980785
vn 0.000000 0.000000 1.000000
vn 0.000000 0.195091 0.980785
vn 0.000000 0.555569 -0.831471
vn 0.000000 0.382683 -0.923880
vn 0.000000 0.382683 -0.923880
vn 0.000000 -0.382684 -0.923880
vn 0.000000 -0.555570 -0.831470
vn 0.000000 -0.555570 -0.831470
vn 0.000000 -0.195090 0.980785
vn 0.000000 0.000000 1.000000
vn 0.000000 0.000000 1.000000
vn 0.000000 0.707106 -0.707108
vn 0.000000 0.555569 -0.831470
vn 0.000000 0.555569 -0.831471
vn 0.000000 -0.382683 0.923880
vn 0.000000 -0.195090 0.980785
vn 0.000000 -0.195090 0.980785
vn 0.000000 0.831469 -0.555571
vn 0.000000 0.707106 -0.707108
vn 0.000000 0.707106 -0.707108
vn 0.000000 -0.555570 0.831470
vn 0.000000 -0.382683 0.923880
vn 0.000000 -0.382683 0.923880
vn 0.000000 0.923879 -0.382684
vn 0.000000 0.831469 -0.555571
vn 0.000000 0.831469 -0.555571
vn 0.000000 -0.707107 0.707107
vn 0.000000 -0.555570 0.831470
vn 0.000000 -0.555570 0.831470
vn 0.000000 0.980785 -0.195092
vn 0.000000 0.923879 -0.382684
vn 0.000000 0.923879 -0.382684
vn 0.000000 -0.831470 0.555570
vn 0.000000 -0.707107 0.707107
vn 0.000000 -0.707107 0.707107
vn 0.000000 1.000000 -0.000002
vn 0.000000 0.980785 -0.195092
vn 0.000000 0.980785 -0.195092
vn 0.000000 -0.923880 0.382684
vn 0.000000 -0.831470 0.555570
vn 0.000000 -0.831470 0.555570
vn 0.000000 0.980785 0.195090
vn 0.000000 1.000000 -0.000002
vn 0.000000 1.000000 -0.000002
vn 0.000000 -0.980785 0.195091
vn 0.000000 -0.923880 0.382684
vn 0.000000 -0.923880 0.382684
vn 0.000000 0.923880 0.382683
vn 0.000000 0.980785 0.195090
vn 0.000000 0.980785 0.195090
vn 0.000000 -1.000000 0.000000
vn 0.000000 -0.980785 0.195091
vn 0.000000 -0.980785 0.195091
vn 0.000000 0.831470 0.555570
vn 0.000000 0.923880 0.382683
vn 0.000000 0.923880 0.382683
vn 0.000000 -0.980785 -0.195091
vn 0.000000 -1.000000 0.000000
vn 0.000000 -1.000000 0.000000
vn 0.000000 0.707107 0.707106
vn 0.000000 0.831470 0.555570
vn 0.000000 0.831470 0.555570
vn 0.311831 0.361989 -0.878479
vn 0.311527 0.361824 -0.878655
vn 0.311104 0.361595 -0.878899
vn 0.311832 -0.950136 0.001746
vn 0.311528 -0.950235 0.001965
vn 0.311105 -0.950373 0.002270
vn 0.098990 -0.194131 0.975968
vn 0.098519 -0.097539 0.990344
vn 0.098519 -0.097539 0.990344
vn 0.067083 0.829596 -0.554319
vn 0.066760 0.771285 -0.632980
vn 0.067084 0.829596 -0.554319
vn 0.098990 0.827386 0.552841
vn 0.098517 0.769249 0.631308
vn 0.098990 0.827386 0.552841
vn 0.311831 -0.001744 0.950136
vn 0.311526 -0.001964 0.950236
vn 0.312298 -0.001407 0.949983
vn 0.067083 -0.194652 -0.978576
vn 0.066761 -0.289637 -0.954806
vn 0.067083 -0.194652 -0.978576
vn 0.098990 -0.827385 0.552843
vn 0.098518 -0.877630 0.469105
vn 0.098990 -0.827385 0.552843
vn 0.098990 0.827386 0.552841
vn 0.098519 0.877630 0.469104
vn 0.098519 0.877630 0.469104
vn 0.067085 0.978576 0.194651
vn 0.066760 0.954805 0.289637
vn 0.066759 0.954805 0.289637
vn 0.067083 -0.194652 -0.978576
vn 0.066761 -0.097800 -0.992964
vn 0.066761 -0.097801 -0.992964
vn 0.311831 0.877143 -0.365214
vn 0.311527 0.877151 -0.365454
vn 0.311105 0.877162 -0.365788
vn 0.098990 -0.827385 0.552843
vn 0.098520 -0.769249 0.631308
vn 0.098521 -0.769249 0.631307
vn 0.067085 0.978576 0.194651
vn 0.066765 0.992964 0.097798
vn 0.067086 0.978576 0.194651
vn 0.098990 0.194133 0.975968
vn 0.098517 0.288872 0.952285
vn 0.098517 0.288872 0.952285
vn 0.311831 -0.673082 0.670613
vn 0.311526 -0.673308 0.670528
vn 0.312298 -0.672735 0.670744
vn 0.098989 -0.975968 -0.194132
vn 0.098518 -0.952285 -0.288873
vn 0.098989 -0.975968 -0.194132
vn 0.098990 0.194133 0.975968
vn 0.098518 0.097541 0.990343
vn 0.098990 0.194133 0.975968
vn 0.067082 0.554319 0.829596
vn 0.066760 0.470346 0.879953
vn 0.066760 0.470346 0.879953
vn 0.311829 0.878480 0.361988
vn 0.311524 0.878656 0.361823
vn 0.311101 0.878900 0.361594
vn 0.098989 -0.975968 -0.194132
vn 0.098519 -0.990343 -0.097540
vn 0.098520 -0.990343 -0.097541
vn 0.067082 0.554319 0.829596
vn 0.066762 0.632978 0.771285
vn 0.067082 0.554319 0.829596
vn 0.311832 -0.950136 -0.001746
vn 0.311528 -0.950235 -0.001965
vn 0.312298 -0.949983 -0.001409
vn 0.098990 -0.552842 -0.827385
vn 0.098518 -0.469104 -0.877630
vn 0.098990 -0.552842 -0.827385
vn 0.067083 -0.194651 0.978576
vn 0.066762 -0.289637 0.954805
vn 0.066762 -0.289637 0.954805
vn 0.311832 0.365213 0.877143
vn 0.311528 0.365455 0.877151
vn 0.311104 0.365790 0.877162
vn 0.098990 -0.552842 -0.827385
vn 0.098517 -0.631308 -0.769250
vn 0.098517 -0.631308 -0.769249
vn 0.067083 -0.194651 0.978576
vn 0.066762 -0.097799 0.992964
vn 0.067082 -0.194650 0.978576
vn 0.311832 -0.670613 -0.673081
vn 0.311527 -0.670528 -0.673308
vn 0.312301 -0.670744 -0.672734
vn 0.098991 0.194132 -0.975968
vn 0.098519 0.288872 -0.952285
vn 0.098991 0.194132 -0.975968
vn 0.067083 -0.829597 0.554319
vn 0.066761 -0.879954 0.470345
vn 0.066762 -0.879954 0.470345
vn 0.311832 -0.361990 0.878479
vn 0.311527 -0.361825 0.878655
vn 0.311104 -0.361596 0.878899
vn 0.000000 0.555570 -0.831470
vn 0.000000 0.382683 -0.923880
vn 0.000000 0.382683 -0.923880
vn 0.000000 -0.923879 0.382684
vn 0.000000 -0.831469 0.555571
vn 0.000000 -0.831469 0.555571
vn 0.000000 0.707107 -0.707107
vn 0.000000 0.555570 -0.831470
vn 0.000000 0.555570 -0.831470
vn 0.000000 -0.980785 0.195093
vn 0.000000 -0.923879 0.382684
vn 0.000000 -0.923879 0.382684
vn 0.000000 0.831470 -0.555570
vn 0.000000 0.707107 -0.707107
vn 0.000000 0.707107 -0.707107
vn 0.000000 -1.000000 0.000001
vn 0.000000 -0.980785 0.195093
vn 0.000000 -0.980785 0.195093
vn 0.000000 0.923879 -0.382684
vn 0.000000 0.831470 -0.555570
vn 0.000000 0.831470 -0.555570
vn 0.000000 -0.980785 -0.195090
vn 0.000000 -1.000000 0.000001
vn 0.000000 -1.000000 0.000001
vn 0.000000 0.980785 -0.195091
vn 0.000000 0.923879 -0.382684
vn 0.000000 0.923879 -0.382684
vn 0.000000 -0.923880 -0.382683
vn 0.000000 -0.980785 -0.195090
vn 0.000000 -0.980785 -0.195090
vn 0.000000 1.000000 0.000000
vn 0.000000 0.980785 -0.195091
vn 0.000000 0.980785 -0.195091
vn 0.000000 -0.831470 -0.555570
vn 0.000000 -0.923880 -0.382683
vn 0.000000 -0.923880 -0.382683
vn 0.000000 0.980785 0.195091
vn 0.000000 1.000000 0.000000
vn 0.000000 1.000000 0.000000
vn 0.000000 -0.707107 -0.707106
vn 0.000000 -0.831470 -0.555570
vn 0.000000 -0.831470 -0.555570
vn 0.000000 0.000001 1.000000
vn 0.000000 0.195091 0.980785
vn 0.000000 0.195091 0.980785
vn 0.000000 0.923879 0.382684
vn 0.000000 0.980785 0.195091
vn 0.000000 0.980785 0.195091
vn 0.000000 -0.555571 -0.831469
vn 0.000000 -0.707107 -0.707106
vn 0.000000 -0.707107 -0.707106
vn 0.000000 0.195091 0.980785
vn 0.000000 0.382683 0.923880
vn 0.000000 0.382683 0.923880
vn 0.000000 0.831470 0.555570
vn 0.000000 0.923879 0.382684
vn 0.000000 0.923879 0.382684
vn 0.000000 -0.382684 -0.923879
vn 0.000000 -0.555571 -0.831469
vn 0.000000 -0.555571 -0.831469
vn 0.000000 -0.195089 0.980786
vn 0.000000 0.000001 1.000000
vn 0.000000 0.000001 1.000000
vn 0.000000 0.707107 0.707107
vn 0.000000 0.831470 0.555570
vn 0.000000 0.831470 0.555570
vn 0.000000 -0.195091 -0.980785
vn 0.000000 -0.382684 -0.923879
vn 0.000000 -0.382684 -0.923879
vn 0.000000 -0.382683 0.923880
vn 0.000000 -0.195089 0.980786
vn 0.000000 -0.195089 0.980786
vn 0.000000 0.555570 0.831470
vn 0.000000 0.707107 0.707107
vn 0.000000 0.707107 0.707107
vn 0.000000 -0.000000 -1.000000
vn 0.000000 -0.195090 -0.980785
vn 0.000000 -0.195091 -0.980785
vn 0.000000 -0.555569 0.831471
vn 0.000000 -0.382683 0.923880
vn 0.000000 -0.382683 0.923880
vn 0.000000 0.382683 0.923880
vn 0.000000 0.555570 0.831470
vn 0.000000 0.555570 0.831470
vn 0.000000 -0.000000 -1.000000
vn 0.000000 0.195090 -0.980785
vn 0.000000 -0.000000 -1.000000
vn 0.000000 -0.707106 0.707108
vn 0.000000 -0.555569 0.831471
vn 0.000000 -0.555569 0.831471
vn 0.000000 0.382683 -0.923880
vn 0.000000 0.195090 -0.980785
vn 0.000000 0.195091 -0.980785
vn 0.999974 0.002920 0.006584
vn 0.999961 -0.001726 0.008677
vn 0.999961 -0.001726 0.008677
vn 0.999974 -0.005217 0.004965
vn 0.999961 -0.001726 0.008677
vn 0.999970 -0.002966 0.007162
vn 0.999972 -0.006031 0.004510
vn 0.999966 -0.001616 0.008124
vn 0.999981 0.000000 0.006159
vn 0.999972 0.003847 0.006474
vn 0.999966 -0.001616 0.008124
vn 0.999966 -0.001616 0.008124
vn 0.999974 0.002920 0.006584
vn 0.999981 0.000000 0.006159
vn 0.999970 0.000000 0.007752
vn 0.999974 -0.005217 0.004965
vn 0.999981 -0.002357 0.005690
vn 0.999972 0.003847 0.006474
vn 0.999974 0.000178 0.007200
vn 0.999961 -0.004915 0.007356
vn 0.999961 -0.004915 0.007355
vn 0.999974 -0.006720 0.002591
vn 0.999961 -0.004915 0.007356
vn 0.999970 -0.005481 0.005482
vn 0.999972 -0.007298 0.001858
vn 0.999966 -0.004602 0.006887
vn 0.999981 -0.002357 0.005690
vn 0.999972 0.001076 0.007453
vn 0.999966 -0.004602 0.006887
vn 0.999966 -0.004602 0.006887
vn 0.999974 0.000178 0.007200
vn 0.999981 -0.002357 0.005690
vn 0.999970 -0.002966 0.007162
vn 0.999974 -0.006720 0.002591
vn 0.999981 -0.004355 0.004354
vn 0.999972 0.001076 0.007453
vn 0.999974 -0.002591 0.006720
vn 0.999961 -0.007356 0.004915
vn 0.999961 -0.007356 0.004915
vn 0.999974 -0.007200 -0.000178
vn 0.999961 -0.007356 0.004915
vn 0.999970 -0.007162 0.002967
vn 0.999972 -0.007453 -0.001077
vn 0.999966 -0.006887 0.004602
vn 0.999981 -0.004355 0.004354
vn 0.999972 -0.001858 0.007298
vn 0.999966 -0.006887 0.004602
vn 0.999966 -0.006887 0.004602
vn 0.999974 -0.002591 0.006720
vn 0.999981 -0.004355 0.004354
vn 0.999970 -0.005481 0.005482
vn 0.999974 -0.007200 -0.000178
vn 0.999981 -0.005690 0.002357
vn 0.999972 -0.001858 0.007298
vn 0.999974 -0.004965 0.005217
vn 0.999961 -0.008677 0.001726
vn 0.999961 -0.008677 0.001726
vn 0.999974 -0.006584 -0.002920
vn 0.999961 -0.008677 0.001726
vn 0.999970 -0.007752 0.000000
vn 0.999972 -0.006474 -0.003846
vn 0.999966 -0.008124 0.001616
vn 0.999981 -0.005690 0.002357
vn 0.999972 -0.004509 0.006031
vn 0.999966 -0.008124 0.001616
vn 0.999966 -0.008124 0.001616
vn 0.999974 -0.004965 0.005217
vn 0.999981 -0.005690 0.002357
vn 0.999970 -0.007162 0.002967
vn 0.999974 -0.006584 -0.002920
vn 0.999981 -0.006159 0.000000
vn 0.999972 -0.004509 0.006031
vn 0.999974 -0.006584 0.002920
vn 0.999961 -0.008677 -0.001726
vn 0.999961 -0.008677 -0.001726
vn 0.999974 -0.004965 -0.005217
vn 0.999961 -0.008677 -0.001726
vn 0.999970 -0.007162 -0.002966
vn 0.999972 -0.004509 -0.006031
vn 0.999966 -0.008124 -0.001616
vn 0.999981 -0.006159 0.000000
vn 0.999972 -0.006474 0.003846
vn 0.999966 -0.008124 -0.001616
vn 0.999966 -0.008124 -0.001616
vn 0.999974 -0.006584 0.002920
vn 0.999981 -0.006159 0.000000
vn 0.999970 -0.007752 0.000000
vn 0.999974 -0.004965 -0.005217
vn 0.999981 -0.005690 -0.002357
vn 0.999972 -0.006474 0.003846
vn 0.999974 -0.007200 0.000178
vn 0.999961 -0.007356 -0.004915
vn 0.999961 -0.007356 -0.004915
vn 0.999974 -0.002591 -0.006720
vn 0.999961 -0.007356 -0.004915
vn 0.999970 -0.005481 -0.005481
vn 0.999972 -0.001858 -0.007298
vn 0.999966 -0.006887 -0.004602
vn 0.999981 -0.005690 -0.002357
vn 0.999972 -0.007453 0.001077
vn 0.999966 -0.006887 -0.004602
vn 0.999966 -0.006887 -0.004602
vn 0.999974 -0.007200 0.000178
vn 0.999981 -0.005690 -0.002357
vn 0.999970 -0.007162 -0.002966
vn 0.999974 -0.002591 -0.006720
vn 0.999981 -0.004355 -0.004354
vn 0.999972 -0.007453 0.001077
vn 0.999974 -0.006720 -0.002591
vn 0.999961 -0.004915 -0.007356
vn 0.999961 -0.004915 -0.007356
vn 0.999974 0.000178 -0.007200
vn 0.999961 -0.004915 -0.007356
vn 0.999970 -0.002966 -0.007162
vn 0.999972 0.001076 -0.007453
vn 0.999966 -0.004602 -0.006887
vn 0.999981 -0.004355 -0.004354
vn 0.999972 -0.007298 -0.001858
vn 0.999966 -0.004602 -0.006887
vn 0.999966 -0.004602 -0.006888
vn 0.999974 -0.006720 -0.002591
vn 0.999981 -0.004355 -0.004354
vn 0.999970 -0.005481 -0.005481
vn 0.999974 0.000178 -0.007200
vn 0.999981 -0.002357 -0.005690
vn 0.999972 -0.007298 -0.001858
vn 0.999974 -0.005217 -0.004965
vn 0.999961 -0.001726 -0.008677
vn 0.999961 -0.001726 -0.008677
vn 0.999974 0.002920 -0.006584
vn 0.999961 -0.001726 -0.008677
vn 0.999970 0.000000 -0.007752
vn 0.999972 0.003847 -0.006474
vn 0.999966 -0.001616 -0.008124
vn 0.999981 -0.002357 -0.005690
vn 0.999972 -0.006031 -0.004509
vn 0.999966 -0.001616 -0.008124
vn 0.999966 -0.001616 -0.008124
vn 0.999974 -0.005217 -0.004965
vn 0.999981 -0.002357 -0.005690
vn 0.999970 -0.002966 -0.007162
vn 0.999974 0.002920 -0.006584
vn 0.999981 0.000000 -0.006158
vn 0.999972 -0.006031 -0.004509
vn 0.999974 -0.002920 -0.006584
vn 0.999961 0.001726 -0.008677
vn 0.999961 0.001726 -0.008677
vn 0.999974 0.005217 -0.004965
vn 0.999961 0.001726 -0.008677
vn 0.999970 0.002966 -0.007162
vn 0.999972 0.006031 -0.004509
vn 0.999966 0.001616 -0.008124
vn 0.999981 0.000000 -0.006158
vn 0.999972 -0.003847 -0.006474
vn 0.999966 0.001616 -0.008124
vn 0.999966 0.001616 -0.008124
vn 0.999974 -0.002920 -0.006584
vn 0.999981 0.000000 -0.006158
vn 0.999970 0.000000 -0.007752
vn 0.999974 0.005217 -0.004965
vn 0.999981 0.002357 -0.005690
vn 0.999972 -0.003847 -0.006474
vn 0.999974 -0.000178 -0.007200
vn 0.999961 0.004915 -0.007356
vn 0.999961 0.004915 -0.007356
vn 0.999974 0.006720 -0.002591
vn 0.999961 0.004915 -0.007356
vn 0.999970 0.005481 -0.005481
vn 0.999972 0.007298 -0.001858
vn 0.999966 0.004602 -0.006888
vn 0.999981 0.002357 -0.005690
vn 0.999972 -0.001076 -0.007453
vn 0.999966 0.004602 -0.006888
vn 0.999966 0.004602 -0.006888
vn 0.999974 -0.000178 -0.007200
vn 0.999981 0.002357 -0.005690
vn 0.999970 0.002966 -0.007162
vn 0.999974 0.006720 -0.002591
vn 0.999981 0.004355 -0.004355
vn 0.999972 -0.001076 -0.007453
vn 0.999974 0.002591 -0.006720
vn 0.999961 0.007356 -0.004915
vn 0.999961 0.007356 -0.004915
vn 0.999974 0.007200 0.000178
vn 0.999961 0.007356 -0.004915
vn 0.999970 0.007162 -0.002967
vn 0.999972 0.007453 0.001076
vn 0.999966 0.006887 -0.004602
vn 0.999981 0.004355 -0.004355
vn 0.999972 0.001858 -0.007298
vn 0.999966 0.006887 -0.004602
vn 0.999966 0.006887 -0.004602
vn 0.999974 0.002591 -0.006720
vn 0.999981 0.004355 -0.004355
vn 0.999970 0.005481 -0.005481
vn 0.999974 0.007200 0.000178
vn 0.999981 0.005690 -0.002357
vn 0.999972 0.001858 -0.007298
vn 0.999974 0.004965 -0.005217
vn 0.999961 0.008677 -0.001726
vn 0.999961 0.008677 -0.001726
vn 0.999974 0.006584 0.002920
vn 0.999961 0.008677 -0.001726
vn 0.999970 0.007752 0.000000
vn 0.999972 0.006474 0.003846
vn 0.999966 0.008124 -0.001616
vn 0.999981 0.005690 -0.002357
vn 0.999972 0.004509 -0.006031
vn 0.999966 0.008124 -0.001616
vn 0.999966 0.008124 -0.001616
vn 0.999974 0.004965 -0.005217
vn 0.999981 0.005690 -0.002357
vn 0.999970 0.007162 -0.002967
vn 0.999974 0.006584 0.002920
vn 0.999981 0.006158 0.000000
vn 0.999972 0.004509 -0.006031
vn 0.999974 0.006584 -0.002920
vn 0.999961 0.008677 0.001726
vn 0.999961 0.008677 0.001726
vn 0.999974 0.004965 0.005217
vn 0.999961 0.008677 0.001726
vn 0.999970 0.007162 0.002966
vn 0.999972 0.004509 0.006031
vn 0.999966 0.008124 0.001616
vn 0.999981 0.006158 0.000000
vn 0.999972 0.006474 -0.003845
vn 0.999966 0.008124 0.001616
vn 0.999966 0.008124 0.001616
vn 0.999974 0.006584 -0.002920
vn 0.999981 0.006158 0.000000
vn 0.999970 0.007752 0.000000
vn 0.999974 0.004965 0.005217
vn 0.999981 0.005690 0.002357
vn 0.999972 0.006474 -0.003845
vn 0.999974 0.007200 -0.000178
vn 0.999961 0.007356 0.004915
vn 0.999961 0.007356 0.004915
vn 0.999974 0.002591 0.006720
vn 0.999961 0.007356 0.004915
vn 0.999970 0.005481 0.005481
vn 0.999972 0.001858 0.007298
vn 0.999966 0.006887 0.004602
vn 0.999981 0.005690 0.002357
vn 0.999972 0.007453 -0.001077
vn 0.999966 0.006887 0.004602
vn 0.999966 0.006887 0.004602
vn 0.999974 0.007200 -0.000178
vn 0.999981 0.005690 0.002357
vn 0.999970 0.007162 0.002966
vn 0.999974 0.002591 0.006720
vn 0.999981 0.004355 0.004355
vn 0.999972 0.007453 -0.001077
vn 0.999974 0.006720 0.002591
vn 0.999961 0.004915 0.007356
vn 0.999961 0.004915 0.007356
vn 0.999974 -0.000178 0.007200
vn 0.999961 0.004915 0.007356
vn 0.999970 0.002966 0.007162
vn 0.999972 -0.001076 0.007453
vn 0.999966 0.004602 0.006887
vn 0.999981 0.004355 0.004355
vn 0.999972 0.007298 0.001858
vn 0.999966 0.004602 0.006887
vn 0.999966 0.004602 0.006887
vn 0.999974 0.006720 0.002591
vn 0.999981 0.004355 0.004355
vn 0.999970 0.005481 0.005481
vn 0.999974 -0.000178 0.007200
vn 0.999981 0.002357 0.005689
vn 0.999972 0.007298 0.001858
vn 0.999974 -0.002920 0.006584
vn 0.999961 0.001726 0.008677
vn 0.999970 0.000000 0.007752
vn 0.999974 0.005217 0.004965
vn 0.999961 0.001726 0.008677
vn 0.999961 0.001726 0.008677
vn 0.999972 0.006031 0.004509
vn 0.999966 0.001616 0.008124
vn 0.999966 0.001616 0.008125
vn 0.999972 -0.003847 0.006474
vn 0.999966 0.001616 0.008124
vn 0.999981 0.002357 0.005689
vn 0.999974 -0.002920 0.006584
vn 0.999981 0.000000 0.006159
vn 0.999972 0.006031 0.004509
vn 0.999974 0.005217 0.004965
vn 0.999981 0.002357 0.005689
vn 0.999970 0.002966 0.007162
vn 0.999999 -0.000136 -0.001382
vn 0.999999 -0.000270 -0.001355
vn 0.999999 -0.000270 -0.001355
vn 0.999999 0.000136 -0.001381
vn 0.999999 0.000270 -0.001355
vn 0.999999 0.000136 -0.001381
vn 0.999999 0.000403 -0.001329
vn 0.999999 0.000270 -0.001355
vn 0.999999 0.000270 -0.001355
vn 0.999999 0.000654 -0.001225
vn 0.999999 0.000768 -0.001149
vn 0.999999 0.000654 -0.001225
vn 0.999999 0.000881 -0.001073
vn 0.999999 0.000768 -0.001149
vn 0.999999 0.000768 -0.001149
vn 0.999999 0.001073 -0.000881
vn 0.999999 0.001149 -0.000768
vn 0.999999 0.001073 -0.000881
vn 0.999999 0.001224 -0.000655
vn 0.999999 0.001149 -0.000768
vn 0.999999 0.001149 -0.000768
vn 0.999999 0.001329 -0.000403
vn 0.999999 0.001355 -0.000270
vn 0.999999 0.001329 -0.000403
vn 0.999999 0.001382 -0.000136
vn 0.999999 0.001355 -0.000270
vn 0.999999 0.001355 -0.000269
vn 0.999999 0.001382 0.000136
vn 0.999999 0.001355 0.000269
vn 0.999999 0.001382 0.000136
vn 0.999999 0.001329 0.000403
vn 0.999999 0.001355 0.000269
vn 0.999999 0.001355 0.000269
vn 0.999999 0.001224 0.000654
vn 0.999999 0.001149 0.000768
vn 0.999999 0.001224 0.000654
vn 0.999999 0.001073 0.000881
vn 0.999999 0.001149 0.000768
vn 0.999999 0.001149 0.000768
vn 0.999999 0.000881 0.001073
vn 0.999999 0.000768 0.001149
vn 0.999999 0.000881 0.001073
vn 0.999999 0.000654 0.001224
vn 0.999999 0.000768 0.001149
vn 0.999999 0.000768 0.001149
vn 0.999999 0.000403 0.001329
vn 0.999999 0.000269 0.001355
vn 0.999999 0.000403 0.001329
vn 0.999999 0.000136 0.001382
vn 0.999999 0.000269 0.001355
vn 0.999999 0.000269 0.001355
vn 0.999999 -0.000136 0.001382
vn 0.999999 -0.000269 0.001355
vn 0.999999 -0.000136 0.001382
vn 0.999999 -0.000403 0.001329
vn 0.999999 -0.000269 0.001355
vn 0.999999 -0.000269 0.001355
vn 0.999999 -0.000654 0.001225
vn 0.999999 -0.000768 0.001149
vn 0.999999 -0.000654 0.001225
vn 0.999999 -0.000881 0.001073
vn 0.999999 -0.000768 0.001149
vn 0.999999 -0.000768 0.001149
vn 0.999999 -0.001073 0.000881
vn 0.999999 -0.001149 0.000768
vn 0.999999 -0.001073 0.000881
vn 0.999999 -0.001224 0.000655
vn 0.999999 -0.001149 0.000768
vn 0.999999 -0.001149 0.000768
vn 0.999999 -0.001329 0.000403
vn 0.999999 -0.001355 0.000270
vn 0.999999 -0.001329 0.000403
vn 0.999999 -0.001382 0.000136
vn 0.999999 -0.001355 0.000270
vn 0.999999 -0.001355 0.000270
vn 0.999999 -0.001382 -0.000136
vn 0.999999 -0.001355 -0.000270
vn 0.999999 -0.001382 -0.000136
vn 0.999999 -0.001329 -0.000403
vn 0.999999 -0.001355 -0.000270
vn 0.999999 -0.001355 -0.000270
vn 0.999999 -0.001224 -0.000655
vn 0.999999 -0.001149 -0.000768
vn 0.999999 -0.001224 -0.000655
vn 0.999999 -0.001073 -0.000881
vn 0.999999 -0.001149 -0.000768
vn 0.999999 -0.001149 -0.000767
vn 0.999999 -0.000881 -0.001073
vn 0.999999 -0.000768 -0.001149
vn 0.999999 -0.000881 -0.001073
vn 0.999999 -0.000654 -0.001224
vn 0.999999 -0.000768 -0.001149
vn 0.999999 -0.000768 -0.001149
vn 0.999999 -0.000403 -0.001329
vn 0.999999 -0.000270 -0.001355
vn 0.999999 -0.000403 -0.001329
vn 0.067083 -0.829597 -0.554319
vn 0.066763 -0.879954 -0.470345
vn 0.067083 -0.829597 -0.554319
vn 0.067083 0.829596 -0.554319
vn 0.066761 0.879954 -0.470345
vn 0.066761 0.879954 -0.470345
vn 0.098991 0.975968 -0.194133
vn 0.098520 0.952285 -0.288872
vn 0.098520 0.952285 -0.288872
vn 0.098990 -0.194131 0.975968
vn 0.098518 -0.288872 0.952285
vn 0.098990 -0.194131 0.975968
vn 0.311831 0.878479 -0.361990
vn 0.311526 0.878655 -0.361824
vn 0.312300 0.878208 -0.362243
vn 0.067083 -0.829597 -0.554319
vn 0.066762 -0.771286 -0.632978
vn 0.066762 -0.771286 -0.632978
vn 0.311829 0.670615 0.673081
vn 0.311524 0.670530 0.673307
vn 0.312296 0.670745 0.672735
vn 0.098991 0.975968 -0.194133
vn 0.098519 0.990343 -0.097541
vn 0.098991 0.975968 -0.194133
vn 0.067084 0.194650 -0.978576
vn 0.066762 0.097797 -0.992965
vn 0.067084 0.194651 -0.978576
vn 0.311832 0.365215 -0.877143
vn 0.311527 0.365455 -0.877151
vn 0.312299 0.364845 -0.877131
vn 0.311832 -0.365215 -0.877143
vn 0.311527 -0.365455 -0.877151
vn 0.311104 -0.365790 -0.877162
vn 0.067084 -0.978576 0.194651
vn 0.066761 -0.954805 0.289637
vn 0.067084 -0.978576 0.194651
vn 0.067084 0.194650 -0.978576
vn 0.066762 0.289635 -0.954806
vn 0.066761 0.289635 -0.954806
vn 0.098991 0.552841 -0.827386
vn 0.098518 0.469103 -0.877631
vn 0.098518 0.469103 -0.877631
vn 0.311832 -0.670613 0.673082
vn 0.311527 -0.670528 0.673308
vn 0.311105 -0.670409 0.673621
vn 0.067084 -0.978576 0.194651
vn 0.066762 -0.992964 0.097799
vn 0.066762 -0.992964 0.097799
vn 0.311830 0.950136 0.001744
vn 0.311525 0.950236 0.001964
vn 0.312298 0.949983 0.001406
vn 0.098991 0.552841 -0.827386
vn 0.098519 0.631308 -0.769250
vn 0.098991 0.552841 -0.827386
vn 0.311830 -0.361989 -0.878479
vn 0.311526 -0.361824 -0.878656
vn 0.312298 -0.362242 -0.878209
vn 0.311832 -0.878479 -0.361987
vn 0.311526 -0.878656 -0.361822
vn 0.311102 -0.878901 -0.361592
vn 0.067083 -0.554319 0.829597
vn 0.066760 -0.470344 0.879954
vn 0.067083 -0.554319 0.829597
vn 0.098991 -0.194133 -0.975968
vn 0.098519 -0.288874 -0.952285
vn 0.098519 -0.288874 -0.952285
vn 0.311831 0.001746 0.950136
vn 0.311526 0.001965 0.950236
vn 0.311103 0.002271 0.950373
vn 0.067083 -0.554319 0.829597
vn 0.066762 -0.632978 0.771286
vn 0.066762 -0.632978 0.771285
vn 0.098991 -0.194133 -0.975968
vn 0.098519 -0.097540 -0.990344
vn 0.098991 -0.194133 -0.975968
vn 0.311831 -0.877143 -0.365214
vn 0.311527 -0.877151 -0.365454
vn 0.312297 -0.877131 -0.364845
vn 0.067083 0.194651 0.978576
vn 0.066762 0.289639 0.954805
vn 0.067083 0.194651 0.978576
vn 0.098990 -0.827386 -0.552841
vn 0.098517 -0.877632 -0.469101
vn 0.098517 -0.877632 -0.469101
vn 0.311832 0.673081 0.670613
vn 0.311528 0.673307 0.670528
vn 0.311105 0.673620 0.670409
vn 0.067083 0.194651 0.978576
vn 0.066761 0.097798 0.992965
vn 0.066761 0.097798 0.992965
vn 0.098990 -0.827386 -0.552841
vn 0.098517 -0.769250 -0.631308
vn 0.098991 -0.827386 -0.552841
vn 0.311829 -0.878480 0.361988
vn 0.311525 -0.878656 0.361824
vn 0.312296 -0.878210 0.362241
vn 0.067082 0.829597 0.554318
vn 0.066759 0.879954 0.470344
vn 0.067083 0.829597 0.554318
vn 0.098994 -0.975967 0.194134
vn 0.098519 -0.952284 0.288874
vn 0.098518 -0.952284 0.288875
vn 0.311831 0.950136 -0.001746
vn 0.311527 0.950235 -0.001965
vn 0.311105 0.950373 -0.002270
vn 0.067082 0.829597 0.554318
vn 0.066759 0.771286 0.632978
vn 0.066759 0.771286 0.632978
vn 0.098992 0.552842 0.827385
vn 0.098519 0.631308 0.769249
vn 0.098519 0.631308 0.769249
vn 0.098994 -0.975967 0.194134
vn 0.098519 -0.990343 0.097542
vn 0.098995 -0.975967 0.194134
vn 0.311831 -0.365213 0.877143
vn 0.311527 -0.365455 0.877151
vn 0.312299 -0.364843 0.877131
vn 0.098992 0.552842 0.827385
vn 0.098518 0.469103 0.877631
vn 0.098992 0.552842 0.827385
vn 0.067084 0.978576 -0.194653
vn 0.066762 0.954805 -0.289638
vn 0.067084 0.978576 -0.194653
vn 0.098992 -0.552840 0.827387
vn 0.098519 -0.469102 0.877632
vn 0.098519 -0.469102 0.877632
vn 0.311831 0.670613 -0.673082
vn 0.311526 0.670529 -0.673307
vn 0.311104 0.670412 -0.673619
vn 0.067084 -0.554319 -0.829597
vn 0.066762 -0.632978 -0.771285
vn 0.067085 -0.554319 -0.829597
vn 0.067084 0.978576 -0.194653
vn 0.066765 0.992964 -0.097802
vn 0.066765 0.992964 -0.097802
vn 0.098991 0.975968 0.194133
vn 0.098518 0.990344 0.097541
vn 0.098518 0.990344 0.097541
vn 0.098992 -0.552840 0.827387
vn 0.098520 -0.631305 0.769251
vn 0.098992 -0.552840 0.827387
vn 0.067084 -0.554319 -0.829597
vn 0.066760 -0.470344 -0.879954
vn 0.066760 -0.470344 -0.879954
vn 0.311833 0.361989 0.878478
vn 0.311528 0.361824 0.878655
vn 0.312301 0.362243 0.878208
vn 0.098991 0.975968 0.194133
vn 0.098518 0.952285 0.288874
vn 0.098991 0.975968 0.194133
vn 0.067082 0.554318 -0.829597
vn 0.066762 0.470345 -0.879954
vn 0.067082 0.554318 -0.829597
vn 0.311831 0.673081 -0.670614
vn 0.311527 0.673307 -0.670529
vn 0.312298 0.672735 -0.670744
vn 0.311831 -0.001747 -0.950136
vn 0.311527 -0.001966 -0.950235
vn 0.311104 -0.002272 -0.950373
vn 0.067085 -0.978576 -0.194651
vn 0.066762 -0.992965 -0.097799
vn 0.067086 -0.978576 -0.194651
vn 0.067082 0.554318 -0.829597
vn 0.066760 0.632976 -0.771287
vn 0.066761 0.632976 -0.771287
vn 0.098992 0.827386 -0.552841
vn 0.098520 0.769249 -0.631308
vn 0.098520 0.769249 -0.631308
vn 0.311831 -0.877143 0.365214
vn 0.311527 -0.877151 0.365454
vn 0.311106 -0.877162 0.365788
vn 0.067085 -0.978576 -0.194651
vn 0.066761 -0.954805 -0.289638
vn 0.066760 -0.954805 -0.289638
vn 0.311833 0.877143 0.365212
vn 0.311529 0.877151 0.365453
vn 0.312300 0.877131 0.364842
vn 0.098992 0.827386 -0.552841
vn 0.098520 0.877631 -0.469103
vn 0.098992 0.827386 -0.552841
vn 0.311831 0.001745 -0.950136
vn 0.311527 0.001965 -0.950235
vn 0.312299 0.001408 -0.949983
vn 0.311834 -0.673083 -0.670612
vn 0.311529 -0.673309 -0.670526
vn 0.311106 -0.673622 -0.670408
vn 0.067083 -0.829597 0.554319
vn 0.066762 -0.771285 0.632978
vn 0.067083 -0.829597 0.554318
vn 0.098991 0.194132 -0.975968
vn 0.098519 0.097540 -0.990344
vn 0.098519 0.097540 -0.990344
vn 0.000000 -0.000001 -1.000000
vn 0.000000 -0.000001 -1.000000
vn 0.000000 -0.195091 -0.980785
vn 0.000000 -0.831469 0.555571
vn 0.000000 -0.831469 0.555571
vn 0.000000 -0.707106 0.707108
vn 0.000000 -0.923879 -0.382684
vn 0.000000 -0.923879 -0.382684
vn 0.000000 -0.980785 -0.195091
vn 0.000000 0.555571 0.831469
vn 0.000000 0.555571 0.831469
vn 0.000000 0.707107 0.707107
vn 0.000000 -0.195091 -0.980785
vn 0.000000 -0.195091 -0.980785
vn 0.000000 -0.382684 -0.923880
vn 0.000000 -0.831469 -0.555570
vn 0.000000 -0.831469 -0.555571
vn 0.000000 -0.923879 -0.382684
vn 0.000000 0.382684 0.923879
vn 0.000000 0.382684 0.923879
vn 0.000000 0.555571 0.831469
vn 0.000000 0.195089 -0.980786
vn 0.000000 0.195089 -0.980786
vn 0.000000 -0.000001 -1.000000
vn 0.000000 -0.707107 -0.707107
vn 0.000000 -0.707107 -0.707107
vn 0.000000 -0.831469 -0.555571
vn 0.000000 0.195091 0.980785
vn 0.000000 0.195091 0.980785
vn 0.000000 0.382684 0.923879
vn 0.000000 0.382683 -0.923880
vn 0.000000 0.382683 -0.923880
vn 0.000000 0.195089 -0.980786
vn 0.000000 -0.555570 -0.831470
vn 0.000000 -0.555570 -0.831470
vn 0.000000 -0.707107 -0.707107
vn 0.000000 0.195091 0.980785
vn 0.000000 0.000000 1.000000
vn 0.000000 0.000000 1.000000
vn 0.000000 0.555569 -0.831471
vn 0.000000 0.555569 -0.831470
vn 0.000000 0.382683 -0.923880
vn 0.000000 -0.382684 -0.923880
vn 0.000000 -0.382684 -0.923880
vn 0.000000 -0.555570 -0.831470
vn 0.000000 -0.195090 0.980785
vn 0.000000 -0.195090 0.980785
vn 0.000000 0.000000 1.000000
vn 0.000000 0.707106 -0.707108
vn 0.000000 0.707106 -0.707108
vn 0.000000 0.555569 -0.831470
vn 0.000000 -0.382683 0.923880
vn 0.000000 -0.382683 0.923880
vn 0.000000 -0.195090 0.980785
vn 0.000000 0.831469 -0.555571
vn 0.000000 0.831469 -0.555571
vn 0.000000 0.707106 -0.707108
vn 0.000000 -0.555570 0.831470
vn 0.000000 -0.555570 0.831470
vn 0.000000 -0.382683 0.923880
vn 0.000000 0.923879 -0.382684
vn 0.000000 0.923879 -0.382684
vn 0.000000 0.831469 -0.555571
vn 0.000000 -0.707107 0.707107
vn 0.000000 -0.707107 0.707107
vn 0.000000 -0.555570 0.831470
vn 0.000000 0.980785 -0.195092
vn 0.000000 0.980785 -0.195092
vn 0.000000 0.923879 -0.382684
vn 0.000000 -0.831470 0.555570
vn 0.000000 -0.831470 0.555570
vn 0.000000 -0.707107 0.707107
vn 0.000000 1.000000 -0.000002
vn 0.000000 1.000000 -0.000002
vn 0.000000 0.980785 -0.195092
vn 0.000000 -0.923880 0.382684
vn 0.000000 -0.923880 0.382684
vn 0.000000 -0.831470 0.555570
vn 0.000000 0.980785 0.195090
vn 0.000000 0.980785 0.195090
vn 0.000000 1.000000 -0.000002
vn 0.000000 -0.980785 0.195091
vn 0.000000 -0.980785 0.195091
vn 0.000000 -0.923880 0.382684
vn 0.000000 0.923880 0.382683
vn 0.000000 0.923880 0.382683
vn 0.000000 0.980785 0.195090
vn 0.000000 -1.000000 0.000000
vn 0.000000 -1.000000 0.000000
vn 0.000000 -0.980785 0.195091
vn 0.000000 0.831470 0.555570
vn 0.000000 0.831470 0.555570
vn 0.000000 0.923880 0.382683
vn 0.000000 -0.980785 -0.195091
vn 0.000000 -0.980785 -0.195091
vn 0.000000 -1.000000 0.000000
vn 0.000000 0.707107 0.707106
vn 0.000000 0.707107 0.707107
vn 0.000000 0.831470 0.555570
vn 0.311831 0.361989 -0.878479
vn 0.312299 0.362242 -0.878209
vn 0.311527 0.361824 -0.878655
vn 0.311832 -0.950136 0.001746
vn 0.312298 -0.949983 0.001409
vn 0.311528 -0.950235 0.001965
vn 0.098990 -0.194131 0.975968
vn 0.098990 -0.194131 0.975968
vn 0.098519 -0.097539 0.990344
vn 0.067083 0.829596 -0.554319
vn 0.066760 0.771285 -0.632980
vn 0.066760 0.771285 -0.632980
vn 0.098990 0.827386 0.552841
vn 0.098517 0.769249 0.631308
vn 0.098517 0.769249 0.631308
vn 0.311831 -0.001744 0.950136
vn 0.311103 -0.002269 0.950373
vn 0.311526 -0.001964 0.950236
vn 0.067083 -0.194652 -0.978576
vn 0.066761 -0.289636 -0.954806
vn 0.066761 -0.289637 -0.954806
vn 0.098990 -0.827385 0.552843
vn 0.098518 -0.877630 0.469105
vn 0.098518 -0.877630 0.469105
vn 0.098990 0.827386 0.552841
vn 0.098990 0.827386 0.552841
vn 0.098519 0.877630 0.469104
vn 0.067085 0.978576 0.194651
vn 0.067086 0.978576 0.194651
vn 0.066760 0.954805 0.289637
vn 0.067083 -0.194652 -0.978576
vn 0.067083 -0.194652 -0.978576
vn 0.066761 -0.097800 -0.992964
vn 0.311831 0.877143 -0.365214
vn 0.312297 0.877131 -0.364845
vn 0.311527 0.877151 -0.365454
vn 0.098990 -0.827385 0.552843
vn 0.098990 -0.827385 0.552843
vn 0.098520 -0.769249 0.631308
vn 0.067085 0.978576 0.194651
vn 0.066764 0.992964 0.097798
vn 0.066765 0.992964 0.097798
vn 0.098990 0.194133 0.975968
vn 0.098990 0.194133 0.975968
vn 0.098517 0.288872 0.952285
vn 0.311831 -0.673082 0.670613
vn 0.311104 -0.673621 0.670410
vn 0.311526 -0.673308 0.670528
vn 0.098989 -0.975968 -0.194132
vn 0.098518 -0.952285 -0.288873
vn 0.098518 -0.952285 -0.288873
vn 0.098990 0.194133 0.975968
vn 0.098518 0.097541 0.990343
vn 0.098518 0.097541 0.990343
vn 0.067082 0.554319 0.829596
vn 0.067082 0.554319 0.829596
vn 0.066760 0.470346 0.879953
vn 0.311829 0.878480 0.361988
vn 0.312297 0.878210 0.362241
vn 0.311524 0.878656 0.361823
vn 0.098989 -0.975968 -0.194132
vn 0.098989 -0.975968 -0.194132
vn 0.098519 -0.990343 -0.097540
vn 0.067082 0.554319 0.829596
vn 0.066762 0.632978 0.771285
vn 0.066762 0.632978 0.771285
vn 0.311832 -0.950136 -0.001746
vn 0.311105 -0.950373 -0.002270
vn 0.311528 -0.950235 -0.001965
vn 0.098990 -0.552842 -0.827385
vn 0.098518 -0.469104 -0.877630
vn 0.098518 -0.469104 -0.877630
vn 0.067083 -0.194651 0.978576
vn 0.067082 -0.194650 0.978576
vn 0.066762 -0.289637 0.954805
vn 0.311832 0.365213 0.877143
vn 0.312300 0.364843 0.877131
vn 0.311528 0.365455 0.877151
vn 0.098990 -0.552842 -0.827385
vn 0.098990 -0.552842 -0.827385
vn 0.098517 -0.631308 -0.769250
vn 0.067083 -0.194651 0.978576
vn 0.066762 -0.097799 0.992965
vn 0.066762 -0.097799 0.992964
vn 0.311832 -0.670613 -0.673081
vn 0.311103 -0.670409 -0.673622
vn 0.311527 -0.670528 -0.673308
vn 0.098991 0.194132 -0.975968
vn 0.098519 0.288872 -0.952285
vn 0.098519 0.288872 -0.952285
vn 0.067083 -0.829597 0.554319
vn 0.067083 -0.829597 0.554318
vn 0.066761 -0.879954 0.470345
vn 0.311832 -0.361990 0.878479
vn 0.312299 -0.362243 0.878208
vn 0.311527 -0.361825 0.878655
vn 0.000000 0.555570 -0.831470
vn 0.000000 0.555570 -0.831470
vn 0.000000 0.382683 -0.923880
vn 0.000000 -0.923879 0.382684
vn 0.000000 -0.923879 0.382684
vn 0.000000 -0.831469 0.555571
vn 0.000000 0.707107 -0.707107
vn 0.000000 0.707107 -0.707107
vn 0.000000 0.555570 -0.831470
vn 0.000000 -0.980785 0.195093
vn 0.000000 -0.980785 0.195093
vn 0.000000 -0.923879 0.382684
vn 0.000000 0.831470 -0.555570
vn 0.000000 0.831470 -0.555570
vn 0.000000 0.707107 -0.707107
vn 0.000000 -1.000000 0.000001
vn 0.000000 -1.000000 0.000001
vn 0.000000 -0.980785 0.195093
vn 0.000000 0.923879 -0.382684
vn 0.000000 0.923879 -0.382684
vn 0.000000 0.831470 -0.555570
vn 0.000000 -0.980785 -0.195090
vn 0.000000 -0.980785 -0.195090
vn 0.000000 -1.000000 0.000001
vn 0.000000 0.980785 -0.195091
vn 0.000000 0.980785 -0.195091
vn 0.000000 0.923879 -0.382684
vn 0.000000 -0.923880 -0.382683
vn 0.000000 -0.923880 -0.382683
vn 0.000000 -0.980785 -0.195090
vn 0.000000 1.000000 0.000000
vn 0.000000 1.000000 0.000000
vn 0.000000 0.980785 -0.195091
vn 0.000000 -0.831470 -0.555570
vn 0.000000 -0.831470 -0.555570
vn 0.000000 -0.923880 -0.382683
vn 0.000000 0.980785 0.195091
vn 0.000000 0.980785 0.195091
vn 0.000000 1.000000 0.000000
vn 0.000000 -0.707107 -0.707106
vn 0.000000 -0.707107 -0.707106
vn 0.000000 -0.831470 -0.555570
vn 0.000000 0.000001 1.000000
vn 0.000000 0.000001 1.000000
vn 0.000000 0.195091 0.980785
vn 0.000000 0.923879 0.382684
vn 0.000000 0.923879 0.382684
vn 0.000000 0.980785 0.195091
vn 0.000000 -0.555571 -0.831469
vn 0.000000 -0.555571 -0.831469
vn 0.000000 -0.707107 -0.707106
vn 0.000000 0.195091 0.980785
vn 0.000000 0.195091 0.980785
vn 0.000000 0.382683 0.923880
vn 0.000000 0.831470 0.555570
vn 0.000000 0.831470 0.555570
vn 0.000000 0.923879 0.382684
vn 0.000000 -0.382684 -0.923879
vn 0.000000 -0.382684 -0.923879
vn 0.000000 -0.555571 -0.831469
vn 0.000000 -0.195089 0.980786
vn 0.000000 -0.195089 0.980786
vn 0.000000 0.000001 1.000000
vn 0.000000 0.707107 0.707107
vn 0.000000 0.707107 0.707107
vn 0.000000 0.831470 0.555570
vn 0.000000 -0.195091 -0.980785
vn 0.000000 -0.195090 -0.980785
vn 0.000000 -0.382684 -0.923879
vn 0.000000 -0.382683 0.923880
vn 0.000000 -0.382683 0.923880
vn 0.000000 -0.195089 0.980786
vn 0.000000 0.555570 0.831470
vn 0.000000 0.555570 0.831470
vn 0.000000 0.707107 0.707107
vn 0.000000 -0.000000 -1.000000
vn 0.000000 -0.000000 -1.000000
vn 0.000000 -0.195090 -0.980785
vn 0.000000 -0.555569 0.831471
vn 0.000000 -0.555569 0.831471
vn 0.000000 -0.382683 0.923880
vn 0.000000 0.382683 0.923880
vn 0.000000 0.382683 0.923880
vn 0.000000 0.555570 0.831470
vn 0.000000 -0.000000 -1.000000
vn 0.000000 0.195091 -0.980785
vn 0.000000 0.195090 -0.980785
vn 0.000000 -0.707106 0.707108
vn 0.000000 -0.707106 0.707108
vn 0.000000 -0.555569 0.831471
vn 0.000000 0.382683 -0.923880
vn 0.000000 0.382683 -0.923880
vn 0.000000 0.195090 -0.980785
vn 0.999974 0.002920 0.006584
vn 0.999970 0.000000 0.007752
vn 0.999961 -0.001726 0.008677
vn 0.999974 -0.005217 0.004965
vn 0.999961 -0.001726 0.008677
vn 0.999961 -0.001726 0.008677
vn 0.999972 -0.006031 0.004510
vn 0.999966 -0.001616 0.008124
vn 0.999966 -0.001616 0.008124
vn 0.999972 0.003847 0.006474
vn 0.999981 -0.002357 0.005690
vn 0.999966 -0.001616 0.008124
vn 0.999974 0.002920 0.006584
vn 0.999972 -0.006031 0.004510
vn 0.999981 0.000000 0.006159
vn 0.999974 -0.005217 0.004965
vn 0.999970 -0.002966 0.007162
vn 0.999981 -0.002357 0.005690
vn 0.999974 0.000178 0.007200
vn 0.999970 -0.002966 0.007162
vn 0.999961 -0.004915 0.007356
vn 0.999974 -0.006720 0.002591
vn 0.999961 -0.004915 0.007355
vn 0.999961 -0.004915 0.007356
vn 0.999972 -0.007298 0.001858
vn 0.999966 -0.004602 0.006887
vn 0.999966 -0.004602 0.006887
vn 0.999972 0.001076 0.007453
vn 0.999981 -0.004355 0.004354
vn 0.999966 -0.004602 0.006887
vn 0.999974 0.000178 0.007200
vn 0.999972 -0.007298 0.001858
vn 0.999981 -0.002357 0.005690
vn 0.999974 -0.006720 0.002591
vn 0.999970 -0.005481 0.005482
vn 0.999981 -0.004355 0.004354
vn 0.999974 -0.002591 0.006720
vn 0.999970 -0.005481 0.005482
vn 0.999961 -0.007356 0.004915
vn 0.999974 -0.007200 -0.000178
vn 0.999961 -0.007356 0.004915
vn 0.999961 -0.007356 0.004915
vn 0.999972 -0.007453 -0.001077
vn 0.999966 -0.006887 0.004602
vn 0.999966 -0.006887 0.004602
vn 0.999972 -0.001858 0.007298
vn 0.999981 -0.005690 0.002357
vn 0.999966 -0.006887 0.004602
vn 0.999974 -0.002591 0.006720
vn 0.999972 -0.007453 -0.001077
vn 0.999981 -0.004355 0.004354
vn 0.999974 -0.007200 -0.000178
vn 0.999970 -0.007162 0.002967
vn 0.999981 -0.005690 0.002357
vn 0.999974 -0.004965 0.005217
vn 0.999970 -0.007162 0.002967
vn 0.999961 -0.008677 0.001726
vn 0.999974 -0.006584 -0.002920
vn 0.999961 -0.008677 0.001726
vn 0.999961 -0.008677 0.001726
vn 0.999972 -0.006474 -0.003846
vn 0.999966 -0.008124 0.001616
vn 0.999966 -0.008124 0.001616
vn 0.999972 -0.004509 0.006031
vn 0.999981 -0.006159 0.000000
vn 0.999966 -0.008124 0.001616
vn 0.999974 -0.004965 0.005217
vn 0.999972 -0.006474 -0.003846
vn 0.999981 -0.005690 0.002357
vn 0.999974 -0.006584 -0.002920
vn 0.999970 -0.007752 0.000000
vn 0.999981 -0.006159 0.000000
vn 0.999974 -0.006584 0.002920
vn 0.999970 -0.007752 0.000000
vn 0.999961 -0.008677 -0.001726
vn 0.999974 -0.004965 -0.005217
vn 0.999961 -0.008677 -0.001726
vn 0.999961 -0.008677 -0.001726
vn 0.999972 -0.004509 -0.006031
vn 0.999966 -0.008124 -0.001616
vn 0.999966 -0.008124 -0.001616
vn 0.999972 -0.006474 0.003846
vn 0.999981 -0.005690 -0.002357
vn 0.999966 -0.008124 -0.001616
vn 0.999974 -0.006584 0.002920
vn 0.999972 -0.004509 -0.006031
vn 0.999981 -0.006159 0.000000
vn 0.999974 -0.004965 -0.005217
vn 0.999970 -0.007162 -0.002966
vn 0.999981 -0.005690 -0.002357
vn 0.999974 -0.007200 0.000178
vn 0.999970 -0.007162 -0.002966
vn 0.999961 -0.007356 -0.004915
vn 0.999974 -0.002591 -0.006720
vn 0.999961 -0.007356 -0.004915
vn 0.999961 -0.007356 -0.004915
vn 0.999972 -0.001858 -0.007298
vn 0.999966 -0.006887 -0.004602
vn 0.999966 -0.006887 -0.004602
vn 0.999972 -0.007453 0.001077
vn 0.999981 -0.004355 -0.004354
vn 0.999966 -0.006887 -0.004602
vn 0.999974 -0.007200 0.000178
vn 0.999972 -0.001858 -0.007298
vn 0.999981 -0.005690 -0.002357
vn 0.999974 -0.002591 -0.006720
vn 0.999970 -0.005481 -0.005481
vn 0.999981 -0.004355 -0.004354
vn 0.999974 -0.006720 -0.002591
vn 0.999970 -0.005481 -0.005481
vn 0.999961 -0.004915 -0.007356
vn 0.999974 0.000178 -0.007200
vn 0.999961 -0.004915 -0.007356
vn 0.999961 -0.004915 -0.007356
vn 0.999972 0.001076 -0.007453
vn 0.999966 -0.004602 -0.006888
vn 0.999966 -0.004602 -0.006887
vn 0.999972 -0.007298 -0.001858
vn 0.999981 -0.002357 -0.005690
vn 0.999966 -0.004602 -0.006887
vn 0.999974 -0.006720 -0.002591
vn 0.999972 0.001076 -0.007453
vn 0.999981 -0.004355 -0.004354
vn 0.999974 0.000178 -0.007200
vn 0.999970 -0.002966 -0.007162
vn 0.999981 -0.002357 -0.005690
vn 0.999974 -0.005217 -0.004965
vn 0.999970 -0.002966 -0.007162
vn 0.999961 -0.001726 -0.008677
vn 0.999974 0.002920 -0.006584
vn 0.999961 -0.001726 -0.008677
vn 0.999961 -0.001726 -0.008677
vn 0.999972 0.003847 -0.006474
vn 0.999966 -0.001616 -0.008124
vn 0.999966 -0.001616 -0.008124
vn 0.999972 -0.006031 -0.004509
vn 0.999981 0.000000 -0.006158
vn 0.999966 -0.001616 -0.008124
vn 0.999974 -0.005217 -0.004965
vn 0.999972 0.003847 -0.006474
vn 0.999981 -0.002357 -0.005690
vn 0.999974 0.002920 -0.006584
vn 0.999970 0.000000 -0.007752
vn 0.999981 0.000000 -0.006158
vn 0.999974 -0.002920 -0.006584
vn 0.999970 0.000000 -0.007752
vn 0.999961 0.001726 -0.008677
vn 0.999974 0.005217 -0.004965
vn 0.999961 0.001726 -0.008677
vn 0.999961 0.001726 -0.008677
vn 0.999972 0.006031 -0.004509
vn 0.999966 0.001616 -0.008124
vn 0.999966 0.001616 -0.008124
vn 0.999972 -0.003847 -0.006474
vn 0.999981 0.002357 -0.005690
vn 0.999966 0.001616 -0.008124
vn 0.999974 -0.002920 -0.006584
vn 0.999972 0.006031 -0.004509
vn 0.999981 0.000000 -0.006158
vn 0.999974 0.005217 -0.004965
vn 0.999970 0.002966 -0.007162
vn 0.999981 0.002357 -0.005690
vn 0.999974 -0.000178 -0.007200
vn 0.999970 0.002966 -0.007162
vn 0.999961 0.004915 -0.007356
vn 0.999974 0.006720 -0.002591
vn 0.999961 0.004915 -0.007356
vn 0.999961 0.004915 -0.007356
vn 0.999972 0.007298 -0.001858
vn 0.999966 0.004602 -0.006888
vn 0.999966 0.004602 -0.006888
vn 0.999972 -0.001076 -0.007453
vn 0.999981 0.004355 -0.004355
vn 0.999966 0.004602 -0.006888
vn 0.999974 -0.000178 -0.007200
vn 0.999972 0.007298 -0.001858
vn 0.999981 0.002357 -0.005690
vn 0.999974 0.006720 -0.002591
vn 0.999970 0.005481 -0.005481
vn 0.999981 0.004355 -0.004355
vn 0.999974 0.002591 -0.006720
vn 0.999970 0.005481 -0.005481
vn 0.999961 0.007356 -0.004915
vn 0.999974 0.007200 0.000178
vn 0.999961 0.007356 -0.004915
vn 0.999961 0.007356 -0.004915
vn 0.999972 0.007453 0.001076
vn 0.999966 0.006887 -0.004602
vn 0.999966 0.006887 -0.004602
vn 0.999972 0.001858 -0.007298
vn 0.999981 0.005690 -0.002357
vn 0.999966 0.006887 -0.004602
vn 0.999974 0.002591 -0.006720
vn 0.999972 0.007453 0.001076
vn 0.999981 0.004355 -0.004355
vn 0.999974 0.007200 0.000178
vn 0.999970 0.007162 -0.002967
vn 0.999981 0.005690 -0.002357
vn 0.999974 0.004965 -0.005217
vn 0.999970 0.007162 -0.002967
vn 0.999961 0.008677 -0.001726
vn 0.999974 0.006584 0.002920
vn 0.999961 0.008677 -0.001726
vn 0.999961 0.008677 -0.001726
vn 0.999972 0.006474 0.003846
vn 0.999966 0.008124 -0.001616
vn 0.999966 0.008124 -0.001616
vn 0.999972 0.004509 -0.006031
vn 0.999981 0.006158 0.000000
vn 0.999966 0.008124 -0.001616
vn 0.999974 0.004965 -0.005217
vn 0.999972 0.006474 0.003846
vn 0.999981 0.005690 -0.002357
vn 0.999974 0.006584 0.002920
vn 0.999970 0.007752 0.000000
vn 0.999981 0.006158 0.000000
vn 0.999974 0.006584 -0.002920
vn 0.999970 0.007752 0.000000
vn 0.999961 0.008677 0.001726
vn 0.999974 0.004965 0.005217
vn 0.999961 0.008677 0.001726
vn 0.999961 0.008677 0.001726
vn 0.999972 0.004509 0.006031
vn 0.999966 0.008124 0.001616
vn 0.999966 0.008124 0.001616
vn 0.999972 0.006474 -0.003845
vn 0.999981 0.005690 0.002357
vn 0.999966 0.008124 0.001616
vn 0.999974 0.006584 -0.002920
vn 0.999972 0.004509 0.006031
vn 0.999981 0.006158 0.000000
vn 0.999974 0.004965 0.005217
vn 0.999970 0.007162 0.002966
vn 0.999981 0.005690 0.002357
vn 0.999974 0.007200 -0.000178
vn 0.999970 0.007162 0.002966
vn 0.999961 0.007356 0.004915
vn 0.999974 0.002591 0.006720
vn 0.999961 0.007356 0.004915
vn 0.999961 0.007356 0.004915
vn 0.999972 0.001858 0.007298
vn 0.999966 0.006887 0.004602
vn 0.999966 0.006887 0.004602
vn 0.999972 0.007453 -0.001077
vn 0.999981 0.004355 0.004355
vn 0.999966 0.006887 0.004602
vn 0.999974 0.007200 -0.000178
vn 0.999972 0.001858 0.007298
vn 0.999981 0.005690 0.002357
vn 0.999974 0.002591 0.006720
vn 0.999970 0.005481 0.005481
vn 0.999981 0.004355 0.004355
vn 0.999974 0.006720 0.002591
vn 0.999970 0.005481 0.005481
vn 0.999961 0.004915 0.007356
vn 0.999974 -0.000178 0.007200
vn 0.999961 0.004915 0.007356
vn 0.999961 0.004915 0.007356
vn 0.999972 -0.001076 0.007453
vn 0.999966 0.004602 0.006887
vn 0.999966 0.004602 0.006887
vn 0.999972 0.007298 0.001858
vn 0.999981 0.002357 0.005689
vn 0.999966 0.004602 0.006887
vn 0.999974 0.006720 0.002591
vn 0.999972 -0.001076 0.007453
vn 0.999981 0.004355 0.004355
vn 0.999974 -0.000178 0.007200
vn 0.999970 0.002966 0.007162
vn 0.999981 0.002357 0.005689
vn 0.999974 -0.002920 0.006584
vn 0.999961 0.001726 0.008677
vn 0.999961 0.001726 0.008677
vn 0.999974 0.005217 0.004965
vn 0.999970 0.002966 0.007162
vn 0.999961 0.001726 0.008677
vn 0.999972 0.006031 0.004509
vn 0.999981 0.000000 0.006159
vn 0.999966 0.001616 0.008124
vn 0.999972 -0.003847 0.006474
vn 0.999966 0.001616 0.008125
vn 0.999966 0.001616 0.008124
vn 0.999974 -0.002920 0.006584
vn 0.999970 0.000000 0.007752
vn 0.999981 0.000000 0.006159
vn 0.999974 0.005217 0.004965
vn 0.999972 -0.003847 0.006474
vn 0.999981 0.002357 0.005689
vn 0.999999 -0.000136 -0.001382
vn 0.999999 -0.000136 -0.001382
vn 0.999999 -0.000270 -0.001355
vn 0.999999 0.000136 -0.001381
vn 0.999999 0.000270 -0.001355
vn 0.999999 0.000270 -0.001355
vn 0.999999 0.000403 -0.001329
vn 0.999999 0.000403 -0.001329
vn 0.999999 0.000270 -0.001355
vn 0.999999 0.000654 -0.001225
vn 0.999999 0.000768 -0.001149
vn 0.999999 0.000768 -0.001149
vn 0.999999 0.000881 -0.001073
vn 0.999999 0.000881 -0.001073
vn 0.999999 0.000768 -0.001149
vn 0.999999 0.001073 -0.000881
vn 0.999999 0.001149 -0.000768
vn 0.999999 0.001149 -0.000768
vn 0.999999 0.001224 -0.000655
vn 0.999999 0.001224 -0.000654
vn 0.999999 0.001149 -0.000768
vn 0.999999 0.001329 -0.000403
vn 0.999999 0.001355 -0.000269
vn 0.999999 0.001355 -0.000270
vn 0.999999 0.001382 -0.000136
vn 0.999999 0.001382 -0.000136
vn 0.999999 0.001355 -0.000270
vn 0.999999 0.001382 0.000136
vn 0.999999 0.001355 0.000269
vn 0.999999 0.001355 0.000269
vn 0.999999 0.001329 0.000403
vn 0.999999 0.001329 0.000403
vn 0.999999 0.001355 0.000269
vn 0.999999 0.001224 0.000654
vn 0.999999 0.001149 0.000768
vn 0.999999 0.001149 0.000768
vn 0.999999 0.001073 0.000881
vn 0.999999 0.001073 0.000881
vn 0.999999 0.001149 0.000768
vn 0.999999 0.000881 0.001073
vn 0.999999 0.000768 0.001149
vn 0.999999 0.000768 0.001149
vn 0.999999 0.000654 0.001224
vn 0.999999 0.000654 0.001225
vn 0.999999 0.000768 0.001149
vn 0.999999 0.000403 0.001329
vn 0.999999 0.000269 0.001355
vn 0.999999 0.000269 0.001355
vn 0.999999 0.000136 0.001382
vn 0.999999 0.000136 0.001382
vn 0.999999 0.000269 0.001355
vn 0.999999 -0.000136 0.001382
vn 0.999999 -0.000269 0.001355
vn 0.999999 -0.000269 0.001355
vn 0.999999 -0.000403 0.001329
vn 0.999999 -0.000403 0.001329
vn 0.999999 -0.000269 0.001355
vn 0.999999 -0.000654 0.001225
vn 0.999999 -0.000768 0.001149
vn 0.999999 -0.000768 0.001149
vn 0.999999 -0.000881 0.001073
vn 0.999999 -0.000881 0.001074
vn 0.999999 -0.000768 0.001149
vn 0.999999 -0.001073 0.000881
vn 0.999999 -0.001149 0.000768
vn 0.999999 -0.001149 0.000768
vn 0.999999 -0.001224 0.000655
vn 0.999999 -0.001224 0.000654
vn 0.999999 -0.001149 0.000768
vn 0.999999 -0.001329 0.000403
vn 0.999999 -0.001355 0.000270
vn 0.999999 -0.001355 0.000270
vn 0.999999 -0.001382 0.000136
vn 0.999999 -0.001382 0.000136
vn 0.999999 -0.001355 0.000270
vn 0.999999 -0.001382 -0.000136
vn 0.999999 -0.001355 -0.000270
vn 0.999999 -0.001355 -0.000270
vn 0.999999 -0.001329 -0.000403
vn 0.999999 -0.001329 -0.000403
vn 0.999999 -0.001355 -0.000270
vn 0.999999 -0.001224 -0.000655
vn 0.999999 -0.001149 -0.000767
vn 0.999999 -0.001149 -0.000768
vn 0.999999 -0.001073 -0.000881
vn 0.999999 -0.001073 -0.000881
vn 0.999999 -0.001149 -0.000768
vn 0.999999 -0.000881 -0.001073
vn 0.999999 -0.000768 -0.001149
vn 0.999999 -0.000768 -0.001149
vn 0.999999 -0.000654 -0.001224
vn 0.999999 -0.000654 -0.001225
vn 0.999999 -0.000768 -0.001149
vn 0.999999 -0.000403 -0.001329
vn 0.999999 -0.000270 -0.001355
vn 0.999999 -0.000270 -0.001355
vn 0.067083 -0.829597 -0.554319
vn 0.066763 -0.879954 -0.470345
vn 0.066763 -0.879954 -0.470345
vn 0.067083 0.829596 -0.554319
vn 0.067084 0.829596 -0.554319
vn 0.066761 0.879954 -0.470345
vn 0.098991 0.975968 -0.194133
vn 0.098991 0.975968 -0.194133
vn 0.098520 0.952285 -0.288872
vn 0.098990 -0.194131 0.975968
vn 0.098518 -0.288872 0.952285
vn 0.098518 -0.288872 0.952285
vn 0.311831 0.878479 -0.361990
vn 0.311102 0.878900 -0.361594
vn 0.311526 0.878655 -0.361824
vn 0.067083 -0.829597 -0.554319
vn 0.067083 -0.829597 -0.554319
vn 0.066762 -0.771286 -0.632978
vn 0.311829 0.670615 0.673081
vn 0.311102 0.670412 0.673620
vn 0.311524 0.670530 0.673307
vn 0.098991 0.975968 -0.194133
vn 0.098519 0.990343 -0.097541
vn 0.098519 0.990343 -0.097541
vn 0.067084 0.194650 -0.978576
vn 0.066762 0.097797 -0.992965
vn 0.066762 0.097797 -0.992965
vn 0.311832 0.365215 -0.877143
vn 0.311105 0.365790 -0.877161
vn 0.311527 0.365455 -0.877151
vn 0.311832 -0.365215 -0.877143
vn 0.312300 -0.364845 -0.877130
vn 0.311527 -0.365455 -0.877151
vn 0.067084 -0.978576 0.194651
vn 0.066760 -0.954805 0.289637
vn 0.066761 -0.954805 0.289637
vn 0.067084 0.194650 -0.978576
vn 0.067084 0.194651 -0.978576
vn 0.066762 0.289635 -0.954806
vn 0.098991 0.552841 -0.827386
vn 0.098991 0.552841 -0.827386
vn 0.098518 0.469103 -0.877631
vn 0.311832 -0.670613 0.673082
vn 0.312299 -0.670743 0.672735
vn 0.311527 -0.670528 0.673308
vn 0.067084 -0.978576 0.194651
vn 0.067084 -0.978576 0.194651
vn 0.066762 -0.992964 0.097799
vn 0.311830 0.950136 0.001744
vn 0.311101 0.950374 0.002270
vn 0.311525 0.950236 0.001964
vn 0.098991 0.552841 -0.827386
vn 0.098519 0.631308 -0.769250
vn 0.098519 0.631308 -0.769250
vn 0.311830 -0.361989 -0.878479
vn 0.311103 -0.361594 -0.878900
vn 0.311526 -0.361824 -0.878656
vn 0.311832 -0.878479 -0.361987
vn 0.312301 -0.878208 -0.362241
vn 0.311526 -0.878656 -0.361822
vn 0.067083 -0.554319 0.829597
vn 0.066760 -0.470344 0.879954
vn 0.066760 -0.470344 0.879954
vn 0.098991 -0.194133 -0.975968
vn 0.098991 -0.194133 -0.975968
vn 0.098519 -0.288874 -0.952285
vn 0.311831 0.001746 0.950136
vn 0.312299 0.001408 0.949983
vn 0.311526 0.001965 0.950236
vn 0.067083 -0.554319 0.829597
vn 0.067083 -0.554319 0.829597
vn 0.066762 -0.632978 0.771286
vn 0.098991 -0.194133 -0.975968
vn 0.098519 -0.097540 -0.990343
vn 0.098519 -0.097540 -0.990344
vn 0.311831 -0.877143 -0.365214
vn 0.311105 -0.877162 -0.365788
vn 0.311527 -0.877151 -0.365454
vn 0.067083 0.194651 0.978576
vn 0.066762 0.289639 0.954805
vn 0.066762 0.289639 0.954805
vn 0.098990 -0.827386 -0.552841
vn 0.098991 -0.827386 -0.552841
vn 0.098517 -0.877632 -0.469101
vn 0.311832 0.673081 0.670613
vn 0.312300 0.672734 0.670744
vn 0.311528 0.673307 0.670528
vn 0.067083 0.194651 0.978576
vn 0.067083 0.194651 0.978576
vn 0.066761 0.097798 0.992965
vn 0.098990 -0.827386 -0.552841
vn 0.098517 -0.769250 -0.631308
vn 0.098517 -0.769250 -0.631308
vn 0.311829 -0.878480 0.361988
vn 0.311102 -0.878900 0.361595
vn 0.311525 -0.878656 0.361824
vn 0.067082 0.829597 0.554318
vn 0.066759 0.879954 0.470344
vn 0.066759 0.879954 0.470344
vn 0.098994 -0.975967 0.194134
vn 0.098995 -0.975967 0.194134
vn 0.098519 -0.952284 0.288874
vn 0.311831 0.950136 -0.001746
vn 0.312298 0.949983 -0.001409
vn 0.311527 0.950235 -0.001965
vn 0.067082 0.829597 0.554318
vn 0.067083 0.829597 0.554318
vn 0.066759 0.771286 0.632978
vn 0.098992 0.552842 0.827385
vn 0.098992 0.552842 0.827385
vn 0.098519 0.631308 0.769249
vn 0.098994 -0.975967 0.194134
vn 0.098519 -0.990343 0.097542
vn 0.098519 -0.990343 0.097542
vn 0.311831 -0.365213 0.877143
vn 0.311103 -0.365790 0.877162
vn 0.311527 -0.365455 0.877151
vn 0.098992 0.552842 0.827385
vn 0.098518 0.469102 0.877632
vn 0.098518 0.469103 0.877631
vn 0.067084 0.978576 -0.194653
vn 0.066762 0.954805 -0.289638
vn 0.066762 0.954805 -0.289638
vn 0.098992 -0.552840 0.827387
vn 0.098992 -0.552840 0.827387
vn 0.098519 -0.469102 0.877632
vn 0.311831 0.670613 -0.673082
vn 0.312297 0.670743 -0.672737
vn 0.311526 0.670529 -0.673307
vn 0.067084 -0.554319 -0.829597
vn 0.066762 -0.632979 -0.771285
vn 0.066762 -0.632978 -0.771285
vn 0.067084 0.978576 -0.194653
vn 0.067084 0.978576 -0.194653
vn 0.066765 0.992964 -0.097802
vn 0.098991 0.975968 0.194133
vn 0.098991 0.975968 0.194133
vn 0.098518 0.990344 0.097541
vn 0.098992 -0.552840 0.827387
vn 0.098520 -0.631305 0.769251
vn 0.098520 -0.631305 0.769251
vn 0.067084 -0.554319 -0.829597
vn 0.067085 -0.554319 -0.829597
vn 0.066760 -0.470344 -0.879954
vn 0.311833 0.361989 0.878478
vn 0.311105 0.361594 0.878899
vn 0.311528 0.361824 0.878655
vn 0.098991 0.975968 0.194133
vn 0.098518 0.952285 0.288874
vn 0.098518 0.952285 0.288874
vn 0.067082 0.554318 -0.829597
vn 0.066762 0.470344 -0.879954
vn 0.066762 0.470345 -0.879954
vn 0.311831 0.673081 -0.670614
vn 0.311105 0.673620 -0.670411
vn 0.311527 0.673307 -0.670529
vn 0.311831 -0.001747 -0.950136
vn 0.312298 -0.001409 -0.949983
vn 0.311527 -0.001966 -0.950235
vn 0.067085 -0.978576 -0.194651
vn 0.066761 -0.992965 -0.097799
vn 0.066762 -0.992965 -0.097799
vn 0.067082 0.554318 -0.829597
vn 0.067082 0.554318 -0.829597
vn 0.066760 0.632976 -0.771287
vn 0.098992 0.827386 -0.552841
vn 0.098992 0.827386 -0.552841
vn 0.098520 0.769249 -0.631308
vn 0.311831 -0.877143 0.365214
vn 0.312296 -0.877131 0.364845
vn 0.311527 -0.877151 0.365454
vn 0.067085 -0.978576 -0.194651
vn 0.067086 -0.978576 -0.194651
vn 0.066761 -0.954805 -0.289638
vn 0.311833 0.877143 0.365212
vn 0.311107 0.877161 0.365788
vn 0.311529 0.877151 0.365453
vn 0.098992 0.827386 -0.552841
vn 0.098520 0.877631 -0.469103
vn 0.098520 0.877631 -0.469103
vn 0.311831 0.001745 -0.950136
vn 0.311104 0.002270 -0.950373
vn 0.311527 0.001965 -0.950235
vn 0.311834 -0.673083 -0.670612
vn 0.312301 -0.672736 -0.670742
vn 0.311529 -0.673309 -0.670526
vn 0.067083 -0.829597 0.554319
vn 0.066762 -0.771285 0.632979
vn 0.066762 -0.771285 0.632978
vn 0.098991 0.194132 -0.975968
vn 0.098991 0.194132 -0.975968
vn 0.098519 0.097540 -0.990344
f 1/1/1 2/2/2 3/3/3
f 4/4/4 5/5/5 6/6/6
f 7/7/7 8/8/8 9/9/9
f 10/10/10 11/11/11 12/12/12
f 13/13/13 14/14/14 15/15/15
f 16/16/16 17/17/17 18/18/18
f 19/19/19 20/20/20 21/21/21
f 22/22/22 23/23/23 24/24/24
f 25/25/25 26/26/26 27/27/27
f 28/28/28 29/29/29 30/30/30
f 31/31/31 32/32/32 33/33/33
f 34/34/34 35/35/35 36/36/36
f 37/37/37 38/38/38 39/39/39
f 40/40/40 41/41/41 42/42/42
f 43/43/43 44/44/44 45/45/45
f 46/46/46 47/47/47 48/48/48
f 49/49/49 50/50/50 51/51/51
f 52/52/52 53/53/53 54/54/54
f 55/55/55 56/56/56 57/57/57
f 58/58/58 59/59/59 60/60/60
f 61/61/61 62/62/62 63/63/63
f 64/64/64 65/65/65 66/66/66
f 67/67/67 68/68/68 69/69/69
f 70/70/70 71/71/71 72/72/72
f 73/73/73 74/74/74 75/75/75
f 76/76/76 77/77/77 78/78/78
f 79/79/79 80/80/80 81/81/81
f 82/82/82 83/83/83 84/84/84
f 85/85/85 86/86/86 87/87/87
f 88/88/88 89/89/89 90/90/90
f 91/91/91 92/92/92 93/93/93
f 94/94/94 95/95/95 96/96/96
f 97/97/97 98/98/98 99/99/99
f 100/100/100 101/101/101 102/102/102
f 103/103/103 104/104/104 105/105/105
f 106/106/106 107/107/107 108/108/108
f 109/109/109 110/110/110 111/111/111
f 112/112/112 113/113/113 114/114/114
f 115/115/115 116/116/116 117/117/117
f 118/118/118 119/119/119 120/120/120
f 121/121/121 122/122/122 123/123/123
f 124/124/124 125/125/125 126/126/126
f 127/127/127 128/128/128 129/129/129
f 130/130/130 131/131/131 132/132/132
f 133/133/133 134/134/134 135/135/135
f 136/136/136 137/137/137 138/138/138
f 139/139/139 140/140/140 141/141/141
f 142/142/142 143/143/143 144/144/144
f 145/145/145 146/146/146 147/147/147
f 148/148/148 149/149/149 150/150/150
f 151/151/151 152/152/152 153/153/153
f 154/154/154 155/155/155 156/156/156
f 157/157/157 158/158/158 159/159/159
f 160/160/160 161/161/161 162/162/162
f 163/163/163 164/164/164 165/165/165
f 166/166/166 167/167/167 168/168/168
f 169/169/169 170/170/170 171/171/171
f 172/172/172 173/173/173 174/174/174
f 175/175/175 176/176/176 177/177/177
f 178/178/178 179/179/179 180/180/180
f 181/181/181 182/182/182 183/183/183
f 184/184/184 185/185/185 186/186/186
f 187/187/187 188/188/188 189/189/189
f 190/190/190 191/191/191 192/192/192
f 193/193/193 194/194/194 195/195/195
f 196/196/196 197/197/197 198/198/198
f 199/199/199 200/200/200 201/201/201
f 202/202/202 203/203/203 204/204/204
f 205/205/205 206/206/206 207/207/207
f 208/208/208 209/209/209 210/210/210
f 211/211/211 212/212/212 213/213/213
f 214/214/214 215/215/215 216/216/216
f 217/217/217 218/218/218 219/219/219
f 220/220/220 221/221/221 222/222/222
f 223/223/223 224/224/224 225/225/225
f 226/226/226 227/227/227 228/228/228
f 229/229/229 230/230/230 231/231/231
f 232/232/232 233/233/233 234/234/234
f 235/235/235 236/236/236 237/237/237
f 238/238/238 239/239/239 240/240/240
f 241/241/241 242/242/242 243/243/243
f 244/244/244 245/245/245 246/246/246
f 247/247/247 248/248/248 249/249/249
f 250/250/250 251/251/251 252/252/252
f 253/253/253 254/254/254 255/255/255
f 256/256/256 257/257/257 258/258/258
f 259/259/259 260/260/260 261/261/261
f 262/262/262 263/263/263 264/264/264
f 265/265/265 266/266/266 267/267/267
f 268/268/268 269/269/269 270/270/270
f 271/271/271 272/272/272 273/273/273
f 274/274/274 275/275/275 276/276/276
f 277/277/277 278/278/278 279/279/279
f 280/280/280 281/281/281 282/282/282
f 283/283/283 284/284/284 285/285/285
f 286/286/286 287/287/287 288/288/288
f 289/289/289 290/290/290 291/291/291
f 292/292/292 293/293/293 294/294/294
f 295/295/295 296/296/296 297/297/297
f 298/298/298 299/299/299 300/300/300
f 301/301/301 302/302/302 303/303/303
f 304/304/304 305/305/305 306/306/306
f 307/307/307 308/308/308 309/309/309
f 310/310/310 311/311/311 312/312/312
f 313/313/313 314/314/314 315/315/315
f 316/316/316 317/317/317 318/318/318
f 319/319/319 320/320/320 321/321/321
f 322/322/322 323/323/323 324/324/324
f 325/325/325 326/326/326 327/327/327
f 328/328/328 329/329/329 330/330/330
f 331/331/331 332/332/332 333/333/333
f 334/334/334 335/335/335 336/336/336
f 337/337/337 338/338/338 339/339/339
f 340/340/340 341/341/341 342/342/342
f 343/343/343 344/344/344 345/345/345
f 346/346/346 347/347/347 348/348/348
f 349/349/349 350/350/350 351/351/351
f 352/352/352 353/353/353 354/354/354
f 355/355/355 356/356/356 357/357/357
f 358/358/358 359/359/359 360/360/360
f 361/361/361 362/362/362 363/363/363
f 364/364/364 365/365/365 366/366/366
f 367/367/367 368/368/368 369/369/369
f 370/370/370 371/371/371 372/372/372
f 373/373/373 374/374/374 375/375/375
f 376/376/376 377/377/377 378/378/378
f 379/379/379 380/380/380 381/381/381
f 382/382/382 383/383/383 384/384/384
f 385/385/385 386/386/386 387/387/387
f 388/388/388 389/389/389 390/390/390
f 391/391/391 392/392/392 393/393/393
f 394/394/394 395/395/395 396/396/396
f 397/397/397 398/398/398 399/399/399
f 400/400/400 401/401/401 402/402/402
f 403/403/403 404/404/404 405/405/405
f 406/406/406 407/407/407 408/408/408
f 409/409/409 410/410/410 411/411/411
f 412/412/412 413/413/413 414/414/414
f 415/415/415 416/416/416 417/417/417
f 418/418/418 419/419/419 420/420/420
f 421/421/421 422/422/422 423/423/423
f 424/424/424 425/425/425 426/426/426
f 427/427/427 428/428/428 429/429/429
f 430/430/430 431/431/431 432/432/432
f 433/433/433 434/434/434 435/435/435
f 436/436/436 437/437/437 438/438/438
f 439/439/439 440/440/440 441/441/441
f 442/442/442 443/443/443 444/444/444
f 445/445/445 446/446/446 447/447/447
f 448/448/448 449/449/449 450/450/450
f 451/451/451 452/452/452 453/453/453
f 454/454/454 455/455/455 456/456/456
f 457/457/457 458/458/458 459/459/459
f 460/460/460 461/461/461 462/462/462
f 463/463/463 464/464/464 465/465/465
f 466/466/466 467/467/467 468/468/468
f 469/469/469 470/470/470 471/471/471
f 472/472/472 473/473/473 474/474/474
f 475/475/475 476/476/476 477/477/477
f 478/478/478 479/479/479 480/480/480
f 481/481/481 482/482/482 483/483/483
f 484/484/484 485/485/485 486/486/486
f 487/487/487 488/488/488 489/489/489
f 490/490/490 491/491/491 492/492/492
f 493/493/493 494/494/494 495/495/495
f 496/496/496 497/497/497 498/498/498
f 499/499/499 500/500/500 501/501/501
f 502/502/502 503/503/503 504/504/504
f 505/505/505 506/506/506 507/507/507
f 508/508/508 509/509/509 510/510/510
f 511/511/511 512/512/512 513/513/513
f 514/514/514 515/515/515 516/516/516
f 517/517/517 518/518/518 519/519/519
f 520/520/520 521/521/521 522/522/522
f 523/523/523 524/524/524 525/525/525
f 526/526/526 527/527/527 528/528/528
f 529/529/529 530/530/530 531/531/531
f 532/532/532 533/533/533 534/534/534
f 535/535/535 536/536/536 537/537/537
f 538/538/538 539/539/539 540/540/540
f 541/541/541 542/542/542 543/543/543
f 544/544/544 545/545/545 546/546/546
f 547/547/547 548/548/548 549/549/549
f 550/550/550 551/551/551 552/552/552
f 553/553/553 554/554/554 555/555/555
f 556/556/556 557/557/557 558/558/558
f 559/559/559 560/560/560 561/561/561
f 562/562/562 563/563/563 564/564/564
f 565/565/565 566/566/566 567/567/567
f 568/568/568 569/569/569 570/570/570
f 571/571/571 572/572/572 573/573/573
f 574/574/574 575/575/575 576/576/576
f 577/577/577 578/578/578 579/579/579
f 580/580/580 581/581/581 582/582/582
f 583/583/583 584/584/584 585/585/585
f 586/586/586 587/587/587 588/588/588
f 589/589/589 590/590/590 591/591/591
f 592/592/592 593/593/593 594/594/594
f 595/595/595 596/596/596 597/597/597
f 598/598/598 599/599/599 600/600/600
f 601/601/601 602/602/602 603/603/603
f 604/604/604 605/605/605 606/606/606
f 607/607/607 608/608/608 609/609/609
f 610/610/610 611/611/611 612/612/612
f 613/613/613 614/614/614 615/615/615
f 616/616/616 617/617/617 618/618/618
f 619/619/619 620/620/620 621/621/621
f 622/622/622 623/623/623 624/624/624
f 625/625/625 626/626/626 627/627/627
f 628/628/628 629/629/629 630/630/630
f 631/631/631 632/632/632 633/633/633
f 634/634/634 635/635/635 636/636/636
f 637/637/637 638/638/638 639/639/639
f 640/640/640 641/641/641 642/642/642
f 643/643/643 644/644/644 645/645/645
f 646/646/646 647/647/647 648/648/648
f 649/649/649 650/650/650 651/651/651
f 652/652/652 653/653/653 654/654/654
f 655/655/655 656/656/656 657/657/657
f 658/658/658 659/659/659 660/660/660
f 661/661/661 662/662/662 663/663/663
f 664/664/664 665/665/665 666/666/666
f 667/667/667 668/668/668 669/669/669
f 670/670/670 671/671/671 672/672/672
f 673/673/673 674/674/674 675/675/675
f 676/676/676 677/677/677 678/678/678
f 679/679/679 680/680/680 681/681/681
f 682/682/682 683/683/683 684/684/684
f 685/685/685 686/686/686 687/687/687
f 688/688/688 689/689/689 690/690/690
f 691/691/691 692/692/692 693/693/693
f 694/694/694 695/695/695 696/696/696
f 697/697/697 698/698/698 699/699/699
f 700/700/700 701/701/701 702/702/702
f 703/703/703 704/704/704 705/705/705
f 706/706/706 707/707/707 708/708/708
f 709/709/709 710/710/710 711/711/711
f 712/712/712 713/713/713 714/714/714
f 715/715/715 716/716/716 717/717/717
f 718/718/718 719/719/719 720/720/720
f 721/721/721 722/722/722 723/723/723
f 724/724/724 725/725/725 726/726/726
f 727/727/727 728/728/728 729/729/729
f 730/730/730 731/731/731 732/732/732
f 733/733/733 734/734/734 735/735/735
f 736/736/736 737/737/737 738/738/738
f 739/739/739 740/740/740 741/741/741
f 742/742/742 743/743/743 744/744/744
f 745/745/745 746/746/746 747/747/747
f 748/748/748 749/749/749 750/750/750
f 751/751/751 752/752/752 753/753/753
f 754/754/754 755/755/755 756/756/756
f 757/757/757 758/758/758 759/759/759
f 760/760/760 761/761/761 762/762/762
f 763/763/763 764/764/764 765/765/765
f 766/766/766 767/767/767 768/768/768
f 769/769/769 770/770/770 771/771/771
f 772/772/772 773/773/773 774/774/774
f 775/775/775 776/776/776 777/777/777
f 778/778/778 779/779/779 780/780/780
f 781/781/781 782/782/782 783/783/783
f 784/784/784 785/785/785 786/786/786
f 787/787/787 788/788/788 789/789/789
f 790/790/790 791/791/791 792/792/792
f 793/793/793 794/794/794 795/795/795
f 796/796/796 797/797/797 798/798/798
f 799/799/799 800/800/800 801/801/801
f 802/802/802 803/803/803 804/804/804
f 805/805/805 806/806/806 807/807/807
f 808/808/808 809/809/809 810/810/810
f 811/811/811 812/812/812 813/813/813
f 814/814/814 815/815/815 816/816/816
f 817/817/817 818/818/818 819/819/819
f 820/820/820 821/821/821 822/822/822
f 823/823/823 824/824/824 825/825/825
f 826/826/826 827/827/827 828/828/828
f 829/829/829 830/830/830 831/831/831
f 832/832/832 833/833/833 834/834/834
f 835/835/835 836/836/836 837/837/837
f 838/838/838 839/839/839 840/840/840
f 841/841/841 842/842/842 843/843/843
f 844/844/844 845/845/845 846/846/846
f 847/847/847 848/848/848 849/849/849
f 850/850/850 851/851/851 852/852/852
f 853/853/853 854/854/854 855/855/855
f 856/856/856 857/857/857 858/858/858
f 859/859/859 860/860/860 861/861/861
f 862/862/862 863/863/863 864/864/864
f 865/865/865 866/866/866 867/867/867
f 868/868/868 869/869/869 870/870/870
f 871/871/871 872/872/872 873/873/873
f 874/874/874 875/875/875 876/876/876
f 877/877/877 878/878/878 879/879/879
f 880/880/880 881/881/881 882/882/882
f 883/883/883 884/884/884 885/885/885
f 886/886/886 887/887/887 888/888/888
f 889/889/889 890/890/890 891/891/891
f 892/892/892 893/893/893 894/894/894
f 895/895/895 896/896/896 897/897/897
f 898/898/898 899/899/899 900/900/900
f 901/901/901 902/902/902 903/903/903
f 904/904/904 905/905/905 906/906/906
f 907/907/907 908/908/908 909/909/909
f 910/910/910 911/911/911 912/912/912
f 913/913/913 914/914/914 915/915/915
f 916/916/916 917/917/917 918/918/918
f 919/919/919 920/920/920 921/921/921
f 922/922/922 923/923/923 924/924/924
f 925/925/925 926/926/926 927/927/927
f 928/928/928 929/929/929 930/930/930
f 931/931/931 932/932/932 933/933/933
f 934/934/934 935/935/935 936/936/936
f 937/937/937 938/938/938 939/939/939
f 940/940/940 941/941/941 942/942/942
f 943/943/943 944/944/944 945/945/945
f 946/946/946 947/947/947 948/948/948
f 949/949/949 950/950/950 951/951/951
f 952/952/952 953/953/953 954/954/954
f 955/955/955 956/956/956 957/957/957
f 958/958/958 959/959/959 960/960/960
f 961/961/961 962/962/962 963/963/963
f 964/964/964 965/965/965 966/966/966
f 967/967/967 968/968/968 969/969/969
f 970/970/970 971/971/971 972/972/972
f 973/973/973 974/974/974 975/975/975
f 976/976/976 977/977/977 978/978/978
f 979/979/979 980/980/980 981/981/981
f 982/982/982 983/983/983 984/984/984
f 985/985/985 986/986/986 987/987/987
f 988/988/988 989/989/989 990/990/990
f 991/991/991 992/992/992 993/993/993
f 994/994/994 995/995/995 996/996/996
f 997/997/997 998/998/998 999/999/999
f 1000/1000/1000 1001/1001/1001 1002/1002/1002
f 1003/1003/1003 1004/1004/1004 1005/1005/1005
f 1006/1006/1006 1007/1007/1007 1008/1008/1008
f 1009/1009/1009 1010/1010/1010 1011/1011/1011
f 1012/1012/1012 1013/1013/1013 1014/1014/1014
f 1015/1015/1015 1016/1016/1016 1017/1017/1017
f 1018/1018/1018 1019/1019/1019 1020/1020/1020
f 1021/1021/1021 1022/1022/1022 1023/1023/1023
f 1024/1024/1024 1025/1025/1025 1026/1026/1026
f 1027/1027/1027 1028/1028/1028 1029/1029/1029
f 1030/1030/1030 1031/1031/1031 1032/1032/1032
f 1033/1033/1033 1034/1034/1034 1035/1035/1035
f 1036/1036/1036 1037/1037/1037 1038/1038/1038
f 1039/1039/1039 1040/1040/1040 1041/1041/1041
f 1042/1042/1042 1043/1043/1043 1044/1044/1044
f 1045/1045/1045 1046/1046/1046 1047/1047/1047
f 1048/1048/1048 1049/1049/1049 1050/1050/1050
f 1051/1051/1051 1052/1052/1052 1053/1053/1053
f 1054/1054/1054 1055/1055/1055 1056/1056/1056
f 1057/1057/1057 1058/1058/1058 1059/1059/1059
f 1060/1060/1060 1061/1061/1061 1062/1062/1062
f 1063/1063/1063 1064/1064/1064 1065/1065/1065
f 1066/1066/1066 1067/1067/1067 1068/1068/1068
f 1069/1069/1069 1070/1070/1070 1071/1071/1071
f 1072/1072/1072 1073/1073/1073 1074/1074/1074
f 1075/1075/1075 1076/1076/1076 1077/1077/1077
f 1078/1078/1078 1079/1079/1079 1080/1080/1080
f 1081/1081/1081 1082/1082/1082 1083/1083/1083
f 1084/1084/1084 1085/1085/1085 1086/1086/1086
f 1087/1087/1087 1088/1088/1088 1089/1089/1089
f 1090/1090/1090 1091/1091/1091 1092/1092/1092
f 1093/1093/1093 1094/1094/1094 1095/1095/1095
f 1096/1096/1096 1097/1097/1097 1098/1098/1098
f 1099/1099/1099 1100/1100/1100 1101/1101/1101
f 1102/1102/1102 1103/1103/1103 1104/1104/1104
f 1105/1105/1105 1106/1106/1106 1107/1107/1107
f 1108/1108/1108 1109/1109/1109 1110/1110/1110
f 1111/1111/1111 1112/1112/1112 1113/1113/1113
f 1114/1114/1114 1115/1115/1115 1116/1116/1116
f 1117/1117/1117 1118/1118/1118 1119/1119/1119
f 1120/1120/1120 1121/1121/1121 1122/1122/1122
f 1123/1123/1123 1124/1124/1124 1125/1125/1125
f 1126/1126/1126 1127/1127/1127 1128/1128/1128
f 1129/1129/1129 1130/1130/1130 1131/1131/1131
f 1132/1132/1132 1133/1133/1133 1134/1134/1134
f 1135/1135/1135 1136/1136/1136 1137/1137/1137
f 1138/1138/1138 1139/1139/1139 1140/1140/1140
f 1141/1141/1141 1142/1142/1142 1143/1143/1143
f 1144/1144/1144 1145/1145/1145 1146/1146/1146
f 1147/1147/1147 1148/1148/1148 1149/1149/1149
f 1150/1150/1150 1151/1151/1151 1152/1152/1152
f 1153/1153/1153 1154/1154/1154 1155/1155/1155
f 1156/1156/1156 1157/1157/1157 1158/1158/1158
f 1159/1159/1159 1160/1160/1160 1161/1161/1161
f 1162/1162/1162 1163/1163/1163 1164/1164/1164
f 1165/1165/1165 1166/1166/1166 1167/1167/1167
f 1168/1168/1168 1169/1169/1169 1170/1170/1170
f 1171/1171/1171 1172/1172/1172 1173/1173/1173
f 1174/1174/1174 1175/1175/1175 1176/1176/1176
f 1177/1177/1177 1178/1178/1178 1179/1179/1179
f 1180/1180/1180 1181/1181/1181 1182/1182/1182
f 1183/1183/1183 1184/1184/1184 1185/1185/1185
f 1186/1186/1186 1187/1187/1187 1188/1188/1188
f 1189/1189/1189 1190/1190/1190 1191/1191/1191
f 1192/1192/1192 1193/1193/1193 1194/1194/1194
f 1195/1195/1195 1196/1196/1196 1197/1197/1197
f 1198/1198/1198 1199/1199/1199 1200/1200/1200
f 1201/1201/1201 1202/1202/1202 1203/1203/1203
f 1204/1204/1204 1205/1205/1205 1206/1206/1206
f 1207/1207/1207 1208/1208/1208 1209/1209/1209
f 1210/1210/1210 1211/1211/1211 1212/1212/1212
f 1213/1213/1213 1214/1214/1214 1215/1215/1215
f 1216/1216/1216 1217/1217/1217 1218/1218/1218
f 1219/1219/1219 1220/1220/1220 1221/1221/1221
f 1222/1222/1222 1223/1223/1223 1224/1224/1224
f 1225/1225/1225 1226/1226/1226 1227/1227/1227
f 1228/1228/1228 1229/1229/1229 1230/1230/1230
f 1231/1231/1231 1232/1232/1232 1233/1233/1233
f 1234/1234/1234 1235/1235/1235 1236/1236/1236
f 1237/1237/1237 1238/1238/1238 1239/1239/1239
f 1240/1240/1240 1241/1241/1241 1242/1242/1242
f 1243/1243/1243 1244/1244/1244 1245/1245/1245
f 1246/1246/1246 1247/1247/1247 1248/1248/1248
f 1249/1249/1249 1250/1250/1250 1251/1251/1251
f 1252/1252/1252 1253/1253/1253 1254/1254/1254
f 1255/1255/1255 1256/1256/1256 1257/1257/1257
f 1258/1258/1258 1259/1259/1259 1260/1260/1260
f 1261/1261/1261 1262/1262/1262 1263/1263/1263
f 1264/1264/1264 1265/1265/1265 1266/1266/1266
f 1267/1267/1267 1268/1268/1268 1269/1269/1269
f 1270/1270/1270 1271/1271/1271 1272/1272/1272
f 1273/1273/1273 1274/1274/1274 1275/1275/1275
f 1276/1276/1276 1277/1277/1277 1278/1278/1278
f 1279/1279/1279 1280/1280/1280 1281/1281/1281
f 1282/1282/1282 1283/1283/1283 1284/1284/1284
f 1285/1285/1285 1286/1286/1286 1287/1287/1287
f 1288/1288/1288 1289/1289/1289 1290/1290/1290
f 1291/1291/1291 1292/1292/1292 1293/1293/1293
f 1294/1294/1294 1295/1295/1295 1296/1296/1296
f 1297/1297/1297 1298/1298/1298 1299/1299/1299
f 1300/1300/1300 1301/1301/1301 1302/1302/1302
f 1303/1303/1303 1304/1304/1304 1305/1305/1305
f 1306/1306/1306 1307/1307/1307 1308/1308/1308
f 1309/1309/1309 1310/1310/1310 1311/1311/1311
f 1312/1312/1312 1313/1313/1313 1314/1314/1314
f 1315/1315/1315 1316/1316/1316 1317/1317/1317
f 1318/1318/1318 1319/1319/1319 1320/1320/1320
f 1321/1321/1321 1322/1322/1322 1323/1323/1323
f 1324/1324/1324 1325/1325/1325 1326/1326/1326
f 1327/1327/1327 1328/1328/1328 1329/1329/1329
f 1330/1330/1330 1331/1331/1331 1332/1332/1332
f 1333/1333/1333 1334/1334/1334 1335/1335/1335
f 1336/1336/1336 1337/1337/1337 1338/1338/1338
f 1339/1339/1339 1340/1340/1340 1341/1341/1341
f 1342/1342/1342 1343/1343/1343 1344/1344/1344
f 1345/1345/1345 1346/1346/1346 1347/1347/1347
f 1348/1348/1348 1349/1349/1349 1350/1350/1350
f 1351/1351/1351 1352/1352/1352 1353/1353/1353
f 1354/1354/1354 1355/1355/1355 1356/1356/1356
f 1357/1357/1357 1358/1358/1358 1359/1359/1359
f 1360/1360/1360 1361/1361/1361 1362/1362/1362
f 1363/1363/1363 1364/1364/1364 1365/1365/1365
f 1366/1366/1366 1367/1367/1367 1368/1368/1368
f 1369/1369/1369 1370/1370/1370 1371/1371/1371
f 1372/1372/1372 1373/1373/1373 1374/1374/1374
f 1375/1375/1375 1376/1376/1376 1377/1377/1377
f 1378/1378/1378 1379/1379/1379 1380/1380/1380
f 1381/1381/1381 1382/1382/1382 1383/1383/1383
f 1384/1384/1384 1385/1385/1385 1386/1386/1386
f 1387/1387/1387 1388/1388/1388 1389/1389/1389
f 1390/1390/1390 1391/1391/1391 1392/1392/1392
f 1393/1393/1393 1394/1394/1394 1395/1395/1395
f 1396/1396/1396 1397/1397/1397 1398/1398/1398
f 1399/1399/1399 1400/1400/1400 1401/1401/1401
f 1402/1402/1402 1403/1403/1403 1404/1404/1404
f 1405/1405/1405 1406/1406/1406 1407/1407/1407
f 1408/1408/1408 1409/1409/1409 1410/1410/1410
f 1411/1411/1411 1412/1412/1412 1413/1413/1413
f 1414/1414/1414 1415/1415/1415 1416/1416/1416
f 1417/1417/1417 1418/1418/1418 1419/1419/1419
f 1420/1420/1420 1421/1421/1421 1422/1422/1422
f 1423/1423/1423 1424/1424/1424 1425/1425/1425
f 1426/1426/1426 1427/1427/1427 1428/1428/1428
f 1429/1429/1429 1430/1430/1430 1431/1431/1431
f 1432/1432/1432 1433/1433/1433 1434/1434/1434
f 1435/1435/1435 1436/1436/1436 1437/1437/1437
f 1438/1438/1438 1439/1439/1439 1440/1440/1440
f 1441/1441/1441 1442/1442/1442 1443/1443/1443
f 1444/1444/1444 1445/1445/1445 1446/1446/1446
f 1447/1447/1447 1448/1448/1448 1449/1449/1449
f 1450/1450/1450 1451/1451/1451 1452/1452/1452
f 1453/1453/1453 1454/1454/1454 1455/1455/1455
f 1456/1456/1456 1457/1457/1457 1458/1458/1458
f 1459/1459/1459 1460/1460/1460 1461/1461/1461
f 1462/1462/1462 1463/1463/1463 1464/1464/1464
f 1465/1465/1465 1466/1466/1466 1467/1467/1467
f 1468/1468/1468 1469/1469/1469 1470/1470/1470
f 1471/1471/1471 1472/1472/1472 1473/1473/1473
f 1474/1474/1474 1475/1475/1475 1476/1476/1476
f 1477/1477/1477 1478/1478/1478 1479/1479/1479
f 1480/1480/1480 1481/1481/1481 1482/1482/1482
f 1483/1483/1483 1484/1484/1484 1485/1485/1485
f 1486/1486/1486 1487/1487/1487 1488/1488/1488
f 1489/1489/1489 1490/1490/1490 1491/1491/1491
f 1492/1492/1492 1493/1493/1493 1494/1494/1494
f 1495/1495/1495 1496/1496/1496 1497/1497/1497
f 1498/1498/1498 1499/1499/1499 1500/1500/1500
f 1501/1501/1501 1502/1502/1502 1503/1503/1503
f 1504/1504/1504 1505/1505/1505 1506/1506/1506
f 1507/1507/1507 1508/1508/1508 1509/1509/1509
f 1510/1510/1510 1511/1511/1511 1512/1512/1512
f 1513/1513/1513 1514/1514/1514 1515/1515/1515
f 1516/1516/1516 1517/1517/1517 1518/1518/1518
f 1519/1519/1519 1520/1520/1520 1521/1521/1521
f 1522/1522/1522 1523/1523/1523 1524/1524/1524
f 1525/1525/1525 1526/1526/1526 1527/1527/1527
f 1528/1528/1528 1529/1529/1529 1530/1530/1530
f 1531/1531/1531 1532/1532/1532 1533/1533/1533
f 1534/1534/1534 1535/1535/1535 1536/1536/1536
f 1537/1537/1537 1538/1538/1538 1539/1539/1539
f 1540/1540/1540 1541/1541/1541 1542/1542/1542
f 1543/1543/1543 1544/1544/1544 1545/1545/1545
f 1546/1546/1546 1547/1547/1547 1548/1548/1548
f 1549/1549/1549 1550/1550/1550 1551/1551/1551
f 1552/1552/1552 1553/1553/1553 1554/1554/1554
f 1555/1555/1555 1556/1556/1556 1557/1557/1557
f 1558/1558/1558 1559/1559/1559 1560/1560/1560
f 1561/1561/1561 1562/1562/1562 1563/1563/1563
f 1564/1564/1564 1565/1565/1565 1566/1566/1566
f 1567/1567/1567 1568/1568/1568 1569/1569/1569
f 1570/1570/1570 1571/1571/1571 1572/1572/1572
f 1573/1573/1573 1574/1574/1574 1575/1575/1575
f 1576/1576/1576 1577/1577/1577 1578/1578/1578
f 1579/1579/1579 1580/1580/1580 1581/1581/1581
f 1582/1582/1582 1583/1583/1583 1584/1584/1584
f 1585/1585/1585 1586/1586/1586 1587/1587/1587
f 1588/1588/1588 1589/1589/1589 1590/1590/1590
f 1591/1591/1591 1592/1592/1592 1593/1593/1593
f 1594/1594/1594 1595/1595/1595 1596/1596/1596
f 1597/1597/1597 1598/1598/1598 1599/1599/1599
f 1600/1600/1600 1601/1601/1601 1602/1602/1602
f 1603/1603/1603 1604/1604/1604 1605/1605/1605
f 1606/1606/1606 1607/1607/1607 1608/1608/1608
f 1609/1609/1609 1610/1610/1610 1611/1611/1611
f 1612/1612/1612 1613/1613/1613 1614/1614/1614
f 1615/1615/1615 1616/1616/1616 1617/1617/1617
f 1618/1618/1618 1619/1619/1619 1620/1620/1620
f 1621/1621/1621 1622/1622/1622 1623/1623/1623
f 1624/1624/1624 1625/1625/1625 1626/1626/1626
f 1627/1627/1627 1628/1628/1628 1629/1629/1629
f 1630/1630/1630 1631/1631/1631 1632/1632/1632
f 1633/1633/1633 1634/1634/1634 1635/1635/1635
f 1636/1636/1636 1637/1637/1637 1638/1638/1638
f 1639/1639/1639 1640/1640/1640 1641/1641/1641
f 1642/1642/1642 1643/1643/1643 1644/1644/1644
f 1645/1645/1645 1646/1646/1646 1647/1647/1647
f 1648/1648/1648 1649/1649/1649 1650/1650/1650
f 1651/1651/1651 1652/1652/1652 1653/1653/1653
f 1654/1654/1654 1655/1655/1655 1656/1656/1656
f 1657/1657/1657 1658/1658/1658 1659/1659/1659
f 1660/1660/1660 1661/1661/1661 1662/1662/1662
f 1663/1663/1663 1664/1664/1664 1665/1665/1665
f 1666/1666/1666 1667/1667/1667 1668/1668/1668
f 1669/1669/1669 1670/1670/1670 1671/1671/1671
f 1672/1672/1672 1673/1673/1673 1674/1674/1674
f 1675/1675/1675 1676/1676/1676 1677/1677/1677
f 1678/1678/1678 1679/1679/1679 1680/1680/1680
f 1681/1681/1681 1682/1682/1682 1683/1683/1683
f 1684/1684/1684 1685/1685/1685 1686/1686/1686
f 1687/1687/1687 1688/1688/1688 1689/1689/1689
f 1690/1690/1690 1691/1691/1691 1692/1692/1692
f 1693/1693/1693 1694/1694/1694 1695/1695/1695
f 1696/1696/1696 1697/1697/1697 1698/1698/1698
f 1699/1699/1699 1700/1700/1700 1701/1701/1701
f 1702/1702/1702 1703/1703/1703 1704/1704/1704
f 1705/1705/1705 1706/1706/1706 1707/1707/1707
f 1708/1708/1708 1709/1709/1709 1710/1710/1710
f 1711/1711/1711 1712/1712/1712 1713/1713/1713
f 1714/1714/1714 1715/1715/1715 1716/1716/1716
f 1717/1717/1717 1718/1718/1718 1719/1719/1719
f 1720/1720/1720 1721/1721/1721 1722/1722/1722
f 1723/1723/1723 1724/1724/1724 1725/1725/1725
f 1726/1726/1726 1727/1727/1727 1728/1728/1728
