mtllib transition_seal_ring_002.mtl
usemtl Texture
v -1.247470 -0.809754 -4.070950
v -0.538157 0.000012 -4.150706
v -0.538157 -0.809754 -4.070950
v -0.872353 2.462367 -2.462358
v -1.244051 2.895435 -1.934664
v -1.244051 2.462367 -2.462358
v -1.247470 -4.070948 -0.809759
v -0.538157 -3.834748 -1.588403
v -0.538157 -4.070948 -0.809759
v -1.247470 2.935005 2.934996
v -0.538157 2.306021 3.451190
v -0.538157 2.935005 2.934996
v -1.247470 -1.588400 -3.834751
v -0.538157 -0.809754 -4.070950
v -0.538157 -1.588400 -3.834751
v -1.247470 -3.834748 -1.588403
v -0.538157 -3.451180 -2.306006
v -0.538157 -3.834748 -1.588403
v -1.247470 2.306021 3.451190
v -0.538157 1.588418 3.834758
v -0.538157 2.306021 3.451190
v -1.247470 0.000012 -4.150706
v -0.538157 0.809764 -4.070953
v -0.538157 0.000012 -4.150706
v -1.247470 -3.451180 -2.306006
v -0.538157 -2.934986 -2.934991
v -0.538157 -3.451180 -2.306006
v -1.247470 1.588418 3.834758
v -0.538157 0.809775 4.070957
v -0.538157 1.588418 3.834758
v -1.247470 0.809764 -4.070953
v -0.538157 1.588409 -3.834755
v -0.538157 0.809764 -4.070953
v -1.247470 -2.934986 -2.934991
v -0.538157 -2.306003 -3.451184
v -0.538157 -2.934986 -2.934991
v -0.538157 0.809775 4.070957
v -1.247470 0.000010 4.150712
v -0.538157 0.000010 4.150712
v -1.247470 1.588409 -3.834755
v -0.538157 2.306014 -3.451188
v -0.538157 1.588409 -3.834755
v -1.247470 -2.306003 -3.451184
v -0.538157 -1.588400 -3.834751
v -0.538157 -2.306003 -3.451184
v -1.247470 0.000010 4.150712
v -0.538157 -0.809756 4.070957
v -0.538157 0.000010 4.150712
v -1.247470 2.306014 -3.451188
v -0.538157 2.935001 -2.934994
v -0.538157 2.306014 -3.451188
v -1.247470 -0.809756 4.070957
v -0.538157 -1.588399 3.834759
v -0.538157 -0.809756 4.070957
v -1.247470 2.935001 -2.934994
v -0.538157 3.451195 -2.306012
v -0.538157 2.935001 -2.934994
v -1.247470 -1.588399 3.834759
v -0.538157 -2.306001 3.451193
v -0.538157 -1.588399 3.834759
v -1.247470 3.451195 -2.306012
v -0.538157 3.834762 -1.588409
v -0.538157 3.451195 -2.306012
v -1.247470 -2.306001 3.451193
v -0.538157 -2.934987 2.934998
v -0.538157 -2.306001 3.451193
v -1.247470 3.834762 -1.588409
v -0.538157 4.070963 -0.809762
v -0.538157 3.834762 -1.588409
v -1.247470 -2.934987 2.934998
v -0.538157 -3.451181 2.306013
v -0.538157 -2.934987 2.934998
v -1.247470 4.070963 -0.809762
v -0.538157 4.150720 -0.000000
v -0.538157 4.070963 -0.809762
v -1.247470 -3.451181 2.306013
v -0.538157 -3.834748 1.588409
v -0.538157 -3.451181 2.306013
v -1.247470 4.150720 -0.000000
v -0.538157 4.070965 0.809761
v -0.538157 4.150720 -0.000000
v -1.247470 -3.834748 1.588409
v -0.538157 -4.070948 0.809766
v -0.538157 -3.834748 1.588409
v -1.247470 4.070965 0.809761
v -0.538157 3.834765 1.588408
v -0.538157 4.070965 0.809761
v -1.247470 -4.070948 0.809766
v -0.538157 -4.150702 0.000004
v -0.538157 -4.070948 0.809766
v -1.247470 3.834765 1.588408
v -0.538157 3.451200 2.306012
v -0.538157 3.834765 1.588408
v -1.247470 -4.150702 0.000004
v -0.538157 -4.070948 -0.809759
v -0.538157 -4.150702 0.000004
v -1.247470 3.451200 2.306012
v -0.538157 2.935005 2.934996
v -0.538157 3.451200 2.306012
v -1.051452 3.677499 1.348978
v -1.245239 3.378001 1.294354
v -1.245686 3.676822 1.417452
v -1.051452 -0.161009 -3.913785
v -1.245239 -0.096862 -3.616181
v -1.245686 -0.097487 -3.939364
v -1.051452 0.161033 -3.913785
v -1.245686 0.770407 -3.873090
v -1.245686 0.097512 -3.939364
v -1.245239 3.014687 -2.014346
v -1.051854 2.675261 -2.448333
v -1.245239 2.625536 -2.488527
v -1.245686 -3.283441 -2.193926
v -1.051452 -2.881317 -2.653604
v -1.245686 -2.854487 -2.716606
v -1.245239 3.616195 0.096875
v -1.051452 3.913799 0.161021
v -1.245686 3.939377 0.097500
v -1.245239 -0.707334 -3.556054
v -1.051854 -1.238181 -3.408545
v -1.245239 -1.294346 -3.377986
v -1.245686 3.283454 -2.193931
v -1.051452 3.554255 -1.646507
v -1.245686 3.602196 -1.597610
v -1.051452 -3.554241 -1.646502
v -1.245686 -3.283441 -2.193926
v -1.245686 -3.602181 -1.597604
v -1.051854 3.408560 1.238190
v -1.245239 3.556069 0.707342
v -1.245239 3.378001 1.294354
v -1.051854 -0.160445 -3.622921
v -1.245239 -0.707334 -3.556054
v -1.245239 -0.096862 -3.616181
v -1.051452 1.646517 3.554251
v -1.245239 1.473365 3.303849
v -1.245686 1.597619 3.602191
v -1.051452 2.881332 -2.653607
v -1.245686 3.283454 -2.193931
v -1.245686 2.854503 -2.716609
v -1.245239 3.556069 0.707342
v -1.051854 3.622935 0.160458
v -1.245239 3.616195 0.096875
v -1.051452 -1.348970 -3.677485
v -1.245686 -0.770396 -3.873087
v -1.245686 -1.417444 -3.676808
v -1.245239 2.488539 2.625530
v -1.051452 2.653618 2.881327
v -1.245686 2.716621 2.854497
v -1.245686 3.873102 0.770404
v -1.051452 3.677499 1.348978
v -1.245686 3.676822 1.417452
v -1.245686 -0.770396 -3.873087
v -1.051452 -0.161009 -3.913785
v -1.245686 -0.097487 -3.939364
v -1.051854 1.534687 3.285743
v -1.245239 2.014356 3.014683
v -1.245239 1.473365 3.303849
v -1.051452 -1.348969 3.677492
v -1.245239 -1.294345 3.377994
v -1.245686 -1.417443 3.676815
v -1.051452 3.913799 0.161021
v -1.245686 3.873102 0.770404
v -1.245686 3.939377 0.097500
v -1.245239 2.014356 3.014683
v -1.051854 2.448344 2.675256
v -1.245239 2.488539 2.625530
v -1.245239 -0.096864 3.616187
v -1.051452 -0.161011 3.913791
v -1.245685 -0.097489 3.939370
v -1.245686 2.193941 3.283450
v -1.051452 1.646517 3.554251
v -1.245686 1.597619 3.602191
v -1.051854 -1.238181 3.408553
v -1.245239 -0.707337 3.556061
v -1.245239 -1.294345 3.377994
v -1.051452 -3.554242 1.646507
v -1.245239 -3.303840 1.473355
v -1.245686 -3.602181 1.597610
v -1.051452 2.653618 2.881327
v -1.245686 2.193941 3.283450
v -1.245686 2.716621 2.854497
v -1.245239 -0.707337 3.556061
v -1.051854 -0.160447 3.622927
v -1.245239 -0.096864 3.616187
v -1.245239 -2.625521 2.488531
v -1.051452 -2.881318 2.653610
v -1.245686 -2.854488 2.716613
v -1.245686 -0.770399 3.873094
v -1.051452 -1.348969 3.677492
v -1.245686 -1.417443 3.676815
v -1.051854 -3.285733 1.534678
v -1.245239 -3.014673 2.014348
v -1.245239 -3.303840 1.473355
v -1.051452 -3.677482 -1.348974
v -1.245239 -3.377984 -1.294349
v -1.245686 -3.676805 -1.417448
v -0.872353 -1.332611 3.217231
v -1.244051 -1.934654 2.895433
v -1.244051 -1.332611 3.217231
v -0.872353 2.895435 -1.934664
v -1.244051 3.217235 -1.332620
v -1.244051 2.895435 -1.934664
v -0.872353 -1.934654 2.895433
v -1.244051 -2.462352 2.462363
v -1.244051 -1.934654 2.895433
v -0.872353 3.217235 -1.332620
v -1.244051 3.415400 -0.679362
v -1.244051 3.217235 -1.332620
v -0.872353 -2.462352 2.462363
v -1.244051 -2.895421 1.934666
v -1.244051 -2.462352 2.462363
v -0.872353 3.415400 -0.679362
v -1.244051 3.482313 0.000001
v -1.244051 3.415400 -0.679362
v -0.872353 -2.895421 1.934666
v -1.244051 -3.217221 1.332621
v -1.244051 -2.895421 1.934666
v -0.872353 3.482313 0.000001
v -1.244051 3.415401 0.679361
v -1.244051 3.482313 0.000001
v -0.872353 -3.217221 1.332621
v -1.244051 -3.415384 0.679366
v -1.244051 -3.217221 1.332621
v -0.872353 3.415401 0.679361
v -1.244051 3.217238 1.332620
v -1.244051 3.415401 0.679361
v -0.872353 -3.415384 0.679366
v -1.244051 -3.482296 0.000004
v -1.244051 -3.415384 0.679366
v -0.872353 3.217238 1.332620
v -1.244051 2.895439 1.934665
v -1.244051 3.217238 1.332620
v -0.872353 -3.482296 0.000004
v -1.244051 -3.415384 -0.679360
v -1.244051 -3.482296 0.000004
v -0.872353 2.895439 1.934665
v -1.244051 2.462370 2.462361
v -1.244051 2.895439 1.934665
v -0.872353 -0.679354 -3.415387
v -1.244051 0.000012 -3.482300
v -1.244051 -0.679354 -3.415387
v -0.872353 -3.415384 -0.679360
v -1.244051 -3.217220 -1.332615
v -1.244051 -3.415384 -0.679360
v -0.872353 2.462370 2.462361
v -1.244051 1.934674 2.895431
v -1.244051 2.462370 2.462361
v -0.872353 -1.332612 -3.217224
v -1.244051 -0.679354 -3.415387
v -1.244051 -1.332612 -3.217224
v -0.872353 -3.217220 -1.332615
v -1.244051 -2.895421 -1.934659
v -1.244051 -3.217220 -1.332615
v -0.872353 1.934674 2.895431
v -1.244051 1.332630 3.217231
v -1.244051 1.934674 2.895431
v -0.872353 0.000012 -3.482300
v -1.244051 0.679365 -3.415390
v -1.244051 0.000012 -3.482300
v -0.872353 -2.895421 -1.934659
v -1.244051 -2.462352 -2.462356
v -1.244051 -2.895421 -1.934659
v -0.872353 1.332630 3.217231
v -1.244051 0.679376 3.415394
v -1.244051 1.332630 3.217231
v -0.872353 0.679365 -3.415390
v -1.244051 1.332622 -3.217227
v -1.244051 0.679365 -3.415390
v -0.872353 -2.462352 -2.462356
v -1.244051 -1.934656 -2.895425
v -1.244051 -2.462352 -2.462356
v -0.872353 0.679376 3.415394
v -1.244050 0.000010 3.482305
v -1.244051 0.679376 3.415394
v -0.872353 1.332622 -3.217227
v -1.244051 1.934669 -2.895427
v -1.244051 1.332622 -3.217227
v -0.872353 -1.934656 -2.895425
v -1.244051 -1.332612 -3.217224
v -1.244051 -1.934656 -2.895425
v -1.244050 0.000010 3.482305
v -0.872353 -0.679357 3.415394
v -1.244051 -0.679357 3.415394
v -0.872353 1.934669 -2.895427
v -1.244051 2.462367 -2.462358
v -1.244051 1.934669 -2.895427
v -0.872353 -0.679357 3.415394
v -1.244051 -1.332611 3.217231
v -1.244051 -0.679357 3.415394
v -1.247470 0.809764 -4.070953
v -1.245686 0.097512 -3.939364
v -1.245686 0.770407 -3.873090
v -1.245686 1.417454 -3.676811
v -1.247470 0.809764 -4.070953
v -1.245686 0.770407 -3.873090
v -1.245239 0.096887 -3.616182
v -1.244051 0.679365 -3.415390
v -1.245239 0.707345 -3.556057
v -1.244051 0.679365 -3.415390
v -1.245239 1.294356 -3.377990
v -1.245239 0.707345 -3.556057
v -1.245686 0.097512 -3.939364
v -1.244051 0.000012 -3.482300
v -1.245239 0.096887 -3.616182
v -1.244051 1.332622 -3.217227
v -1.245686 1.417454 -3.676811
v -1.245239 1.294356 -3.377990
v -1.247470 2.306014 -3.451188
v -1.245686 1.597610 -3.602188
v -1.245686 2.193934 -3.283448
v -1.245686 2.716617 -2.854495
v -1.247470 2.306014 -3.451188
v -1.245686 2.193934 -3.283448
v -1.245239 1.473356 -3.303846
v -1.244051 1.934669 -2.895427
v -1.245239 2.014349 -3.014679
v -1.244051 1.934669 -2.895427
v -1.245239 2.488535 -2.625528
v -1.245239 2.014349 -3.014679
v -1.245686 1.597610 -3.602188
v -1.244051 1.332622 -3.217227
v -1.245239 1.473356 -3.303846
v -1.244051 2.462367 -2.462358
v -1.245686 2.716617 -2.854495
v -1.245239 2.488535 -2.625528
v -1.247470 3.451195 -2.306012
v -1.245686 2.854503 -2.716609
v -1.245686 3.283454 -2.193931
v -1.245686 3.602196 -1.597610
v -1.247470 3.451195 -2.306012
v -1.245686 3.283454 -2.193931
v -1.245239 2.625536 -2.488527
v -1.244051 2.895435 -1.934664
v -1.245239 3.014687 -2.014346
v -1.244051 2.895435 -1.934664
v -1.245239 3.303853 -1.473355
v -1.245239 3.014687 -2.014346
v -1.245686 2.854503 -2.716609
v -1.244051 2.462367 -2.462358
v -1.245239 2.625536 -2.488527
v -1.244051 3.217235 -1.332620
v -1.245686 3.602196 -1.597610
v -1.245239 3.303853 -1.473355
v -1.247470 4.070963 -0.809762
v -1.245686 3.676819 -1.417453
v -1.245686 3.873100 -0.770405
v -1.245686 3.939377 -0.097500
v -1.247470 4.070963 -0.809762
v -1.245686 3.873100 -0.770405
v -1.245239 3.377998 -1.294354
v -1.244051 3.415400 -0.679362
v -1.245239 3.556066 -0.707342
v -1.244051 3.415400 -0.679362
v -1.245239 3.616195 -0.096874
v -1.245239 3.556066 -0.707342
v -1.245686 3.676819 -1.417453
v -1.244051 3.217235 -1.332620
v -1.245239 3.377998 -1.294354
v -1.244051 3.482313 0.000001
v -1.245686 3.939377 -0.097500
v -1.245239 3.616195 -0.096874
v -1.247470 4.070965 0.809761
v -1.245686 3.939377 0.097500
v -1.245686 3.873102 0.770404
v -1.245686 3.676822 1.417452
v -1.247470 4.070965 0.809761
v -1.245686 3.873102 0.770404
v -1.245239 3.616195 0.096875
v -1.244051 3.415401 0.679361
v -1.245239 3.556069 0.707342
v -1.244051 3.415401 0.679361
v -1.245239 3.378001 1.294354
v -1.245239 3.556069 0.707342
v -1.245686 3.939377 0.097500
v -1.244051 3.482313 0.000001
v -1.245239 3.616195 0.096875
v -1.244051 3.217238 1.332620
v -1.245686 3.676822 1.417452
v -1.245239 3.378001 1.294354
v -1.247470 3.451200 2.306012
v -1.245686 3.602199 1.597609
v -1.245686 3.283460 2.193931
v -1.245686 2.854506 2.716611
v -1.247470 3.451200 2.306012
v -1.245686 3.283460 2.193931
v -1.245239 3.303857 1.473354
v -1.244051 2.895439 1.934665
v -1.245239 3.014691 2.014347
v -1.244051 2.895439 1.934665
v -1.245239 2.625540 2.488529
v -1.245239 3.014691 2.014347
v -1.245686 3.602199 1.597609
v -1.244051 3.217238 1.332620
v -1.245239 3.303857 1.473354
v -1.244051 2.462370 2.462361
v -1.245686 2.854506 2.716611
v -1.245239 2.625540 2.488529
v -1.247470 2.306021 3.451190
v -1.245686 2.716621 2.854497
v -1.245686 2.193941 3.283450
v -1.245686 1.597619 3.602191
v -1.247470 2.306021 3.451190
v -1.245686 2.193941 3.283450
v -1.245239 2.488539 2.625530
v -1.244051 1.934674 2.895431
v -1.245239 2.014356 3.014683
v -1.244051 1.934674 2.895431
v -1.245239 1.473365 3.303849
v -1.245239 2.014356 3.014683
v -1.245686 2.716621 2.854497
v -1.244051 2.462370 2.462361
v -1.245239 2.488539 2.625530
v -1.244051 1.332630 3.217231
v -1.245686 1.597619 3.602191
v -1.245239 1.473365 3.303849
v -1.247470 0.809775 4.070957
v -1.245686 1.417462 3.676815
v -1.245686 0.770418 3.873094
v -1.245685 0.097510 3.939370
v -1.247470 0.809775 4.070957
v -1.245686 0.770418 3.873094
v -1.245239 1.294364 3.377994
v -1.244051 0.679376 3.415394
v -1.245239 0.707357 3.556061
v -1.244051 0.679376 3.415394
v -1.245239 0.096885 3.616187
v -1.245239 0.707357 3.556061
v -1.245686 1.417462 3.676815
v -1.244051 1.332630 3.217231
v -1.245239 1.294364 3.377994
v -1.244050 0.000010 3.482305
v -1.245685 0.097510 3.939370
v -1.245239 0.096885 3.616187
v -1.247470 -0.809756 4.070957
v -1.245685 -0.097489 3.939370
v -1.245686 -0.770399 3.873094
v -1.245686 -1.417443 3.676815
v -1.247470 -0.809756 4.070957
v -1.245686 -0.770399 3.873094
v -1.245239 -0.096864 3.616187
v -1.244051 -0.679357 3.415394
v -1.245239 -0.707337 3.556061
v -1.244051 -0.679357 3.415394
v -1.245239 -1.294345 3.377994
v -1.245239 -0.707337 3.556061
v -1.245685 -0.097489 3.939370
v -1.244050 0.000010 3.482305
v -1.245239 -0.096864 3.616187
v -1.244051 -1.332611 3.217231
v -1.245686 -1.417443 3.676815
v -1.245239 -1.294345 3.377994
v -1.247470 -2.306001 3.451193
v -1.245686 -1.597600 3.602192
v -1.245686 -2.193921 3.283453
v -1.245686 -2.716602 2.854499
v -1.247470 -2.306001 3.451193
v -1.245686 -2.193921 3.283453
v -1.245239 -1.473346 3.303850
v -1.244051 -1.934654 2.895433
v -1.245239 -2.014337 3.014685
v -1.244051 -1.934654 2.895433
v -1.245239 -2.488521 2.625532
v -1.245239 -2.014337 3.014685
v -1.245686 -1.597600 3.602192
v -1.244051 -1.332611 3.217231
v -1.245239 -1.473346 3.303850
v -1.244051 -2.462352 2.462363
v -1.245686 -2.716602 2.854499
v -1.245239 -2.488521 2.625532
v -1.247470 -3.451181 2.306013
v -1.245686 -2.854488 2.716613
v -1.245686 -3.283442 2.193932
v -1.245686 -3.602181 1.597610
v -1.247470 -3.451181 2.306013
v -1.245686 -3.283442 2.193932
v -1.245239 -2.625521 2.488531
v -1.244051 -2.895421 1.934666
v -1.245239 -3.014673 2.014348
v -1.244051 -2.895421 1.934666
v -1.245239 -3.303840 1.473355
v -1.245239 -3.014673 2.014348
v -1.245686 -2.854488 2.716613
v -1.244051 -2.462352 2.462363
v -1.245239 -2.625521 2.488531
v -1.244051 -3.217221 1.332621
v -1.245686 -3.602181 1.597610
v -1.245239 -3.303840 1.473355
v -1.247470 -4.070948 0.809766
v -1.245686 -3.676805 1.417454
v -1.245686 -3.873084 0.770408
v -1.245686 -3.939361 0.097504
v -1.247470 -4.070948 0.809766
v -1.245686 -3.873084 0.770408
v -1.245239 -3.377984 1.294355
v -1.244051 -3.415384 0.679366
v -1.245239 -3.556051 0.707346
v -1.244051 -3.415384 0.679366
v -1.245239 -3.616178 0.096878
v -1.245239 -3.556051 0.707346
v -1.245686 -3.676805 1.417454
v -1.244051 -3.217221 1.332621
v -1.245239 -3.377984 1.294355
v -1.244051 -3.482296 0.000004
v -1.245686 -3.939361 0.097504
v -1.245239 -3.616178 0.096878
v -1.247470 -4.070948 -0.809759
v -1.245686 -3.939361 -0.097496
v -1.245686 -3.873084 -0.770402
v -1.245686 -3.676805 -1.417448
v -1.247470 -4.070948 -0.809759
v -1.245686 -3.873084 -0.770402
v -1.245239 -3.616178 -0.096871
v -1.244051 -3.415384 -0.679360
v -1.245239 -3.556051 -0.707340
v -1.244051 -3.415384 -0.679360
v -1.245239 -3.377984 -1.294349
v -1.245239 -3.556051 -0.707340
v -1.245686 -3.939361 -0.097496
v -1.244051 -3.482296 0.000004
v -1.245239 -3.616178 -0.096871
v -1.244051 -3.217220 -1.332615
v -1.245686 -3.676805 -1.417448
v -1.245239 -3.377984 -1.294349
v -1.247470 -3.451180 -2.306006
v -1.245686 -3.602181 -1.597604
v -1.245686 -3.283441 -2.193926
v -1.245686 -2.854487 -2.716606
v -1.247470 -3.451180 -2.306006
v -1.245686 -3.283441 -2.193926
v -1.245239 -3.303839 -1.473349
v -1.244051 -2.895421 -1.934659
v -1.245239 -3.014672 -2.014341
v -1.244051 -2.895421 -1.934659
v -1.245239 -2.625521 -2.488524
v -1.245239 -3.014672 -2.014341
v -1.245686 -3.602181 -1.597604
v -1.244051 -3.217220 -1.332615
v -1.245239 -3.303839 -1.473349
v -1.244051 -2.462352 -2.462356
v -1.245686 -2.854487 -2.716606
v -1.245239 -2.625521 -2.488524
v -1.247470 -2.306003 -3.451184
v -1.245686 -2.716601 -2.854492
v -1.245686 -2.193923 -3.283444
v -1.245686 -1.597601 -3.602185
v -1.247470 -2.306003 -3.451184
v -1.245686 -2.193923 -3.283444
v -1.245239 -2.488520 -2.625525
v -1.244051 -1.934656 -2.895425
v -1.245239 -2.014338 -3.014677
v -1.244051 -1.934656 -2.895425
v -1.245239 -1.473347 -3.303842
v -1.245239 -2.014338 -3.014677
v -1.245686 -2.716601 -2.854492
v -1.244051 -2.462352 -2.462356
v -1.245239 -2.488520 -2.625525
v -1.244051 -1.332612 -3.217224
v -1.245686 -1.597601 -3.602185
v -1.245239 -1.473347 -3.303842
v -1.245686 -0.097487 -3.939364
v -1.247470 -0.809754 -4.070950
v -1.245686 -0.770396 -3.873087
v -1.247470 -0.809754 -4.070950
v -1.245686 -1.417444 -3.676808
v -1.245686 -0.770396 -3.873087
v -1.244051 -0.679354 -3.415387
v -1.245239 -0.096862 -3.616181
v -1.245239 -0.707334 -3.556054
v -1.245239 -1.294346 -3.377986
v -1.244051 -0.679354 -3.415387
v -1.245239 -0.707334 -3.556054
v -1.244051 0.000012 -3.482300
v -1.245686 -0.097487 -3.939364
v -1.245239 -0.096862 -3.616181
v -1.245686 -1.417444 -3.676808
v -1.244051 -1.332612 -3.217224
v -1.245239 -1.294346 -3.377986
v -1.051854 -0.709871 -3.568807
v -1.051452 -0.161009 -3.913785
v -1.051452 -0.766627 -3.854136
v -1.051452 0.161033 -3.913785
v -1.051854 0.709883 -3.568809
v -1.051452 0.766638 -3.854139
v -1.051854 0.709883 -3.568809
v -1.051452 1.348980 -3.677488
v -1.051452 0.766638 -3.854139
v -1.051452 1.646508 -3.554248
v -1.051854 2.021573 -3.025490
v -1.051452 2.183199 -3.267382
v -1.051854 2.021573 -3.025490
v -1.051452 2.653613 -2.881325
v -1.051452 2.183199 -3.267382
v -1.051452 2.881332 -2.653607
v -1.051854 3.025498 -2.021570
v -1.051452 3.267388 -2.183196
v -1.051854 3.025498 -2.021570
v -1.051452 3.554255 -1.646507
v -1.051452 3.267388 -2.183196
v -1.051452 3.677496 -1.348979
v -1.051854 3.568819 -0.709879
v -1.051452 3.854149 -0.766635
v -1.051854 3.568819 -0.709879
v -1.051452 3.913798 -0.161021
v -1.051452 3.854149 -0.766635
v -1.051452 3.913799 0.161021
v -1.051854 3.568821 0.709879
v -1.051452 3.854151 0.766634
v -1.051854 3.568821 0.709879
v -1.051452 3.677499 1.348978
v -1.051452 3.854151 0.766634
v -1.051452 3.554259 1.646506
v -1.051854 3.025502 2.021570
v -1.051452 3.267394 2.183197
v -1.051854 3.025502 2.021570
v -1.051452 2.881336 2.653609
v -1.051452 3.267394 2.183197
v -1.051452 2.653618 2.881327
v -1.051854 2.021579 3.025494
v -1.051452 2.183206 3.267385
v -1.051854 2.021579 3.025494
v -1.051452 1.646517 3.554251
v -1.051452 2.183206 3.267385
v -1.051452 1.348989 3.677492
v -1.051854 0.709893 3.568813
v -1.051452 0.766648 3.854143
v -1.051854 0.709893 3.568813
v -1.051452 0.161032 3.913791
v -1.051452 0.766648 3.854143
v -1.051452 -0.161011 3.913791
v -1.051854 -0.709873 3.568813
v -1.051452 -0.766629 3.854143
v -1.051854 -0.709873 3.568813
v -1.051452 -1.348969 3.677492
v -1.051452 -0.766629 3.854143
v -1.051452 -1.646498 3.554252
v -1.051854 -2.021560 3.025496
v -1.051452 -2.183187 3.267387
v -1.051854 -2.021560 3.025496
v -1.051452 -2.653600 2.881328
v -1.051452 -2.183187 3.267387
v -1.051452 -2.881318 2.653610
v -1.051854 -3.025484 2.021571
v -1.051452 -3.267375 2.183197
v -1.051854 -3.025484 2.021571
v -1.051452 -3.554242 1.646507
v -1.051452 -3.267375 2.183197
v -1.051452 -3.677482 1.348979
v -1.051854 -3.568804 0.709883
v -1.051452 -3.854134 0.766639
v -1.051854 -3.568804 0.709883
v -1.051452 -3.913781 0.161024
v -1.051452 -3.854134 0.766639
v -1.051452 -3.913781 -0.161017
v -1.051854 -3.568804 -0.709877
v -1.051452 -3.854134 -0.766632
v -1.051854 -3.568804 -0.709877
v -1.051452 -3.677482 -1.348974
v -1.051452 -3.854134 -0.766632
v -1.051452 -3.554241 -1.646502
v -1.051854 -3.025483 -2.021565
v -1.051452 -3.267375 -2.183191
v -1.051854 -3.025483 -2.021565
v -1.051452 -2.881317 -2.653604
v -1.051452 -3.267375 -2.183191
v -1.051452 -2.653599 -2.881321
v -1.051854 -2.021562 -3.025487
v -1.051452 -2.183187 -3.267379
v -1.051854 -2.021562 -3.025487
v -1.051452 -1.646499 -3.554245
v -1.051452 -2.183187 -3.267379
v -1.051452 -1.348970 -3.677485
v -1.051854 -0.709871 -3.568807
v -1.051452 -0.766627 -3.854136
v -1.245239 -3.014672 -2.014341
v -1.051854 -3.285733 -1.534672
v -1.245239 -3.303839 -1.473349
v -1.051854 3.285748 -1.534677
v -1.245239 3.014687 -2.014346
v -1.245239 3.303853 -1.473355
v -1.051452 -3.677482 1.348979
v -1.245686 -3.873084 0.770408
v -1.245686 -3.676805 1.417454
v -1.245686 0.770407 -3.873090
v -1.051452 1.348980 -3.677488
v -1.245686 1.417454 -3.676811
v -1.245239 -1.294346 -3.377986
v -1.051452 -1.348970 -3.677485
v -1.245686 -1.417444 -3.676808
v -1.051854 -2.675246 -2.448330
v -1.245239 -3.014672 -2.014341
v -1.245239 -2.625521 -2.488524
v -1.245239 2.625536 -2.488527
v -1.051452 2.881332 -2.653607
v -1.245686 2.854503 -2.716609
v -1.245686 -3.873084 0.770408
v -1.051452 -3.913781 0.161024
v -1.245686 -3.939361 0.097504
v -1.245239 0.707345 -3.556057
v -1.051854 0.160470 -3.622921
v -1.245239 0.096887 -3.616182
v -1.245239 -3.303839 -1.473349
v -1.051452 -3.554241 -1.646502
v -1.245686 -3.602181 -1.597604
v -1.051452 3.554255 -1.646507
v -1.245239 3.303853 -1.473355
v -1.245686 3.602196 -1.597610
v -1.245239 -3.556051 0.707346
v -1.051854 -3.408544 1.238191
v -1.245239 -3.377984 1.294355
v -1.051854 1.238192 -3.408549
v -1.245239 0.707345 -3.556057
v -1.245239 1.294356 -3.377990
v -1.051452 -1.646498 3.554252
v -1.245686 -2.193921 3.283453
v -1.245686 -1.597600 3.602192
v -1.051452 -2.881317 -2.653604
v -1.245239 -2.625521 -2.488524
v -1.245686 -2.854487 -2.716606
v -1.051854 -3.622917 0.160461
v -1.245239 -3.556051 0.707346
v -1.245239 -3.616178 0.096878
v -1.245239 0.096887 -3.616182
v -1.051452 0.161033 -3.913785
v -1.245686 0.097512 -3.939364
v -1.245686 -2.193921 3.283453
v -1.051452 -2.653600 2.881328
v -1.245686 -2.716602 2.854499
v -1.245239 -3.377984 1.294355
v -1.051452 -3.677482 1.348979
v -1.245686 -3.676805 1.417454
v -1.051452 1.348980 -3.677488
v -1.245239 1.294356 -3.377990
v -1.245686 1.417454 -3.676811
v -1.245239 -2.014337 3.014685
v -1.051854 -1.534668 3.285744
v -1.245239 -1.473346 3.303850
v -1.051452 1.348989 3.677492
v -1.245686 0.770418 3.873094
v -1.245686 1.417462 3.676815
v -1.051452 -3.913781 0.161024
v -1.245239 -3.616178 0.096878
v -1.245686 -3.939361 0.097504
v -1.051854 -2.448325 2.675258
v -1.245239 -2.014337 3.014685
v -1.245239 -2.488521 2.625532
v -1.245686 0.770418 3.873094
v -1.051452 0.161032 3.913791
v -1.245685 0.097510 3.939370
v -1.245239 -1.473346 3.303850
v -1.051452 -1.646498 3.554252
v -1.245686 -1.597600 3.602192
v -1.245239 0.707357 3.556061
v -1.051854 1.238200 3.408553
v -1.245239 1.294364 3.377994
v -1.051452 3.554259 1.646506
v -1.245686 3.283460 2.193931
v -1.245686 3.602199 1.597609
v -1.051452 -2.653600 2.881328
v -1.245239 -2.488521 2.625532
v -1.245686 -2.716602 2.854499
v -1.051854 0.160468 3.622927
v -1.245239 0.707357 3.556061
v -1.245239 0.096885 3.616187
v -1.245686 3.283460 2.193931
v -1.051452 2.881336 2.653609
v -1.245686 2.854506 2.716611
v -1.245239 1.294364 3.377994
v -1.051452 1.348989 3.677492
v -1.245686 1.417462 3.676815
v -1.245239 3.014691 2.014347
v -1.051854 3.285751 1.534677
v -1.245239 3.303857 1.473354
v -1.051452 3.677496 -1.348979
v -1.245686 3.873100 -0.770405
v -1.245686 3.676819 -1.417453
v -1.051452 0.161032 3.913791
v -1.245239 0.096885 3.616187
v -1.245685 0.097510 3.939370
v -1.051854 2.675265 2.448334
v -1.245239 3.014691 2.014347
v -1.245239 2.625540 2.488529
v -1.051452 -2.653599 -2.881321
v -1.245686 -2.193923 -3.283444
v -1.245686 -2.716601 -2.854492
v -1.245686 3.873100 -0.770405
v -1.051452 3.913798 -0.161021
v -1.245686 3.939377 -0.097500
v -1.245239 3.303857 1.473354
v -1.051452 3.554259 1.646506
v -1.245686 3.602199 1.597609
v -1.245686 -2.193923 -3.283444
v -1.051452 -1.646499 -3.554245
v -1.245686 -1.597601 -3.602185
v -1.245239 3.556066 -0.707342
v -1.051854 3.408557 -1.238190
v -1.245239 3.377998 -1.294354
v -1.051452 1.646508 -3.554248
v -1.245686 2.193934 -3.283448
v -1.245686 1.597610 -3.602188
v -1.051452 2.881336 2.653609
v -1.245239 2.625540 2.488529
v -1.245686 2.854506 2.716611
v -1.245239 -2.014338 -3.014677
v -1.051854 -2.448325 -2.675251
v -1.245239 -2.488520 -2.625525
v -1.051854 3.622934 -0.160457
v -1.245239 3.556066 -0.707342
v -1.245239 3.616195 -0.096874
v -1.051452 -3.913781 -0.161017
v -1.245686 -3.873084 -0.770402
v -1.245686 -3.939361 -0.097496
v -1.245686 2.193934 -3.283448
v -1.051452 2.653613 -2.881325
v -1.245686 2.716617 -2.854495
v -1.051854 -1.534669 -3.285737
v -1.245239 -2.014338 -3.014677
v -1.245239 -1.473347 -3.303842
v -1.245239 3.377998 -1.294354
v -1.051452 3.677496 -1.348979
v -1.245686 3.676819 -1.417453
v -1.245686 -3.873084 -0.770402
v -1.051452 -3.677482 -1.348974
v -1.245686 -3.676805 -1.417448
v -1.245239 2.014349 -3.014679
v -1.051854 1.534679 -3.285740
v -1.245239 1.473356 -3.303846
v -1.245239 -2.488520 -2.625525
v -1.051452 -2.653599 -2.881321
v -1.245686 -2.716601 -2.854492
v -1.051452 3.913798 -0.161021
v -1.245239 3.616195 -0.096874
v -1.245686 3.939377 -0.097500
v -1.245239 -3.556051 -0.707340
v -1.051854 -3.622917 -0.160454
v -1.245239 -3.616178 -0.096871
v -1.051854 2.448339 -2.675254
v -1.245239 2.014349 -3.014679
v -1.245239 2.488535 -2.625528
v -1.051452 -2.881318 2.653610
v -1.245686 -3.283442 2.193932
v -1.245686 -2.854488 2.716613
v -1.051452 -1.646499 -3.554245
v -1.245239 -1.473347 -3.303842
v -1.245686 -1.597601 -3.602185
v -1.051854 -3.408543 -1.238185
v -1.245239 -3.556051 -0.707340
v -1.245239 -3.377984 -1.294349
v -1.245239 1.473356 -3.303846
v -1.051452 1.646508 -3.554248
v -1.245686 1.597610 -3.602188
v -1.245686 -3.283442 2.193932
v -1.051452 -3.554242 1.646507
v -1.245686 -3.602181 1.597610
v -1.245239 -3.616178 -0.096871
v -1.051452 -3.913781 -0.161017
v -1.245686 -3.939361 -0.097496
v -1.051452 2.653613 -2.881325
v -1.245239 2.488535 -2.625528
v -1.245686 2.716617 -2.854495
v -1.245239 -3.014673 2.014348
v -1.051854 -2.675247 2.448336
v -1.245239 -2.625521 2.488531
v -1.051452 -0.161011 3.913791
v -1.245686 -0.770399 3.873094
v -1.245685 -0.097489 3.939370
v -1.247470 -0.809754 -4.070950
v -1.247470 0.000012 -4.150706
v -0.538157 0.000012 -4.150706
v -0.872353 2.462367 -2.462358
v -0.872353 2.895435 -1.934664
v -1.244051 2.895435 -1.934664
v -1.247470 -4.070948 -0.809759
v -1.247470 -3.834748 -1.588403
v -0.538157 -3.834748 -1.588403
v -1.247470 2.935005 2.934996
v -1.247470 2.306021 3.451190
v -0.538157 2.306021 3.451190
v -1.247470 -1.588400 -3.834751
v -1.247470 -0.809754 -4.070950
v -0.538157 -0.809754 -4.070950
v -1.247470 -3.834748 -1.588403
v -1.247470 -3.451180 -2.306006
v -0.538157 -3.451180 -2.306006
v -1.247470 2.306021 3.451190
v -1.247470 1.588418 3.834758
v -0.538157 1.588418 3.834758
v -1.247470 0.000012 -4.150706
v -1.247470 0.809764 -4.070953
v -0.538157 0.809764 -4.070953
v -1.247470 -3.451180 -2.306006
v -1.247470 -2.934986 -2.934991
v -0.538157 -2.934986 -2.934991
v -1.247470 1.588418 3.834758
v -1.247470 0.809775 4.070957
v -0.538157 0.809775 4.070957
v -1.247470 0.809764 -4.070953
v -1.247470 1.588409 -3.834755
v -0.538157 1.588409 -3.834755
v -1.247470 -2.934986 -2.934991
v -1.247470 -2.306003 -3.451184
v -0.538157 -2.306003 -3.451184
v -0.538157 0.809775 4.070957
v -1.247470 0.809775 4.070957
v -1.247470 0.000010 4.150712
v -1.247470 1.588409 -3.834755
v -1.247470 2.306014 -3.451188
v -0.538157 2.306014 -3.451188
v -1.247470 -2.306003 -3.451184
v -1.247470 -1.588400 -3.834751
v -0.538157 -1.588400 -3.834751
v -1.247470 0.000010 4.150712
v -1.247470 -0.809756 4.070957
v -0.538157 -0.809756 4.070957
v -1.247470 2.306014 -3.451188
v -1.247470 2.935001 -2.934994
v -0.538157 2.935001 -2.934994
v -1.247470 -0.809756 4.070957
v -1.247470 -1.588399 3.834759
v -0.538157 -1.588399 3.834759
v -1.247470 2.935001 -2.934994
v -1.247470 3.451195 -2.306012
v -0.538157 3.451195 -2.306012
v -1.247470 -1.588399 3.834759
v -1.247470 -2.306001 3.451193
v -0.538157 -2.306001 3.451193
v -1.247470 3.451195 -2.306012
v -1.247470 3.834762 -1.588409
v -0.538157 3.834762 -1.588409
v -1.247470 -2.306001 3.451193
v -1.247470 -2.934987 2.934998
v -0.538157 -2.934987 2.934998
v -1.247470 3.834762 -1.588409
v -1.247470 4.070963 -0.809762
v -0.538157 4.070963 -0.809762
v -1.247470 -2.934987 2.934998
v -1.247470 -3.451181 2.306013
v -0.538157 -3.451181 2.306013
v -1.247470 4.070963 -0.809762
v -1.247470 4.150720 -0.000000
v -0.538157 4.150720 -0.000000
v -1.247470 -3.451181 2.306013
v -1.247470 -3.834748 1.588409
v -0.538157 -3.834748 1.588409
v -1.247470 4.150720 -0.000000
v -1.247470 4.070965 0.809761
v -0.538157 4.070965 0.809761
v -1.247470 -3.834748 1.588409
v -1.247470 -4.070948 0.809766
v -0.538157 -4.070948 0.809766
v -1.247470 4.070965 0.809761
v -1.247470 3.834765 1.588408
v -0.538157 3.834765 1.588408
v -1.247470 -4.070948 0.809766
v -1.247470 -4.150702 0.000004
v -0.538157 -4.150702 0.000004
v -1.247470 3.834765 1.588408
v -1.247470 3.451200 2.306012
v -0.538157 3.451200 2.306012
v -1.247470 -4.150702 0.000004
v -1.247470 -4.070948 -0.809759
v -0.538157 -4.070948 -0.809759
v -1.247470 3.451200 2.306012
v -1.247470 2.935005 2.934996
v -0.538157 2.935005 2.934996
v -1.051452 3.677499 1.348978
v -1.051854 3.408560 1.238190
v -1.245239 3.378001 1.294354
v -1.051452 -0.161009 -3.913785
v -1.051854 -0.160445 -3.622921
v -1.245239 -0.096862 -3.616181
v -1.051452 0.161033 -3.913785
v -1.051452 0.766638 -3.854139
v -1.245686 0.770407 -3.873090
v -1.245239 3.014687 -2.014346
v -1.051854 3.025498 -2.021570
v -1.051854 2.675261 -2.448333
v -1.245686 -3.283441 -2.193926
v -1.051452 -3.267375 -2.183191
v -1.051452 -2.881317 -2.653604
v -1.245239 3.616195 0.096875
v -1.051854 3.622935 0.160458
v -1.051452 3.913799 0.161021
v -1.245239 -0.707334 -3.556054
v -1.051854 -0.709871 -3.568807
v -1.051854 -1.238181 -3.408545
v -1.245686 3.283454 -2.193931
v -1.051452 3.267388 -2.183196
v -1.051452 3.554255 -1.646507
v -1.051452 -3.554241 -1.646502
v -1.051452 -3.267375 -2.183191
v -1.245686 -3.283441 -2.193926
v -1.051854 3.408560 1.238190
v -1.051854 3.568821 0.709879
v -1.245239 3.556069 0.707342
v -1.051854 -0.160445 -3.622921
v -1.051854 -0.709871 -3.568807
v -1.245239 -0.707334 -3.556054
v -1.051452 1.646517 3.554251
v -1.051854 1.534687 3.285743
v -1.245239 1.473365 3.303849
v -1.051452 2.881332 -2.653607
v -1.051452 3.267388 -2.183196
v -1.245686 3.283454 -2.193931
v -1.245239 3.556069 0.707342
v -1.051854 3.568821 0.709879
v -1.051854 3.622935 0.160458
v -1.051452 -1.348970 -3.677485
v -1.051452 -0.766627 -3.854136
v -1.245686 -0.770396 -3.873087
v -1.245239 2.488539 2.625530
v -1.051854 2.448344 2.675256
v -1.051452 2.653618 2.881327
v -1.245686 3.873102 0.770404
v -1.051452 3.854151 0.766634
v -1.051452 3.677499 1.348978
v -1.245686 -0.770396 -3.873087
v -1.051452 -0.766627 -3.854136
v -1.051452 -0.161009 -3.913785
v -1.051854 1.534687 3.285743
v -1.051854 2.021579 3.025494
v -1.245239 2.014356 3.014683
v -1.051452 -1.348969 3.677492
v -1.051854 -1.238181 3.408553
v -1.245239 -1.294345 3.377994
v -1.051452 3.913799 0.161021
v -1.051452 3.854151 0.766634
v -1.245686 3.873102 0.770404
v -1.245239 2.014356 3.014683
v -1.051854 2.021579 3.025494
v -1.051854 2.448344 2.675256
v -1.245239 -0.096864 3.616187
v -1.051854 -0.160447 3.622927
v -1.051452 -0.161011 3.913791
v -1.245686 2.193941 3.283450
v -1.051452 2.183206 3.267385
v -1.051452 1.646517 3.554251
v -1.051854 -1.238181 3.408553
v -1.051854 -0.709873 3.568813
v -1.245239 -0.707337 3.556061
v -1.051452 -3.554242 1.646507
v -1.051854 -3.285733 1.534678
v -1.245239 -3.303840 1.473355
v -1.051452 2.653618 2.881327
v -1.051452 2.183206 3.267385
v -1.245686 2.193941 3.283450
v -1.245239 -0.707337 3.556061
v -1.051854 -0.709873 3.568813
v -1.051854 -0.160447 3.622927
v -1.245239 -2.625521 2.488531
v -1.051854 -2.675247 2.448336
v -1.051452 -2.881318 2.653610
v -1.245686 -0.770399 3.873094
v -1.051452 -0.766629 3.854143
v -1.051452 -1.348969 3.677492
v -1.051854 -3.285733 1.534678
v -1.051854 -3.025484 2.021571
v -1.245239 -3.014673 2.014348
v -1.051452 -3.677482 -1.348974
v -1.051854 -3.408543 -1.238185
v -1.245239 -3.377984 -1.294349
v -0.872353 -1.332611 3.217231
v -0.872353 -1.934654 2.895433
v -1.244051 -1.934654 2.895433
v -0.872353 2.895435 -1.934664
v -0.872353 3.217235 -1.332620
v -1.244051 3.217235 -1.332620
v -0.872353 -1.934654 2.895433
v -0.872353 -2.462352 2.462363
v -1.244051 -2.462352 2.462363
v -0.872353 3.217235 -1.332620
v -0.872353 3.415400 -0.679362
v -1.244051 3.415400 -0.679362
v -0.872353 -2.462352 2.462363
v -0.872353 -2.895421 1.934666
v -1.244051 -2.895421 1.934666
v -0.872353 3.415400 -0.679362
v -0.872353 3.482313 0.000001
v -1.244051 3.482313 0.000001
v -0.872353 -2.895421 1.934666
v -0.872353 -3.217221 1.332621
v -1.244051 -3.217221 1.332621
v -0.872353 3.482313 0.000001
v -0.872353 3.415401 0.679361
v -1.244051 3.415401 0.679361
v -0.872353 -3.217221 1.332621
v -0.872353 -3.415384 0.679366
v -1.244051 -3.415384 0.679366
v -0.872353 3.415401 0.679361
v -0.872353 3.217238 1.332620
v -1.244051 3.217238 1.332620
v -0.872353 -3.415384 0.679366
v -0.872353 -3.482296 0.000004
v -1.244051 -3.482296 0.000004
v -0.872353 3.217238 1.332620
v -0.872353 2.895439 1.934665
v -1.244051 2.895439 1.934665
v -0.872353 -3.482296 0.000004
v -0.872353 -3.415384 -0.679360
v -1.244051 -3.415384 -0.679360
v -0.872353 2.895439 1.934665
v -0.872353 2.462370 2.462361
v -1.244051 2.462370 2.462361
v -0.872353 -0.679354 -3.415387
v -0.872353 0.000012 -3.482300
v -1.244051 0.000012 -3.482300
v -0.872353 -3.415384 -0.679360
v -0.872353 -3.217220 -1.332615
v -1.244051 -3.217220 -1.332615
v -0.872353 2.462370 2.462361
v -0.872353 1.934674 2.895431
v -1.244051 1.934674 2.895431
v -0.872353 -1.332612 -3.217224
v -0.872353 -0.679354 -3.415387
v -1.244051 -0.679354 -3.415387
v -0.872353 -3.217220 -1.332615
v -0.872353 -2.895421 -1.934659
v -1.244051 -2.895421 -1.934659
v -0.872353 1.934674 2.895431
v -0.872353 1.332630 3.217231
v -1.244051 1.332630 3.217231
v -0.872353 0.000012 -3.482300
v -0.872353 0.679365 -3.415390
v -1.244051 0.679365 -3.415390
v -0.872353 -2.895421 -1.934659
v -0.872353 -2.462352 -2.462356
v -1.244051 -2.462352 -2.462356
v -0.872353 1.332630 3.217231
v -0.872353 0.679376 3.415394
v -1.244051 0.679376 3.415394
v -0.872353 0.679365 -3.415390
v -0.872353 1.332622 -3.217227
v -1.244051 1.332622 -3.217227
v -0.872353 -2.462352 -2.462356
v -0.872353 -1.934656 -2.895425
v -1.244051 -1.934656 -2.895425
v -0.872353 0.679376 3.415394
v -0.872352 0.000010 3.482305
v -1.244050 0.000010 3.482305
v -0.872353 1.332622 -3.217227
v -0.872353 1.934669 -2.895427
v -1.244051 1.934669 -2.895427
v -0.872353 -1.934656 -2.895425
v -0.872353 -1.332612 -3.217224
v -1.244051 -1.332612 -3.217224
v -1.244050 0.000010 3.482305
v -0.872352 0.000010 3.482305
v -0.872353 -0.679357 3.415394
v -0.872353 1.934669 -2.895427
v -0.872353 2.462367 -2.462358
v -1.244051 2.462367 -2.462358
v -0.872353 -0.679357 3.415394
v -0.872353 -1.332611 3.217231
v -1.244051 -1.332611 3.217231
v -1.247470 0.809764 -4.070953
v -1.247470 0.000012 -4.150706
v -1.245686 0.097512 -3.939364
v -1.245686 1.417454 -3.676811
v -1.247470 1.588409 -3.834755
v -1.247470 0.809764 -4.070953
v -1.245239 0.096887 -3.616182
v -1.244051 0.000012 -3.482300
v -1.244051 0.679365 -3.415390
v -1.244051 0.679365 -3.415390
v -1.244051 1.332622 -3.217227
v -1.245239 1.294356 -3.377990
v -1.245686 0.097512 -3.939364
v -1.247470 0.000012 -4.150706
v -1.244051 0.000012 -3.482300
v -1.244051 1.332622 -3.217227
v -1.247470 1.588409 -3.834755
v -1.245686 1.417454 -3.676811
v -1.247470 2.306014 -3.451188
v -1.247470 1.588409 -3.834755
v -1.245686 1.597610 -3.602188
v -1.245686 2.716617 -2.854495
v -1.247470 2.935001 -2.934994
v -1.247470 2.306014 -3.451188
v -1.245239 1.473356 -3.303846
v -1.244051 1.332622 -3.217227
v -1.244051 1.934669 -2.895427
v -1.244051 1.934669 -2.895427
v -1.244051 2.462367 -2.462358
v -1.245239 2.488535 -2.625528
v -1.245686 1.597610 -3.602188
v -1.247470 1.588409 -3.834755
v -1.244051 1.332622 -3.217227
v -1.244051 2.462367 -2.462358
v -1.247470 2.935001 -2.934994
v -1.245686 2.716617 -2.854495
v -1.247470 3.451195 -2.306012
v -1.247470 2.935001 -2.934994
v -1.245686 2.854503 -2.716609
v -1.245686 3.602196 -1.597610
v -1.247470 3.834762 -1.588409
v -1.247470 3.451195 -2.306012
v -1.245239 2.625536 -2.488527
v -1.244051 2.462367 -2.462358
v -1.244051 2.895435 -1.934664
v -1.244051 2.895435 -1.934664
v -1.244051 3.217235 -1.332620
v -1.245239 3.303853 -1.473355
v -1.245686 2.854503 -2.716609
v -1.247470 2.935001 -2.934994
v -1.244051 2.462367 -2.462358
v -1.244051 3.217235 -1.332620
v -1.247470 3.834762 -1.588409
v -1.245686 3.602196 -1.597610
v -1.247470 4.070963 -0.809762
v -1.247470 3.834762 -1.588409
v -1.245686 3.676819 -1.417453
v -1.245686 3.939377 -0.097500
v -1.247470 4.150720 -0.000000
v -1.247470 4.070963 -0.809762
v -1.245239 3.377998 -1.294354
v -1.244051 3.217235 -1.332620
v -1.244051 3.415400 -0.679362
v -1.244051 3.415400 -0.679362
v -1.244051 3.482313 0.000001
v -1.245239 3.616195 -0.096874
v -1.245686 3.676819 -1.417453
v -1.247470 3.834762 -1.588409
v -1.244051 3.217235 -1.332620
v -1.244051 3.482313 0.000001
v -1.247470 4.150720 -0.000000
v -1.245686 3.939377 -0.097500
v -1.247470 4.070965 0.809761
v -1.247470 4.150720 -0.000000
v -1.245686 3.939377 0.097500
v -1.245686 3.676822 1.417452
v -1.247470 3.834765 1.588408
v -1.247470 4.070965 0.809761
v -1.245239 3.616195 0.096875
v -1.244051 3.482313 0.000001
v -1.244051 3.415401 0.679361
v -1.244051 3.415401 0.679361
v -1.244051 3.217238 1.332620
v -1.245239 3.378001 1.294354
v -1.245686 3.939377 0.097500
v -1.247470 4.150720 -0.000000
v -1.244051 3.482313 0.000001
v -1.244051 3.217238 1.332620
v -1.247470 3.834765 1.588408
v -1.245686 3.676822 1.417452
v -1.247470 3.451200 2.306012
v -1.247470 3.834765 1.588408
v -1.245686 3.602199 1.597609
v -1.245686 2.854506 2.716611
v -1.247470 2.935005 2.934996
v -1.247470 3.451200 2.306012
v -1.245239 3.303857 1.473354
v -1.244051 3.217238 1.332620
v -1.244051 2.895439 1.934665
v -1.244051 2.895439 1.934665
v -1.244051 2.462370 2.462361
v -1.245239 2.625540 2.488529
v -1.245686 3.602199 1.597609
v -1.247470 3.834765 1.588408
v -1.244051 3.217238 1.332620
v -1.244051 2.462370 2.462361
v -1.247470 2.935005 2.934996
v -1.245686 2.854506 2.716611
v -1.247470 2.306021 3.451190
v -1.247470 2.935005 2.934996
v -1.245686 2.716621 2.854497
v -1.245686 1.597619 3.602191
v -1.247470 1.588418 3.834758
v -1.247470 2.306021 3.451190
v -1.245239 2.488539 2.625530
v -1.244051 2.462370 2.462361
v -1.244051 1.934674 2.895431
v -1.244051 1.934674 2.895431
v -1.244051 1.332630 3.217231
v -1.245239 1.473365 3.303849
v -1.245686 2.716621 2.854497
v -1.247470 2.935005 2.934996
v -1.244051 2.462370 2.462361
v -1.244051 1.332630 3.217231
v -1.247470 1.588418 3.834758
v -1.245686 1.597619 3.602191
v -1.247470 0.809775 4.070957
v -1.247470 1.588418 3.834758
v -1.245686 1.417462 3.676815
v -1.245685 0.097510 3.939370
v -1.247470 0.000010 4.150712
v -1.247470 0.809775 4.070957
v -1.245239 1.294364 3.377994
v -1.244051 1.332630 3.217231
v -1.244051 0.679376 3.415394
v -1.244051 0.679376 3.415394
v -1.244050 0.000010 3.482305
v -1.245239 0.096885 3.616187
v -1.245686 1.417462 3.676815
v -1.247470 1.588418 3.834758
v -1.244051 1.332630 3.217231
v -1.244050 0.000010 3.482305
v -1.247470 0.000010 4.150712
v -1.245685 0.097510 3.939370
v -1.247470 -0.809756 4.070957
v -1.247470 0.000010 4.150712
v -1.245685 -0.097489 3.939370
v -1.245686 -1.417443 3.676815
v -1.247470 -1.588399 3.834759
v -1.247470 -0.809756 4.070957
v -1.245239 -0.096864 3.616187
v -1.244050 0.000010 3.482305
v -1.244051 -0.679357 3.415394
v -1.244051 -0.679357 3.415394
v -1.244051 -1.332611 3.217231
v -1.245239 -1.294345 3.377994
v -1.245685 -0.097489 3.939370
v -1.247470 0.000010 4.150712
v -1.244050 0.000010 3.482305
v -1.244051 -1.332611 3.217231
v -1.247470 -1.588399 3.834759
v -1.245686 -1.417443 3.676815
v -1.247470 -2.306001 3.451193
v -1.247470 -1.588399 3.834759
v -1.245686 -1.597600 3.602192
v -1.245686 -2.716602 2.854499
v -1.247470 -2.934987 2.934998
v -1.247470 -2.306001 3.451193
v -1.245239 -1.473346 3.303850
v -1.244051 -1.332611 3.217231
v -1.244051 -1.934654 2.895433
v -1.244051 -1.934654 2.895433
v -1.244051 -2.462352 2.462363
v -1.245239 -2.488521 2.625532
v -1.245686 -1.597600 3.602192
v -1.247470 -1.588399 3.834759
v -1.244051 -1.332611 3.217231
v -1.244051 -2.462352 2.462363
v -1.247470 -2.934987 2.934998
v -1.245686 -2.716602 2.854499
v -1.247470 -3.451181 2.306013
v -1.247470 -2.934987 2.934998
v -1.245686 -2.854488 2.716613
v -1.245686 -3.602181 1.597610
v -1.247470 -3.834748 1.588409
v -1.247470 -3.451181 2.306013
v -1.245239 -2.625521 2.488531
v -1.244051 -2.462352 2.462363
v -1.244051 -2.895421 1.934666
v -1.244051 -2.895421 1.934666
v -1.244051 -3.217221 1.332621
v -1.245239 -3.303840 1.473355
v -1.245686 -2.854488 2.716613
v -1.247470 -2.934987 2.934998
v -1.244051 -2.462352 2.462363
v -1.244051 -3.217221 1.332621
v -1.247470 -3.834748 1.588409
v -1.245686 -3.602181 1.597610
v -1.247470 -4.070948 0.809766
v -1.247470 -3.834748 1.588409
v -1.245686 -3.676805 1.417454
v -1.245686 -3.939361 0.097504
v -1.247470 -4.150702 0.000004
v -1.247470 -4.070948 0.809766
v -1.245239 -3.377984 1.294355
v -1.244051 -3.217221 1.332621
v -1.244051 -3.415384 0.679366
v -1.244051 -3.415384 0.679366
v -1.244051 -3.482296 0.000004
v -1.245239 -3.616178 0.096878
v -1.245686 -3.676805 1.417454
v -1.247470 -3.834748 1.588409
v -1.244051 -3.217221 1.332621
v -1.244051 -3.482296 0.000004
v -1.247470 -4.150702 0.000004
v -1.245686 -3.939361 0.097504
v -1.247470 -4.070948 -0.809759
v -1.247470 -4.150702 0.000004
v -1.245686 -3.939361 -0.097496
v -1.245686 -3.676805 -1.417448
v -1.247470 -3.834748 -1.588403
v -1.247470 -4.070948 -0.809759
v -1.245239 -3.616178 -0.096871
v -1.244051 -3.482296 0.000004
v -1.244051 -3.415384 -0.679360
v -1.244051 -3.415384 -0.679360
v -1.244051 -3.217220 -1.332615
v -1.245239 -3.377984 -1.294349
v -1.245686 -3.939361 -0.097496
v -1.247470 -4.150702 0.000004
v -1.244051 -3.482296 0.000004
v -1.244051 -3.217220 -1.332615
v -1.247470 -3.834748 -1.588403
v -1.245686 -3.676805 -1.417448
v -1.247470 -3.451180 -2.306006
v -1.247470 -3.834748 -1.588403
v -1.245686 -3.602181 -1.597604
v -1.245686 -2.854487 -2.716606
v -1.247470 -2.934986 -2.934991
v -1.247470 -3.451180 -2.306006
v -1.245239 -3.303839 -1.473349
v -1.244051 -3.217220 -1.332615
v -1.244051 -2.895421 -1.934659
v -1.244051 -2.895421 -1.934659
v -1.244051 -2.462352 -2.462356
v -1.245239 -2.625521 -2.488524
v -1.245686 -3.602181 -1.597604
v -1.247470 -3.834748 -1.588403
v -1.244051 -3.217220 -1.332615
v -1.244051 -2.462352 -2.462356
v -1.247470 -2.934986 -2.934991
v -1.245686 -2.854487 -2.716606
v -1.247470 -2.306003 -3.451184
v -1.247470 -2.934986 -2.934991
v -1.245686 -2.716601 -2.854492
v -1.245686 -1.597601 -3.602185
v -1.247470 -1.588400 -3.834751
v -1.247470 -2.306003 -3.451184
v -1.245239 -2.488520 -2.625525
v -1.244051 -2.462352 -2.462356
v -1.244051 -1.934656 -2.895425
v -1.244051 -1.934656 -2.895425
v -1.244051 -1.332612 -3.217224
v -1.245239 -1.473347 -3.303842
v -1.245686 -2.716601 -2.854492
v -1.247470 -2.934986 -2.934991
v -1.244051 -2.462352 -2.462356
v -1.244051 -1.332612 -3.217224
v -1.247470 -1.588400 -3.834751
v -1.245686 -1.597601 -3.602185
v -1.245686 -0.097487 -3.939364
v -1.247470 0.000012 -4.150706
v -1.247470 -0.809754 -4.070950
v -1.247470 -0.809754 -4.070950
v -1.247470 -1.588400 -3.834751
v -1.245686 -1.417444 -3.676808
v -1.244051 -0.679354 -3.415387
v -1.244051 0.000012 -3.482300
v -1.245239 -0.096862 -3.616181
v -1.245239 -1.294346 -3.377986
v -1.244051 -1.332612 -3.217224
v -1.244051 -0.679354 -3.415387
v -1.244051 0.000012 -3.482300
v -1.247470 0.000012 -4.150706
v -1.245686 -0.097487 -3.939364
v -1.245686 -1.417444 -3.676808
v -1.247470 -1.588400 -3.834751
v -1.244051 -1.332612 -3.217224
v -1.051854 -0.709871 -3.568807
v -1.051854 -0.160445 -3.622921
v -1.051452 -0.161009 -3.913785
v -1.051452 0.161033 -3.913785
v -1.051854 0.160470 -3.622921
v -1.051854 0.709883 -3.568809
v -1.051854 0.709883 -3.568809
v -1.051854 1.238192 -3.408549
v -1.051452 1.348980 -3.677488
v -1.051452 1.646508 -3.554248
v -1.051854 1.534679 -3.285740
v -1.051854 2.021573 -3.025490
v -1.051854 2.021573 -3.025490
v -1.051854 2.448339 -2.675254
v -1.051452 2.653613 -2.881325
v -1.051452 2.881332 -2.653607
v -1.051854 2.675261 -2.448333
v -1.051854 3.025498 -2.021570
v -1.051854 3.025498 -2.021570
v -1.051854 3.285748 -1.534677
v -1.051452 3.554255 -1.646507
v -1.051452 3.677496 -1.348979
v -1.051854 3.408557 -1.238190
v -1.051854 3.568819 -0.709879
v -1.051854 3.568819 -0.709879
v -1.051854 3.622934 -0.160457
v -1.051452 3.913798 -0.161021
v -1.051452 3.913799 0.161021
v -1.051854 3.622935 0.160458
v -1.051854 3.568821 0.709879
v -1.051854 3.568821 0.709879
v -1.051854 3.408560 1.238190
v -1.051452 3.677499 1.348978
v -1.051452 3.554259 1.646506
v -1.051854 3.285751 1.534677
v -1.051854 3.025502 2.021570
v -1.051854 3.025502 2.021570
v -1.051854 2.675265 2.448334
v -1.051452 2.881336 2.653609
v -1.051452 2.653618 2.881327
v -1.051854 2.448344 2.675256
v -1.051854 2.021579 3.025494
v -1.051854 2.021579 3.025494
v -1.051854 1.534687 3.285743
v -1.051452 1.646517 3.554251
v -1.051452 1.348989 3.677492
v -1.051854 1.238200 3.408553
v -1.051854 0.709893 3.568813
v -1.051854 0.709893 3.568813
v -1.051854 0.160468 3.622927
v -1.051452 0.161032 3.913791
v -1.051452 -0.161011 3.913791
v -1.051854 -0.160447 3.622927
v -1.051854 -0.709873 3.568813
v -1.051854 -0.709873 3.568813
v -1.051854 -1.238181 3.408553
v -1.051452 -1.348969 3.677492
v -1.051452 -1.646498 3.554252
v -1.051854 -1.534668 3.285744
v -1.051854 -2.021560 3.025496
v -1.051854 -2.021560 3.025496
v -1.051854 -2.448325 2.675258
v -1.051452 -2.653600 2.881328
v -1.051452 -2.881318 2.653610
v -1.051854 -2.675247 2.448336
v -1.051854 -3.025484 2.021571
v -1.051854 -3.025484 2.021571
v -1.051854 -3.285733 1.534678
v -1.051452 -3.554242 1.646507
v -1.051452 -3.677482 1.348979
v -1.051854 -3.408544 1.238191
v -1.051854 -3.568804 0.709883
v -1.051854 -3.568804 0.709883
v -1.051854 -3.622917 0.160461
v -1.051452 -3.913781 0.161024
v -1.051452 -3.913781 -0.161017
v -1.051854 -3.622917 -0.160454
v -1.051854 -3.568804 -0.709877
v -1.051854 -3.568804 -0.709877
v -1.051854 -3.408543 -1.238185
v -1.051452 -3.677482 -1.348974
v -1.051452 -3.554241 -1.646502
v -1.051854 -3.285733 -1.534672
v -1.051854 -3.025483 -2.021565
v -1.051854 -3.025483 -2.021565
v -1.051854 -2.675246 -2.448330
v -1.051452 -2.881317 -2.653604
v -1.051452 -2.653599 -2.881321
v -1.051854 -2.448325 -2.675251
v -1.051854 -2.021562 -3.025487
v -1.051854 -2.021562 -3.025487
v -1.051854 -1.534669 -3.285737
v -1.051452 -1.646499 -3.554245
v -1.051452 -1.348970 -3.677485
v -1.051854 -1.238181 -3.408545
v -1.051854 -0.709871 -3.568807
v -1.245239 -3.014672 -2.014341
v -1.051854 -3.025483 -2.021565
v -1.051854 -3.285733 -1.534672
v -1.051854 3.285748 -1.534677
v -1.051854 3.025498 -2.021570
v -1.245239 3.014687 -2.014346
v -1.051452 -3.677482 1.348979
v -1.051452 -3.854134 0.766639
v -1.245686 -3.873084 0.770408
v -1.245686 0.770407 -3.873090
v -1.051452 0.766638 -3.854139
v -1.051452 1.348980 -3.677488
v -1.245239 -1.294346 -3.377986
v -1.051854 -1.238181 -3.408545
v -1.051452 -1.348970 -3.677485
v -1.051854 -2.675246 -2.448330
v -1.051854 -3.025483 -2.021565
v -1.245239 -3.014672 -2.014341
v -1.245239 2.625536 -2.488527
v -1.051854 2.675261 -2.448333
v -1.051452 2.881332 -2.653607
v -1.245686 -3.873084 0.770408
v -1.051452 -3.854134 0.766639
v -1.051452 -3.913781 0.161024
v -1.245239 0.707345 -3.556057
v -1.051854 0.709883 -3.568809
v -1.051854 0.160470 -3.622921
v -1.245239 -3.303839 -1.473349
v -1.051854 -3.285733 -1.534672
v -1.051452 -3.554241 -1.646502
v -1.051452 3.554255 -1.646507
v -1.051854 3.285748 -1.534677
v -1.245239 3.303853 -1.473355
v -1.245239 -3.556051 0.707346
v -1.051854 -3.568804 0.709883
v -1.051854 -3.408544 1.238191
v -1.051854 1.238192 -3.408549
v -1.051854 0.709883 -3.568809
v -1.245239 0.707345 -3.556057
v -1.051452 -1.646498 3.554252
v -1.051452 -2.183187 3.267387
v -1.245686 -2.193921 3.283453
v -1.051452 -2.881317 -2.653604
v -1.051854 -2.675246 -2.448330
v -1.245239 -2.625521 -2.488524
v -1.051854 -3.622917 0.160461
v -1.051854 -3.568804 0.709883
v -1.245239 -3.556051 0.707346
v -1.245239 0.096887 -3.616182
v -1.051854 0.160470 -3.622921
v -1.051452 0.161033 -3.913785
v -1.245686 -2.193921 3.283453
v -1.051452 -2.183187 3.267387
v -1.051452 -2.653600 2.881328
v -1.245239 -3.377984 1.294355
v -1.051854 -3.408544 1.238191
v -1.051452 -3.677482 1.348979
v -1.051452 1.348980 -3.677488
v -1.051854 1.238192 -3.408549
v -1.245239 1.294356 -3.377990
v -1.245239 -2.014337 3.014685
v -1.051854 -2.021560 3.025496
v -1.051854 -1.534668 3.285744
v -1.051452 1.348989 3.677492
v -1.051452 0.766648 3.854143
v -1.245686 0.770418 3.873094
v -1.051452 -3.913781 0.161024
v -1.051854 -3.622917 0.160461
v -1.245239 -3.616178 0.096878
v -1.051854 -2.448325 2.675258
v -1.051854 -2.021560 3.025496
v -1.245239 -2.014337 3.014685
v -1.245686 0.770418 3.873094
v -1.051452 0.766648 3.854143
v -1.051452 0.161032 3.913791
v -1.245239 -1.473346 3.303850
v -1.051854 -1.534668 3.285744
v -1.051452 -1.646498 3.554252
v -1.245239 0.707357 3.556061
v -1.051854 0.709893 3.568813
v -1.051854 1.238200 3.408553
v -1.051452 3.554259 1.646506
v -1.051452 3.267394 2.183197
v -1.245686 3.283460 2.193931
v -1.051452 -2.653600 2.881328
v -1.051854 -2.448325 2.675258
v -1.245239 -2.488521 2.625532
v -1.051854 0.160468 3.622927
v -1.051854 0.709893 3.568813
v -1.245239 0.707357 3.556061
v -1.245686 3.283460 2.193931
v -1.051452 3.267394 2.183197
v -1.051452 2.881336 2.653609
v -1.245239 1.294364 3.377994
v -1.051854 1.238200 3.408553
v -1.051452 1.348989 3.677492
v -1.245239 3.014691 2.014347
v -1.051854 3.025502 2.021570
v -1.051854 3.285751 1.534677
v -1.051452 3.677496 -1.348979
v -1.051452 3.854149 -0.766635
v -1.245686 3.873100 -0.770405
v -1.051452 0.161032 3.913791
v -1.051854 0.160468 3.622927
v -1.245239 0.096885 3.616187
v -1.051854 2.675265 2.448334
v -1.051854 3.025502 2.021570
v -1.245239 3.014691 2.014347
v -1.051452 -2.653599 -2.881321
v -1.051452 -2.183187 -3.267379
v -1.245686 -2.193923 -3.283444
v -1.245686 3.873100 -0.770405
v -1.051452 3.854149 -0.766635
v -1.051452 3.913798 -0.161021
v -1.245239 3.303857 1.473354
v -1.051854 3.285751 1.534677
v -1.051452 3.554259 1.646506
v -1.245686 -2.193923 -3.283444
v -1.051452 -2.183187 -3.267379
v -1.051452 -1.646499 -3.554245
v -1.245239 3.556066 -0.707342
v -1.051854 3.568819 -0.709879
v -1.051854 3.408557 -1.238190
v -1.051452 1.646508 -3.554248
v -1.051452 2.183199 -3.267382
v -1.245686 2.193934 -3.283448
v -1.051452 2.881336 2.653609
v -1.051854 2.675265 2.448334
v -1.245239 2.625540 2.488529
v -1.245239 -2.014338 -3.014677
v -1.051854 -2.021562 -3.025487
v -1.051854 -2.448325 -2.675251
v -1.051854 3.622934 -0.160457
v -1.051854 3.568819 -0.709879
v -1.245239 3.556066 -0.707342
v -1.051452 -3.913781 -0.161017
v -1.051452 -3.854134 -0.766632
v -1.245686 -3.873084 -0.770402
v -1.245686 2.193934 -3.283448
v -1.051452 2.183199 -3.267382
v -1.051452 2.653613 -2.881325
v -1.051854 -1.534669 -3.285737
v -1.051854 -2.021562 -3.025487
v -1.245239 -2.014338 -3.014677
v -1.245239 3.377998 -1.294354
v -1.051854 3.408557 -1.238190
v -1.051452 3.677496 -1.348979
v -1.245686 -3.873084 -0.770402
v -1.051452 -3.854134 -0.766632
v -1.051452 -3.677482 -1.348974
v -1.245239 2.014349 -3.014679
v -1.051854 2.021573 -3.025490
v -1.051854 1.534679 -3.285740
v -1.245239 -2.488520 -2.625525
v -1.051854 -2.448325 -2.675251
v -1.051452 -2.653599 -2.881321
v -1.051452 3.913798 -0.161021
v -1.051854 3.622934 -0.160457
v -1.245239 3.616195 -0.096874
v -1.245239 -3.556051 -0.707340
v -1.051854 -3.568804 -0.709877
v -1.051854 -3.622917 -0.160454
v -1.051854 2.448339 -2.675254
v -1.051854 2.021573 -3.025490
v -1.245239 2.014349 -3.014679
v -1.051452 -2.881318 2.653610
v -1.051452 -3.267375 2.183197
v -1.245686 -3.283442 2.193932
v -1.051452 -1.646499 -3.554245
v -1.051854 -1.534669 -3.285737
v -1.245239 -1.473347 -3.303842
v -1.051854 -3.408543 -1.238185
v -1.051854 -3.568804 -0.709877
v -1.245239 -3.556051 -0.707340
v -1.245239 1.473356 -3.303846
v -1.051854 1.534679 -3.285740
v -1.051452 1.646508 -3.554248
v -1.245686 -3.283442 2.193932
v -1.051452 -3.267375 2.183197
v -1.051452 -3.554242 1.646507
v -1.245239 -3.616178 -0.096871
v -1.051854 -3.622917 -0.160454
v -1.051452 -3.913781 -0.161017
v -1.051452 2.653613 -2.881325
v -1.051854 2.448339 -2.675254
v -1.245239 2.488535 -2.625528
v -1.245239 -3.014673 2.014348
v -1.051854 -3.025484 2.021571
v -1.051854 -2.675247 2.448336
v -1.051452 -0.161011 3.913791
v -1.051452 -0.766629 3.854143
v -1.245686 -0.770399 3.873094
vt 0.357535 0.111811
vt 0.348487 0.119765
vt 0.356809 0.119798
vt 0.810216 0.891109
vt 0.801920 0.888669
vt 0.807570 0.894370
vt 0.401010 0.148251
vt 0.390019 0.142773
vt 0.393222 0.150670
vt 0.320468 0.202784
vt 0.332431 0.201393
vt 0.325612 0.196623
vt 0.367285 0.113797
vt 0.356809 0.119798
vt 0.364976 0.121499
vt 0.397205 0.138927
vt 0.385437 0.135640
vt 0.390019 0.142773
vt 0.328627 0.208436
vt 0.340056 0.204691
vt 0.332431 0.201393
vt 0.347604 0.111808
vt 0.340341 0.121398
vt 0.348487 0.119765
vt 0.391721 0.130510
vt 0.379581 0.129573
vt 0.385437 0.135640
vt 0.337738 0.212347
vt 0.348187 0.206388
vt 0.340056 0.204691
vt 0.337885 0.113787
vt 0.332693 0.124631
vt 0.340341 0.121398
vt 0.384724 0.123334
vt 0.372671 0.124799
vt 0.379581 0.129573
vt 0.348187 0.206388
vt 0.357383 0.214403
vt 0.356518 0.206428
vt 0.328765 0.117664
vt 0.325841 0.129343
vt 0.332693 0.124631
vt 0.376470 0.117687
vt 0.364976 0.121499
vt 0.372671 0.124799
vt 0.357383 0.214403
vt 0.364706 0.204801
vt 0.356518 0.206428
vt 0.320594 0.123277
vt 0.320014 0.135360
vt 0.325841 0.129343
vt 0.367147 0.212461
vt 0.372426 0.201569
vt 0.364706 0.204801
vt 0.313653 0.130401
vt 0.315406 0.142431
vt 0.320014 0.135360
vt 0.376347 0.208608
vt 0.379373 0.196857
vt 0.372426 0.201569
vt 0.308181 0.138776
vt 0.312245 0.150285
vt 0.315406 0.142431
vt 0.384618 0.202999
vt 0.385277 0.190843
vt 0.379373 0.196857
vt 0.304429 0.148089
vt 0.310653 0.158629
vt 0.312245 0.150285
vt 0.391642 0.195862
vt 0.389931 0.183763
vt 0.385277 0.190843
vt 0.302547 0.157965
vt 0.310681 0.167162
vt 0.310653 0.158629
vt 0.397170 0.187480
vt 0.393170 0.175900
vt 0.389931 0.183763
vt 0.302570 0.168016
vt 0.312226 0.175543
vt 0.310681 0.167162
vt 0.401003 0.178161
vt 0.394832 0.167550
vt 0.393170 0.175900
vt 0.304444 0.177890
vt 0.315326 0.183437
vt 0.312226 0.175543
vt 0.402963 0.168256
vt 0.394849 0.159032
vt 0.394832 0.167550
vt 0.308157 0.187211
vt 0.319858 0.190557
vt 0.315326 0.183437
vt 0.402963 0.158154
vt 0.393222 0.150670
vt 0.394849 0.159032
vt 0.313569 0.195615
vt 0.325612 0.196623
vt 0.319858 0.190557
vt 0.969359 0.778066
vt 0.972739 0.776379
vt 0.969389 0.775910
vt 0.965048 0.582193
vt 0.968428 0.580506
vt 0.965078 0.580037
vt 0.792862 0.039239
vt 0.790540 0.032874
vt 0.790828 0.040017
vt 0.974551 0.811119
vt 0.972646 0.817071
vt 0.974738 0.817682
vt 0.966126 0.907881
vt 0.968448 0.901515
vt 0.966413 0.900738
vt 0.972739 0.792484
vt 0.969359 0.790797
vt 0.969389 0.792953
vt 0.969970 0.588559
vt 0.968064 0.594511
vt 0.970157 0.595121
vt 0.967308 0.811119
vt 0.969630 0.804754
vt 0.967595 0.803976
vt 0.968448 0.914247
vt 0.966126 0.907881
vt 0.966413 0.915024
vt 0.972375 0.778480
vt 0.974280 0.784431
vt 0.974468 0.777869
vt 0.968064 0.582607
vt 0.969970 0.588559
vt 0.970157 0.581996
vt 0.968448 0.876459
vt 0.971827 0.874772
vt 0.968477 0.874304
vt 0.969630 0.817485
vt 0.967308 0.811119
vt 0.967595 0.818263
vt 0.974280 0.784431
vt 0.972375 0.790383
vt 0.974468 0.790994
vt 0.965048 0.594925
vt 0.962727 0.588559
vt 0.963014 0.595702
vt 0.971827 0.890877
vt 0.968448 0.889191
vt 0.968477 0.891346
vt 0.967037 0.784431
vt 0.969359 0.778066
vt 0.967325 0.777288
vt 0.962727 0.588559
vt 0.965048 0.582193
vt 0.963014 0.581415
vt 0.971464 0.876873
vt 0.973369 0.882825
vt 0.973556 0.876262
vt 0.716914 0.030341
vt 0.720294 0.028655
vt 0.716944 0.028186
vt 0.969359 0.790797
vt 0.967037 0.784431
vt 0.967325 0.791575
vt 0.973369 0.882825
vt 0.971464 0.888777
vt 0.973556 0.889387
vt 0.720294 0.044760
vt 0.716914 0.043073
vt 0.716944 0.045229
vt 0.966126 0.882825
vt 0.968448 0.876459
vt 0.966413 0.875682
vt 0.719931 0.030755
vt 0.721836 0.036707
vt 0.722023 0.030145
vt 0.966253 0.507419
vt 0.969633 0.505732
vt 0.966283 0.505264
vt 0.968448 0.889191
vt 0.966126 0.882825
vt 0.966413 0.889968
vt 0.721836 0.036707
vt 0.719931 0.042659
vt 0.722023 0.043270
vt 0.969633 0.521837
vt 0.966253 0.520151
vt 0.966283 0.522306
vt 0.714593 0.036707
vt 0.716914 0.030341
vt 0.714880 0.029564
vt 0.969269 0.507833
vt 0.971174 0.513785
vt 0.971362 0.507222
vt 0.969630 0.829810
vt 0.973009 0.828123
vt 0.969659 0.827654
vt 0.844673 0.828693
vt 0.853106 0.827557
vt 0.845728 0.824709
vt 0.805146 0.885994
vt 0.797504 0.881983
vt 0.801920 0.888669
vt 0.851269 0.831259
vt 0.859773 0.831833
vt 0.853106 0.827557
vt 0.801186 0.879997
vt 0.794495 0.874573
vt 0.797504 0.881983
vt 0.857229 0.835099
vt 0.865460 0.837362
vt 0.859773 0.831833
vt 0.798488 0.873353
vt 0.793009 0.866731
vt 0.794495 0.874573
vt 0.862310 0.840058
vt 0.869937 0.843923
vt 0.865460 0.837362
vt 0.797156 0.866324
vt 0.793103 0.858765
vt 0.793009 0.866731
vt 0.866308 0.845942
vt 0.873026 0.851255
vt 0.869937 0.843923
vt 0.797240 0.859187
vt 0.794771 0.850990
vt 0.793103 0.858765
vt 0.869060 0.852514
vt 0.874602 0.859067
vt 0.873026 0.851255
vt 0.798735 0.852222
vt 0.797946 0.843713
vt 0.794771 0.850990
vt 0.870457 0.859518
vt 0.874602 0.867052
vt 0.874602 0.859067
vt 0.801580 0.845706
vt 0.802500 0.837221
vt 0.797946 0.843713
vt 0.844296 0.898052
vt 0.837620 0.903613
vt 0.845535 0.902080
vt 0.870442 0.866675
vt 0.873024 0.874896
vt 0.874602 0.867052
vt 0.805660 0.839896
vt 0.808253 0.831774
vt 0.802500 0.837221
vt 0.850998 0.895329
vt 0.845535 0.902080
vt 0.852997 0.899036
vt 0.869011 0.873704
vt 0.869928 0.882290
vt 0.873024 0.874896
vt 0.810812 0.835023
vt 0.814975 0.827592
vt 0.808253 0.831774
vt 0.837188 0.899420
vt 0.829559 0.903577
vt 0.837620 0.903613
vt 0.866221 0.880330
vt 0.865434 0.888945
vt 0.869928 0.882290
vt 0.816830 0.831283
vt 0.822386 0.824846
vt 0.814975 0.827592
vt 0.829951 0.899381
vt 0.821663 0.901972
vt 0.829559 0.903577
vt 0.862177 0.886292
vt 0.859716 0.894601
vt 0.865434 0.888945
vt 0.823478 0.828821
vt 0.830148 0.823593
vt 0.822386 0.824846
vt 0.822863 0.897936
vt 0.814238 0.898863
vt 0.821663 0.901972
vt 0.857036 0.891358
vt 0.852997 0.899036
vt 0.859716 0.894601
vt 0.830148 0.823593
vt 0.837704 0.827499
vt 0.837956 0.823403
vt 0.816198 0.895142
vt 0.807570 0.894370
vt 0.814238 0.898863
vt 0.837704 0.827499
vt 0.845728 0.824709
vt 0.837956 0.823403
vt 0.168642 0.203041
vt 0.173593 0.197174
vt 0.167634 0.201155
vt 0.161013 0.203898
vt 0.168642 0.203041
vt 0.167634 0.201155
vt 0.171425 0.194522
vt 0.165302 0.196793
vt 0.166019 0.198134
vt 0.165302 0.196793
vt 0.160012 0.200622
vt 0.166019 0.198134
vt 0.173593 0.197174
vt 0.171318 0.192773
vt 0.171425 0.194522
vt 0.158618 0.199562
vt 0.161013 0.203898
vt 0.160012 0.200622
vt 0.152216 0.208024
vt 0.159035 0.204498
vt 0.152006 0.205896
vt 0.144839 0.205896
vt 0.152216 0.208024
vt 0.152006 0.205896
vt 0.158047 0.201218
vt 0.151521 0.200973
vt 0.151670 0.202486
vt 0.151521 0.200973
vt 0.145169 0.202486
vt 0.151670 0.202486
vt 0.159035 0.204498
vt 0.158618 0.199562
vt 0.158047 0.201218
vt 0.144286 0.200973
vt 0.144839 0.205896
vt 0.145169 0.202486
vt 0.135133 0.206341
vt 0.142783 0.205693
vt 0.135754 0.204295
vt 0.129133 0.201553
vt 0.135133 0.206341
vt 0.135754 0.204295
vt 0.143125 0.202285
vt 0.137189 0.199562
vt 0.136748 0.201017
vt 0.137189 0.199562
vt 0.130741 0.198528
vt 0.136748 0.201017
vt 0.142783 0.205693
vt 0.144286 0.200973
vt 0.143125 0.202285
vt 0.130505 0.196793
vt 0.129133 0.201553
vt 0.130741 0.198528
vt 0.119994 0.198250
vt 0.127310 0.200578
vt 0.121351 0.196597
vt 0.116283 0.191529
vt 0.119994 0.198250
vt 0.121351 0.196597
vt 0.128930 0.197561
vt 0.124489 0.192773
vt 0.123524 0.193948
vt 0.124489 0.192773
vt 0.118927 0.189351
vt 0.123524 0.193948
vt 0.127310 0.200578
vt 0.130505 0.196793
vt 0.128930 0.197561
vt 0.119373 0.187657
vt 0.116283 0.191529
vt 0.118927 0.189351
vt 0.109105 0.184981
vt 0.114972 0.189932
vt 0.110991 0.183973
vt 0.108248 0.177352
vt 0.109105 0.184981
vt 0.110991 0.183973
vt 0.117624 0.187763
vt 0.115353 0.181641
vt 0.114012 0.182358
vt 0.115353 0.181641
vt 0.111524 0.176351
vt 0.114012 0.182358
vt 0.114972 0.189932
vt 0.119373 0.187657
vt 0.117624 0.187763
vt 0.112584 0.174956
vt 0.108248 0.177352
vt 0.111524 0.176351
vt 0.104122 0.168555
vt 0.107648 0.175374
vt 0.106250 0.168345
vt 0.106250 0.161178
vt 0.104122 0.168555
vt 0.106250 0.168345
vt 0.110928 0.174386
vt 0.111172 0.167860
vt 0.109659 0.168009
vt 0.111172 0.167860
vt 0.109659 0.161508
vt 0.109659 0.168009
vt 0.107648 0.175374
vt 0.112584 0.174956
vt 0.110928 0.174386
vt 0.111172 0.160625
vt 0.106250 0.161178
vt 0.109659 0.161508
vt 0.105804 0.151472
vt 0.106453 0.159122
vt 0.107851 0.152093
vt 0.110593 0.145471
vt 0.105804 0.151472
vt 0.107851 0.152093
vt 0.109861 0.159464
vt 0.112584 0.153528
vt 0.111129 0.153087
vt 0.112584 0.153528
vt 0.113617 0.147080
vt 0.111129 0.153087
vt 0.106453 0.159122
vt 0.111172 0.160625
vt 0.109861 0.159464
vt 0.115353 0.146844
vt 0.110593 0.145471
vt 0.113617 0.147080
vt 0.113896 0.136333
vt 0.111567 0.143649
vt 0.115549 0.137690
vt 0.120617 0.132622
vt 0.113896 0.136333
vt 0.115549 0.137690
vt 0.114585 0.145269
vt 0.119372 0.140828
vt 0.118197 0.139863
vt 0.119372 0.140828
vt 0.122795 0.135266
vt 0.118197 0.139863
vt 0.111567 0.143649
vt 0.115353 0.146844
vt 0.114585 0.145269
vt 0.124489 0.135711
vt 0.120617 0.132622
vt 0.122795 0.135266
vt 0.127165 0.125444
vt 0.122214 0.131311
vt 0.128173 0.127329
vt 0.134794 0.124587
vt 0.127165 0.125444
vt 0.128173 0.127329
vt 0.124382 0.133963
vt 0.130505 0.131692
vt 0.129788 0.130351
vt 0.130505 0.131692
vt 0.135795 0.127863
vt 0.129788 0.130351
vt 0.122214 0.131311
vt 0.124489 0.135711
vt 0.124382 0.133963
vt 0.137189 0.128923
vt 0.134794 0.124587
vt 0.135795 0.127863
vt 0.143591 0.120461
vt 0.136772 0.123987
vt 0.143801 0.122589
vt 0.150967 0.122589
vt 0.143591 0.120461
vt 0.143801 0.122589
vt 0.137760 0.127267
vt 0.144286 0.127511
vt 0.144137 0.125998
vt 0.144286 0.127511
vt 0.150638 0.125998
vt 0.144137 0.125998
vt 0.136772 0.123987
vt 0.137189 0.128923
vt 0.137760 0.127267
vt 0.151521 0.127511
vt 0.150967 0.122589
vt 0.150638 0.125998
vt 0.160674 0.122143
vt 0.153024 0.122791
vt 0.160053 0.124189
vt 0.166674 0.126932
vt 0.160674 0.122143
vt 0.160053 0.124189
vt 0.152682 0.126200
vt 0.158617 0.128923
vt 0.159059 0.127468
vt 0.158617 0.128923
vt 0.165065 0.129956
vt 0.159059 0.127468
vt 0.153024 0.122791
vt 0.151521 0.127511
vt 0.152682 0.126200
vt 0.165302 0.131692
vt 0.166674 0.126932
vt 0.165065 0.129956
vt 0.175813 0.130235
vt 0.168497 0.127906
vt 0.174456 0.131888
vt 0.179524 0.136955
vt 0.175813 0.130235
vt 0.174456 0.131888
vt 0.166877 0.130924
vt 0.171318 0.135711
vt 0.172283 0.134536
vt 0.171318 0.135711
vt 0.176880 0.139134
vt 0.172283 0.134536
vt 0.168497 0.127906
vt 0.165302 0.131692
vt 0.166877 0.130924
vt 0.176434 0.140827
vt 0.179524 0.136955
vt 0.176880 0.139134
vt 0.186702 0.143504
vt 0.180835 0.138553
vt 0.184816 0.144512
vt 0.187559 0.151133
vt 0.186702 0.143504
vt 0.184816 0.144512
vt 0.178183 0.140721
vt 0.180454 0.146844
vt 0.181795 0.146127
vt 0.180454 0.146844
vt 0.184283 0.152134
vt 0.181795 0.146127
vt 0.180835 0.138553
vt 0.176434 0.140827
vt 0.178183 0.140721
vt 0.183223 0.153528
vt 0.187559 0.151133
vt 0.184283 0.152134
vt 0.191685 0.159930
vt 0.188159 0.153111
vt 0.189557 0.160140
vt 0.189557 0.167306
vt 0.191685 0.159930
vt 0.189557 0.160140
vt 0.184879 0.154099
vt 0.184635 0.160624
vt 0.186147 0.160475
vt 0.184635 0.160624
vt 0.186147 0.166977
vt 0.186147 0.160475
vt 0.188159 0.153111
vt 0.183223 0.153528
vt 0.184879 0.154099
vt 0.184635 0.167860
vt 0.189557 0.167306
vt 0.186147 0.166977
vt 0.190003 0.177013
vt 0.189354 0.169363
vt 0.187956 0.176392
vt 0.185214 0.183013
vt 0.190003 0.177013
vt 0.187956 0.176392
vt 0.185946 0.169021
vt 0.183223 0.174956
vt 0.184678 0.175398
vt 0.183223 0.174956
vt 0.182190 0.181404
vt 0.184678 0.175398
vt 0.189354 0.169363
vt 0.184635 0.167860
vt 0.185946 0.169021
vt 0.180454 0.181641
vt 0.185214 0.183013
vt 0.182190 0.181404
vt 0.175190 0.195863
vt 0.181911 0.192151
vt 0.180258 0.190795
vt 0.181911 0.192151
vt 0.184240 0.184836
vt 0.180258 0.190795
vt 0.176434 0.187657
vt 0.173012 0.193219
vt 0.177610 0.188621
vt 0.181222 0.183215
vt 0.176434 0.187657
vt 0.177610 0.188621
vt 0.171318 0.192773
vt 0.175190 0.195863
vt 0.173012 0.193219
vt 0.184240 0.184836
vt 0.180454 0.181641
vt 0.181222 0.183215
vt 0.967885 0.588559
vt 0.965048 0.582193
vt 0.964780 0.588559
vt 0.792862 0.039239
vt 0.795698 0.032874
vt 0.792594 0.032874
vt 0.795698 0.032874
vt 0.792862 0.026508
vt 0.792594 0.032874
vt 0.966253 0.545207
vt 0.969089 0.538841
vt 0.965985 0.538841
vt 0.969089 0.538841
vt 0.966253 0.532475
vt 0.965985 0.538841
vt 0.969630 0.817485
vt 0.972466 0.811119
vt 0.969361 0.811119
vt 0.972466 0.811119
vt 0.969630 0.804754
vt 0.969361 0.811119
vt 0.270783 0.042051
vt 0.273619 0.035685
vt 0.270514 0.035685
vt 0.273619 0.035685
vt 0.270783 0.029319
vt 0.270514 0.035685
vt 0.969359 0.790797
vt 0.972195 0.784431
vt 0.969091 0.784431
vt 0.972195 0.784431
vt 0.969359 0.778066
vt 0.969091 0.784431
vt 0.304869 0.042585
vt 0.307705 0.036219
vt 0.304600 0.036219
vt 0.307705 0.036219
vt 0.304869 0.029853
vt 0.304600 0.036219
vt 0.968448 0.889191
vt 0.971284 0.882825
vt 0.968179 0.882825
vt 0.971284 0.882825
vt 0.968448 0.876459
vt 0.968179 0.882825
vt 0.969359 0.765741
vt 0.972195 0.759375
vt 0.969091 0.759375
vt 0.972195 0.759375
vt 0.969359 0.753009
vt 0.969091 0.759375
vt 0.716914 0.043073
vt 0.719751 0.036707
vt 0.716646 0.036707
vt 0.719751 0.036707
vt 0.716914 0.030341
vt 0.716646 0.036707
vt 0.286227 0.042051
vt 0.289063 0.035685
vt 0.285959 0.035685
vt 0.289063 0.035685
vt 0.286227 0.029319
vt 0.285959 0.035685
vt 0.966253 0.520151
vt 0.969089 0.513785
vt 0.965985 0.513785
vt 0.969089 0.513785
vt 0.966253 0.507419
vt 0.965985 0.513785
vt 0.777418 0.039239
vt 0.780254 0.032874
vt 0.777150 0.032874
vt 0.780254 0.032874
vt 0.777418 0.026508
vt 0.777150 0.032874
vt 0.969630 0.842542
vt 0.972466 0.836176
vt 0.969361 0.836176
vt 0.972466 0.836176
vt 0.969630 0.829810
vt 0.969361 0.836176
vt 0.968448 0.914247
vt 0.971284 0.907881
vt 0.968179 0.907881
vt 0.971284 0.907881
vt 0.968448 0.901515
vt 0.968179 0.907881
vt 0.761974 0.039239
vt 0.764810 0.032874
vt 0.761706 0.032874
vt 0.764810 0.032874
vt 0.761974 0.026508
vt 0.761706 0.032874
vt 0.965048 0.594925
vt 0.967885 0.588559
vt 0.964780 0.588559
vt 0.973369 0.907881
vt 0.971464 0.913833
vt 0.973556 0.914444
vt 0.972646 0.805168
vt 0.974551 0.811119
vt 0.974738 0.804557
vt 0.777418 0.039239
vt 0.775096 0.032874
vt 0.775384 0.040017
vt 0.790540 0.032874
vt 0.792862 0.026508
vt 0.790828 0.025730
vt 0.968428 0.596611
vt 0.965048 0.594925
vt 0.965078 0.597080
vt 0.971464 0.901929
vt 0.973369 0.907881
vt 0.973556 0.901319
vt 0.973009 0.819172
vt 0.969630 0.817485
vt 0.969659 0.819641
vt 0.775096 0.032874
vt 0.777418 0.026508
vt 0.775384 0.025730
vt 0.797783 0.032874
vt 0.795878 0.038825
vt 0.797971 0.039436
vt 0.971827 0.915934
vt 0.968448 0.914247
vt 0.968477 0.916402
vt 0.969630 0.804754
vt 0.973009 0.803067
vt 0.969659 0.802598
vt 0.782339 0.032874
vt 0.780434 0.038825
vt 0.782527 0.039436
vt 0.795878 0.026922
vt 0.797783 0.032874
vt 0.797971 0.026311
vt 0.286227 0.042051
vt 0.283905 0.035685
vt 0.284193 0.042828
vt 0.968448 0.901515
vt 0.971827 0.899829
vt 0.968477 0.899360
vt 0.780434 0.026922
vt 0.782339 0.032874
vt 0.782527 0.026311
vt 0.796242 0.040926
vt 0.792862 0.039239
vt 0.792892 0.041395
vt 0.283905 0.035685
vt 0.286227 0.029319
vt 0.284193 0.028541
vt 0.780798 0.040926
vt 0.777418 0.039239
vt 0.777448 0.041395
vt 0.792862 0.026508
vt 0.796242 0.024821
vt 0.792892 0.024352
vt 0.291148 0.035685
vt 0.289243 0.041637
vt 0.291336 0.042247
vt 0.969359 0.765741
vt 0.967037 0.759375
vt 0.967325 0.766518
vt 0.777418 0.026508
vt 0.780798 0.024821
vt 0.777448 0.024352
vt 0.289243 0.029733
vt 0.291148 0.035685
vt 0.291336 0.029122
vt 0.967037 0.759375
vt 0.969359 0.753009
vt 0.967325 0.752232
vt 0.289607 0.043737
vt 0.286227 0.042051
vt 0.286257 0.044206
vt 0.974280 0.759375
vt 0.972375 0.765327
vt 0.974468 0.765938
vt 0.304869 0.042585
vt 0.302547 0.036219
vt 0.302835 0.043363
vt 0.286227 0.029319
vt 0.289607 0.027632
vt 0.286257 0.027163
vt 0.972375 0.753423
vt 0.974280 0.759375
vt 0.974468 0.752813
vt 0.302547 0.036219
vt 0.304869 0.029853
vt 0.302835 0.029076
vt 0.972739 0.767428
vt 0.969359 0.765741
vt 0.969389 0.767896
vt 0.309790 0.036219
vt 0.307885 0.042171
vt 0.309977 0.042782
vt 0.270783 0.042051
vt 0.268461 0.035685
vt 0.268749 0.042828
vt 0.969359 0.753009
vt 0.972739 0.751323
vt 0.969389 0.750854
vt 0.307885 0.030268
vt 0.309790 0.036219
vt 0.309977 0.029657
vt 0.761974 0.039239
vt 0.759652 0.032874
vt 0.759940 0.040017
vt 0.268461 0.035685
vt 0.270783 0.029319
vt 0.268749 0.028541
vt 0.308248 0.044272
vt 0.304869 0.042585
vt 0.304898 0.044741
vt 0.759652 0.032874
vt 0.761974 0.026508
vt 0.759940 0.025730
vt 0.275704 0.035685
vt 0.273799 0.041637
vt 0.275892 0.042247
vt 0.966253 0.545207
vt 0.963931 0.538841
vt 0.964219 0.545985
vt 0.304869 0.029853
vt 0.308248 0.028167
vt 0.304898 0.027698
vt 0.766895 0.032874
vt 0.764990 0.038825
vt 0.767083 0.039436
vt 0.273799 0.029733
vt 0.275704 0.035685
vt 0.275892 0.029122
vt 0.969630 0.842542
vt 0.967308 0.836176
vt 0.967595 0.843319
vt 0.963931 0.538841
vt 0.966253 0.532475
vt 0.964219 0.531698
vt 0.764990 0.026922
vt 0.766895 0.032874
vt 0.767083 0.026311
vt 0.274163 0.043737
vt 0.270783 0.042051
vt 0.270813 0.044206
vt 0.967308 0.836176
vt 0.969630 0.829810
vt 0.967595 0.829033
vt 0.971174 0.538841
vt 0.969269 0.544793
vt 0.971362 0.545404
vt 0.765354 0.040926
vt 0.761974 0.039239
vt 0.762004 0.041395
vt 0.270783 0.029319
vt 0.274163 0.027632
vt 0.270813 0.027163
vt 0.974551 0.836176
vt 0.972646 0.842128
vt 0.974738 0.842738
vt 0.969269 0.532889
vt 0.971174 0.538841
vt 0.971362 0.532279
vt 0.966253 0.520151
vt 0.963931 0.513785
vt 0.964219 0.520928
vt 0.761974 0.026508
vt 0.765354 0.024821
vt 0.762004 0.024352
vt 0.972646 0.830224
vt 0.974551 0.836176
vt 0.974738 0.829613
vt 0.969633 0.546894
vt 0.966253 0.545207
vt 0.966283 0.547363
vt 0.963931 0.513785
vt 0.966253 0.507419
vt 0.964219 0.506642
vt 0.973009 0.844228
vt 0.969630 0.842542
vt 0.969659 0.844697
vt 0.966253 0.532475
vt 0.969633 0.530789
vt 0.966283 0.530320
vt 0.971174 0.513785
vt 0.969269 0.519737
vt 0.971362 0.520347
vt 0.716914 0.043073
vt 0.714593 0.036707
vt 0.714880 0.043851
vt 0.357535 0.111811
vt 0.347604 0.111808
vt 0.348487 0.119765
vt 0.810216 0.891109
vt 0.805146 0.885994
vt 0.801920 0.888669
vt 0.401010 0.148251
vt 0.397205 0.138927
vt 0.390019 0.142773
vt 0.320468 0.202784
vt 0.328627 0.208436
vt 0.332431 0.201393
vt 0.367285 0.113797
vt 0.357535 0.111811
vt 0.356809 0.119798
vt 0.397205 0.138927
vt 0.391721 0.130510
vt 0.385437 0.135640
vt 0.328627 0.208436
vt 0.337738 0.212347
vt 0.340056 0.204691
vt 0.347604 0.111808
vt 0.337885 0.113787
vt 0.340341 0.121398
vt 0.391721 0.130510
vt 0.384724 0.123334
vt 0.379581 0.129573
vt 0.337738 0.212347
vt 0.347448 0.214362
vt 0.348187 0.206388
vt 0.337885 0.113787
vt 0.328765 0.117664
vt 0.332693 0.124631
vt 0.384724 0.123334
vt 0.376470 0.117687
vt 0.372671 0.124799
vt 0.348187 0.206388
vt 0.347448 0.214362
vt 0.357383 0.214403
vt 0.328765 0.117664
vt 0.320594 0.123277
vt 0.325841 0.129343
vt 0.376470 0.117687
vt 0.367285 0.113797
vt 0.364976 0.121499
vt 0.357383 0.214403
vt 0.367147 0.212461
vt 0.364706 0.204801
vt 0.320594 0.123277
vt 0.313653 0.130401
vt 0.320014 0.135360
vt 0.367147 0.212461
vt 0.376347 0.208608
vt 0.372426 0.201569
vt 0.313653 0.130401
vt 0.308181 0.138776
vt 0.315406 0.142431
vt 0.376347 0.208608
vt 0.384618 0.202999
vt 0.379373 0.196857
vt 0.308181 0.138776
vt 0.304429 0.148089
vt 0.312245 0.150285
vt 0.384618 0.202999
vt 0.391642 0.195862
vt 0.385277 0.190843
vt 0.304429 0.148089
vt 0.302547 0.157965
vt 0.310653 0.158629
vt 0.391642 0.195862
vt 0.397170 0.187480
vt 0.389931 0.183763
vt 0.302547 0.157965
vt 0.302570 0.168016
vt 0.310681 0.167162
vt 0.397170 0.187480
vt 0.401003 0.178161
vt 0.393170 0.175900
vt 0.302570 0.168016
vt 0.304444 0.177890
vt 0.312226 0.175543
vt 0.401003 0.178161
vt 0.402963 0.168256
vt 0.394832 0.167550
vt 0.304444 0.177890
vt 0.308157 0.187211
vt 0.315326 0.183437
vt 0.402963 0.168256
vt 0.402963 0.158154
vt 0.394849 0.159032
vt 0.308157 0.187211
vt 0.313569 0.195615
vt 0.319858 0.190557
vt 0.402963 0.158154
vt 0.401010 0.148251
vt 0.393222 0.150670
vt 0.313569 0.195615
vt 0.320468 0.202784
vt 0.325612 0.196623
vt 0.969359 0.778066
vt 0.972375 0.778480
vt 0.972739 0.776379
vt 0.965048 0.582193
vt 0.968064 0.582607
vt 0.968428 0.580506
vt 0.792862 0.039239
vt 0.792594 0.032874
vt 0.790540 0.032874
vt 0.974551 0.811119
vt 0.972466 0.811119
vt 0.972646 0.817071
vt 0.966126 0.907881
vt 0.968179 0.907881
vt 0.968448 0.901515
vt 0.972739 0.792484
vt 0.972375 0.790383
vt 0.969359 0.790797
vt 0.969970 0.588559
vt 0.967885 0.588559
vt 0.968064 0.594511
vt 0.967308 0.811119
vt 0.969361 0.811119
vt 0.969630 0.804754
vt 0.968448 0.914247
vt 0.968179 0.907881
vt 0.966126 0.907881
vt 0.972375 0.778480
vt 0.972195 0.784431
vt 0.974280 0.784431
vt 0.968064 0.582607
vt 0.967885 0.588559
vt 0.969970 0.588559
vt 0.968448 0.876459
vt 0.971464 0.876873
vt 0.971827 0.874772
vt 0.969630 0.817485
vt 0.969361 0.811119
vt 0.967308 0.811119
vt 0.974280 0.784431
vt 0.972195 0.784431
vt 0.972375 0.790383
vt 0.965048 0.594925
vt 0.964780 0.588559
vt 0.962727 0.588559
vt 0.971827 0.890877
vt 0.971464 0.888777
vt 0.968448 0.889191
vt 0.967037 0.784431
vt 0.969091 0.784431
vt 0.969359 0.778066
vt 0.962727 0.588559
vt 0.964780 0.588559
vt 0.965048 0.582193
vt 0.971464 0.876873
vt 0.971284 0.882825
vt 0.973369 0.882825
vt 0.716914 0.030341
vt 0.719931 0.030755
vt 0.720294 0.028655
vt 0.969359 0.790797
vt 0.969091 0.784431
vt 0.967037 0.784431
vt 0.973369 0.882825
vt 0.971284 0.882825
vt 0.971464 0.888777
vt 0.720294 0.044760
vt 0.719931 0.042659
vt 0.716914 0.043073
vt 0.966126 0.882825
vt 0.968179 0.882825
vt 0.968448 0.876459
vt 0.719931 0.030755
vt 0.719751 0.036707
vt 0.721836 0.036707
vt 0.966253 0.507419
vt 0.969269 0.507833
vt 0.969633 0.505732
vt 0.968448 0.889191
vt 0.968179 0.882825
vt 0.966126 0.882825
vt 0.721836 0.036707
vt 0.719751 0.036707
vt 0.719931 0.042659
vt 0.969633 0.521837
vt 0.969269 0.519737
vt 0.966253 0.520151
vt 0.714593 0.036707
vt 0.716646 0.036707
vt 0.716914 0.030341
vt 0.969269 0.507833
vt 0.969089 0.513785
vt 0.971174 0.513785
vt 0.969630 0.829810
vt 0.972646 0.830224
vt 0.973009 0.828123
vt 0.844673 0.828693
vt 0.851269 0.831259
vt 0.853106 0.827557
vt 0.805146 0.885994
vt 0.801186 0.879997
vt 0.797504 0.881983
vt 0.851269 0.831259
vt 0.857229 0.835099
vt 0.859773 0.831833
vt 0.801186 0.879997
vt 0.798488 0.873353
vt 0.794495 0.874573
vt 0.857229 0.835099
vt 0.862310 0.840058
vt 0.865460 0.837362
vt 0.798488 0.873353
vt 0.797156 0.866324
vt 0.793009 0.866731
vt 0.862310 0.840058
vt 0.866308 0.845942
vt 0.869937 0.843923
vt 0.797156 0.866324
vt 0.797240 0.859187
vt 0.793103 0.858765
vt 0.866308 0.845942
vt 0.869060 0.852514
vt 0.873026 0.851255
vt 0.797240 0.859187
vt 0.798735 0.852222
vt 0.794771 0.850990
vt 0.869060 0.852514
vt 0.870457 0.859518
vt 0.874602 0.859067
vt 0.798735 0.852222
vt 0.801580 0.845706
vt 0.797946 0.843713
vt 0.870457 0.859518
vt 0.870442 0.866675
vt 0.874602 0.867052
vt 0.801580 0.845706
vt 0.805660 0.839896
vt 0.802500 0.837221
vt 0.844296 0.898052
vt 0.837188 0.899420
vt 0.837620 0.903613
vt 0.870442 0.866675
vt 0.869011 0.873704
vt 0.873024 0.874896
vt 0.805660 0.839896
vt 0.810812 0.835023
vt 0.808253 0.831774
vt 0.850998 0.895329
vt 0.844296 0.898052
vt 0.845535 0.902080
vt 0.869011 0.873704
vt 0.866221 0.880330
vt 0.869928 0.882290
vt 0.810812 0.835023
vt 0.816830 0.831283
vt 0.814975 0.827592
vt 0.837188 0.899420
vt 0.829951 0.899381
vt 0.829559 0.903577
vt 0.866221 0.880330
vt 0.862177 0.886292
vt 0.865434 0.888945
vt 0.816830 0.831283
vt 0.823478 0.828821
vt 0.822386 0.824846
vt 0.829951 0.899381
vt 0.822863 0.897936
vt 0.821663 0.901972
vt 0.862177 0.886292
vt 0.857036 0.891358
vt 0.859716 0.894601
vt 0.823478 0.828821
vt 0.830561 0.827732
vt 0.830148 0.823593
vt 0.822863 0.897936
vt 0.816198 0.895142
vt 0.814238 0.898863
vt 0.857036 0.891358
vt 0.850998 0.895329
vt 0.852997 0.899036
vt 0.830148 0.823593
vt 0.830561 0.827732
vt 0.837704 0.827499
vt 0.816198 0.895142
vt 0.810216 0.891109
vt 0.807570 0.894370
vt 0.837704 0.827499
vt 0.844673 0.828693
vt 0.845728 0.824709
vt 0.168642 0.203041
vt 0.175813 0.198250
vt 0.173593 0.197174
vt 0.161013 0.203898
vt 0.160674 0.206341
vt 0.168642 0.203041
vt 0.171425 0.194522
vt 0.171318 0.192773
vt 0.165302 0.196793
vt 0.165302 0.196793
vt 0.158618 0.199562
vt 0.160012 0.200622
vt 0.173593 0.197174
vt 0.175813 0.198250
vt 0.171318 0.192773
vt 0.158618 0.199562
vt 0.160674 0.206341
vt 0.161013 0.203898
vt 0.152216 0.208024
vt 0.160674 0.206341
vt 0.159035 0.204498
vt 0.144839 0.205896
vt 0.143591 0.208024
vt 0.152216 0.208024
vt 0.158047 0.201218
vt 0.158618 0.199562
vt 0.151521 0.200973
vt 0.151521 0.200973
vt 0.144286 0.200973
vt 0.145169 0.202486
vt 0.159035 0.204498
vt 0.160674 0.206341
vt 0.158618 0.199562
vt 0.144286 0.200973
vt 0.143591 0.208024
vt 0.144839 0.205896
vt 0.135133 0.206341
vt 0.143591 0.208024
vt 0.142783 0.205693
vt 0.129133 0.201553
vt 0.127165 0.203041
vt 0.135133 0.206341
vt 0.143125 0.202285
vt 0.144286 0.200973
vt 0.137189 0.199562
vt 0.137189 0.199562
vt 0.130505 0.196793
vt 0.130741 0.198528
vt 0.142783 0.205693
vt 0.143591 0.208024
vt 0.144286 0.200973
vt 0.130505 0.196793
vt 0.127165 0.203041
vt 0.129133 0.201553
vt 0.119994 0.198250
vt 0.127165 0.203041
vt 0.127310 0.200578
vt 0.116283 0.191529
vt 0.113896 0.192151
vt 0.119994 0.198250
vt 0.128930 0.197561
vt 0.130505 0.196793
vt 0.124489 0.192773
vt 0.124489 0.192773
vt 0.119373 0.187657
vt 0.118927 0.189351
vt 0.127310 0.200578
vt 0.127165 0.203041
vt 0.130505 0.196793
vt 0.119373 0.187657
vt 0.113896 0.192151
vt 0.116283 0.191529
vt 0.109105 0.184981
vt 0.113896 0.192151
vt 0.114972 0.189932
vt 0.108248 0.177352
vt 0.105804 0.177013
vt 0.109105 0.184981
vt 0.117624 0.187763
vt 0.119373 0.187657
vt 0.115353 0.181641
vt 0.115353 0.181641
vt 0.112584 0.174956
vt 0.111524 0.176351
vt 0.114972 0.189932
vt 0.113896 0.192151
vt 0.119373 0.187657
vt 0.112584 0.174956
vt 0.105804 0.177013
vt 0.108248 0.177352
vt 0.104122 0.168555
vt 0.105804 0.177013
vt 0.107648 0.175374
vt 0.106250 0.161178
vt 0.104122 0.159930
vt 0.104122 0.168555
vt 0.110928 0.174386
vt 0.112584 0.174956
vt 0.111172 0.167860
vt 0.111172 0.167860
vt 0.111172 0.160625
vt 0.109659 0.161508
vt 0.107648 0.175374
vt 0.105804 0.177013
vt 0.112584 0.174956
vt 0.111172 0.160625
vt 0.104122 0.159930
vt 0.106250 0.161178
vt 0.105804 0.151472
vt 0.104122 0.159930
vt 0.106453 0.159122
vt 0.110593 0.145471
vt 0.109105 0.143504
vt 0.105804 0.151472
vt 0.109861 0.159464
vt 0.111172 0.160625
vt 0.112584 0.153528
vt 0.112584 0.153528
vt 0.115353 0.146844
vt 0.113617 0.147080
vt 0.106453 0.159122
vt 0.104122 0.159930
vt 0.111172 0.160625
vt 0.115353 0.146844
vt 0.109105 0.143504
vt 0.110593 0.145471
vt 0.113896 0.136333
vt 0.109105 0.143504
vt 0.111567 0.143649
vt 0.120617 0.132622
vt 0.119994 0.130235
vt 0.113896 0.136333
vt 0.114585 0.145269
vt 0.115353 0.146844
vt 0.119372 0.140828
vt 0.119372 0.140828
vt 0.124489 0.135711
vt 0.122795 0.135266
vt 0.111567 0.143649
vt 0.109105 0.143504
vt 0.115353 0.146844
vt 0.124489 0.135711
vt 0.119994 0.130235
vt 0.120617 0.132622
vt 0.127165 0.125444
vt 0.119994 0.130235
vt 0.122214 0.131311
vt 0.134794 0.124587
vt 0.135133 0.122143
vt 0.127165 0.125444
vt 0.124382 0.133963
vt 0.124489 0.135711
vt 0.130505 0.131692
vt 0.130505 0.131692
vt 0.137189 0.128923
vt 0.135795 0.127863
vt 0.122214 0.131311
vt 0.119994 0.130235
vt 0.124489 0.135711
vt 0.137189 0.128923
vt 0.135133 0.122143
vt 0.134794 0.124587
vt 0.143591 0.120461
vt 0.135133 0.122143
vt 0.136772 0.123987
vt 0.150967 0.122589
vt 0.152215 0.120461
vt 0.143591 0.120461
vt 0.137760 0.127267
vt 0.137189 0.128923
vt 0.144286 0.127511
vt 0.144286 0.127511
vt 0.151521 0.127511
vt 0.150638 0.125998
vt 0.136772 0.123987
vt 0.135133 0.122143
vt 0.137189 0.128923
vt 0.151521 0.127511
vt 0.152215 0.120461
vt 0.150967 0.122589
vt 0.160674 0.122143
vt 0.152215 0.120461
vt 0.153024 0.122791
vt 0.166674 0.126932
vt 0.168642 0.125444
vt 0.160674 0.122143
vt 0.152682 0.126200
vt 0.151521 0.127511
vt 0.158617 0.128923
vt 0.158617 0.128923
vt 0.165302 0.131692
vt 0.165065 0.129956
vt 0.153024 0.122791
vt 0.152215 0.120461
vt 0.151521 0.127511
vt 0.165302 0.131692
vt 0.168642 0.125444
vt 0.166674 0.126932
vt 0.175813 0.130235
vt 0.168642 0.125444
vt 0.168497 0.127906
vt 0.179524 0.136955
vt 0.181911 0.136333
vt 0.175813 0.130235
vt 0.166877 0.130924
vt 0.165302 0.131692
vt 0.171318 0.135711
vt 0.171318 0.135711
vt 0.176434 0.140827
vt 0.176880 0.139134
vt 0.168497 0.127906
vt 0.168642 0.125444
vt 0.165302 0.131692
vt 0.176434 0.140827
vt 0.181911 0.136333
vt 0.179524 0.136955
vt 0.186702 0.143504
vt 0.181911 0.136333
vt 0.180835 0.138553
vt 0.187559 0.151133
vt 0.190002 0.151471
vt 0.186702 0.143504
vt 0.178183 0.140721
vt 0.176434 0.140827
vt 0.180454 0.146844
vt 0.180454 0.146844
vt 0.183223 0.153528
vt 0.184283 0.152134
vt 0.180835 0.138553
vt 0.181911 0.136333
vt 0.176434 0.140827
vt 0.183223 0.153528
vt 0.190002 0.151471
vt 0.187559 0.151133
vt 0.191685 0.159930
vt 0.190002 0.151471
vt 0.188159 0.153111
vt 0.189557 0.167306
vt 0.191685 0.168554
vt 0.191685 0.159930
vt 0.184879 0.154099
vt 0.183223 0.153528
vt 0.184635 0.160624
vt 0.184635 0.160624
vt 0.184635 0.167860
vt 0.186147 0.166977
vt 0.188159 0.153111
vt 0.190002 0.151471
vt 0.183223 0.153528
vt 0.184635 0.167860
vt 0.191685 0.168554
vt 0.189557 0.167306
vt 0.190003 0.177013
vt 0.191685 0.168554
vt 0.189354 0.169363
vt 0.185214 0.183013
vt 0.186702 0.184981
vt 0.190003 0.177013
vt 0.185946 0.169021
vt 0.184635 0.167860
vt 0.183223 0.174956
vt 0.183223 0.174956
vt 0.180454 0.181641
vt 0.182190 0.181404
vt 0.189354 0.169363
vt 0.191685 0.168554
vt 0.184635 0.167860
vt 0.180454 0.181641
vt 0.186702 0.184981
vt 0.185214 0.183013
vt 0.175190 0.195863
vt 0.175813 0.198250
vt 0.181911 0.192151
vt 0.181911 0.192151
vt 0.186702 0.184981
vt 0.184240 0.184836
vt 0.176434 0.187657
vt 0.171318 0.192773
vt 0.173012 0.193219
vt 0.181222 0.183215
vt 0.180454 0.181641
vt 0.176434 0.187657
vt 0.171318 0.192773
vt 0.175813 0.198250
vt 0.175190 0.195863
vt 0.184240 0.184836
vt 0.186702 0.184981
vt 0.180454 0.181641
vt 0.967885 0.588559
vt 0.968064 0.582607
vt 0.965048 0.582193
vt 0.792862 0.039239
vt 0.795878 0.038825
vt 0.795698 0.032874
vt 0.795698 0.032874
vt 0.795878 0.026922
vt 0.792862 0.026508
vt 0.966253 0.545207
vt 0.969269 0.544793
vt 0.969089 0.538841
vt 0.969089 0.538841
vt 0.969269 0.532889
vt 0.966253 0.532475
vt 0.969630 0.817485
vt 0.972646 0.817071
vt 0.972466 0.811119
vt 0.972466 0.811119
vt 0.972646 0.805168
vt 0.969630 0.804754
vt 0.270783 0.042051
vt 0.273799 0.041637
vt 0.273619 0.035685
vt 0.273619 0.035685
vt 0.273799 0.029733
vt 0.270783 0.029319
vt 0.969359 0.790797
vt 0.972375 0.790383
vt 0.972195 0.784431
vt 0.972195 0.784431
vt 0.972375 0.778480
vt 0.969359 0.778066
vt 0.304869 0.042585
vt 0.307885 0.042171
vt 0.307705 0.036219
vt 0.307705 0.036219
vt 0.307885 0.030268
vt 0.304869 0.029853
vt 0.968448 0.889191
vt 0.971464 0.888777
vt 0.971284 0.882825
vt 0.971284 0.882825
vt 0.971464 0.876873
vt 0.968448 0.876459
vt 0.969359 0.765741
vt 0.972375 0.765327
vt 0.972195 0.759375
vt 0.972195 0.759375
vt 0.972375 0.753423
vt 0.969359 0.753009
vt 0.716914 0.043073
vt 0.719931 0.042659
vt 0.719751 0.036707
vt 0.719751 0.036707
vt 0.719931 0.030755
vt 0.716914 0.030341
vt 0.286227 0.042051
vt 0.289243 0.041637
vt 0.289063 0.035685
vt 0.289063 0.035685
vt 0.289243 0.029733
vt 0.286227 0.029319
vt 0.966253 0.520151
vt 0.969269 0.519737
vt 0.969089 0.513785
vt 0.969089 0.513785
vt 0.969269 0.507833
vt 0.966253 0.507419
vt 0.777418 0.039239
vt 0.780434 0.038825
vt 0.780254 0.032874
vt 0.780254 0.032874
vt 0.780434 0.026922
vt 0.777418 0.026508
vt 0.969630 0.842542
vt 0.972646 0.842128
vt 0.972466 0.836176
vt 0.972466 0.836176
vt 0.972646 0.830224
vt 0.969630 0.829810
vt 0.968448 0.914247
vt 0.971464 0.913833
vt 0.971284 0.907881
vt 0.971284 0.907881
vt 0.971464 0.901929
vt 0.968448 0.901515
vt 0.761974 0.039239
vt 0.764990 0.038825
vt 0.764810 0.032874
vt 0.764810 0.032874
vt 0.764990 0.026922
vt 0.761974 0.026508
vt 0.965048 0.594925
vt 0.968064 0.594511
vt 0.967885 0.588559
vt 0.973369 0.907881
vt 0.971284 0.907881
vt 0.971464 0.913833
vt 0.972646 0.805168
vt 0.972466 0.811119
vt 0.974551 0.811119
vt 0.777418 0.039239
vt 0.777150 0.032874
vt 0.775096 0.032874
vt 0.790540 0.032874
vt 0.792594 0.032874
vt 0.792862 0.026508
vt 0.968428 0.596611
vt 0.968064 0.594511
vt 0.965048 0.594925
vt 0.971464 0.901929
vt 0.971284 0.907881
vt 0.973369 0.907881
vt 0.973009 0.819172
vt 0.972646 0.817071
vt 0.969630 0.817485
vt 0.775096 0.032874
vt 0.777150 0.032874
vt 0.777418 0.026508
vt 0.797783 0.032874
vt 0.795698 0.032874
vt 0.795878 0.038825
vt 0.971827 0.915934
vt 0.971464 0.913833
vt 0.968448 0.914247
vt 0.969630 0.804754
vt 0.972646 0.805168
vt 0.973009 0.803067
vt 0.782339 0.032874
vt 0.780254 0.032874
vt 0.780434 0.038825
vt 0.795878 0.026922
vt 0.795698 0.032874
vt 0.797783 0.032874
vt 0.286227 0.042051
vt 0.285959 0.035685
vt 0.283905 0.035685
vt 0.968448 0.901515
vt 0.971464 0.901929
vt 0.971827 0.899829
vt 0.780434 0.026922
vt 0.780254 0.032874
vt 0.782339 0.032874
vt 0.796242 0.040926
vt 0.795878 0.038825
vt 0.792862 0.039239
vt 0.283905 0.035685
vt 0.285959 0.035685
vt 0.286227 0.029319
vt 0.780798 0.040926
vt 0.780434 0.038825
vt 0.777418 0.039239
vt 0.792862 0.026508
vt 0.795878 0.026922
vt 0.796242 0.024821
vt 0.291148 0.035685
vt 0.289063 0.035685
vt 0.289243 0.041637
vt 0.969359 0.765741
vt 0.969091 0.759375
vt 0.967037 0.759375
vt 0.777418 0.026508
vt 0.780434 0.026922
vt 0.780798 0.024821
vt 0.289243 0.029733
vt 0.289063 0.035685
vt 0.291148 0.035685
vt 0.967037 0.759375
vt 0.969091 0.759375
vt 0.969359 0.753009
vt 0.289607 0.043737
vt 0.289243 0.041637
vt 0.286227 0.042051
vt 0.974280 0.759375
vt 0.972195 0.759375
vt 0.972375 0.765327
vt 0.304869 0.042585
vt 0.304600 0.036219
vt 0.302547 0.036219
vt 0.286227 0.029319
vt 0.289243 0.029733
vt 0.289607 0.027632
vt 0.972375 0.753423
vt 0.972195 0.759375
vt 0.974280 0.759375
vt 0.302547 0.036219
vt 0.304600 0.036219
vt 0.304869 0.029853
vt 0.972739 0.767428
vt 0.972375 0.765327
vt 0.969359 0.765741
vt 0.309790 0.036219
vt 0.307705 0.036219
vt 0.307885 0.042171
vt 0.270783 0.042051
vt 0.270514 0.035685
vt 0.268461 0.035685
vt 0.969359 0.753009
vt 0.972375 0.753423
vt 0.972739 0.751323
vt 0.307885 0.030268
vt 0.307705 0.036219
vt 0.309790 0.036219
vt 0.761974 0.039239
vt 0.761706 0.032874
vt 0.759652 0.032874
vt 0.268461 0.035685
vt 0.270514 0.035685
vt 0.270783 0.029319
vt 0.308248 0.044272
vt 0.307885 0.042171
vt 0.304869 0.042585
vt 0.759652 0.032874
vt 0.761706 0.032874
vt 0.761974 0.026508
vt 0.275704 0.035685
vt 0.273619 0.035685
vt 0.273799 0.041637
vt 0.966253 0.545207
vt 0.965985 0.538841
vt 0.963931 0.538841
vt 0.304869 0.029853
vt 0.307885 0.030268
vt 0.308248 0.028167
vt 0.766895 0.032874
vt 0.764810 0.032874
vt 0.764990 0.038825
vt 0.273799 0.029733
vt 0.273619 0.035685
vt 0.275704 0.035685
vt 0.969630 0.842542
vt 0.969361 0.836176
vt 0.967308 0.836176
vt 0.963931 0.538841
vt 0.965985 0.538841
vt 0.966253 0.532475
vt 0.764990 0.026922
vt 0.764810 0.032874
vt 0.766895 0.032874
vt 0.274163 0.043737
vt 0.273799 0.041637
vt 0.270783 0.042051
vt 0.967308 0.836176
vt 0.969361 0.836176
vt 0.969630 0.829810
vt 0.971174 0.538841
vt 0.969089 0.538841
vt 0.969269 0.544793
vt 0.765354 0.040926
vt 0.764990 0.038825
vt 0.761974 0.039239
vt 0.270783 0.029319
vt 0.273799 0.029733
vt 0.274163 0.027632
vt 0.974551 0.836176
vt 0.972466 0.836176
vt 0.972646 0.842128
vt 0.969269 0.532889
vt 0.969089 0.538841
vt 0.971174 0.538841
vt 0.966253 0.520151
vt 0.965985 0.513785
vt 0.963931 0.513785
vt 0.761974 0.026508
vt 0.764990 0.026922
vt 0.765354 0.024821
vt 0.972646 0.830224
vt 0.972466 0.836176
vt 0.974551 0.836176
vt 0.969633 0.546894
vt 0.969269 0.544793
vt 0.966253 0.545207
vt 0.963931 0.513785
vt 0.965985 0.513785
vt 0.966253 0.507419
vt 0.973009 0.844228
vt 0.972646 0.842128
vt 0.969630 0.842542
vt 0.966253 0.532475
vt 0.969269 0.532889
vt 0.969633 0.530789
vt 0.971174 0.513785
vt 0.969089 0.513785
vt 0.969269 0.519737
vt 0.716914 0.043073
vt 0.716646 0.036707
vt 0.714593 0.036707
vn 0.000000 -0.195091 -0.980785
vn 0.000000 -0.000001 -1.000000
vn 0.000000 -0.195091 -0.980785
vn 0.000000 -0.707106 0.707108
vn 0.000000 -0.831469 0.555571
vn 0.000000 -0.707106 0.707108
vn 0.000000 -0.980785 -0.195091
vn 0.000000 -0.923879 -0.382684
vn 0.000000 -0.980785 -0.195091
vn 0.000000 0.707107 0.707107
vn 0.000000 0.555571 0.831469
vn 0.000000 0.707107 0.707107
vn 0.000000 -0.382684 -0.923879
vn 0.000000 -0.195091 -0.980785
vn 0.000000 -0.382684 -0.923879
vn 0.000000 -0.923879 -0.382684
vn 0.000000 -0.831469 -0.555571
vn 0.000000 -0.923879 -0.382684
vn 0.000000 0.555571 0.831469
vn 0.000000 0.382684 0.923879
vn 0.000000 0.555571 0.831469
vn 0.000000 -0.000001 -1.000000
vn 0.000000 0.195089 -0.980786
vn 0.000000 -0.000001 -1.000000
vn 0.000000 -0.831469 -0.555571
vn 0.000000 -0.707107 -0.707107
vn 0.000000 -0.831469 -0.555571
vn 0.000000 0.382684 0.923879
vn 0.000000 0.195091 0.980785
vn 0.000000 0.382684 0.923879
vn 0.000000 0.195089 -0.980786
vn 0.000000 0.382683 -0.923880
vn 0.000000 0.195089 -0.980786
vn 0.000000 -0.707107 -0.707107
vn 0.000000 -0.555570 -0.831470
vn 0.000000 -0.707107 -0.707107
vn 0.000000 0.195091 0.980785
vn 0.000000 0.000000 1.000000
vn 0.000000 0.000000 1.000000
vn 0.000000 0.382683 -0.923880
vn 0.000000 0.555569 -0.831471
vn 0.000000 0.382683 -0.923880
vn 0.000000 -0.555570 -0.831470
vn 0.000000 -0.382684 -0.923879
vn 0.000000 -0.555570 -0.831470
vn 0.000000 0.000000 1.000000
vn 0.000000 -0.195090 0.980785
vn 0.000000 0.000000 1.000000
vn 0.000000 0.555569 -0.831471
vn 0.000000 0.707106 -0.707108
vn 0.000000 0.555569 -0.831471
vn 0.000000 -0.195090 0.980785
vn 0.000000 -0.382683 0.923880
vn 0.000000 -0.195090 0.980785
vn 0.000000 0.707106 -0.707108
vn 0.000000 0.831469 -0.555571
vn 0.000000 0.707106 -0.707108
vn 0.000000 -0.382683 0.923880
vn 0.000000 -0.555570 0.831470
vn 0.000000 -0.382683 0.923880
vn 0.000000 0.831469 -0.555571
vn 0.000000 0.923879 -0.382684
vn 0.000000 0.831469 -0.555571
vn 0.000000 -0.555570 0.831470
vn 0.000000 -0.707106 0.707107
vn 0.000000 -0.555570 0.831470
vn 0.000000 0.923879 -0.382684
vn 0.000000 0.980785 -0.195092
vn 0.000000 0.923879 -0.382684
vn 0.000000 -0.707107 0.707107
vn 0.000000 -0.831470 0.555570
vn 0.000000 -0.707106 0.707107
vn 0.000000 0.980785 -0.195092
vn 0.000000 1.000000 -0.000001
vn 0.000000 0.980785 -0.195092
vn 0.000000 -0.831470 0.555570
vn 0.000000 -0.923880 0.382684
vn 0.000000 -0.831470 0.555570
vn 0.000000 1.000000 -0.000001
vn 0.000000 0.980785 0.195090
vn 0.000000 1.000000 -0.000001
vn 0.000000 -0.923880 0.382684
vn 0.000000 -0.980785 0.195091
vn 0.000000 -0.923880 0.382684
vn 0.000000 0.980785 0.195090
vn 0.000000 0.923880 0.382683
vn 0.000000 0.980785 0.195090
vn 0.000000 -0.980785 0.195091
vn 0.000000 -1.000000 0.000000
vn 0.000000 -0.980785 0.195091
vn 0.000000 0.923880 0.382683
vn 0.000000 0.831470 0.555570
vn 0.000000 0.923880 0.382683
vn 0.000000 -1.000000 0.000000
vn 0.000000 -0.980785 -0.195091
vn 0.000000 -1.000000 0.000000
vn 0.000000 0.831470 0.555570
vn 0.000000 0.707107 0.707107
vn 0.000000 0.831470 0.555570
vn -0.311527 0.361823 -0.878655
vn -0.311832 0.361988 -0.878479
vn -0.311104 0.361594 -0.878900
vn -0.311528 -0.950235 0.001965
vn -0.311832 -0.950136 0.001746
vn -0.311105 -0.950373 0.002270
vn -0.098519 -0.097539 0.990344
vn -0.098990 -0.194131 0.975968
vn -0.098519 -0.097539 0.990344
vn -0.067084 0.829596 -0.554320
vn -0.066760 0.771285 -0.632979
vn -0.066760 0.771285 -0.632979
vn -0.098989 0.827386 0.552842
vn -0.098517 0.769249 0.631308
vn -0.098517 0.769249 0.631308
vn -0.311831 -0.001744 0.950136
vn -0.311526 -0.001964 0.950236
vn -0.311103 -0.002269 0.950373
vn -0.067083 -0.194652 -0.978576
vn -0.066761 -0.289637 -0.954806
vn -0.066761 -0.289636 -0.954806
vn -0.098992 -0.827385 0.552842
vn -0.098520 -0.877630 0.469104
vn -0.098520 -0.877630 0.469104
vn -0.098518 0.877631 0.469104
vn -0.098989 0.827386 0.552842
vn -0.098518 0.877631 0.469104
vn -0.066758 0.954805 0.289638
vn -0.067082 0.978576 0.194651
vn -0.066757 0.954805 0.289638
vn -0.066761 -0.097800 -0.992964
vn -0.067083 -0.194652 -0.978576
vn -0.066761 -0.097801 -0.992964
vn -0.311526 0.877151 -0.365454
vn -0.311831 0.877143 -0.365214
vn -0.311105 0.877162 -0.365788
vn -0.098520 -0.769249 0.631308
vn -0.098992 -0.827385 0.552842
vn -0.098520 -0.769249 0.631308
vn -0.067082 0.978576 0.194651
vn -0.066762 0.992965 0.097798
vn -0.066762 0.992965 0.097798
vn -0.098517 0.288872 0.952285
vn -0.098990 0.194132 0.975968
vn -0.098517 0.288872 0.952285
vn -0.311831 -0.673081 0.670614
vn -0.311527 -0.673307 0.670529
vn -0.311105 -0.673620 0.670411
vn -0.098989 -0.975968 -0.194132
vn -0.098521 -0.952285 -0.288872
vn -0.098522 -0.952285 -0.288872
vn -0.098990 0.194132 0.975968
vn -0.098518 0.097541 0.990343
vn -0.098518 0.097541 0.990343
vn -0.066760 0.470346 0.879953
vn -0.067083 0.554319 0.829596
vn -0.066760 0.470346 0.879953
vn -0.311524 0.878656 0.361823
vn -0.311829 0.878480 0.361988
vn -0.311101 0.878900 0.361595
vn -0.098518 -0.990344 -0.097540
vn -0.098989 -0.975968 -0.194132
vn -0.098518 -0.990344 -0.097540
vn -0.067083 0.554319 0.829596
vn -0.066762 0.632978 0.771285
vn -0.066762 0.632978 0.771285
vn -0.311832 -0.950136 -0.001746
vn -0.311528 -0.950235 -0.001965
vn -0.311105 -0.950373 -0.002270
vn -0.098991 -0.552842 -0.827385
vn -0.098518 -0.469104 -0.877631
vn -0.098518 -0.469104 -0.877631
vn -0.066762 -0.289637 0.954805
vn -0.067083 -0.194651 0.978576
vn -0.066762 -0.289637 0.954805
vn -0.311527 0.365455 0.877151
vn -0.311832 0.365213 0.877143
vn -0.311103 0.365790 0.877162
vn -0.098519 -0.631308 -0.769249
vn -0.098991 -0.552842 -0.827385
vn -0.098520 -0.631308 -0.769249
vn -0.067083 -0.194651 0.978576
vn -0.066762 -0.097799 0.992964
vn -0.066762 -0.097799 0.992965
vn -0.311832 -0.670613 -0.673082
vn -0.311527 -0.670527 -0.673308
vn -0.311105 -0.670408 -0.673622
vn -0.098991 0.194132 -0.975968
vn -0.098519 0.288872 -0.952285
vn -0.098519 0.288872 -0.952285
vn -0.066760 -0.879954 0.470345
vn -0.067083 -0.829597 0.554318
vn -0.066760 -0.879954 0.470345
vn -0.311527 -0.361825 0.878654
vn -0.311831 -0.361990 0.878479
vn -0.311105 -0.361597 0.878898
vn 0.000000 0.382683 -0.923880
vn 0.000000 0.555570 -0.831470
vn 0.000000 0.382683 -0.923880
vn 0.000000 -0.831469 0.555571
vn 0.000000 -0.923879 0.382684
vn 0.000000 -0.831469 0.555571
vn 0.000000 0.555570 -0.831470
vn 0.000000 0.707107 -0.707106
vn 0.000000 0.555570 -0.831470
vn 0.000000 -0.923879 0.382684
vn 0.000000 -0.980785 0.195092
vn 0.000000 -0.923879 0.382684
vn 0.000000 0.707107 -0.707106
vn 0.000000 0.831470 -0.555570
vn 0.000000 0.707107 -0.707106
vn 0.000000 -0.980785 0.195092
vn 0.000000 -1.000000 0.000001
vn 0.000000 -0.980785 0.195092
vn 0.000000 0.831470 -0.555570
vn 0.000000 0.923879 -0.382684
vn 0.000000 0.831470 -0.555570
vn 0.000000 -1.000000 0.000001
vn 0.000000 -0.980785 -0.195091
vn 0.000000 -1.000000 0.000001
vn 0.000000 0.923879 -0.382684
vn 0.000000 0.980785 -0.195091
vn 0.000000 0.923879 -0.382684
vn 0.000000 -0.980785 -0.195091
vn 0.000000 -0.923880 -0.382683
vn 0.000000 -0.980785 -0.195091
vn 0.000000 0.980785 -0.195091
vn 0.000000 1.000000 0.000000
vn 0.000000 0.980785 -0.195091
vn 0.000000 -0.923880 -0.382683
vn 0.000000 -0.831470 -0.555570
vn 0.000000 -0.923880 -0.382683
vn 0.000000 1.000000 0.000000
vn 0.000000 0.980785 0.195091
vn 0.000000 1.000000 0.000000
vn 0.000000 -0.831470 -0.555570
vn 0.000000 -0.707107 -0.707106
vn 0.000000 -0.831470 -0.555570
vn 0.000000 0.195091 0.980785
vn 0.000000 0.000001 1.000000
vn 0.000000 0.195091 0.980785
vn 0.000000 0.980785 0.195091
vn 0.000000 0.923879 0.382684
vn 0.000000 0.980785 0.195091
vn 0.000000 -0.707107 -0.707106
vn 0.000000 -0.555571 -0.831469
vn 0.000000 -0.707107 -0.707106
vn 0.000000 0.382683 0.923880
vn 0.000000 0.195091 0.980785
vn 0.000000 0.382683 0.923880
vn 0.000000 0.923879 0.382684
vn 0.000000 0.831470 0.555570
vn 0.000000 0.923879 0.382684
vn 0.000000 -0.555571 -0.831469
vn 0.000000 -0.382684 -0.923879
vn 0.000000 -0.555571 -0.831469
vn 0.000000 0.000001 1.000000
vn 0.000000 -0.195089 0.980786
vn 0.000000 0.000001 1.000000
vn 0.000000 0.831470 0.555570
vn 0.000000 0.707107 0.707107
vn 0.000000 0.831470 0.555570
vn 0.000000 -0.382684 -0.923879
vn 0.000000 -0.195091 -0.980785
vn 0.000000 -0.382684 -0.923879
vn 0.000000 -0.195089 0.980786
vn 0.000000 -0.382683 0.923880
vn 0.000000 -0.195089 0.980786
vn 0.000000 0.707107 0.707107
vn 0.000000 0.555570 0.831470
vn 0.000000 0.707107 0.707107
vn 0.000000 -0.195090 -0.980785
vn 0.000000 0.000000 -1.000000
vn 0.000000 -0.195091 -0.980785
vn 0.000000 -0.382682 0.923880
vn 0.000000 -0.555569 0.831471
vn 0.000000 -0.382683 0.923880
vn 0.000000 0.555570 0.831470
vn 0.000000 0.382683 0.923880
vn 0.000000 0.555570 0.831470
vn 0.000000 0.000000 -1.000000
vn 0.000000 0.195090 -0.980785
vn 0.000000 0.195091 -0.980785
vn 0.000000 -0.555569 0.831471
vn 0.000000 -0.707106 0.707108
vn 0.000000 -0.555569 0.831471
vn 0.000000 0.195090 -0.980785
vn 0.000000 0.382683 -0.923880
vn 0.000000 0.195091 -0.980785
vn -0.999961 -0.001726 0.008677
vn -0.999974 0.002920 0.006584
vn -0.999961 -0.001726 0.008677
vn -0.999974 -0.005217 0.004965
vn -0.999961 -0.001726 0.008677
vn -0.999961 -0.001726 0.008677
vn -0.999972 -0.006031 0.004510
vn -0.999966 -0.001616 0.008124
vn -0.999966 -0.001616 0.008124
vn -0.999966 -0.001616 0.008124
vn -0.999972 0.003847 0.006475
vn -0.999966 -0.001616 0.008124
vn -0.999974 0.002920 0.006584
vn -0.999981 0.000000 0.006159
vn -0.999972 -0.006031 0.004510
vn -0.999981 -0.002357 0.005690
vn -0.999974 -0.005217 0.004965
vn -0.999972 0.003847 0.006475
vn -0.999961 -0.004915 0.007356
vn -0.999974 0.000178 0.007200
vn -0.999961 -0.004915 0.007356
vn -0.999974 -0.006720 0.002591
vn -0.999961 -0.004915 0.007356
vn -0.999961 -0.004915 0.007356
vn -0.999972 -0.007298 0.001858
vn -0.999966 -0.004602 0.006887
vn -0.999966 -0.004602 0.006887
vn -0.999966 -0.004602 0.006887
vn -0.999972 0.001076 0.007453
vn -0.999966 -0.004602 0.006887
vn -0.999974 0.000178 0.007200
vn -0.999981 -0.002357 0.005690
vn -0.999972 -0.007298 0.001858
vn -0.999981 -0.004355 0.004354
vn -0.999974 -0.006720 0.002591
vn -0.999972 0.001076 0.007453
vn -0.999961 -0.007356 0.004915
vn -0.999974 -0.002591 0.006720
vn -0.999961 -0.007356 0.004915
vn -0.999974 -0.007200 -0.000179
vn -0.999961 -0.007356 0.004915
vn -0.999961 -0.007356 0.004915
vn -0.999972 -0.007453 -0.001077
vn -0.999966 -0.006887 0.004602
vn -0.999966 -0.006887 0.004602
vn -0.999966 -0.006887 0.004602
vn -0.999972 -0.001858 0.007298
vn -0.999966 -0.006887 0.004602
vn -0.999974 -0.002591 0.006720
vn -0.999981 -0.004355 0.004354
vn -0.999972 -0.007453 -0.001077
vn -0.999981 -0.005690 0.002357
vn -0.999974 -0.007200 -0.000179
vn -0.999972 -0.001858 0.007298
vn -0.999961 -0.008677 0.001726
vn -0.999974 -0.004965 0.005217
vn -0.999961 -0.008677 0.001726
vn -0.999974 -0.006584 -0.002920
vn -0.999961 -0.008677 0.001726
vn -0.999961 -0.008677 0.001726
vn -0.999972 -0.006474 -0.003846
vn -0.999966 -0.008124 0.001616
vn -0.999966 -0.008124 0.001616
vn -0.999966 -0.008124 0.001616
vn -0.999972 -0.004509 0.006030
vn -0.999966 -0.008124 0.001616
vn -0.999974 -0.004965 0.005217
vn -0.999981 -0.005690 0.002357
vn -0.999972 -0.006474 -0.003846
vn -0.999981 -0.006159 0.000000
vn -0.999974 -0.006584 -0.002920
vn -0.999972 -0.004509 0.006030
vn -0.999961 -0.008677 -0.001726
vn -0.999974 -0.006584 0.002920
vn -0.999961 -0.008677 -0.001726
vn -0.999974 -0.004965 -0.005217
vn -0.999961 -0.008677 -0.001726
vn -0.999961 -0.008677 -0.001726
vn -0.999972 -0.004509 -0.006031
vn -0.999966 -0.008124 -0.001616
vn -0.999966 -0.008124 -0.001616
vn -0.999966 -0.008124 -0.001616
vn -0.999972 -0.006474 0.003846
vn -0.999966 -0.008124 -0.001616
vn -0.999974 -0.006584 0.002920
vn -0.999981 -0.006159 0.000000
vn -0.999972 -0.004509 -0.006031
vn -0.999981 -0.005690 -0.002357
vn -0.999974 -0.004965 -0.005217
vn -0.999972 -0.006474 0.003846
vn -0.999961 -0.007356 -0.004915
vn -0.999974 -0.007200 0.000178
vn -0.999961 -0.007356 -0.004915
vn -0.999974 -0.002591 -0.006719
vn -0.999961 -0.007356 -0.004915
vn -0.999961 -0.007356 -0.004915
vn -0.999972 -0.001858 -0.007298
vn -0.999966 -0.006887 -0.004602
vn -0.999966 -0.006887 -0.004602
vn -0.999966 -0.006887 -0.004602
vn -0.999972 -0.007453 0.001077
vn -0.999966 -0.006887 -0.004602
vn -0.999974 -0.007200 0.000178
vn -0.999981 -0.005690 -0.002357
vn -0.999972 -0.001858 -0.007298
vn -0.999981 -0.004355 -0.004354
vn -0.999974 -0.002591 -0.006719
vn -0.999972 -0.007453 0.001077
vn -0.999961 -0.004915 -0.007356
vn -0.999974 -0.006720 -0.002591
vn -0.999961 -0.004915 -0.007356
vn -0.999974 0.000178 -0.007200
vn -0.999961 -0.004915 -0.007356
vn -0.999961 -0.004915 -0.007356
vn -0.999972 0.001076 -0.007453
vn -0.999966 -0.004602 -0.006887
vn -0.999966 -0.004602 -0.006888
vn -0.999966 -0.004602 -0.006887
vn -0.999972 -0.007298 -0.001858
vn -0.999966 -0.004602 -0.006888
vn -0.999974 -0.006720 -0.002591
vn -0.999981 -0.004355 -0.004354
vn -0.999972 0.001076 -0.007453
vn -0.999981 -0.002357 -0.005690
vn -0.999974 0.000178 -0.007200
vn -0.999972 -0.007298 -0.001858
vn -0.999961 -0.001726 -0.008676
vn -0.999974 -0.005217 -0.004965
vn -0.999961 -0.001726 -0.008676
vn -0.999974 0.002920 -0.006584
vn -0.999961 -0.001726 -0.008676
vn -0.999961 -0.001726 -0.008676
vn -0.999972 0.003847 -0.006474
vn -0.999966 -0.001616 -0.008124
vn -0.999966 -0.001616 -0.008124
vn -0.999966 -0.001616 -0.008124
vn -0.999972 -0.006031 -0.004509
vn -0.999966 -0.001616 -0.008124
vn -0.999974 -0.005217 -0.004965
vn -0.999981 -0.002357 -0.005690
vn -0.999972 0.003847 -0.006474
vn -0.999981 0.000000 -0.006158
vn -0.999974 0.002920 -0.006584
vn -0.999972 -0.006031 -0.004509
vn -0.999961 0.001726 -0.008677
vn -0.999974 -0.002920 -0.006584
vn -0.999961 0.001726 -0.008677
vn -0.999974 0.005217 -0.004965
vn -0.999961 0.001726 -0.008677
vn -0.999961 0.001726 -0.008677
vn -0.999972 0.006031 -0.004509
vn -0.999966 0.001616 -0.008124
vn -0.999966 0.001616 -0.008124
vn -0.999966 0.001616 -0.008124
vn -0.999972 -0.003847 -0.006475
vn -0.999966 0.001616 -0.008124
vn -0.999974 -0.002920 -0.006584
vn -0.999981 0.000000 -0.006158
vn -0.999972 0.006031 -0.004509
vn -0.999981 0.002357 -0.005690
vn -0.999974 0.005217 -0.004965
vn -0.999972 -0.003847 -0.006475
vn -0.999961 0.004915 -0.007356
vn -0.999974 -0.000178 -0.007200
vn -0.999961 0.004915 -0.007356
vn -0.999974 0.006720 -0.002591
vn -0.999961 0.004915 -0.007356
vn -0.999961 0.004915 -0.007356
vn -0.999972 0.007298 -0.001858
vn -0.999966 0.004602 -0.006888
vn -0.999966 0.004602 -0.006888
vn -0.999966 0.004602 -0.006888
vn -0.999972 -0.001076 -0.007454
vn -0.999966 0.004602 -0.006888
vn -0.999974 -0.000178 -0.007200
vn -0.999981 0.002357 -0.005690
vn -0.999972 0.007298 -0.001858
vn -0.999981 0.004355 -0.004355
vn -0.999974 0.006720 -0.002591
vn -0.999972 -0.001076 -0.007454
vn -0.999961 0.007356 -0.004915
vn -0.999974 0.002591 -0.006720
vn -0.999961 0.007356 -0.004915
vn -0.999974 0.007200 0.000179
vn -0.999961 0.007356 -0.004915
vn -0.999961 0.007356 -0.004915
vn -0.999972 0.007453 0.001076
vn -0.999966 0.006887 -0.004602
vn -0.999966 0.006887 -0.004602
vn -0.999966 0.006887 -0.004602
vn -0.999972 0.001858 -0.007298
vn -0.999966 0.006887 -0.004602
vn -0.999974 0.002591 -0.006720
vn -0.999981 0.004355 -0.004355
vn -0.999972 0.007453 0.001076
vn -0.999981 0.005690 -0.002357
vn -0.999974 0.007200 0.000179
vn -0.999972 0.001858 -0.007298
vn -0.999961 0.008677 -0.001726
vn -0.999974 0.004965 -0.005217
vn -0.999961 0.008677 -0.001726
vn -0.999974 0.006584 0.002920
vn -0.999961 0.008677 -0.001726
vn -0.999961 0.008677 -0.001726
vn -0.999972 0.006474 0.003846
vn -0.999966 0.008124 -0.001616
vn -0.999966 0.008124 -0.001616
vn -0.999966 0.008124 -0.001616
vn -0.999972 0.004509 -0.006030
vn -0.999966 0.008124 -0.001616
vn -0.999974 0.004965 -0.005217
vn -0.999981 0.005690 -0.002357
vn -0.999972 0.006474 0.003846
vn -0.999981 0.006158 0.000000
vn -0.999974 0.006584 0.002920
vn -0.999972 0.004509 -0.006030
vn -0.999961 0.008677 0.001726
vn -0.999974 0.006584 -0.002920
vn -0.999961 0.008677 0.001726
vn -0.999974 0.004965 0.005217
vn -0.999961 0.008677 0.001726
vn -0.999961 0.008677 0.001726
vn -0.999972 0.004509 0.006031
vn -0.999966 0.008124 0.001616
vn -0.999966 0.008124 0.001616
vn -0.999966 0.008124 0.001616
vn -0.999972 0.006474 -0.003845
vn -0.999966 0.008124 0.001616
vn -0.999974 0.006584 -0.002920
vn -0.999981 0.006158 0.000000
vn -0.999972 0.004509 0.006031
vn -0.999981 0.005690 0.002357
vn -0.999974 0.004965 0.005217
vn -0.999972 0.006474 -0.003845
vn -0.999961 0.007356 0.004915
vn -0.999974 0.007200 -0.000178
vn -0.999961 0.007356 0.004915
vn -0.999974 0.002591 0.006719
vn -0.999961 0.007356 0.004915
vn -0.999961 0.007356 0.004915
vn -0.999972 0.001858 0.007298
vn -0.999966 0.006887 0.004602
vn -0.999966 0.006887 0.004602
vn -0.999966 0.006887 0.004602
vn -0.999972 0.007453 -0.001076
vn -0.999966 0.006887 0.004602
vn -0.999974 0.007200 -0.000178
vn -0.999981 0.005690 0.002357
vn -0.999972 0.001858 0.007298
vn -0.999981 0.004355 0.004355
vn -0.999974 0.002591 0.006719
vn -0.999972 0.007453 -0.001076
vn -0.999961 0.004915 0.007356
vn -0.999974 0.006720 0.002591
vn -0.999961 0.004915 0.007356
vn -0.999974 -0.000178 0.007200
vn -0.999961 0.004915 0.007356
vn -0.999961 0.004915 0.007356
vn -0.999972 -0.001076 0.007453
vn -0.999966 0.004602 0.006887
vn -0.999966 0.004602 0.006887
vn -0.999966 0.004602 0.006887
vn -0.999972 0.007298 0.001858
vn -0.999966 0.004602 0.006887
vn -0.999974 0.006720 0.002591
vn -0.999981 0.004355 0.004355
vn -0.999972 -0.001076 0.007453
vn -0.999981 0.002357 0.005689
vn -0.999974 -0.000178 0.007200
vn -0.999972 0.007298 0.001858
vn -0.999974 -0.002920 0.006584
vn -0.999961 0.001726 0.008676
vn -0.999961 0.001726 0.008676
vn -0.999961 0.001726 0.008676
vn -0.999974 0.005217 0.004965
vn -0.999961 0.001726 0.008676
vn -0.999966 0.001616 0.008124
vn -0.999972 0.006031 0.004509
vn -0.999966 0.001616 0.008125
vn -0.999972 -0.003847 0.006474
vn -0.999966 0.001616 0.008124
vn -0.999966 0.001616 0.008125
vn -0.999981 0.000000 0.006159
vn -0.999974 -0.002920 0.006584
vn -0.999972 0.006031 0.004509
vn -0.999974 0.005217 0.004965
vn -0.999981 0.002357 0.005689
vn -0.999972 -0.003847 0.006474
vn -0.999999 -0.000270 -0.001355
vn -0.999999 -0.000136 -0.001382
vn -0.999999 -0.000270 -0.001355
vn -0.999999 0.000136 -0.001381
vn -0.999999 0.000270 -0.001355
vn -0.999999 0.000270 -0.001355
vn -0.999999 0.000270 -0.001355
vn -0.999999 0.000403 -0.001329
vn -0.999999 0.000270 -0.001355
vn -0.999999 0.000654 -0.001225
vn -0.999999 0.000768 -0.001149
vn -0.999999 0.000768 -0.001149
vn -0.999999 0.000768 -0.001149
vn -0.999999 0.000881 -0.001073
vn -0.999999 0.000768 -0.001149
vn -0.999999 0.001073 -0.000881
vn -0.999999 0.001149 -0.000768
vn -0.999999 0.001149 -0.000768
vn -0.999999 0.001149 -0.000768
vn -0.999999 0.001224 -0.000655
vn -0.999999 0.001149 -0.000768
vn -0.999999 0.001329 -0.000403
vn -0.999999 0.001355 -0.000270
vn -0.999999 0.001355 -0.000270
vn -0.999999 0.001355 -0.000270
vn -0.999999 0.001382 -0.000136
vn -0.999999 0.001355 -0.000270
vn -0.999999 0.001382 0.000136
vn -0.999999 0.001355 0.000270
vn -0.999999 0.001355 0.000270
vn -0.999999 0.001355 0.000270
vn -0.999999 0.001329 0.000403
vn -0.999999 0.001355 0.000270
vn -0.999999 0.001224 0.000655
vn -0.999999 0.001149 0.000768
vn -0.999999 0.001149 0.000768
vn -0.999999 0.001149 0.000768
vn -0.999999 0.001073 0.000881
vn -0.999999 0.001149 0.000768
vn -0.999999 0.000881 0.001073
vn -0.999999 0.000768 0.001149
vn -0.999999 0.000768 0.001149
vn -0.999999 0.000768 0.001149
vn -0.999999 0.000654 0.001225
vn -0.999999 0.000768 0.001149
vn -0.999999 0.000403 0.001329
vn -0.999999 0.000269 0.001355
vn -0.999999 0.000269 0.001355
vn -0.999999 0.000269 0.001355
vn -0.999999 0.000136 0.001382
vn -0.999999 0.000269 0.001355
vn -0.999999 -0.000136 0.001382
vn -0.999999 -0.000269 0.001355
vn -0.999999 -0.000269 0.001355
vn -0.999999 -0.000269 0.001355
vn -0.999999 -0.000403 0.001329
vn -0.999999 -0.000269 0.001355
vn -0.999999 -0.000654 0.001224
vn -0.999999 -0.000768 0.001149
vn -0.999999 -0.000768 0.001149
vn -0.999999 -0.000768 0.001149
vn -0.999999 -0.000881 0.001074
vn -0.999999 -0.000768 0.001149
vn -0.999999 -0.001073 0.000881
vn -0.999999 -0.001149 0.000768
vn -0.999999 -0.001149 0.000768
vn -0.999999 -0.001149 0.000768
vn -0.999999 -0.001224 0.000654
vn -0.999999 -0.001149 0.000768
vn -0.999999 -0.001329 0.000403
vn -0.999999 -0.001355 0.000270
vn -0.999999 -0.001355 0.000270
vn -0.999999 -0.001355 0.000270
vn -0.999999 -0.001382 0.000136
vn -0.999999 -0.001355 0.000270
vn -0.999999 -0.001382 -0.000136
vn -0.999999 -0.001355 -0.000270
vn -0.999999 -0.001355 -0.000270
vn -0.999999 -0.001355 -0.000270
vn -0.999999 -0.001329 -0.000403
vn -0.999999 -0.001355 -0.000270
vn -0.999999 -0.001224 -0.000655
vn -0.999999 -0.001149 -0.000768
vn -0.999999 -0.001149 -0.000768
vn -0.999999 -0.001149 -0.000768
vn -0.999999 -0.001073 -0.000881
vn -0.999999 -0.001149 -0.000768
vn -0.999999 -0.000881 -0.001073
vn -0.999999 -0.000768 -0.001149
vn -0.999999 -0.000768 -0.001149
vn -0.999999 -0.000768 -0.001149
vn -0.999999 -0.000654 -0.001224
vn -0.999999 -0.000768 -0.001149
vn -0.999999 -0.000403 -0.001329
vn -0.999999 -0.000270 -0.001355
vn -0.999999 -0.000270 -0.001355
vn -0.067082 -0.829597 -0.554319
vn -0.066763 -0.879954 -0.470346
vn -0.066763 -0.879953 -0.470345
vn -0.066760 0.879954 -0.470346
vn -0.067084 0.829596 -0.554320
vn -0.066760 0.879953 -0.470346
vn -0.098524 0.952285 -0.288872
vn -0.098988 0.975968 -0.194133
vn -0.098525 0.952285 -0.288872
vn -0.098990 -0.194131 0.975968
vn -0.098518 -0.288872 0.952285
vn -0.098518 -0.288872 0.952285
vn -0.311831 0.878479 -0.361990
vn -0.311526 0.878655 -0.361824
vn -0.311102 0.878900 -0.361594
vn -0.066760 -0.771287 -0.632977
vn -0.067082 -0.829597 -0.554319
vn -0.066760 -0.771287 -0.632977
vn -0.311830 0.670614 0.673081
vn -0.311526 0.670529 0.673307
vn -0.311103 0.670411 0.673620
vn -0.098988 0.975968 -0.194133
vn -0.098521 0.990343 -0.097542
vn -0.098523 0.990343 -0.097542
vn -0.067084 0.194650 -0.978576
vn -0.066762 0.097797 -0.992965
vn -0.066762 0.097797 -0.992965
vn -0.311832 0.365215 -0.877143
vn -0.311527 0.365455 -0.877151
vn -0.311105 0.365790 -0.877161
vn -0.311527 -0.365456 -0.877150
vn -0.311832 -0.365215 -0.877143
vn -0.311105 -0.365790 -0.877161
vn -0.067084 -0.978576 0.194651
vn -0.066763 -0.954805 0.289637
vn -0.066763 -0.954805 0.289637
vn -0.066762 0.289636 -0.954806
vn -0.067084 0.194650 -0.978576
vn -0.066762 0.289635 -0.954806
vn -0.098518 0.469103 -0.877631
vn -0.098990 0.552841 -0.827386
vn -0.098518 0.469103 -0.877631
vn -0.311527 -0.670528 0.673308
vn -0.311831 -0.670613 0.673083
vn -0.311104 -0.670409 0.673621
vn -0.066762 -0.992964 0.097799
vn -0.067084 -0.978576 0.194651
vn -0.066762 -0.992965 0.097799
vn -0.311830 0.950136 0.001744
vn -0.311525 0.950236 0.001964
vn -0.311101 0.950374 0.002270
vn -0.098990 0.552841 -0.827386
vn -0.098518 0.631308 -0.769250
vn -0.098518 0.631308 -0.769250
vn -0.311830 -0.361990 -0.878479
vn -0.311525 -0.361824 -0.878655
vn -0.311102 -0.361595 -0.878900
vn -0.311526 -0.878656 -0.361822
vn -0.311832 -0.878479 -0.361987
vn -0.311102 -0.878901 -0.361592
vn -0.067082 -0.554319 0.829597
vn -0.066760 -0.470344 0.879954
vn -0.066760 -0.470344 0.879955
vn -0.098519 -0.288874 -0.952285
vn -0.098991 -0.194133 -0.975968
vn -0.098519 -0.288874 -0.952285
vn -0.311526 0.001965 0.950236
vn -0.311831 0.001746 0.950136
vn -0.311103 0.002271 0.950373
vn -0.066760 -0.632979 0.771285
vn -0.067082 -0.554319 0.829597
vn -0.066760 -0.632979 0.771285
vn -0.098991 -0.194133 -0.975968
vn -0.098519 -0.097540 -0.990344
vn -0.098519 -0.097540 -0.990343
vn -0.311831 -0.877143 -0.365214
vn -0.311527 -0.877151 -0.365454
vn -0.311105 -0.877162 -0.365788
vn -0.067083 0.194651 0.978576
vn -0.066762 0.289639 0.954805
vn -0.066762 0.289639 0.954805
vn -0.098521 -0.877632 -0.469102
vn -0.098992 -0.827386 -0.552841
vn -0.098521 -0.877632 -0.469102
vn -0.311527 0.673307 0.670528
vn -0.311832 0.673081 0.670614
vn -0.311104 0.673621 0.670409
vn -0.066761 0.097799 0.992965
vn -0.067083 0.194651 0.978576
vn -0.066761 0.097798 0.992965
vn -0.098992 -0.827386 -0.552841
vn -0.098517 -0.769250 -0.631308
vn -0.098517 -0.769250 -0.631308
vn -0.311829 -0.878480 0.361988
vn -0.311525 -0.878656 0.361824
vn -0.311102 -0.878900 0.361595
vn -0.067082 0.829597 0.554318
vn -0.066761 0.879954 0.470344
vn -0.066761 0.879954 0.470344
vn -0.098519 -0.952284 0.288874
vn -0.098993 -0.975967 0.194134
vn -0.098518 -0.952285 0.288875
vn -0.311528 0.950235 -0.001965
vn -0.311832 0.950136 -0.001746
vn -0.311105 0.950373 -0.002270
vn -0.066758 0.771286 0.632978
vn -0.067082 0.829597 0.554318
vn -0.066758 0.771286 0.632978
vn -0.098519 0.631309 0.769249
vn -0.098993 0.552842 0.827385
vn -0.098518 0.631309 0.769249
vn -0.098993 -0.975967 0.194134
vn -0.098519 -0.990343 0.097542
vn -0.098519 -0.990343 0.097542
vn -0.311832 -0.365214 0.877143
vn -0.311527 -0.365455 0.877151
vn -0.311104 -0.365790 0.877162
vn -0.098993 0.552842 0.827385
vn -0.098519 0.469103 0.877632
vn -0.098518 0.469102 0.877632
vn -0.067084 0.978576 -0.194653
vn -0.066762 0.954805 -0.289638
vn -0.066762 0.954805 -0.289638
vn -0.098519 -0.469102 0.877632
vn -0.098991 -0.552840 0.827387
vn -0.098519 -0.469102 0.877632
vn -0.311526 0.670529 -0.673307
vn -0.311831 0.670613 -0.673082
vn -0.311103 0.670412 -0.673619
vn -0.067084 -0.554319 -0.829597
vn -0.066762 -0.632978 -0.771285
vn -0.066762 -0.632979 -0.771285
vn -0.066765 0.992964 -0.097802
vn -0.067084 0.978576 -0.194653
vn -0.066766 0.992964 -0.097802
vn -0.098521 0.990343 0.097542
vn -0.098992 0.975968 0.194132
vn -0.098521 0.990343 0.097542
vn -0.098991 -0.552840 0.827387
vn -0.098520 -0.631305 0.769252
vn -0.098520 -0.631305 0.769252
vn -0.066760 -0.470345 -0.879954
vn -0.067084 -0.554319 -0.829597
vn -0.066760 -0.470344 -0.879954
vn -0.311832 0.361989 0.878479
vn -0.311528 0.361824 0.878655
vn -0.311105 0.361595 0.878899
vn -0.098992 0.975968 0.194132
vn -0.098518 0.952285 0.288873
vn -0.098518 0.952285 0.288873
vn -0.067083 0.554318 -0.829597
vn -0.066762 0.470345 -0.879954
vn -0.066762 0.470345 -0.879954
vn -0.311831 0.673082 -0.670613
vn -0.311526 0.673308 -0.670528
vn -0.311103 0.673621 -0.670410
vn -0.311526 -0.001966 -0.950235
vn -0.311831 -0.001747 -0.950136
vn -0.311104 -0.002271 -0.950373
vn -0.067085 -0.978576 -0.194651
vn -0.066762 -0.992965 -0.097799
vn -0.066761 -0.992965 -0.097799
vn -0.066761 0.632976 -0.771288
vn -0.067083 0.554318 -0.829597
vn -0.066760 0.632976 -0.771288
vn -0.098518 0.769250 -0.631308
vn -0.098993 0.827386 -0.552841
vn -0.098518 0.769249 -0.631308
vn -0.311527 -0.877151 0.365454
vn -0.311830 -0.877143 0.365214
vn -0.311105 -0.877162 0.365788
vn -0.066759 -0.954806 -0.289637
vn -0.067085 -0.978576 -0.194651
vn -0.066758 -0.954806 -0.289637
vn -0.311833 0.877143 0.365212
vn -0.311529 0.877151 0.365453
vn -0.311107 0.877161 0.365788
vn -0.098993 0.827386 -0.552841
vn -0.098518 0.877632 -0.469103
vn -0.098517 0.877632 -0.469102
vn -0.311831 0.001745 -0.950136
vn -0.311527 0.001965 -0.950235
vn -0.311104 0.002270 -0.950373
vn -0.311530 -0.673308 -0.670526
vn -0.311834 -0.673082 -0.670612
vn -0.311107 -0.673622 -0.670407
vn -0.067083 -0.829597 0.554318
vn -0.066762 -0.771285 0.632978
vn -0.066762 -0.771285 0.632979
vn -0.098519 0.097540 -0.990344
vn -0.098991 0.194132 -0.975968
vn -0.098519 0.097540 -0.990344
vn 0.000000 -0.195091 -0.980785
vn 0.000000 -0.000001 -1.000000
vn 0.000000 -0.000001 -1.000000
vn 0.000000 -0.707106 0.707108
vn 0.000000 -0.831469 0.555571
vn 0.000000 -0.831469 0.555571
vn 0.000000 -0.980785 -0.195091
vn 0.000000 -0.923879 -0.382684
vn 0.000000 -0.923879 -0.382684
vn 0.000000 0.707107 0.707107
vn 0.000000 0.555571 0.831469
vn 0.000000 0.555571 0.831469
vn 0.000000 -0.382684 -0.923879
vn 0.000000 -0.195091 -0.980785
vn 0.000000 -0.195091 -0.980785
vn 0.000000 -0.923879 -0.382684
vn 0.000000 -0.831469 -0.555571
vn 0.000000 -0.831469 -0.555571
vn 0.000000 0.555571 0.831469
vn 0.000000 0.382684 0.923879
vn 0.000000 0.382684 0.923879
vn 0.000000 -0.000001 -1.000000
vn 0.000000 0.195089 -0.980786
vn 0.000000 0.195089 -0.980786
vn 0.000000 -0.831469 -0.555571
vn 0.000000 -0.707107 -0.707107
vn 0.000000 -0.707107 -0.707107
vn 0.000000 0.382684 0.923879
vn 0.000000 0.195091 0.980785
vn 0.000000 0.195091 0.980785
vn 0.000000 0.195089 -0.980786
vn 0.000000 0.382683 -0.923880
vn 0.000000 0.382683 -0.923880
vn 0.000000 -0.707107 -0.707107
vn 0.000000 -0.555570 -0.831470
vn 0.000000 -0.555570 -0.831470
vn 0.000000 0.195091 0.980785
vn 0.000000 0.195091 0.980785
vn 0.000000 0.000000 1.000000
vn 0.000000 0.382683 -0.923880
vn 0.000000 0.555569 -0.831471
vn 0.000000 0.555569 -0.831471
vn 0.000000 -0.555570 -0.831470
vn 0.000000 -0.382684 -0.923879
vn 0.000000 -0.382684 -0.923879
vn 0.000000 0.000000 1.000000
vn 0.000000 -0.195090 0.980785
vn 0.000000 -0.195090 0.980785
vn 0.000000 0.555569 -0.831471
vn 0.000000 0.707106 -0.707108
vn 0.000000 0.707106 -0.707108
vn 0.000000 -0.195090 0.980785
vn 0.000000 -0.382683 0.923880
vn 0.000000 -0.382683 0.923880
vn 0.000000 0.707106 -0.707108
vn 0.000000 0.831469 -0.555571
vn 0.000000 0.831469 -0.555571
vn 0.000000 -0.382683 0.923880
vn 0.000000 -0.555570 0.831470
vn 0.000000 -0.555570 0.831470
vn 0.000000 0.831469 -0.555571
vn 0.000000 0.923879 -0.382684
vn 0.000000 0.923879 -0.382684
vn 0.000000 -0.555570 0.831470
vn 0.000000 -0.707107 0.707107
vn 0.000000 -0.707106 0.707107
vn 0.000000 0.923879 -0.382684
vn 0.000000 0.980785 -0.195092
vn 0.000000 0.980785 -0.195092
vn 0.000000 -0.707107 0.707107
vn 0.000000 -0.831470 0.555570
vn 0.000000 -0.831470 0.555570
vn 0.000000 0.980785 -0.195092
vn 0.000000 1.000000 -0.000001
vn 0.000000 1.000000 -0.000001
vn 0.000000 -0.831470 0.555570
vn 0.000000 -0.923880 0.382684
vn 0.000000 -0.923880 0.382684
vn 0.000000 1.000000 -0.000001
vn 0.000000 0.980785 0.195090
vn 0.000000 0.980785 0.195090
vn 0.000000 -0.923880 0.382684
vn 0.000000 -0.980785 0.195091
vn 0.000000 -0.980785 0.195091
vn 0.000000 0.980785 0.195090
vn 0.000000 0.923880 0.382683
vn 0.000000 0.923880 0.382683
vn 0.000000 -0.980785 0.195091
vn 0.000000 -1.000000 0.000000
vn 0.000000 -1.000000 0.000000
vn 0.000000 0.923880 0.382683
vn 0.000000 0.831470 0.555570
vn 0.000000 0.831470 0.555570
vn 0.000000 -1.000000 0.000000
vn 0.000000 -0.980785 -0.195091
vn 0.000000 -0.980785 -0.195091
vn 0.000000 0.831470 0.555570
vn 0.000000 0.707107 0.707107
vn 0.000000 0.707107 0.707107
vn -0.311527 0.361823 -0.878655
vn -0.312300 0.362241 -0.878209
vn -0.311832 0.361988 -0.878479
vn -0.311528 -0.950235 0.001965
vn -0.312298 -0.949983 0.001409
vn -0.311832 -0.950136 0.001746
vn -0.098519 -0.097539 0.990344
vn -0.098990 -0.194131 0.975968
vn -0.098990 -0.194131 0.975968
vn -0.067084 0.829596 -0.554320
vn -0.067084 0.829596 -0.554319
vn -0.066760 0.771285 -0.632979
vn -0.098989 0.827386 0.552842
vn -0.098989 0.827386 0.552841
vn -0.098517 0.769249 0.631308
vn -0.311831 -0.001744 0.950136
vn -0.312298 -0.001407 0.949983
vn -0.311526 -0.001964 0.950236
vn -0.067083 -0.194652 -0.978576
vn -0.067083 -0.194652 -0.978576
vn -0.066761 -0.289637 -0.954806
vn -0.098992 -0.827385 0.552842
vn -0.098992 -0.827385 0.552842
vn -0.098520 -0.877630 0.469104
vn -0.098518 0.877631 0.469104
vn -0.098989 0.827386 0.552841
vn -0.098989 0.827386 0.552842
vn -0.066758 0.954805 0.289638
vn -0.067083 0.978576 0.194651
vn -0.067082 0.978576 0.194651
vn -0.066761 -0.097800 -0.992964
vn -0.067083 -0.194652 -0.978576
vn -0.067083 -0.194652 -0.978576
vn -0.311526 0.877151 -0.365454
vn -0.312297 0.877131 -0.364845
vn -0.311831 0.877143 -0.365214
vn -0.098520 -0.769249 0.631308
vn -0.098992 -0.827385 0.552842
vn -0.098992 -0.827385 0.552842
vn -0.067082 0.978576 0.194651
vn -0.067083 0.978576 0.194651
vn -0.066762 0.992965 0.097798
vn -0.098517 0.288872 0.952285
vn -0.098990 0.194133 0.975968
vn -0.098990 0.194132 0.975968
vn -0.311831 -0.673081 0.670614
vn -0.312298 -0.672735 0.670744
vn -0.311527 -0.673307 0.670529
vn -0.098989 -0.975968 -0.194132
vn -0.098989 -0.975968 -0.194132
vn -0.098521 -0.952285 -0.288872
vn -0.098990 0.194132 0.975968
vn -0.098990 0.194133 0.975968
vn -0.098518 0.097541 0.990343
vn -0.066760 0.470346 0.879953
vn -0.067083 0.554319 0.829596
vn -0.067083 0.554319 0.829596
vn -0.311524 0.878656 0.361823
vn -0.312297 0.878210 0.362241
vn -0.311829 0.878480 0.361988
vn -0.098518 -0.990344 -0.097540
vn -0.098989 -0.975968 -0.194132
vn -0.098989 -0.975968 -0.194132
vn -0.067083 0.554319 0.829596
vn -0.067083 0.554319 0.829596
vn -0.066762 0.632978 0.771285
vn -0.311832 -0.950136 -0.001746
vn -0.312298 -0.949983 -0.001409
vn -0.311528 -0.950235 -0.001965
vn -0.098991 -0.552842 -0.827385
vn -0.098991 -0.552842 -0.827385
vn -0.098518 -0.469104 -0.877631
vn -0.066762 -0.289637 0.954805
vn -0.067082 -0.194650 0.978576
vn -0.067083 -0.194651 0.978576
vn -0.311527 0.365455 0.877151
vn -0.312301 0.364842 0.877131
vn -0.311832 0.365213 0.877143
vn -0.098519 -0.631308 -0.769249
vn -0.098991 -0.552842 -0.827385
vn -0.098991 -0.552842 -0.827385
vn -0.067083 -0.194651 0.978576
vn -0.067082 -0.194650 0.978576
vn -0.066762 -0.097799 0.992964
vn -0.311832 -0.670613 -0.673082
vn -0.312299 -0.670744 -0.672735
vn -0.311527 -0.670527 -0.673308
vn -0.098991 0.194132 -0.975968
vn -0.098991 0.194132 -0.975968
vn -0.098519 0.288872 -0.952285
vn -0.066760 -0.879954 0.470345
vn -0.067083 -0.829597 0.554318
vn -0.067083 -0.829597 0.554318
vn -0.311527 -0.361825 0.878654
vn -0.312298 -0.362243 0.878208
vn -0.311831 -0.361990 0.878479
vn 0.000000 0.382683 -0.923880
vn 0.000000 0.555570 -0.831470
vn 0.000000 0.555570 -0.831470
vn 0.000000 -0.831469 0.555571
vn 0.000000 -0.923879 0.382684
vn 0.000000 -0.923879 0.382684
vn 0.000000 0.555570 -0.831470
vn 0.000000 0.707107 -0.707106
vn 0.000000 0.707107 -0.707106
vn 0.000000 -0.923879 0.382684
vn 0.000000 -0.980785 0.195092
vn 0.000000 -0.980785 0.195092
vn 0.000000 0.707107 -0.707106
vn 0.000000 0.831470 -0.555570
vn 0.000000 0.831470 -0.555570
vn 0.000000 -0.980785 0.195092
vn 0.000000 -1.000000 0.000001
vn 0.000000 -1.000000 0.000001
vn 0.000000 0.831470 -0.555570
vn 0.000000 0.923879 -0.382684
vn 0.000000 0.923879 -0.382684
vn 0.000000 -1.000000 0.000001
vn 0.000000 -0.980785 -0.195091
vn 0.000000 -0.980785 -0.195091
vn 0.000000 0.923879 -0.382684
vn 0.000000 0.980785 -0.195091
vn 0.000000 0.980785 -0.195091
vn 0.000000 -0.980785 -0.195091
vn 0.000000 -0.923880 -0.382683
vn 0.000000 -0.923880 -0.382683
vn 0.000000 0.980785 -0.195091
vn 0.000000 1.000000 0.000000
vn 0.000000 1.000000 0.000000
vn 0.000000 -0.923880 -0.382683
vn 0.000000 -0.831470 -0.555570
vn 0.000000 -0.831470 -0.555570
vn 0.000000 1.000000 0.000000
vn 0.000000 0.980785 0.195091
vn 0.000000 0.980785 0.195091
vn 0.000000 -0.831470 -0.555570
vn 0.000000 -0.707107 -0.707106
vn 0.000000 -0.707107 -0.707106
vn 0.000000 0.195091 0.980785
vn 0.000000 0.000001 1.000000
vn 0.000000 0.000001 1.000000
vn 0.000000 0.980785 0.195091
vn 0.000000 0.923879 0.382684
vn 0.000000 0.923879 0.382684
vn 0.000000 -0.707107 -0.707106
vn 0.000000 -0.555571 -0.831469
vn 0.000000 -0.555571 -0.831469
vn 0.000000 0.382683 0.923880
vn 0.000000 0.195091 0.980785
vn 0.000000 0.195091 0.980785
vn 0.000000 0.923879 0.382684
vn 0.000000 0.831470 0.555570
vn 0.000000 0.831470 0.555570
vn 0.000000 -0.555571 -0.831469
vn 0.000000 -0.382684 -0.923879
vn 0.000000 -0.382684 -0.923879
vn 0.000000 0.000001 1.000000
vn 0.000000 -0.195089 0.980786
vn 0.000000 -0.195089 0.980786
vn 0.000000 0.831470 0.555570
vn 0.000000 0.707107 0.707107
vn 0.000000 0.707107 0.707107
vn 0.000000 -0.382684 -0.923879
vn 0.000000 -0.195090 -0.980785
vn 0.000000 -0.195091 -0.980785
vn 0.000000 -0.195089 0.980786
vn 0.000000 -0.382682 0.923880
vn 0.000000 -0.382683 0.923880
vn 0.000000 0.707107 0.707107
vn 0.000000 0.555570 0.831470
vn 0.000000 0.555570 0.831470
vn 0.000000 -0.195090 -0.980785
vn 0.000000 0.000000 -1.000000
vn 0.000000 0.000000 -1.000000
vn 0.000000 -0.382682 0.923880
vn 0.000000 -0.555569 0.831471
vn 0.000000 -0.555569 0.831471
vn 0.000000 0.555570 0.831470
vn 0.000000 0.382683 0.923880
vn 0.000000 0.382683 0.923880
vn 0.000000 0.000000 -1.000000
vn 0.000000 0.000000 -1.000000
vn 0.000000 0.195090 -0.980785
vn 0.000000 -0.555569 0.831471
vn 0.000000 -0.707106 0.707108
vn 0.000000 -0.707106 0.707108
vn 0.000000 0.195090 -0.980785
vn 0.000000 0.382683 -0.923880
vn 0.000000 0.382683 -0.923880
vn -0.999961 -0.001726 0.008677
vn -0.999970 0.000000 0.007752
vn -0.999974 0.002920 0.006584
vn -0.999974 -0.005217 0.004965
vn -0.999970 -0.002966 0.007162
vn -0.999961 -0.001726 0.008677
vn -0.999972 -0.006031 0.004510
vn -0.999981 0.000000 0.006159
vn -0.999966 -0.001616 0.008124
vn -0.999966 -0.001616 0.008124
vn -0.999981 -0.002357 0.005690
vn -0.999972 0.003847 0.006475
vn -0.999974 0.002920 0.006584
vn -0.999970 0.000000 0.007752
vn -0.999981 0.000000 0.006159
vn -0.999981 -0.002357 0.005690
vn -0.999970 -0.002966 0.007162
vn -0.999974 -0.005217 0.004965
vn -0.999961 -0.004915 0.007356
vn -0.999970 -0.002966 0.007162
vn -0.999974 0.000178 0.007200
vn -0.999974 -0.006720 0.002591
vn -0.999970 -0.005481 0.005481
vn -0.999961 -0.004915 0.007356
vn -0.999972 -0.007298 0.001858
vn -0.999981 -0.002357 0.005690
vn -0.999966 -0.004602 0.006887
vn -0.999966 -0.004602 0.006887
vn -0.999981 -0.004355 0.004354
vn -0.999972 0.001076 0.007453
vn -0.999974 0.000178 0.007200
vn -0.999970 -0.002966 0.007162
vn -0.999981 -0.002357 0.005690
vn -0.999981 -0.004355 0.004354
vn -0.999970 -0.005481 0.005481
vn -0.999974 -0.006720 0.002591
vn -0.999961 -0.007356 0.004915
vn -0.999970 -0.005481 0.005481
vn -0.999974 -0.002591 0.006720
vn -0.999974 -0.007200 -0.000179
vn -0.999970 -0.007162 0.002966
vn -0.999961 -0.007356 0.004915
vn -0.999972 -0.007453 -0.001077
vn -0.999981 -0.004355 0.004354
vn -0.999966 -0.006887 0.004602
vn -0.999966 -0.006887 0.004602
vn -0.999981 -0.005690 0.002357
vn -0.999972 -0.001858 0.007298
vn -0.999974 -0.002591 0.006720
vn -0.999970 -0.005481 0.005481
vn -0.999981 -0.004355 0.004354
vn -0.999981 -0.005690 0.002357
vn -0.999970 -0.007162 0.002966
vn -0.999974 -0.007200 -0.000179
vn -0.999961 -0.008677 0.001726
vn -0.999970 -0.007162 0.002966
vn -0.999974 -0.004965 0.005217
vn -0.999974 -0.006584 -0.002920
vn -0.999970 -0.007752 0.000000
vn -0.999961 -0.008677 0.001726
vn -0.999972 -0.006474 -0.003846
vn -0.999981 -0.005690 0.002357
vn -0.999966 -0.008124 0.001616
vn -0.999966 -0.008124 0.001616
vn -0.999981 -0.006159 0.000000
vn -0.999972 -0.004509 0.006030
vn -0.999974 -0.004965 0.005217
vn -0.999970 -0.007162 0.002966
vn -0.999981 -0.005690 0.002357
vn -0.999981 -0.006159 0.000000
vn -0.999970 -0.007752 0.000000
vn -0.999974 -0.006584 -0.002920
vn -0.999961 -0.008677 -0.001726
vn -0.999970 -0.007752 0.000000
vn -0.999974 -0.006584 0.002920
vn -0.999974 -0.004965 -0.005217
vn -0.999970 -0.007162 -0.002967
vn -0.999961 -0.008677 -0.001726
vn -0.999972 -0.004509 -0.006031
vn -0.999981 -0.006159 0.000000
vn -0.999966 -0.008124 -0.001616
vn -0.999966 -0.008124 -0.001616
vn -0.999981 -0.005690 -0.002357
vn -0.999972 -0.006474 0.003846
vn -0.999974 -0.006584 0.002920
vn -0.999970 -0.007752 0.000000
vn -0.999981 -0.006159 0.000000
vn -0.999981 -0.005690 -0.002357
vn -0.999970 -0.007162 -0.002967
vn -0.999974 -0.004965 -0.005217
vn -0.999961 -0.007356 -0.004915
vn -0.999970 -0.007162 -0.002967
vn -0.999974 -0.007200 0.000178
vn -0.999974 -0.002591 -0.006719
vn -0.999970 -0.005481 -0.005481
vn -0.999961 -0.007356 -0.004915
vn -0.999972 -0.001858 -0.007298
vn -0.999981 -0.005690 -0.002357
vn -0.999966 -0.006887 -0.004602
vn -0.999966 -0.006887 -0.004602
vn -0.999981 -0.004355 -0.004354
vn -0.999972 -0.007453 0.001077
vn -0.999974 -0.007200 0.000178
vn -0.999970 -0.007162 -0.002967
vn -0.999981 -0.005690 -0.002357
vn -0.999981 -0.004355 -0.004354
vn -0.999970 -0.005481 -0.005481
vn -0.999974 -0.002591 -0.006719
vn -0.999961 -0.004915 -0.007356
vn -0.999970 -0.005481 -0.005481
vn -0.999974 -0.006720 -0.002591
vn -0.999974 0.000178 -0.007200
vn -0.999970 -0.002966 -0.007162
vn -0.999961 -0.004915 -0.007356
vn -0.999972 0.001076 -0.007453
vn -0.999981 -0.004355 -0.004354
vn -0.999966 -0.004602 -0.006887
vn -0.999966 -0.004602 -0.006887
vn -0.999981 -0.002357 -0.005690
vn -0.999972 -0.007298 -0.001858
vn -0.999974 -0.006720 -0.002591
vn -0.999970 -0.005481 -0.005481
vn -0.999981 -0.004355 -0.004354
vn -0.999981 -0.002357 -0.005690
vn -0.999970 -0.002966 -0.007162
vn -0.999974 0.000178 -0.007200
vn -0.999961 -0.001726 -0.008676
vn -0.999970 -0.002966 -0.007162
vn -0.999974 -0.005217 -0.004965
vn -0.999974 0.002920 -0.006584
vn -0.999970 0.000000 -0.007752
vn -0.999961 -0.001726 -0.008676
vn -0.999972 0.003847 -0.006474
vn -0.999981 -0.002357 -0.005690
vn -0.999966 -0.001616 -0.008124
vn -0.999966 -0.001616 -0.008124
vn -0.999981 0.000000 -0.006158
vn -0.999972 -0.006031 -0.004509
vn -0.999974 -0.005217 -0.004965
vn -0.999970 -0.002966 -0.007162
vn -0.999981 -0.002357 -0.005690
vn -0.999981 0.000000 -0.006158
vn -0.999970 0.000000 -0.007752
vn -0.999974 0.002920 -0.006584
vn -0.999961 0.001726 -0.008677
vn -0.999970 0.000000 -0.007752
vn -0.999974 -0.002920 -0.006584
vn -0.999974 0.005217 -0.004965
vn -0.999970 0.002966 -0.007162
vn -0.999961 0.001726 -0.008677
vn -0.999972 0.006031 -0.004509
vn -0.999981 0.000000 -0.006158
vn -0.999966 0.001616 -0.008124
vn -0.999966 0.001616 -0.008124
vn -0.999981 0.002357 -0.005690
vn -0.999972 -0.003847 -0.006475
vn -0.999974 -0.002920 -0.006584
vn -0.999970 0.000000 -0.007752
vn -0.999981 0.000000 -0.006158
vn -0.999981 0.002357 -0.005690
vn -0.999970 0.002966 -0.007162
vn -0.999974 0.005217 -0.004965
vn -0.999961 0.004915 -0.007356
vn -0.999970 0.002966 -0.007162
vn -0.999974 -0.000178 -0.007200
vn -0.999974 0.006720 -0.002591
vn -0.999970 0.005481 -0.005481
vn -0.999961 0.004915 -0.007356
vn -0.999972 0.007298 -0.001858
vn -0.999981 0.002357 -0.005690
vn -0.999966 0.004602 -0.006888
vn -0.999966 0.004602 -0.006888
vn -0.999981 0.004355 -0.004355
vn -0.999972 -0.001076 -0.007454
vn -0.999974 -0.000178 -0.007200
vn -0.999970 0.002966 -0.007162
vn -0.999981 0.002357 -0.005690
vn -0.999981 0.004355 -0.004355
vn -0.999970 0.005481 -0.005481
vn -0.999974 0.006720 -0.002591
vn -0.999961 0.007356 -0.004915
vn -0.999970 0.005481 -0.005481
vn -0.999974 0.002591 -0.006720
vn -0.999974 0.007200 0.000179
vn -0.999970 0.007162 -0.002966
vn -0.999961 0.007356 -0.004915
vn -0.999972 0.007453 0.001076
vn -0.999981 0.004355 -0.004355
vn -0.999966 0.006887 -0.004602
vn -0.999966 0.006887 -0.004602
vn -0.999981 0.005690 -0.002357
vn -0.999972 0.001858 -0.007298
vn -0.999974 0.002591 -0.006720
vn -0.999970 0.005481 -0.005481
vn -0.999981 0.004355 -0.004355
vn -0.999981 0.005690 -0.002357
vn -0.999970 0.007162 -0.002966
vn -0.999974 0.007200 0.000179
vn -0.999961 0.008677 -0.001726
vn -0.999970 0.007162 -0.002966
vn -0.999974 0.004965 -0.005217
vn -0.999974 0.006584 0.002920
vn -0.999970 0.007752 -0.000000
vn -0.999961 0.008677 -0.001726
vn -0.999972 0.006474 0.003846
vn -0.999981 0.005690 -0.002357
vn -0.999966 0.008124 -0.001616
vn -0.999966 0.008124 -0.001616
vn -0.999981 0.006158 0.000000
vn -0.999972 0.004509 -0.006030
vn -0.999974 0.004965 -0.005217
vn -0.999970 0.007162 -0.002966
vn -0.999981 0.005690 -0.002357
vn -0.999981 0.006158 0.000000
vn -0.999970 0.007752 -0.000000
vn -0.999974 0.006584 0.002920
vn -0.999961 0.008677 0.001726
vn -0.999970 0.007752 -0.000000
vn -0.999974 0.006584 -0.002920
vn -0.999974 0.004965 0.005217
vn -0.999970 0.007162 0.002967
vn -0.999961 0.008677 0.001726
vn -0.999972 0.004509 0.006031
vn -0.999981 0.006158 0.000000
vn -0.999966 0.008124 0.001616
vn -0.999966 0.008124 0.001616
vn -0.999981 0.005690 0.002357
vn -0.999972 0.006474 -0.003845
vn -0.999974 0.006584 -0.002920
vn -0.999970 0.007752 -0.000000
vn -0.999981 0.006158 0.000000
vn -0.999981 0.005690 0.002357
vn -0.999970 0.007162 0.002967
vn -0.999974 0.004965 0.005217
vn -0.999961 0.007356 0.004915
vn -0.999970 0.007162 0.002967
vn -0.999974 0.007200 -0.000178
vn -0.999974 0.002591 0.006719
vn -0.999970 0.005481 0.005481
vn -0.999961 0.007356 0.004915
vn -0.999972 0.001858 0.007298
vn -0.999981 0.005690 0.002357
vn -0.999966 0.006887 0.004602
vn -0.999966 0.006887 0.004602
vn -0.999981 0.004355 0.004355
vn -0.999972 0.007453 -0.001076
vn -0.999974 0.007200 -0.000178
vn -0.999970 0.007162 0.002967
vn -0.999981 0.005690 0.002357
vn -0.999981 0.004355 0.004355
vn -0.999970 0.005481 0.005481
vn -0.999974 0.002591 0.006719
vn -0.999961 0.004915 0.007356
vn -0.999970 0.005481 0.005481
vn -0.999974 0.006720 0.002591
vn -0.999974 -0.000178 0.007200
vn -0.999970 0.002966 0.007162
vn -0.999961 0.004915 0.007356
vn -0.999972 -0.001076 0.007453
vn -0.999981 0.004355 0.004355
vn -0.999966 0.004602 0.006887
vn -0.999966 0.004602 0.006887
vn -0.999981 0.002357 0.005689
vn -0.999972 0.007298 0.001858
vn -0.999974 0.006720 0.002591
vn -0.999970 0.005481 0.005481
vn -0.999981 0.004355 0.004355
vn -0.999981 0.002357 0.005689
vn -0.999970 0.002966 0.007162
vn -0.999974 -0.000178 0.007200
vn -0.999974 -0.002920 0.006584
vn -0.999970 0.000000 0.007752
vn -0.999961 0.001726 0.008676
vn -0.999961 0.001726 0.008676
vn -0.999970 0.002966 0.007162
vn -0.999974 0.005217 0.004965
vn -0.999966 0.001616 0.008124
vn -0.999981 0.000000 0.006159
vn -0.999972 0.006031 0.004509
vn -0.999972 -0.003847 0.006474
vn -0.999981 0.002357 0.005689
vn -0.999966 0.001616 0.008124
vn -0.999981 0.000000 0.006159
vn -0.999970 0.000000 0.007752
vn -0.999974 -0.002920 0.006584
vn -0.999974 0.005217 0.004965
vn -0.999970 0.002966 0.007162
vn -0.999981 0.002357 0.005689
vn -0.999999 -0.000270 -0.001355
vn -0.999999 -0.000136 -0.001382
vn -0.999999 -0.000136 -0.001382
vn -0.999999 0.000136 -0.001381
vn -0.999999 0.000136 -0.001381
vn -0.999999 0.000270 -0.001355
vn -0.999999 0.000270 -0.001355
vn -0.999999 0.000403 -0.001329
vn -0.999999 0.000403 -0.001329
vn -0.999999 0.000654 -0.001225
vn -0.999999 0.000654 -0.001225
vn -0.999999 0.000768 -0.001149
vn -0.999999 0.000768 -0.001149
vn -0.999999 0.000881 -0.001073
vn -0.999999 0.000881 -0.001073
vn -0.999999 0.001073 -0.000881
vn -0.999999 0.001073 -0.000881
vn -0.999999 0.001149 -0.000768
vn -0.999999 0.001149 -0.000768
vn -0.999999 0.001224 -0.000655
vn -0.999999 0.001224 -0.000655
vn -0.999999 0.001329 -0.000403
vn -0.999999 0.001329 -0.000403
vn -0.999999 0.001355 -0.000270
vn -0.999999 0.001355 -0.000270
vn -0.999999 0.001382 -0.000136
vn -0.999999 0.001382 -0.000136
vn -0.999999 0.001382 0.000136
vn -0.999999 0.001382 0.000136
vn -0.999999 0.001355 0.000270
vn -0.999999 0.001355 0.000270
vn -0.999999 0.001329 0.000403
vn -0.999999 0.001329 0.000403
vn -0.999999 0.001224 0.000655
vn -0.999999 0.001224 0.000654
vn -0.999999 0.001149 0.000768
vn -0.999999 0.001149 0.000768
vn -0.999999 0.001073 0.000881
vn -0.999999 0.001073 0.000881
vn -0.999999 0.000881 0.001073
vn -0.999999 0.000881 0.001073
vn -0.999999 0.000768 0.001149
vn -0.999999 0.000768 0.001149
vn -0.999999 0.000654 0.001225
vn -0.999999 0.000654 0.001225
vn -0.999999 0.000403 0.001329
vn -0.999999 0.000403 0.001329
vn -0.999999 0.000269 0.001355
vn -0.999999 0.000269 0.001355
vn -0.999999 0.000136 0.001382
vn -0.999999 0.000136 0.001382
vn -0.999999 -0.000136 0.001382
vn -0.999999 -0.000136 0.001382
vn -0.999999 -0.000269 0.001355
vn -0.999999 -0.000269 0.001355
vn -0.999999 -0.000403 0.001329
vn -0.999999 -0.000403 0.001329
vn -0.999999 -0.000654 0.001224
vn -0.999999 -0.000654 0.001225
vn -0.999999 -0.000768 0.001149
vn -0.999999 -0.000768 0.001149
vn -0.999999 -0.000881 0.001074
vn -0.999999 -0.000881 0.001074
vn -0.999999 -0.001073 0.000881
vn -0.999999 -0.001073 0.000881
vn -0.999999 -0.001149 0.000768
vn -0.999999 -0.001149 0.000768
vn -0.999999 -0.001224 0.000654
vn -0.999999 -0.001224 0.000654
vn -0.999999 -0.001329 0.000403
vn -0.999999 -0.001329 0.000403
vn -0.999999 -0.001355 0.000270
vn -0.999999 -0.001355 0.000270
vn -0.999999 -0.001382 0.000136
vn -0.999999 -0.001382 0.000136
vn -0.999999 -0.001382 -0.000136
vn -0.999999 -0.001382 -0.000136
vn -0.999999 -0.001355 -0.000270
vn -0.999999 -0.001355 -0.000270
vn -0.999999 -0.001329 -0.000403
vn -0.999999 -0.001329 -0.000403
vn -0.999999 -0.001224 -0.000655
vn -0.999999 -0.001224 -0.000654
vn -0.999999 -0.001149 -0.000768
vn -0.999999 -0.001149 -0.000768
vn -0.999999 -0.001073 -0.000881
vn -0.999999 -0.001073 -0.000881
vn -0.999999 -0.000881 -0.001073
vn -0.999999 -0.000881 -0.001073
vn -0.999999 -0.000768 -0.001149
vn -0.999999 -0.000768 -0.001149
vn -0.999999 -0.000654 -0.001224
vn -0.999999 -0.000654 -0.001224
vn -0.999999 -0.000403 -0.001329
vn -0.999999 -0.000403 -0.001329
vn -0.999999 -0.000270 -0.001355
vn -0.067082 -0.829597 -0.554319
vn -0.067082 -0.829597 -0.554319
vn -0.066763 -0.879954 -0.470346
vn -0.066760 0.879954 -0.470346
vn -0.067084 0.829596 -0.554319
vn -0.067084 0.829596 -0.554320
vn -0.098524 0.952285 -0.288872
vn -0.098986 0.975969 -0.194133
vn -0.098988 0.975968 -0.194133
vn -0.098990 -0.194131 0.975968
vn -0.098990 -0.194131 0.975968
vn -0.098518 -0.288872 0.952285
vn -0.311831 0.878479 -0.361990
vn -0.312300 0.878208 -0.362243
vn -0.311526 0.878655 -0.361824
vn -0.066760 -0.771287 -0.632977
vn -0.067082 -0.829597 -0.554319
vn -0.067082 -0.829597 -0.554319
vn -0.311830 0.670614 0.673081
vn -0.312298 0.670744 0.672735
vn -0.311526 0.670529 0.673307
vn -0.098988 0.975968 -0.194133
vn -0.098986 0.975969 -0.194133
vn -0.098521 0.990343 -0.097542
vn -0.067084 0.194650 -0.978576
vn -0.067084 0.194651 -0.978576
vn -0.066762 0.097797 -0.992965
vn -0.311832 0.365215 -0.877143
vn -0.312299 0.364845 -0.877131
vn -0.311527 0.365455 -0.877151
vn -0.311527 -0.365456 -0.877150
vn -0.312299 -0.364845 -0.877131
vn -0.311832 -0.365215 -0.877143
vn -0.067084 -0.978576 0.194651
vn -0.067084 -0.978576 0.194651
vn -0.066763 -0.954805 0.289637
vn -0.066762 0.289636 -0.954806
vn -0.067084 0.194651 -0.978576
vn -0.067084 0.194650 -0.978576
vn -0.098518 0.469103 -0.877631
vn -0.098990 0.552841 -0.827386
vn -0.098990 0.552841 -0.827386
vn -0.311527 -0.670528 0.673308
vn -0.312297 -0.670743 0.672736
vn -0.311831 -0.670613 0.673083
vn -0.066762 -0.992964 0.097799
vn -0.067084 -0.978576 0.194651
vn -0.067084 -0.978576 0.194651
vn -0.311830 0.950136 0.001744
vn -0.312298 0.949983 0.001406
vn -0.311525 0.950236 0.001964
vn -0.098990 0.552841 -0.827386
vn -0.098990 0.552841 -0.827386
vn -0.098518 0.631308 -0.769250
vn -0.311830 -0.361990 -0.878479
vn -0.312298 -0.362243 -0.878208
vn -0.311525 -0.361824 -0.878655
vn -0.311526 -0.878656 -0.361822
vn -0.312301 -0.878208 -0.362241
vn -0.311832 -0.878479 -0.361987
vn -0.067082 -0.554319 0.829597
vn -0.067082 -0.554319 0.829597
vn -0.066760 -0.470344 0.879954
vn -0.098519 -0.288874 -0.952285
vn -0.098991 -0.194133 -0.975968
vn -0.098991 -0.194133 -0.975968
vn -0.311526 0.001965 0.950236
vn -0.312298 0.001408 0.949983
vn -0.311831 0.001746 0.950136
vn -0.066760 -0.632979 0.771285
vn -0.067082 -0.554319 0.829597
vn -0.067082 -0.554319 0.829597
vn -0.098991 -0.194133 -0.975968
vn -0.098991 -0.194133 -0.975968
vn -0.098519 -0.097540 -0.990344
vn -0.311831 -0.877143 -0.365214
vn -0.312297 -0.877131 -0.364845
vn -0.311527 -0.877151 -0.365454
vn -0.067083 0.194651 0.978576
vn -0.067083 0.194651 0.978576
vn -0.066762 0.289639 0.954805
vn -0.098521 -0.877632 -0.469102
vn -0.098993 -0.827386 -0.552841
vn -0.098992 -0.827386 -0.552841
vn -0.311527 0.673307 0.670528
vn -0.312301 0.672733 0.670745
vn -0.311832 0.673081 0.670614
vn -0.066761 0.097799 0.992965
vn -0.067083 0.194651 0.978576
vn -0.067083 0.194651 0.978576
vn -0.098992 -0.827386 -0.552841
vn -0.098993 -0.827386 -0.552841
vn -0.098517 -0.769250 -0.631308
vn -0.311829 -0.878480 0.361988
vn -0.312296 -0.878210 0.362241
vn -0.311525 -0.878656 0.361824
vn -0.067082 0.829597 0.554318
vn -0.067082 0.829597 0.554318
vn -0.066761 0.879954 0.470344
vn -0.098519 -0.952284 0.288874
vn -0.098994 -0.975967 0.194134
vn -0.098993 -0.975967 0.194134
vn -0.311528 0.950235 -0.001965
vn -0.312298 0.949983 -0.001409
vn -0.311832 0.950136 -0.001746
vn -0.066758 0.771286 0.632978
vn -0.067082 0.829597 0.554318
vn -0.067082 0.829597 0.554318
vn -0.098519 0.631309 0.769249
vn -0.098993 0.552842 0.827385
vn -0.098993 0.552842 0.827385
vn -0.098993 -0.975967 0.194134
vn -0.098994 -0.975967 0.194134
vn -0.098519 -0.990343 0.097542
vn -0.311832 -0.365214 0.877143
vn -0.312299 -0.364844 0.877131
vn -0.311527 -0.365455 0.877151
vn -0.098993 0.552842 0.827385
vn -0.098993 0.552842 0.827385
vn -0.098519 0.469103 0.877632
vn -0.067084 0.978576 -0.194653
vn -0.067084 0.978576 -0.194653
vn -0.066762 0.954805 -0.289638
vn -0.098519 -0.469102 0.877632
vn -0.098991 -0.552840 0.827387
vn -0.098991 -0.552840 0.827387
vn -0.311526 0.670529 -0.673307
vn -0.312298 0.670743 -0.672737
vn -0.311831 0.670613 -0.673082
vn -0.067084 -0.554319 -0.829597
vn -0.067085 -0.554319 -0.829596
vn -0.066762 -0.632978 -0.771285
vn -0.066765 0.992964 -0.097802
vn -0.067084 0.978576 -0.194653
vn -0.067084 0.978576 -0.194653
vn -0.098521 0.990343 0.097542
vn -0.098992 0.975968 0.194132
vn -0.098992 0.975968 0.194132
vn -0.098991 -0.552840 0.827387
vn -0.098991 -0.552840 0.827387
vn -0.098520 -0.631305 0.769252
vn -0.066760 -0.470345 -0.879954
vn -0.067085 -0.554319 -0.829596
vn -0.067084 -0.554319 -0.829597
vn -0.311832 0.361989 0.878479
vn -0.312299 0.362243 0.878208
vn -0.311528 0.361824 0.878655
vn -0.098992 0.975968 0.194132
vn -0.098992 0.975968 0.194132
vn -0.098518 0.952285 0.288873
vn -0.067083 0.554318 -0.829597
vn -0.067083 0.554318 -0.829597
vn -0.066762 0.470345 -0.879954
vn -0.311831 0.673082 -0.670613
vn -0.312298 0.672735 -0.670744
vn -0.311526 0.673308 -0.670528
vn -0.311526 -0.001966 -0.950235
vn -0.312298 -0.001409 -0.949983
vn -0.311831 -0.001747 -0.950136
vn -0.067085 -0.978576 -0.194651
vn -0.067086 -0.978576 -0.194651
vn -0.066762 -0.992965 -0.097799
vn -0.066761 0.632976 -0.771288
vn -0.067083 0.554318 -0.829597
vn -0.067083 0.554318 -0.829597
vn -0.098518 0.769250 -0.631308
vn -0.098994 0.827386 -0.552841
vn -0.098993 0.827386 -0.552841
vn -0.311527 -0.877151 0.365454
vn -0.312296 -0.877131 0.364845
vn -0.311830 -0.877143 0.365214
vn -0.066759 -0.954806 -0.289637
vn -0.067086 -0.978576 -0.194651
vn -0.067085 -0.978576 -0.194651
vn -0.311833 0.877143 0.365212
vn -0.312300 0.877131 0.364842
vn -0.311529 0.877151 0.365453
vn -0.098993 0.827386 -0.552841
vn -0.098994 0.827386 -0.552841
vn -0.098518 0.877632 -0.469103
vn -0.311831 0.001745 -0.950136
vn -0.312299 0.001408 -0.949983
vn -0.311527 0.001965 -0.950235
vn -0.311530 -0.673308 -0.670526
vn -0.312301 -0.672735 -0.670743
vn -0.311834 -0.673082 -0.670612
vn -0.067083 -0.829597 0.554318
vn -0.067083 -0.829597 0.554318
vn -0.066762 -0.771285 0.632978
vn -0.098519 0.097540 -0.990344
vn -0.098991 0.194132 -0.975968
vn -0.098991 0.194132 -0.975968
f 1/1/1 2/2/2 3/3/3
f 4/4/4 5/5/5 6/6/6
f 7/7/7 8/8/8 9/9/9
f 10/10/10 11/11/11 12/12/12
f 13/13/13 14/14/14 15/15/15
f 16/16/16 17/17/17 18/18/18
f 19/19/19 20/20/20 21/21/21
f 22/22/22 23/23/23 24/24/24
f 25/25/25 26/26/26 27/27/27
f 28/28/28 29/29/29 30/30/30
f 31/31/31 32/32/32 33/33/33
f 34/34/34 35/35/35 36/36/36
f 37/37/37 38/38/38 39/39/39
f 40/40/40 41/41/41 42/42/42
f 43/43/43 44/44/44 45/45/45
f 46/46/46 47/47/47 48/48/48
f 49/49/49 50/50/50 51/51/51
f 52/52/52 53/53/53 54/54/54
f 55/55/55 56/56/56 57/57/57
f 58/58/58 59/59/59 60/60/60
f 61/61/61 62/62/62 63/63/63
f 64/64/64 65/65/65 66/66/66
f 67/67/67 68/68/68 69/69/69
f 70/70/70 71/71/71 72/72/72
f 73/73/73 74/74/74 75/75/75
f 76/76/76 77/77/77 78/78/78
f 79/79/79 80/80/80 81/81/81
f 82/82/82 83/83/83 84/84/84
f 85/85/85 86/86/86 87/87/87
f 88/88/88 89/89/89 90/90/90
f 91/91/91 92/92/92 93/93/93
f 94/94/94 95/95/95 96/96/96
f 97/97/97 98/98/98 99/99/99
f 100/100/100 101/101/101 102/102/102
f 103/103/103 104/104/104 105/105/105
f 106/106/106 107/107/107 108/108/108
f 109/109/109 110/110/110 111/111/111
f 112/112/112 113/113/113 114/114/114
f 115/115/115 116/116/116 117/117/117
f 118/118/118 119/119/119 120/120/120
f 121/121/121 122/122/122 123/123/123
f 124/124/124 125/125/125 126/126/126
f 127/127/127 128/128/128 129/129/129
f 130/130/130 131/131/131 132/132/132
f 133/133/133 134/134/134 135/135/135
f 136/136/136 137/137/137 138/138/138
f 139/139/139 140/140/140 141/141/141
f 142/142/142 143/143/143 144/144/144
f 145/145/145 146/146/146 147/147/147
f 148/148/148 149/149/149 150/150/150
f 151/151/151 152/152/152 153/153/153
f 154/154/154 155/155/155 156/156/156
f 157/157/157 158/158/158 159/159/159
f 160/160/160 161/161/161 162/162/162
f 163/163/163 164/164/164 165/165/165
f 166/166/166 167/167/167 168/168/168
f 169/169/169 170/170/170 171/171/171
f 172/172/172 173/173/173 174/174/174
f 175/175/175 176/176/176 177/177/177
f 178/178/178 179/179/179 180/180/180
f 181/181/181 182/182/182 183/183/183
f 184/184/184 185/185/185 186/186/186
f 187/187/187 188/188/188 189/189/189
f 190/190/190 191/191/191 192/192/192
f 193/193/193 194/194/194 195/195/195
f 196/196/196 197/197/197 198/198/198
f 199/199/199 200/200/200 201/201/201
f 202/202/202 203/203/203 204/204/204
f 205/205/205 206/206/206 207/207/207
f 208/208/208 209/209/209 210/210/210
f 211/211/211 212/212/212 213/213/213
f 214/214/214 215/215/215 216/216/216
f 217/217/217 218/218/218 219/219/219
f 220/220/220 221/221/221 222/222/222
f 223/223/223 224/224/224 225/225/225
f 226/226/226 227/227/227 228/228/228
f 229/229/229 230/230/230 231/231/231
f 232/232/232 233/233/233 234/234/234
f 235/235/235 236/236/236 237/237/237
f 238/238/238 239/239/239 240/240/240
f 241/241/241 242/242/242 243/243/243
f 244/244/244 245/245/245 246/246/246
f 247/247/247 248/248/248 249/249/249
f 250/250/250 251/251/251 252/252/252
f 253/253/253 254/254/254 255/255/255
f 256/256/256 257/257/257 258/258/258
f 259/259/259 260/260/260 261/261/261
f 262/262/262 263/263/263 264/264/264
f 265/265/265 266/266/266 267/267/267
f 268/268/268 269/269/269 270/270/270
f 271/271/271 272/272/272 273/273/273
f 274/274/274 275/275/275 276/276/276
f 277/277/277 278/278/278 279/279/279
f 280/280/280 281/281/281 282/282/282
f 283/283/283 284/284/284 285/285/285
f 286/286/286 287/287/287 288/288/288
f 289/289/289 290/290/290 291/291/291
f 292/292/292 293/293/293 294/294/294
f 295/295/295 296/296/296 297/297/297
f 298/298/298 299/299/299 300/300/300
f 301/301/301 302/302/302 303/303/303
f 304/304/304 305/305/305 306/306/306
f 307/307/307 308/308/308 309/309/309
f 310/310/310 311/311/311 312/312/312
f 313/313/313 314/314/314 315/315/315
f 316/316/316 317/317/317 318/318/318
f 319/319/319 320/320/320 321/321/321
f 322/322/322 323/323/323 324/324/324
f 325/325/325 326/326/326 327/327/327
f 328/328/328 329/329/329 330/330/330
f 331/331/331 332/332/332 333/333/333
f 334/334/334 335/335/335 336/336/336
f 337/337/337 338/338/338 339/339/339
f 340/340/340 341/341/341 342/342/342
f 343/343/343 344/344/344 345/345/345
f 346/346/346 347/347/347 348/348/348
f 349/349/349 350/350/350 351/351/351
f 352/352/352 353/353/353 354/354/354
f 355/355/355 356/356/356 357/357/357
f 358/358/358 359/359/359 360/360/360
f 361/361/361 362/362/362 363/363/363
f 364/364/364 365/365/365 366/366/366
f 367/367/367 368/368/368 369/369/369
f 370/370/370 371/371/371 372/372/372
f 373/373/373 374/374/374 375/375/375
f 376/376/376 377/377/377 378/378/378
f 379/379/379 380/380/380 381/381/381
f 382/382/382 383/383/383 384/384/384
f 385/385/385 386/386/386 387/387/387
f 388/388/388 389/389/389 390/390/390
f 391/391/391 392/392/392 393/393/393
f 394/394/394 395/395/395 396/396/396
f 397/397/397 398/398/398 399/399/399
f 400/400/400 401/401/401 402/402/402
f 403/403/403 404/404/404 405/405/405
f 406/406/406 407/407/407 408/408/408
f 409/409/409 410/410/410 411/411/411
f 412/412/412 413/413/413 414/414/414
f 415/415/415 416/416/416 417/417/417
f 418/418/418 419/419/419 420/420/420
f 421/421/421 422/422/422 423/423/423
f 424/424/424 425/425/425 426/426/426
f 427/427/427 428/428/428 429/429/429
f 430/430/430 431/431/431 432/432/432
f 433/433/433 434/434/434 435/435/435
f 436/436/436 437/437/437 438/438/438
f 439/439/439 440/440/440 441/441/441
f 442/442/442 443/443/443 444/444/444
f 445/445/445 446/446/446 447/447/447
f 448/448/448 449/449/449 450/450/450
f 451/451/451 452/452/452 453/453/453
f 454/454/454 455/455/455 456/456/456
f 457/457/457 458/458/458 459/459/459
f 460/460/460 461/461/461 462/462/462
f 463/463/463 464/464/464 465/465/465
f 466/466/466 467/467/467 468/468/468
f 469/469/469 470/470/470 471/471/471
f 472/472/472 473/473/473 474/474/474
f 475/475/475 476/476/476 477/477/477
f 478/478/478 479/479/479 480/480/480
f 481/481/481 482/482/482 483/483/483
f 484/484/484 485/485/485 486/486/486
f 487/487/487 488/488/488 489/489/489
f 490/490/490 491/491/491 492/492/492
f 493/493/493 494/494/494 495/495/495
f 496/496/496 497/497/497 498/498/498
f 499/499/499 500/500/500 501/501/501
f 502/502/502 503/503/503 504/504/504
f 505/505/505 506/506/506 507/507/507
f 508/508/508 509/509/509 510/510/510
f 511/511/511 512/512/512 513/513/513
f 514/514/514 515/515/515 516/516/516
f 517/517/517 518/518/518 519/519/519
f 520/520/520 521/521/521 522/522/522
f 523/523/523 524/524/524 525/525/525
f 526/526/526 527/527/527 528/528/528
f 529/529/529 530/530/530 531/531/531
f 532/532/532 533/533/533 534/534/534
f 535/535/535 536/536/536 537/537/537
f 538/538/538 539/539/539 540/540/540
f 541/541/541 542/542/542 543/543/543
f 544/544/544 545/545/545 546/546/546
f 547/547/547 548/548/548 549/549/549
f 550/550/550 551/551/551 552/552/552
f 553/553/553 554/554/554 555/555/555
f 556/556/556 557/557/557 558/558/558
f 559/559/559 560/560/560 561/561/561
f 562/562/562 563/563/563 564/564/564
f 565/565/565 566/566/566 567/567/567
f 568/568/568 569/569/569 570/570/570
f 571/571/571 572/572/572 573/573/573
f 574/574/574 575/575/575 576/576/576
f 577/577/577 578/578/578 579/579/579
f 580/580/580 581/581/581 582/582/582
f 583/583/583 584/584/584 585/585/585
f 586/586/586 587/587/587 588/588/588
f 589/589/589 590/590/590 591/591/591
f 592/592/592 593/593/593 594/594/594
f 595/595/595 596/596/596 597/597/597
f 598/598/598 599/599/599 600/600/600
f 601/601/601 602/602/602 603/603/603
f 604/604/604 605/605/605 606/606/606
f 607/607/607 608/608/608 609/609/609
f 610/610/610 611/611/611 612/612/612
f 613/613/613 614/614/614 615/615/615
f 616/616/616 617/617/617 618/618/618
f 619/619/619 620/620/620 621/621/621
f 622/622/622 623/623/623 624/624/624
f 625/625/625 626/626/626 627/627/627
f 628/628/628 629/629/629 630/630/630
f 631/631/631 632/632/632 633/633/633
f 634/634/634 635/635/635 636/636/636
f 637/637/637 638/638/638 639/639/639
f 640/640/640 641/641/641 642/642/642
f 643/643/643 644/644/644 645/645/645
f 646/646/646 647/647/647 648/648/648
f 649/649/649 650/650/650 651/651/651
f 652/652/652 653/653/653 654/654/654
f 655/655/655 656/656/656 657/657/657
f 658/658/658 659/659/659 660/660/660
f 661/661/661 662/662/662 663/663/663
f 664/664/664 665/665/665 666/666/666
f 667/667/667 668/668/668 669/669/669
f 670/670/670 671/671/671 672/672/672
f 673/673/673 674/674/674 675/675/675
f 676/676/676 677/677/677 678/678/678
f 679/679/679 680/680/680 681/681/681
f 682/682/682 683/683/683 684/684/684
f 685/685/685 686/686/686 687/687/687
f 688/688/688 689/689/689 690/690/690
f 691/691/691 692/692/692 693/693/693
f 694/694/694 695/695/695 696/696/696
f 697/697/697 698/698/698 699/699/699
f 700/700/700 701/701/701 702/702/702
f 703/703/703 704/704/704 705/705/705
f 706/706/706 707/707/707 708/708/708
f 709/709/709 710/710/710 711/711/711
f 712/712/712 713/713/713 714/714/714
f 715/715/715 716/716/716 717/717/717
f 718/718/718 719/719/719 720/720/720
f 721/721/721 722/722/722 723/723/723
f 724/724/724 725/725/725 726/726/726
f 727/727/727 728/728/728 729/729/729
f 730/730/730 731/731/731 732/732/732
f 733/733/733 734/734/734 735/735/735
f 736/736/736 737/737/737 738/738/738
f 739/739/739 740/740/740 741/741/741
f 742/742/742 743/743/743 744/744/744
f 745/745/745 746/746/746 747/747/747
f 748/748/748 749/749/749 750/750/750
f 751/751/751 752/752/752 753/753/753
f 754/754/754 755/755/755 756/756/756
f 757/757/757 758/758/758 759/759/759
f 760/760/760 761/761/761 762/762/762
f 763/763/763 764/764/764 765/765/765
f 766/766/766 767/767/767 768/768/768
f 769/769/769 770/770/770 771/771/771
f 772/772/772 773/773/773 774/774/774
f 775/775/775 776/776/776 777/777/777
f 778/778/778 779/779/779 780/780/780
f 781/781/781 782/782/782 783/783/783
f 784/784/784 785/785/785 786/786/786
f 787/787/787 788/788/788 789/789/789
f 790/790/790 791/791/791 792/792/792
f 793/793/793 794/794/794 795/795/795
f 796/796/796 797/797/797 798/798/798
f 799/799/799 800/800/800 801/801/801
f 802/802/802 803/803/803 804/804/804
f 805/805/805 806/806/806 807/807/807
f 808/808/808 809/809/809 810/810/810
f 811/811/811 812/812/812 813/813/813
f 814/814/814 815/815/815 816/816/816
f 817/817/817 818/818/818 819/819/819
f 820/820/820 821/821/821 822/822/822
f 823/823/823 824/824/824 825/825/825
f 826/826/826 827/827/827 828/828/828
f 829/829/829 830/830/830 831/831/831
f 832/832/832 833/833/833 834/834/834
f 835/835/835 836/836/836 837/837/837
f 838/838/838 839/839/839 840/840/840
f 841/841/841 842/842/842 843/843/843
f 844/844/844 845/845/845 846/846/846
f 847/847/847 848/848/848 849/849/849
f 850/850/850 851/851/851 852/852/852
f 853/853/853 854/854/854 855/855/855
f 856/856/856 857/857/857 858/858/858
f 859/859/859 860/860/860 861/861/861
f 862/862/862 863/863/863 864/864/864
f 865/865/865 866/866/866 867/867/867
f 868/868/868 869/869/869 870/870/870
f 871/871/871 872/872/872 873/873/873
f 874/874/874 875/875/875 876/876/876
f 877/877/877 878/878/878 879/879/879
f 880/880/880 881/881/881 882/882/882
f 883/883/883 884/884/884 885/885/885
f 886/886/886 887/887/887 888/888/888
f 889/889/889 890/890/890 891/891/891
f 892/892/892 893/893/893 894/894/894
f 895/895/895 896/896/896 897/897/897
f 898/898/898 899/899/899 900/900/900
f 901/901/901 902/902/902 903/903/903
f 904/904/904 905/905/905 906/906/906
f 907/907/907 908/908/908 909/909/909
f 910/910/910 911/911/911 912/912/912
f 913/913/913 914/914/914 915/915/915
f 916/916/916 917/917/917 918/918/918
f 919/919/919 920/920/920 921/921/921
f 922/922/922 923/923/923 924/924/924
f 925/925/925 926/926/926 927/927/927
f 928/928/928 929/929/929 930/930/930
f 931/931/931 932/932/932 933/933/933
f 934/934/934 935/935/935 936/936/936
f 937/937/937 938/938/938 939/939/939
f 940/940/940 941/941/941 942/942/942
f 943/943/943 944/944/944 945/945/945
f 946/946/946 947/947/947 948/948/948
f 949/949/949 950/950/950 951/951/951
f 952/952/952 953/953/953 954/954/954
f 955/955/955 956/956/956 957/957/957
f 958/958/958 959/959/959 960/960/960
f 961/961/961 962/962/962 963/963/963
f 964/964/964 965/965/965 966/966/966
f 967/967/967 968/968/968 969/969/969
f 970/970/970 971/971/971 972/972/972
f 973/973/973 974/974/974 975/975/975
f 976/976/976 977/977/977 978/978/978
f 979/979/979 980/980/980 981/981/981
f 982/982/982 983/983/983 984/984/984
f 985/985/985 986/986/986 987/987/987
f 988/988/988 989/989/989 990/990/990
f 991/991/991 992/992/992 993/993/993
f 994/994/994 995/995/995 996/996/996
f 997/997/997 998/998/998 999/999/999
f 1000/1000/1000 1001/1001/1001 1002/1002/1002
f 1003/1003/1003 1004/1004/1004 1005/1005/1005
f 1006/1006/1006 1007/1007/1007 1008/1008/1008
f 1009/1009/1009 1010/1010/1010 1011/1011/1011
f 1012/1012/1012 1013/1013/1013 1014/1014/1014
f 1015/1015/1015 1016/1016/1016 1017/1017/1017
f 1018/1018/1018 1019/1019/1019 1020/1020/1020
f 1021/1021/1021 1022/1022/1022 1023/1023/1023
f 1024/1024/1024 1025/1025/1025 1026/1026/1026
f 1027/1027/1027 1028/1028/1028 1029/1029/1029
f 1030/1030/1030 1031/1031/1031 1032/1032/1032
f 1033/1033/1033 1034/1034/1034 1035/1035/1035
f 1036/1036/1036 1037/1037/1037 1038/1038/1038
f 1039/1039/1039 1040/1040/1040 1041/1041/1041
f 1042/1042/1042 1043/1043/1043 1044/1044/1044
f 1045/1045/1045 1046/1046/1046 1047/1047/1047
f 1048/1048/1048 1049/1049/1049 1050/1050/1050
f 1051/1051/1051 1052/1052/1052 1053/1053/1053
f 1054/1054/1054 1055/1055/1055 1056/1056/1056
f 1057/1057/1057 1058/1058/1058 1059/1059/1059
f 1060/1060/1060 1061/1061/1061 1062/1062/1062
f 1063/1063/1063 1064/1064/1064 1065/1065/1065
f 1066/1066/1066 1067/1067/1067 1068/1068/1068
f 1069/1069/1069 1070/1070/1070 1071/1071/1071
f 1072/1072/1072 1073/1073/1073 1074/1074/1074
f 1075/1075/1075 1076/1076/1076 1077/1077/1077
f 1078/1078/1078 1079/1079/1079 1080/1080/1080
f 1081/1081/1081 1082/1082/1082 1083/1083/1083
f 1084/1084/1084 1085/1085/1085 1086/1086/1086
f 1087/1087/1087 1088/1088/1088 1089/1089/1089
f 1090/1090/1090 1091/1091/1091 1092/1092/1092
f 1093/1093/1093 1094/1094/1094 1095/1095/1095
f 1096/1096/1096 1097/1097/1097 1098/1098/1098
f 1099/1099/1099 1100/1100/1100 1101/1101/1101
f 1102/1102/1102 1103/1103/1103 1104/1104/1104
f 1105/1105/1105 1106/1106/1106 1107/1107/1107
f 1108/1108/1108 1109/1109/1109 1110/1110/1110
f 1111/1111/1111 1112/1112/1112 1113/1113/1113
f 1114/1114/1114 1115/1115/1115 1116/1116/1116
f 1117/1117/1117 1118/1118/1118 1119/1119/1119
f 1120/1120/1120 1121/1121/1121 1122/1122/1122
f 1123/1123/1123 1124/1124/1124 1125/1125/1125
f 1126/1126/1126 1127/1127/1127 1128/1128/1128
f 1129/1129/1129 1130/1130/1130 1131/1131/1131
f 1132/1132/1132 1133/1133/1133 1134/1134/1134
f 1135/1135/1135 1136/1136/1136 1137/1137/1137
f 1138/1138/1138 1139/1139/1139 1140/1140/1140
f 1141/1141/1141 1142/1142/1142 1143/1143/1143
f 1144/1144/1144 1145/1145/1145 1146/1146/1146
f 1147/1147/1147 1148/1148/1148 1149/1149/1149
f 1150/1150/1150 1151/1151/1151 1152/1152/1152
f 1153/1153/1153 1154/1154/1154 1155/1155/1155
f 1156/1156/1156 1157/1157/1157 1158/1158/1158
f 1159/1159/1159 1160/1160/1160 1161/1161/1161
f 1162/1162/1162 1163/1163/1163 1164/1164/1164
f 1165/1165/1165 1166/1166/1166 1167/1167/1167
f 1168/1168/1168 1169/1169/1169 1170/1170/1170
f 1171/1171/1171 1172/1172/1172 1173/1173/1173
f 1174/1174/1174 1175/1175/1175 1176/1176/1176
f 1177/1177/1177 1178/1178/1178 1179/1179/1179
f 1180/1180/1180 1181/1181/1181 1182/1182/1182
f 1183/1183/1183 1184/1184/1184 1185/1185/1185
f 1186/1186/1186 1187/1187/1187 1188/1188/1188
f 1189/1189/1189 1190/1190/1190 1191/1191/1191
f 1192/1192/1192 1193/1193/1193 1194/1194/1194
f 1195/1195/1195 1196/1196/1196 1197/1197/1197
f 1198/1198/1198 1199/1199/1199 1200/1200/1200
f 1201/1201/1201 1202/1202/1202 1203/1203/1203
f 1204/1204/1204 1205/1205/1205 1206/1206/1206
f 1207/1207/1207 1208/1208/1208 1209/1209/1209
f 1210/1210/1210 1211/1211/1211 1212/1212/1212
f 1213/1213/1213 1214/1214/1214 1215/1215/1215
f 1216/1216/1216 1217/1217/1217 1218/1218/1218
f 1219/1219/1219 1220/1220/1220 1221/1221/1221
f 1222/1222/1222 1223/1223/1223 1224/1224/1224
f 1225/1225/1225 1226/1226/1226 1227/1227/1227
f 1228/1228/1228 1229/1229/1229 1230/1230/1230
f 1231/1231/1231 1232/1232/1232 1233/1233/1233
f 1234/1234/1234 1235/1235/1235 1236/1236/1236
f 1237/1237/1237 1238/1238/1238 1239/1239/1239
f 1240/1240/1240 1241/1241/1241 1242/1242/1242
f 1243/1243/1243 1244/1244/1244 1245/1245/1245
f 1246/1246/1246 1247/1247/1247 1248/1248/1248
f 1249/1249/1249 1250/1250/1250 1251/1251/1251
f 1252/1252/1252 1253/1253/1253 1254/1254/1254
f 1255/1255/1255 1256/1256/1256 1257/1257/1257
f 1258/1258/1258 1259/1259/1259 1260/1260/1260
f 1261/1261/1261 1262/1262/1262 1263/1263/1263
f 1264/1264/1264 1265/1265/1265 1266/1266/1266
f 1267/1267/1267 1268/1268/1268 1269/1269/1269
f 1270/1270/1270 1271/1271/1271 1272/1272/1272
f 1273/1273/1273 1274/1274/1274 1275/1275/1275
f 1276/1276/1276 1277/1277/1277 1278/1278/1278
f 1279/1279/1279 1280/1280/1280 1281/1281/1281
f 1282/1282/1282 1283/1283/1283 1284/1284/1284
f 1285/1285/1285 1286/1286/1286 1287/1287/1287
f 1288/1288/1288 1289/1289/1289 1290/1290/1290
f 1291/1291/1291 1292/1292/1292 1293/1293/1293
f 1294/1294/1294 1295/1295/1295 1296/1296/1296
f 1297/1297/1297 1298/1298/1298 1299/1299/1299
f 1300/1300/1300 1301/1301/1301 1302/1302/1302
f 1303/1303/1303 1304/1304/1304 1305/1305/1305
f 1306/1306/1306 1307/1307/1307 1308/1308/1308
f 1309/1309/1309 1310/1310/1310 1311/1311/1311
f 1312/1312/1312 1313/1313/1313 1314/1314/1314
f 1315/1315/1315 1316/1316/1316 1317/1317/1317
f 1318/1318/1318 1319/1319/1319 1320/1320/1320
f 1321/1321/1321 1322/1322/1322 1323/1323/1323
f 1324/1324/1324 1325/1325/1325 1326/1326/1326
f 1327/1327/1327 1328/1328/1328 1329/1329/1329
f 1330/1330/1330 1331/1331/1331 1332/1332/1332
f 1333/1333/1333 1334/1334/1334 1335/1335/1335
f 1336/1336/1336 1337/1337/1337 1338/1338/1338
f 1339/1339/1339 1340/1340/1340 1341/1341/1341
f 1342/1342/1342 1343/1343/1343 1344/1344/1344
f 1345/1345/1345 1346/1346/1346 1347/1347/1347
f 1348/1348/1348 1349/1349/1349 1350/1350/1350
f 1351/1351/1351 1352/1352/1352 1353/1353/1353
f 1354/1354/1354 1355/1355/1355 1356/1356/1356
f 1357/1357/1357 1358/1358/1358 1359/1359/1359
f 1360/1360/1360 1361/1361/1361 1362/1362/1362
f 1363/1363/1363 1364/1364/1364 1365/1365/1365
f 1366/1366/1366 1367/1367/1367 1368/1368/1368
f 1369/1369/1369 1370/1370/1370 1371/1371/1371
f 1372/1372/1372 1373/1373/1373 1374/1374/1374
f 1375/1375/1375 1376/1376/1376 1377/1377/1377
f 1378/1378/1378 1379/1379/1379 1380/1380/1380
f 1381/1381/1381 1382/1382/1382 1383/1383/1383
f 1384/1384/1384 1385/1385/1385 1386/1386/1386
f 1387/1387/1387 1388/1388/1388 1389/1389/1389
f 1390/1390/1390 1391/1391/1391 1392/1392/1392
f 1393/1393/1393 1394/1394/1394 1395/1395/1395
f 1396/1396/1396 1397/1397/1397 1398/1398/1398
f 1399/1399/1399 1400/1400/1400 1401/1401/1401
f 1402/1402/1402 1403/1403/1403 1404/1404/1404
f 1405/1405/1405 1406/1406/1406 1407/1407/1407
f 1408/1408/1408 1409/1409/1409 1410/1410/1410
f 1411/1411/1411 1412/1412/1412 1413/1413/1413
f 1414/1414/1414 1415/1415/1415 1416/1416/1416
f 1417/1417/1417 1418/1418/1418 1419/1419/1419
f 1420/1420/1420 1421/1421/1421 1422/1422/1422
f 1423/1423/1423 1424/1424/1424 1425/1425/1425
f 1426/1426/1426 1427/1427/1427 1428/1428/1428
f 1429/1429/1429 1430/1430/1430 1431/1431/1431
f 1432/1432/1432 1433/1433/1433 1434/1434/1434
f 1435/1435/1435 1436/1436/1436 1437/1437/1437
f 1438/1438/1438 1439/1439/1439 1440/1440/1440
f 1441/1441/1441 1442/1442/1442 1443/1443/1443
f 1444/1444/1444 1445/1445/1445 1446/1446/1446
f 1447/1447/1447 1448/1448/1448 1449/1449/1449
f 1450/1450/1450 1451/1451/1451 1452/1452/1452
f 1453/1453/1453 1454/1454/1454 1455/1455/1455
f 1456/1456/1456 1457/1457/1457 1458/1458/1458
f 1459/1459/1459 1460/1460/1460 1461/1461/1461
f 1462/1462/1462 1463/1463/1463 1464/1464/1464
f 1465/1465/1465 1466/1466/1466 1467/1467/1467
f 1468/1468/1468 1469/1469/1469 1470/1470/1470
f 1471/1471/1471 1472/1472/1472 1473/1473/1473
f 1474/1474/1474 1475/1475/1475 1476/1476/1476
f 1477/1477/1477 1478/1478/1478 1479/1479/1479
f 1480/1480/1480 1481/1481/1481 1482/1482/1482
f 1483/1483/1483 1484/1484/1484 1485/1485/1485
f 1486/1486/1486 1487/1487/1487 1488/1488/1488
f 1489/1489/1489 1490/1490/1490 1491/1491/1491
f 1492/1492/1492 1493/1493/1493 1494/1494/1494
f 1495/1495/1495 1496/1496/1496 1497/1497/1497
f 1498/1498/1498 1499/1499/1499 1500/1500/1500
f 1501/1501/1501 1502/1502/1502 1503/1503/1503
f 1504/1504/1504 1505/1505/1505 1506/1506/1506
f 1507/1507/1507 1508/1508/1508 1509/1509/1509
f 1510/1510/1510 1511/1511/1511 1512/1512/1512
f 1513/1513/1513 1514/1514/1514 1515/1515/1515
f 1516/1516/1516 1517/1517/1517 1518/1518/1518
f 1519/1519/1519 1520/1520/1520 1521/1521/1521
f 1522/1522/1522 1523/1523/1523 1524/1524/1524
f 1525/1525/1525 1526/1526/1526 1527/1527/1527
f 1528/1528/1528 1529/1529/1529 1530/1530/1530
f 1531/1531/1531 1532/1532/1532 1533/1533/1533
f 1534/1534/1534 1535/1535/1535 1536/1536/1536
f 1537/1537/1537 1538/1538/1538 1539/1539/1539
f 1540/1540/1540 1541/1541/1541 1542/1542/1542
f 1543/1543/1543 1544/1544/1544 1545/1545/1545
f 1546/1546/1546 1547/1547/1547 1548/1548/1548
f 1549/1549/1549 1550/1550/1550 1551/1551/1551
f 1552/1552/1552 1553/1553/1553 1554/1554/1554
f 1555/1555/1555 1556/1556/1556 1557/1557/1557
f 1558/1558/1558 1559/1559/1559 1560/1560/1560
f 1561/1561/1561 1562/1562/1562 1563/1563/1563
f 1564/1564/1564 1565/1565/1565 1566/1566/1566
f 1567/1567/1567 1568/1568/1568 1569/1569/1569
f 1570/1570/1570 1571/1571/1571 1572/1572/1572
f 1573/1573/1573 1574/1574/1574 1575/1575/1575
f 1576/1576/1576 1577/1577/1577 1578/1578/1578
f 1579/1579/1579 1580/1580/1580 1581/1581/1581
f 1582/1582/1582 1583/1583/1583 1584/1584/1584
f 1585/1585/1585 1586/1586/1586 1587/1587/1587
f 1588/1588/1588 1589/1589/1589 1590/1590/1590
f 1591/1591/1591 1592/1592/1592 1593/1593/1593
f 1594/1594/1594 1595/1595/1595 1596/1596/1596
f 1597/1597/1597 1598/1598/1598 1599/1599/1599
f 1600/1600/1600 1601/1601/1601 1602/1602/1602
f 1603/1603/1603 1604/1604/1604 1605/1605/1605
f 1606/1606/1606 1607/1607/1607 1608/1608/1608
f 1609/1609/1609 1610/1610/1610 1611/1611/1611
f 1612/1612/1612 1613/1613/1613 1614/1614/1614
f 1615/1615/1615 1616/1616/1616 1617/1617/1617
f 1618/1618/1618 1619/1619/1619 1620/1620/1620
f 1621/1621/1621 1622/1622/1622 1623/1623/1623
f 1624/1624/1624 1625/1625/1625 1626/1626/1626
f 1627/1627/1627 1628/1628/1628 1629/1629/1629
f 1630/1630/1630 1631/1631/1631 1632/1632/1632
f 1633/1633/1633 1634/1634/1634 1635/1635/1635
f 1636/1636/1636 1637/1637/1637 1638/1638/1638
f 1639/1639/1639 1640/1640/1640 1641/1641/1641
f 1642/1642/1642 1643/1643/1643 1644/1644/1644
f 1645/1645/1645 1646/1646/1646 1647/1647/1647
f 1648/1648/1648 1649/1649/1649 1650/1650/1650
f 1651/1651/1651 1652/1652/1652 1653/1653/1653
f 1654/1654/1654 1655/1655/1655 1656/1656/1656
f 1657/1657/1657 1658/1658/1658 1659/1659/1659
f 1660/1660/1660 1661/1661/1661 1662/1662/1662
f 1663/1663/1663 1664/1664/1664 1665/1665/1665
f 1666/1666/1666 1667/1667/1667 1668/1668/1668
f 1669/1669/1669 1670/1670/1670 1671/1671/1671
f 1672/1672/1672 1673/1673/1673 1674/1674/1674
f 1675/1675/1675 1676/1676/1676 1677/1677/1677
f 1678/1678/1678 1679/1679/1679 1680/1680/1680
f 1681/1681/1681 1682/1682/1682 1683/1683/1683
f 1684/1684/1684 1685/1685/1685 1686/1686/1686
f 1687/1687/1687 1688/1688/1688 1689/1689/1689
f 1690/1690/1690 1691/1691/1691 1692/1692/1692
f 1693/1693/1693 1694/1694/1694 1695/1695/1695
f 1696/1696/1696 1697/1697/1697 1698/1698/1698
f 1699/1699/1699 1700/1700/1700 1701/1701/1701
f 1702/1702/1702 1703/1703/1703 1704/1704/1704
f 1705/1705/1705 1706/1706/1706 1707/1707/1707
f 1708/1708/1708 1709/1709/1709 1710/1710/1710
f 1711/1711/1711 1712/1712/1712 1713/1713/1713
f 1714/1714/1714 1715/1715/1715 1716/1716/1716
f 1717/1717/1717 1718/1718/1718 1719/1719/1719
f 1720/1720/1720 1721/1721/1721 1722/1722/1722
f 1723/1723/1723 1724/1724/1724 1725/1725/1725
f 1726/1726/1726 1727/1727/1727 1728/1728/1728
