mtllib transition_seal_cube_006.mtl
usemtl Texture
v -0.434358 4.179815 -1.210509
v -0.434358 3.150410 -1.650492
v -0.434358 3.150410 -1.210509
v 0.958343 2.987846 -1.650486
v 1.224162 2.987846 -1.210503
v 0.958343 2.987846 -1.210503
v 0.452989 2.585865 -1.210504
v 0.374811 2.183885 -1.650486
v 0.452989 2.585865 -1.650486
v 0.374811 -0.842594 1.210503
v -0.434358 -0.842594 1.650481
v -0.434358 -0.842594 1.210498
v 0.958343 2.987846 1.650486
v 1.224162 3.767935 1.650486
v 0.374811 4.120589 1.650486
v -0.434358 3.150410 -1.650492
v -0.434358 4.179815 -1.650492
v 0.374811 4.120589 -1.650486
v 0.958343 2.987846 -1.650486
v 1.224162 3.767935 -1.650486
v 1.224162 2.987846 -1.650486
v -0.434358 3.150410 -1.210509
v -0.434358 -0.842594 -1.650492
v -0.434358 -0.842594 -1.210508
v 1.224162 3.767935 1.210504
v 1.224162 2.987846 1.650486
v 1.224162 2.987846 1.210504
v 0.374811 2.183885 1.650486
v -0.434358 -0.842594 1.650481
v 0.374811 -0.842594 1.650486
v -0.434308 3.150410 1.650481
v 0.374811 4.120589 1.650486
v -0.434358 4.179815 1.650481
v 0.374811 2.183885 1.210503
v 0.374811 -0.842594 1.650486
v 0.374811 -0.842594 1.210503
v 0.666577 2.880136 -1.650486
v 0.452989 2.585865 -1.650486
v -0.434358 3.150410 -1.650492
v 0.666577 2.880136 1.650486
v 0.374811 4.120589 1.650486
v -0.434308 3.150410 1.650481
v 0.958343 2.987846 1.210504
v 0.666577 2.880136 1.650486
v 0.666577 2.880136 1.210503
v 0.666577 2.880136 1.650486
v 0.452989 2.585865 1.210503
v 0.666577 2.880136 1.210503
v 0.452989 2.585865 1.650486
v 0.374811 2.183885 1.210503
v 0.452989 2.585865 1.210503
v -0.434358 -0.842594 -1.650492
v 0.374811 2.183885 -1.650486
v 0.374811 -0.842594 -1.650486
v 0.666577 2.880136 -1.210504
v 0.452989 2.585865 -1.650486
v 0.666577 2.880136 -1.650486
v 0.958343 2.987846 -1.650486
v 0.666577 2.880136 -1.210504
v 0.666577 2.880136 -1.650486
v 0.374811 2.183885 -1.650486
v 0.374811 -0.842594 -1.210504
v 0.374811 -0.842594 -1.650486
v 0.374811 2.183885 -1.210504
v 0.374811 -0.842594 1.210503
v 0.374811 -0.842594 -1.210504
v 1.224162 3.767935 -1.650486
v 1.224162 2.987846 -1.210503
v 1.224162 2.987846 -1.650486
v 0.374811 4.120589 1.210504
v 0.666577 2.880136 1.210503
v 0.452989 2.585865 1.210503
v -0.434308 3.150410 1.650481
v -0.434358 -0.842594 1.210498
v -0.434358 -0.842594 1.650481
v -0.434358 3.150410 1.210498
v -0.434358 -0.842594 -1.210508
v -0.434358 -0.842594 1.210498
v 0.374811 4.120588 -1.210503
v -0.434358 4.179815 1.210498
v 0.374811 4.120589 1.210504
v 0.374811 -0.842594 -1.650486
v -0.434358 -0.842594 -1.210508
v -0.434358 -0.842594 -1.650492
v 0.374811 -0.842594 -1.210504
v -0.434358 -0.842594 1.210498
v -0.434358 -0.842594 -1.210508
v 0.374811 4.120588 -1.210503
v 0.666577 2.880136 -1.210504
v 0.958343 2.987846 -1.210503
v 0.958343 2.987846 1.210504
v 1.224162 2.987846 1.650486
v 0.958343 2.987846 1.650486
v 0.374811 4.120588 -1.210503
v 0.374811 2.183885 1.210503
v 0.374811 2.183885 -1.210504
v -0.434358 4.179815 1.650481
v -0.434358 3.150410 1.210498
v -0.434308 3.150410 1.650481
v -0.434358 4.179815 1.210498
v -0.434358 3.150410 -1.210509
v -0.434358 3.150410 1.210498
v 0.374811 4.120589 1.210504
v -0.434358 4.179815 1.650481
v 0.374811 4.120589 1.650486
v 0.374811 4.120589 1.210504
v 1.224162 3.767935 1.650486
v 1.224162 3.767935 1.210504
v 0.374811 4.120589 -1.650486
v -0.434358 4.179815 -1.210509
v 0.374811 4.120588 -1.210503
v 1.224162 3.767935 -1.650486
v 0.374811 4.120588 -1.210503
v 1.224162 3.767935 -1.210503
v 0.321302 4.651419 0.907456
v 0.321302 4.084868 1.079858
v 0.321302 4.084868 0.907456
v -0.106841 4.660787 1.079858
v -0.269630 4.084868 0.907456
v -0.269630 4.084868 1.079858
v 0.321302 4.651419 0.907456
v 0.321302 4.084868 0.907456
v -0.106841 4.660787 0.907456
v 0.136293 4.836428 0.907456
v -0.011553 4.784984 1.079858
v 0.136293 4.836428 1.079858
v -0.011553 4.784984 0.907456
v -0.106841 4.660787 1.079858
v -0.011553 4.784984 1.079858
v 0.136293 4.836428 1.079858
v 0.267114 4.782240 0.907456
v 0.136293 4.836428 0.907456
v 0.267114 4.782240 1.079858
v 0.321302 4.651419 0.907456
v 0.267114 4.782240 0.907456
v -0.011553 4.784984 1.079858
v -0.106841 4.660787 1.079858
v 0.321302 4.651419 1.079858
v 0.321302 4.651419 0.418616
v 0.321302 4.084868 0.591018
v 0.321302 4.084868 0.418616
v -0.106841 4.660787 0.591018
v -0.269630 4.084868 0.418616
v -0.269630 4.084868 0.591018
v 0.321302 4.651419 0.418616
v 0.321302 4.084868 0.418616
v -0.106841 4.660787 0.418616
v 0.136293 4.836428 0.418616
v -0.011553 4.784984 0.591018
v 0.136293 4.836428 0.591018
v -0.011553 4.784984 0.418616
v -0.106841 4.660787 0.591018
v -0.011553 4.784984 0.591018
v 0.136293 4.836428 0.591018
v 0.267114 4.782240 0.418616
v 0.136293 4.836428 0.418616
v 0.267114 4.782240 0.591018
v 0.321302 4.651419 0.418616
v 0.267114 4.782240 0.418616
v -0.011553 4.784984 0.591018
v -0.106841 4.660787 0.591018
v 0.321302 4.651419 0.591018
v 0.018703 4.744632 0.614042
v 0.107231 4.781301 0.376268
v 0.018703 4.744632 0.376268
v 0.232428 4.656103 0.614042
v 0.195758 4.567575 0.376268
v 0.232428 4.656103 0.376268
v 0.195758 4.567575 0.614042
v 0.107230 4.530907 0.376268
v 0.195758 4.567575 0.376268
v 0.107230 4.530907 0.614042
v 0.018703 4.567576 0.376268
v 0.107230 4.530907 0.376268
v 0.018703 4.567576 0.614042
v -0.017966 4.656104 0.376268
v 0.018703 4.567576 0.376268
v -0.017966 4.656104 0.614042
v 0.018703 4.744632 0.376268
v -0.017966 4.656104 0.376268
v 0.107230 4.530907 1.122206
v 0.195758 4.567575 1.122206
v 0.232428 4.656103 1.122206
v -0.002567 4.546307 0.629936
v -0.048046 4.656104 0.868538
v -0.048046 4.656104 0.629936
v 0.107231 4.781301 0.614042
v 0.195758 4.744632 0.376268
v 0.107231 4.781301 0.376268
v 0.195758 4.744632 0.376268
v 0.195758 4.567575 0.376268
v 0.018703 4.567576 0.376268
v 0.195758 4.744632 0.614042
v 0.232428 4.656103 0.376268
v 0.195758 4.744632 0.376268
v -0.017966 4.656104 0.884432
v 0.018703 4.744631 1.122206
v 0.018703 4.744631 0.884432
v 0.018703 4.567576 0.884432
v -0.017966 4.656103 1.122206
v -0.017966 4.656104 0.884432
v 0.107230 4.530907 1.122206
v 0.018703 4.567576 0.884432
v 0.107230 4.530907 0.884432
v 0.195758 4.567575 1.122206
v 0.107230 4.530907 0.884432
v 0.195758 4.567575 0.884432
v 0.232428 4.656103 1.122206
v 0.195758 4.567575 0.884432
v 0.232428 4.656103 0.884432
v 0.195758 4.744631 1.122206
v 0.232428 4.656103 0.884432
v 0.195758 4.744631 0.884432
v 0.107231 4.781301 1.122206
v 0.195758 4.744631 0.884432
v 0.107231 4.781301 0.884432
v 0.107231 4.781301 0.884432
v -0.002567 4.765902 0.868538
v 0.018703 4.744631 0.884432
v 0.195758 4.567575 0.884432
v 0.107230 4.500828 0.868538
v 0.217028 4.546307 0.868538
v 0.018703 4.744631 0.884432
v -0.048046 4.656104 0.868538
v -0.017966 4.656104 0.884432
v 0.107231 4.781301 0.884432
v 0.217028 4.765902 0.868538
v 0.107231 4.811380 0.868538
v 0.195758 4.744632 0.614042
v 0.262507 4.656103 0.629936
v 0.232428 4.656103 0.614042
v 0.018703 4.567576 0.614042
v 0.107230 4.500828 0.629936
v -0.002567 4.546307 0.629936
v 0.018703 4.744632 0.614042
v 0.107231 4.811380 0.629936
v 0.107231 4.781301 0.614042
v 0.232428 4.656103 0.884432
v 0.217028 4.546307 0.868538
v 0.262507 4.656103 0.868538
v 0.018703 4.567576 0.884432
v -0.048046 4.656104 0.868538
v -0.002567 4.546307 0.868538
v 0.195758 4.567575 0.614042
v 0.107230 4.500828 0.629936
v 0.107230 4.530907 0.614042
v 0.018703 4.744632 0.614042
v -0.048046 4.656104 0.629936
v -0.002567 4.765902 0.629936
v 0.195758 4.744631 0.884432
v 0.262507 4.656103 0.868538
v 0.217028 4.765902 0.868538
v 0.018703 4.567576 0.884432
v 0.107230 4.500828 0.868538
v 0.107230 4.530907 0.884432
v 0.195758 4.744632 0.614042
v 0.107231 4.811380 0.629936
v 0.217028 4.765902 0.629936
v 0.232428 4.656103 0.614042
v 0.217028 4.546307 0.629936
v 0.195758 4.567575 0.614042
v 0.018703 4.567576 0.614042
v -0.048046 4.656104 0.629936
v -0.017966 4.656104 0.614042
v 0.018703 4.744631 1.122206
v 0.107231 4.781301 0.884432
v 0.018703 4.744631 0.884432
v 0.107231 4.811380 0.629936
v -0.002567 4.765902 0.868538
v 0.107231 4.811380 0.868538
v 0.107230 4.500828 0.629936
v 0.217028 4.546307 0.868538
v 0.107230 4.500828 0.868538
v -0.048046 4.656104 0.629936
v -0.002567 4.765902 0.868538
v -0.002567 4.765902 0.629936
v 0.217028 4.546307 0.629936
v 0.262507 4.656103 0.868538
v 0.217028 4.546307 0.868538
v 0.262507 4.656103 0.629936
v 0.217028 4.765902 0.868538
v 0.262507 4.656103 0.868538
v 0.217028 4.765902 0.629936
v 0.107231 4.811380 0.868538
v 0.217028 4.765902 0.868538
v 0.107230 4.500830 -0.733061
v -0.002567 4.546308 -0.971663
v 0.107230 4.500830 -0.971663
v 0.321302 4.084870 -1.182984
v 0.321302 4.651421 -1.010581
v 0.321302 4.084870 -1.010581
v -0.269630 4.084870 -1.010581
v -0.106841 4.660788 -1.182984
v -0.269630 4.084870 -1.182984
v -0.011553 4.784986 -1.010581
v -0.106841 4.660788 -1.010581
v 0.321302 4.651421 -1.010581
v -0.011553 4.784986 -1.182984
v 0.136293 4.836430 -1.010581
v 0.136293 4.836430 -1.182984
v -0.106841 4.660788 -1.182984
v -0.011553 4.784986 -1.010581
v -0.011553 4.784986 -1.182984
v 0.267114 4.782242 -1.010581
v 0.136293 4.836430 -1.182984
v 0.136293 4.836430 -1.010581
v 0.321302 4.651421 -1.010581
v 0.267114 4.782242 -1.182984
v 0.267114 4.782242 -1.010581
v 0.136293 4.836430 -1.182984
v 0.267114 4.782242 -1.182984
v 0.321302 4.651421 -1.182984
v 0.321302 4.084870 -0.694144
v 0.321302 4.651421 -0.521741
v 0.321302 4.084870 -0.521741
v -0.269630 4.084870 -0.521741
v -0.106841 4.660788 -0.694144
v -0.269630 4.084870 -0.694144
v -0.011553 4.784986 -0.521741
v -0.106841 4.660788 -0.521741
v 0.321302 4.651421 -0.521741
v -0.011553 4.784986 -0.694144
v 0.136293 4.836430 -0.521741
v 0.136293 4.836430 -0.694144
v -0.106841 4.660788 -0.694144
v -0.011553 4.784986 -0.521741
v -0.011553 4.784986 -0.694144
v 0.267114 4.782242 -0.521741
v 0.136293 4.836430 -0.694144
v 0.136293 4.836430 -0.521741
v 0.321302 4.651421 -0.521741
v 0.267114 4.782242 -0.694144
v 0.267114 4.782242 -0.521741
v 0.136293 4.836430 -0.694144
v 0.267114 4.782242 -0.694144
v 0.321302 4.651421 -0.694144
v 0.107231 4.781302 -0.479393
v 0.018703 4.744633 -0.717167
v 0.018703 4.744633 -0.479393
v 0.195758 4.567577 -0.479393
v 0.232428 4.656105 -0.717167
v 0.232428 4.656105 -0.479393
v 0.107230 4.530909 -0.479393
v 0.195758 4.567577 -0.717167
v 0.195758 4.567577 -0.479393
v 0.018703 4.567577 -0.479393
v 0.107230 4.530909 -0.717167
v 0.107230 4.530909 -0.479393
v -0.017966 4.656105 -0.479393
v 0.018703 4.567577 -0.717167
v 0.018703 4.567577 -0.479393
v 0.018703 4.744633 -0.479393
v -0.017966 4.656105 -0.717167
v -0.017966 4.656105 -0.479393
v 0.018703 4.744633 -1.225331
v 0.107231 4.781302 -1.225331
v 0.107230 4.530909 -1.225331
v -0.048046 4.656105 -0.733061
v -0.002567 4.546308 -0.971663
v -0.002567 4.546308 -0.733061
v 0.195758 4.744633 -0.479393
v 0.107231 4.781302 -0.717167
v 0.107231 4.781302 -0.479393
v 0.195758 4.744633 -0.479393
v 0.018703 4.744633 -0.479393
v 0.018703 4.567577 -0.479393
v 0.232428 4.656105 -0.479393
v 0.195758 4.744633 -0.717167
v 0.195758 4.744633 -0.479393
v 0.018703 4.744633 -0.987557
v -0.017966 4.656105 -1.225331
v -0.017966 4.656105 -0.987557
v -0.017966 4.656105 -0.987557
v 0.018703 4.567577 -1.225331
v 0.018703 4.567577 -0.987557
v 0.018703 4.567577 -0.987557
v 0.107230 4.530909 -1.225331
v 0.107230 4.530909 -0.987557
v 0.107230 4.530909 -0.987557
v 0.195758 4.567577 -1.225331
v 0.195758 4.567577 -0.987557
v 0.195758 4.567577 -0.987557
v 0.232428 4.656105 -1.225331
v 0.232428 4.656105 -0.987557
v 0.232428 4.656105 -0.987557
v 0.195758 4.744633 -1.225331
v 0.195758 4.744633 -0.987557
v 0.195758 4.744633 -0.987557
v 0.107231 4.781302 -1.225331
v 0.107231 4.781302 -0.987557
v -0.002567 4.765902 -0.971663
v 0.107231 4.781302 -0.987557
v 0.018703 4.744633 -0.987557
v 0.195758 4.567577 -0.987557
v 0.107230 4.500830 -0.971663
v 0.107230 4.530909 -0.987557
v -0.048046 4.656105 -0.971663
v 0.018703 4.744633 -0.987557
v -0.017966 4.656105 -0.987557
v 0.107231 4.781302 -0.987557
v 0.217028 4.765902 -0.971663
v 0.195758 4.744633 -0.987557
v 0.262507 4.656105 -0.733061
v 0.195758 4.744633 -0.717167
v 0.232428 4.656105 -0.717167
v 0.018703 4.567577 -0.717167
v 0.107230 4.500830 -0.733061
v 0.107230 4.530909 -0.717167
v 0.107231 4.781302 -0.717167
v -0.002567 4.765902 -0.733061
v 0.018703 4.744633 -0.717167
v 0.232428 4.656105 -0.987557
v 0.217028 4.546308 -0.971663
v 0.195758 4.567577 -0.987557
v -0.002567 4.546308 -0.971663
v -0.017966 4.656105 -0.987557
v 0.018703 4.567577 -0.987557
v 0.107230 4.500830 -0.733061
v 0.195758 4.567577 -0.717167
v 0.107230 4.530909 -0.717167
v 0.018703 4.744633 -0.717167
v -0.048046 4.656105 -0.733061
v -0.017966 4.656105 -0.717167
v 0.195758 4.744633 -0.987557
v 0.262507 4.656105 -0.971663
v 0.232428 4.656105 -0.987557
v 0.107230 4.500830 -0.971663
v 0.018703 4.567577 -0.987557
v 0.107230 4.530909 -0.987557
v 0.217028 4.765902 -0.733061
v 0.107231 4.781302 -0.717167
v 0.195758 4.744633 -0.717167
v 0.217028 4.546308 -0.733061
v 0.232428 4.656105 -0.717167
v 0.195758 4.567577 -0.717167
v -0.017966 4.656105 -0.717167
v -0.002567 4.546308 -0.733061
v 0.018703 4.567577 -0.717167
v 0.107231 4.781302 -0.987557
v 0.018703 4.744633 -1.225331
v 0.018703 4.744633 -0.987557
v 0.107231 4.811382 -0.733061
v -0.002567 4.765902 -0.971663
v -0.002567 4.765902 -0.733061
v 0.217028 4.546308 -0.733061
v 0.107230 4.500830 -0.971663
v 0.217028 4.546308 -0.971663
v -0.002567 4.765902 -0.733061
v -0.048046 4.656105 -0.971663
v -0.048046 4.656105 -0.733061
v 0.262507 4.656105 -0.733061
v 0.217028 4.546308 -0.971663
v 0.262507 4.656105 -0.971663
v 0.217028 4.765902 -0.733061
v 0.262507 4.656105 -0.971663
v 0.217028 4.765902 -0.971663
v 0.107231 4.811382 -0.733061
v 0.217028 4.765902 -0.971663
v 0.107231 4.811382 -0.971663
v 1.248007 -0.014418 0.614356
v 1.782929 1.639323 0.959939
v 1.248007 -0.014418 0.959939
v 1.115704 -0.233073 0.614356
v 0.895697 -0.393139 0.614356
v 0.646936 -0.451728 0.614356
v -0.358692 2.611500 0.959939
v -0.358692 -0.451728 0.959939
v 1.248007 -0.014418 0.959939
v 0.646936 -0.451728 0.614356
v 0.895697 -0.393139 0.959939
v 0.646936 -0.451728 0.959939
v 0.895697 -0.393139 0.614356
v 1.115704 -0.233073 0.959939
v 0.895697 -0.393139 0.959939
v 1.115704 -0.233073 0.614356
v 1.248007 -0.014418 0.959939
v 1.115704 -0.233073 0.959939
v 0.646936 -0.451728 0.614356
v -0.358692 -0.451728 0.959939
v -0.358692 -0.451728 0.614356
v 1.075621 2.611500 0.959939
v 1.375974 2.563917 0.614356
v 1.075621 2.611500 0.614356
v 1.375974 2.563917 0.959939
v 1.616145 2.425830 0.614356
v 1.375974 2.563917 0.614356
v 1.616145 2.425830 0.959939
v 1.772624 2.210754 0.614356
v 1.616145 2.425830 0.614356
v 1.772624 2.210754 0.959939
v 1.830093 1.939742 0.614356
v 1.772624 2.210754 0.614356
v 1.830093 1.939742 0.614356
v 1.782929 1.639323 0.959939
v 1.782929 1.639323 0.614356
v -0.358692 2.611500 0.614356
v 1.075621 2.611500 0.959939
v 1.075621 2.611500 0.614356
v 1.248007 -0.014418 -0.717481
v 1.782929 1.639323 -1.063065
v 1.782929 1.639323 -0.717481
v 1.075621 2.611500 -0.717481
v -0.358692 2.611500 -0.717481
v 1.782929 1.639323 -0.717481
v 1.248007 -0.014418 -1.063065
v 1.115704 -0.233073 -1.063065
v 0.895697 -0.393139 -1.063065
v 0.895697 -0.393139 -1.063065
v 0.646936 -0.451728 -0.717481
v 0.646936 -0.451728 -1.063065
v 1.115704 -0.233073 -1.063065
v 0.895697 -0.393139 -0.717481
v 0.895697 -0.393139 -1.063065
v 1.248007 -0.014418 -1.063065
v 1.115704 -0.233073 -0.717481
v 1.115704 -0.233073 -1.063065
v -0.358692 -0.451728 -1.063065
v 0.646936 -0.451728 -0.717481
v -0.358692 -0.451728 -0.717481
v 1.375974 2.563917 -0.717481
v 1.075621 2.611500 -1.063065
v 1.075621 2.611500 -0.717481
v 1.616145 2.425830 -0.717481
v 1.375974 2.563917 -1.063065
v 1.375974 2.563917 -0.717481
v 1.772624 2.210754 -0.717481
v 1.616145 2.425830 -1.063065
v 1.616145 2.425830 -0.717481
v 1.830093 1.939742 -0.717481
v 1.772624 2.210754 -1.063065
v 1.772624 2.210754 -0.717481
v 1.830093 1.939742 -0.717481
v 1.782929 1.639323 -1.063065
v 1.830094 1.939742 -1.063065
v 1.075621 2.611500 -1.063065
v -0.358692 2.611500 -0.717481
v 1.075621 2.611500 -0.717481
v 0.107230 4.500828 0.629936
v -0.002567 4.546307 0.868538
v -0.002567 4.546307 0.629936
v -0.434358 4.179815 -1.210509
v -0.434358 4.179815 -1.650492
v -0.434358 3.150410 -1.650492
v 0.958343 2.987846 -1.650486
v 1.224162 2.987846 -1.650486
v 1.224162 2.987846 -1.210503
v 0.452989 2.585865 -1.210504
v 0.374811 2.183885 -1.210504
v 0.374811 2.183885 -1.650486
v 0.374811 -0.842594 1.210503
v 0.374811 -0.842594 1.650486
v -0.434358 -0.842594 1.650481
v 0.958343 2.987846 1.650486
v 1.224162 2.987846 1.650486
v 1.224162 3.767935 1.650486
v 0.958343 2.987846 -1.650486
v 0.374811 4.120589 -1.650486
v 1.224162 3.767935 -1.650486
v -0.434358 3.150410 -1.210509
v -0.434358 3.150410 -1.650492
v -0.434358 -0.842594 -1.650492
v 1.224162 3.767935 1.210504
v 1.224162 3.767935 1.650486
v 1.224162 2.987846 1.650486
v 0.374811 2.183885 1.650486
v -0.434308 3.150410 1.650481
v -0.434358 -0.842594 1.650481
v 0.374811 2.183885 1.210503
v 0.374811 2.183885 1.650486
v 0.374811 -0.842594 1.650486
v 0.374811 4.120589 -1.650486
v 0.958343 2.987846 -1.650486
v 0.666577 2.880136 -1.650486
v 0.452989 2.585865 -1.650486
v 0.374811 2.183885 -1.650486
v -0.434358 3.150410 -1.650492
v 0.374811 4.120589 -1.650486
v 0.666577 2.880136 -1.650486
v -0.434358 3.150410 -1.650492
v -0.434308 3.150410 1.650481
v 0.374811 2.183885 1.650486
v 0.452989 2.585865 1.650486
v 0.666577 2.880136 1.650486
v 0.958343 2.987846 1.650486
v 0.374811 4.120589 1.650486
v -0.434308 3.150410 1.650481
v 0.452989 2.585865 1.650486
v 0.666577 2.880136 1.650486
v 0.958343 2.987846 1.210504
v 0.958343 2.987846 1.650486
v 0.666577 2.880136 1.650486
v 0.666577 2.880136 1.650486
v 0.452989 2.585865 1.650486
v 0.452989 2.585865 1.210503
v 0.452989 2.585865 1.650486
v 0.374811 2.183885 1.650486
v 0.374811 2.183885 1.210503
v -0.434358 -0.842594 -1.650492
v -0.434358 3.150410 -1.650492
v 0.374811 2.183885 -1.650486
v 0.666577 2.880136 -1.210504
v 0.452989 2.585865 -1.210504
v 0.452989 2.585865 -1.650486
v 0.958343 2.987846 -1.650486
v 0.958343 2.987846 -1.210503
v 0.666577 2.880136 -1.210504
v 0.374811 2.183885 -1.650486
v 0.374811 2.183885 -1.210504
v 0.374811 -0.842594 -1.210504
v 0.374811 2.183885 -1.210504
v 0.374811 2.183885 1.210503
v 0.374811 -0.842594 1.210503
v 1.224162 3.767935 -1.650486
v 1.224162 3.767935 -1.210503
v 1.224162 2.987846 -1.210503
v 0.374811 4.120589 1.210504
v 1.224162 3.767935 1.210504
v 0.958343 2.987846 1.210504
v 1.224162 3.767935 1.210504
v 1.224162 2.987846 1.210504
v 0.958343 2.987846 1.210504
v 0.452989 2.585865 1.210503
v 0.374811 2.183885 1.210503
v 0.374811 4.120589 1.210504
v 0.374811 4.120589 1.210504
v 0.958343 2.987846 1.210504
v 0.666577 2.880136 1.210503
v -0.434308 3.150410 1.650481
v -0.434358 3.150410 1.210498
v -0.434358 -0.842594 1.210498
v -0.434358 3.150410 1.210498
v -0.434358 3.150410 -1.210509
v -0.434358 -0.842594 -1.210508
v 0.374811 4.120588 -1.210503
v -0.434358 4.179815 -1.210509
v -0.434358 4.179815 1.210498
v 0.374811 -0.842594 -1.650486
v 0.374811 -0.842594 -1.210504
v -0.434358 -0.842594 -1.210508
v 0.374811 -0.842594 -1.210504
v 0.374811 -0.842594 1.210503
v -0.434358 -0.842594 1.210498
v 0.374811 4.120588 -1.210503
v 0.374811 2.183885 -1.210504
v 0.452989 2.585865 -1.210504
v 0.374811 4.120588 -1.210503
v 0.452989 2.585865 -1.210504
v 0.666577 2.880136 -1.210504
v 1.224162 2.987846 -1.210503
v 1.224162 3.767935 -1.210503
v 0.958343 2.987846 -1.210503
v 1.224162 3.767935 -1.210503
v 0.374811 4.120588 -1.210503
v 0.958343 2.987846 -1.210503
v 0.958343 2.987846 1.210504
v 1.224162 2.987846 1.210504
v 1.224162 2.987846 1.650486
v 0.374811 4.120588 -1.210503
v 0.374811 4.120589 1.210504
v 0.374811 2.183885 1.210503
v -0.434358 4.179815 1.650481
v -0.434358 4.179815 1.210498
v -0.434358 3.150410 1.210498
v -0.434358 4.179815 1.210498
v -0.434358 4.179815 -1.210509
v -0.434358 3.150410 -1.210509
v 0.374811 4.120589 1.210504
v -0.434358 4.179815 1.210498
v -0.434358 4.179815 1.650481
v 0.374811 4.120589 1.210504
v 0.374811 4.120589 1.650486
v 1.224162 3.767935 1.650486
v 0.374811 4.120589 -1.650486
v -0.434358 4.179815 -1.650492
v -0.434358 4.179815 -1.210509
v 1.224162 3.767935 -1.650486
v 0.374811 4.120589 -1.650486
v 0.374811 4.120588 -1.210503
v 0.321302 4.651419 0.907456
v 0.321302 4.651419 1.079858
v 0.321302 4.084868 1.079858
v -0.106841 4.660787 1.079858
v -0.106841 4.660787 0.907456
v -0.269630 4.084868 0.907456
v 0.321302 4.084868 0.907456
v -0.269630 4.084868 0.907456
v -0.106841 4.660787 0.907456
v -0.106841 4.660787 0.907456
v -0.011553 4.784984 0.907456
v 0.321302 4.651419 0.907456
v -0.011553 4.784984 0.907456
v 0.136293 4.836428 0.907456
v 0.321302 4.651419 0.907456
v 0.136293 4.836428 0.907456
v 0.267114 4.782240 0.907456
v 0.321302 4.651419 0.907456
v 0.136293 4.836428 0.907456
v -0.011553 4.784984 0.907456
v -0.011553 4.784984 1.079858
v -0.011553 4.784984 0.907456
v -0.106841 4.660787 0.907456
v -0.106841 4.660787 1.079858
v 0.136293 4.836428 1.079858
v 0.267114 4.782240 1.079858
v 0.267114 4.782240 0.907456
v 0.267114 4.782240 1.079858
v 0.321302 4.651419 1.079858
v 0.321302 4.651419 0.907456
v -0.269630 4.084868 1.079858
v 0.321302 4.084868 1.079858
v -0.106841 4.660787 1.079858
v 0.321302 4.084868 1.079858
v 0.321302 4.651419 1.079858
v -0.106841 4.660787 1.079858
v 0.321302 4.651419 1.079858
v 0.267114 4.782240 1.079858
v 0.136293 4.836428 1.079858
v 0.136293 4.836428 1.079858
v -0.011553 4.784984 1.079858
v 0.321302 4.651419 1.079858
v 0.321302 4.651419 0.418616
v 0.321302 4.651419 0.591018
v 0.321302 4.084868 0.591018
v -0.106841 4.660787 0.591018
v -0.106841 4.660787 0.418616
v -0.269630 4.084868 0.418616
v 0.321302 4.084868 0.418616
v -0.269630 4.084868 0.418616
v -0.106841 4.660787 0.418616
v -0.106841 4.660787 0.418616
v -0.011553 4.784984 0.418616
v 0.321302 4.651419 0.418616
v -0.011553 4.784984 0.418616
v 0.136293 4.836428 0.418616
v 0.321302 4.651419 0.418616
v 0.136293 4.836428 0.418616
v 0.267114 4.782240 0.418616
v 0.321302 4.651419 0.418616
v 0.136293 4.836428 0.418616
v -0.011553 4.784984 0.418616
v -0.011553 4.784984 0.591018
v -0.011553 4.784984 0.418616
v -0.106841 4.660787 0.418616
v -0.106841 4.660787 0.591018
v 0.136293 4.836428 0.591018
v 0.267114 4.782240 0.591018
v 0.267114 4.782240 0.418616
v 0.267114 4.782240 0.591018
v 0.321302 4.651419 0.591018
v 0.321302 4.651419 0.418616
v -0.269630 4.084868 0.591018
v 0.321302 4.084868 0.591018
v -0.106841 4.660787 0.591018
v 0.321302 4.084868 0.591018
v 0.321302 4.651419 0.591018
v -0.106841 4.660787 0.591018
v 0.321302 4.651419 0.591018
v 0.267114 4.782240 0.591018
v 0.136293 4.836428 0.591018
v 0.136293 4.836428 0.591018
v -0.011553 4.784984 0.591018
v 0.321302 4.651419 0.591018
v 0.018703 4.744632 0.614042
v 0.107231 4.781301 0.614042
v 0.107231 4.781301 0.376268
v 0.232428 4.656103 0.614042
v 0.195758 4.567575 0.614042
v 0.195758 4.567575 0.376268
v 0.195758 4.567575 0.614042
v 0.107230 4.530907 0.614042
v 0.107230 4.530907 0.376268
v 0.107230 4.530907 0.614042
v 0.018703 4.567576 0.614042
v 0.018703 4.567576 0.376268
v 0.018703 4.567576 0.614042
v -0.017966 4.656104 0.614042
v -0.017966 4.656104 0.376268
v -0.017966 4.656104 0.614042
v 0.018703 4.744632 0.614042
v 0.018703 4.744632 0.376268
v 0.232428 4.656103 1.122206
v 0.195758 4.744631 1.122206
v 0.107231 4.781301 1.122206
v 0.107231 4.781301 1.122206
v 0.018703 4.744631 1.122206
v 0.232428 4.656103 1.122206
v 0.018703 4.744631 1.122206
v -0.017966 4.656103 1.122206
v 0.232428 4.656103 1.122206
v -0.017966 4.656103 1.122206
v 0.018703 4.567576 1.122206
v 0.232428 4.656103 1.122206
v 0.018703 4.567576 1.122206
v 0.107230 4.530907 1.122206
v 0.232428 4.656103 1.122206
v -0.002567 4.546307 0.629936
v -0.002567 4.546307 0.868538
v -0.048046 4.656104 0.868538
v 0.107231 4.781301 0.614042
v 0.195758 4.744632 0.614042
v 0.195758 4.744632 0.376268
v 0.018703 4.744632 0.376268
v 0.107231 4.781301 0.376268
v 0.195758 4.744632 0.376268
v 0.195758 4.744632 0.376268
v 0.232428 4.656103 0.376268
v 0.195758 4.567575 0.376268
v 0.195758 4.567575 0.376268
v 0.107230 4.530907 0.376268
v 0.018703 4.567576 0.376268
v 0.018703 4.567576 0.376268
v -0.017966 4.656104 0.376268
v 0.018703 4.744632 0.376268
v 0.018703 4.744632 0.376268
v 0.195758 4.744632 0.376268
v 0.018703 4.567576 0.376268
v 0.195758 4.744632 0.614042
v 0.232428 4.656103 0.614042
v 0.232428 4.656103 0.376268
v -0.017966 4.656104 0.884432
v -0.017966 4.656103 1.122206
v 0.018703 4.744631 1.122206
v 0.018703 4.567576 0.884432
v 0.018703 4.567576 1.122206
v -0.017966 4.656103 1.122206
v 0.107230 4.530907 1.122206
v 0.018703 4.567576 1.122206
v 0.018703 4.567576 0.884432
v 0.195758 4.567575 1.122206
v 0.107230 4.530907 1.122206
v 0.107230 4.530907 0.884432
v 0.232428 4.656103 1.122206
v 0.195758 4.567575 1.122206
v 0.195758 4.567575 0.884432
v 0.195758 4.744631 1.122206
v 0.232428 4.656103 1.122206
v 0.232428 4.656103 0.884432
v 0.107231 4.781301 1.122206
v 0.195758 4.744631 1.122206
v 0.195758 4.744631 0.884432
v 0.107231 4.781301 0.884432
v 0.107231 4.811380 0.868538
v -0.002567 4.765902 0.868538
v 0.195758 4.567575 0.884432
v 0.107230 4.530907 0.884432
v 0.107230 4.500828 0.868538
v 0.018703 4.744631 0.884432
v -0.002567 4.765902 0.868538
v -0.048046 4.656104 0.868538
v 0.107231 4.781301 0.884432
v 0.195758 4.744631 0.884432
v 0.217028 4.765902 0.868538
v 0.195758 4.744632 0.614042
v 0.217028 4.765902 0.629936
v 0.262507 4.656103 0.629936
v 0.018703 4.567576 0.614042
v 0.107230 4.530907 0.614042
v 0.107230 4.500828 0.629936
v 0.018703 4.744632 0.614042
v -0.002567 4.765902 0.629936
v 0.107231 4.811380 0.629936
v 0.232428 4.656103 0.884432
v 0.195758 4.567575 0.884432
v 0.217028 4.546307 0.868538
v 0.018703 4.567576 0.884432
v -0.017966 4.656104 0.884432
v -0.048046 4.656104 0.868538
v 0.195758 4.567575 0.614042
v 0.217028 4.546307 0.629936
v 0.107230 4.500828 0.629936
v 0.018703 4.744632 0.614042
v -0.017966 4.656104 0.614042
v -0.048046 4.656104 0.629936
v 0.195758 4.744631 0.884432
v 0.232428 4.656103 0.884432
v 0.262507 4.656103 0.868538
v 0.018703 4.567576 0.884432
v -0.002567 4.546307 0.868538
v 0.107230 4.500828 0.868538
v 0.195758 4.744632 0.614042
v 0.107231 4.781301 0.614042
v 0.107231 4.811380 0.629936
v 0.232428 4.656103 0.614042
v 0.262507 4.656103 0.629936
v 0.217028 4.546307 0.629936
v 0.018703 4.567576 0.614042
v -0.002567 4.546307 0.629936
v -0.048046 4.656104 0.629936
v 0.018703 4.744631 1.122206
v 0.107231 4.781301 1.122206
v 0.107231 4.781301 0.884432
v 0.107231 4.811380 0.629936
v -0.002567 4.765902 0.629936
v -0.002567 4.765902 0.868538
v 0.107230 4.500828 0.629936
v 0.217028 4.546307 0.629936
v 0.217028 4.546307 0.868538
v -0.048046 4.656104 0.629936
v -0.048046 4.656104 0.868538
v -0.002567 4.765902 0.868538
v 0.217028 4.546307 0.629936
v 0.262507 4.656103 0.629936
v 0.262507 4.656103 0.868538
v 0.262507 4.656103 0.629936
v 0.217028 4.765902 0.629936
v 0.217028 4.765902 0.868538
v 0.217028 4.765902 0.629936
v 0.107231 4.811380 0.629936
v 0.107231 4.811380 0.868538
v 0.107230 4.500830 -0.733061
v -0.002567 4.546308 -0.733061
v -0.002567 4.546308 -0.971663
v 0.321302 4.084870 -1.182984
v 0.321302 4.651421 -1.182984
v 0.321302 4.651421 -1.010581
v -0.269630 4.084870 -1.010581
v -0.106841 4.660788 -1.010581
v -0.106841 4.660788 -1.182984
v -0.106841 4.660788 -1.010581
v -0.269630 4.084870 -1.010581
v 0.321302 4.084870 -1.010581
v 0.321302 4.084870 -1.010581
v 0.321302 4.651421 -1.010581
v -0.106841 4.660788 -1.010581
v 0.321302 4.651421 -1.010581
v 0.267114 4.782242 -1.010581
v 0.136293 4.836430 -1.010581
v -0.011553 4.784986 -1.010581
v 0.321302 4.651421 -1.010581
v 0.136293 4.836430 -1.010581
v -0.011553 4.784986 -1.182984
v -0.011553 4.784986 -1.010581
v 0.136293 4.836430 -1.010581
v -0.106841 4.660788 -1.182984
v -0.106841 4.660788 -1.010581
v -0.011553 4.784986 -1.010581
v 0.267114 4.782242 -1.010581
v 0.267114 4.782242 -1.182984
v 0.136293 4.836430 -1.182984
v 0.321302 4.651421 -1.010581
v 0.321302 4.651421 -1.182984
v 0.267114 4.782242 -1.182984
v 0.321302 4.651421 -1.182984
v 0.321302 4.084870 -1.182984
v -0.106841 4.660788 -1.182984
v 0.321302 4.084870 -1.182984
v -0.269630 4.084870 -1.182984
v -0.106841 4.660788 -1.182984
v -0.106841 4.660788 -1.182984
v -0.011553 4.784986 -1.182984
v 0.321302 4.651421 -1.182984
v -0.011553 4.784986 -1.182984
v 0.136293 4.836430 -1.182984
v 0.321302 4.651421 -1.182984
v 0.321302 4.084870 -0.694144
v 0.321302 4.651421 -0.694144
v 0.321302 4.651421 -0.521741
v -0.269630 4.084870 -0.521741
v -0.106841 4.660788 -0.521741
v -0.106841 4.660788 -0.694144
v -0.106841 4.660788 -0.521741
v -0.269630 4.084870 -0.521741
v 0.321302 4.084870 -0.521741
v 0.321302 4.084870 -0.521741
v 0.321302 4.651421 -0.521741
v -0.106841 4.660788 -0.521741
v 0.321302 4.651421 -0.521741
v 0.267114 4.782242 -0.521741
v 0.136293 4.836430 -0.521741
v -0.011553 4.784986 -0.521741
v 0.321302 4.651421 -0.521741
v 0.136293 4.836430 -0.521741
v -0.011553 4.784986 -0.694144
v -0.011553 4.784986 -0.521741
v 0.136293 4.836430 -0.521741
v -0.106841 4.660788 -0.694144
v -0.106841 4.660788 -0.521741
v -0.011553 4.784986 -0.521741
v 0.267114 4.782242 -0.521741
v 0.267114 4.782242 -0.694144
v 0.136293 4.836430 -0.694144
v 0.321302 4.651421 -0.521741
v 0.321302 4.651421 -0.694144
v 0.267114 4.782242 -0.694144
v 0.321302 4.651421 -0.694144
v 0.321302 4.084870 -0.694144
v -0.106841 4.660788 -0.694144
v 0.321302 4.084870 -0.694144
v -0.269630 4.084870 -0.694144
v -0.106841 4.660788 -0.694144
v -0.106841 4.660788 -0.694144
v -0.011553 4.784986 -0.694144
v 0.321302 4.651421 -0.694144
v -0.011553 4.784986 -0.694144
v 0.136293 4.836430 -0.694144
v 0.321302 4.651421 -0.694144
v 0.107231 4.781302 -0.479393
v 0.107231 4.781302 -0.717167
v 0.018703 4.744633 -0.717167
v 0.195758 4.567577 -0.479393
v 0.195758 4.567577 -0.717167
v 0.232428 4.656105 -0.717167
v 0.107230 4.530909 -0.479393
v 0.107230 4.530909 -0.717167
v 0.195758 4.567577 -0.717167
v 0.018703 4.567577 -0.479393
v 0.018703 4.567577 -0.717167
v 0.107230 4.530909 -0.717167
v -0.017966 4.656105 -0.479393
v -0.017966 4.656105 -0.717167
v 0.018703 4.567577 -0.717167
v 0.018703 4.744633 -0.479393
v 0.018703 4.744633 -0.717167
v -0.017966 4.656105 -0.717167
v 0.107231 4.781302 -1.225331
v 0.195758 4.744633 -1.225331
v 0.107230 4.530909 -1.225331
v 0.195758 4.744633 -1.225331
v 0.232428 4.656105 -1.225331
v 0.107230 4.530909 -1.225331
v 0.232428 4.656105 -1.225331
v 0.195758 4.567577 -1.225331
v 0.107230 4.530909 -1.225331
v 0.107230 4.530909 -1.225331
v 0.018703 4.567577 -1.225331
v -0.017966 4.656105 -1.225331
v -0.017966 4.656105 -1.225331
v 0.018703 4.744633 -1.225331
v 0.107230 4.530909 -1.225331
v -0.048046 4.656105 -0.733061
v -0.048046 4.656105 -0.971663
v -0.002567 4.546308 -0.971663
v 0.195758 4.744633 -0.479393
v 0.195758 4.744633 -0.717167
v 0.107231 4.781302 -0.717167
v 0.195758 4.744633 -0.479393
v 0.107231 4.781302 -0.479393
v 0.018703 4.744633 -0.479393
v 0.018703 4.744633 -0.479393
v -0.017966 4.656105 -0.479393
v 0.018703 4.567577 -0.479393
v 0.018703 4.567577 -0.479393
v 0.107230 4.530909 -0.479393
v 0.195758 4.744633 -0.479393
v 0.107230 4.530909 -0.479393
v 0.195758 4.567577 -0.479393
v 0.195758 4.744633 -0.479393
v 0.195758 4.567577 -0.479393
v 0.232428 4.656105 -0.479393
v 0.195758 4.744633 -0.479393
v 0.232428 4.656105 -0.479393
v 0.232428 4.656105 -0.717167
v 0.195758 4.744633 -0.717167
v 0.018703 4.744633 -0.987557
v 0.018703 4.744633 -1.225331
v -0.017966 4.656105 -1.225331
v -0.017966 4.656105 -0.987557
v -0.017966 4.656105 -1.225331
v 0.018703 4.567577 -1.225331
v 0.018703 4.567577 -0.987557
v 0.018703 4.567577 -1.225331
v 0.107230 4.530909 -1.225331
v 0.107230 4.530909 -0.987557
v 0.107230 4.530909 -1.225331
v 0.195758 4.567577 -1.225331
v 0.195758 4.567577 -0.987557
v 0.195758 4.567577 -1.225331
v 0.232428 4.656105 -1.225331
v 0.232428 4.656105 -0.987557
v 0.232428 4.656105 -1.225331
v 0.195758 4.744633 -1.225331
v 0.195758 4.744633 -0.987557
v 0.195758 4.744633 -1.225331
v 0.107231 4.781302 -1.225331
v -0.002567 4.765902 -0.971663
v 0.107231 4.811382 -0.971663
v 0.107231 4.781302 -0.987557
v 0.195758 4.567577 -0.987557
v 0.217028 4.546308 -0.971663
v 0.107230 4.500830 -0.971663
v -0.048046 4.656105 -0.971663
v -0.002567 4.765902 -0.971663
v 0.018703 4.744633 -0.987557
v 0.107231 4.781302 -0.987557
v 0.107231 4.811382 -0.971663
v 0.217028 4.765902 -0.971663
v 0.262507 4.656105 -0.733061
v 0.217028 4.765902 -0.733061
v 0.195758 4.744633 -0.717167
v 0.018703 4.567577 -0.717167
v -0.002567 4.546308 -0.733061
v 0.107230 4.500830 -0.733061
v 0.107231 4.781302 -0.717167
v 0.107231 4.811382 -0.733061
v -0.002567 4.765902 -0.733061
v 0.232428 4.656105 -0.987557
v 0.262507 4.656105 -0.971663
v 0.217028 4.546308 -0.971663
v -0.002567 4.546308 -0.971663
v -0.048046 4.656105 -0.971663
v -0.017966 4.656105 -0.987557
v 0.107230 4.500830 -0.733061
v 0.217028 4.546308 -0.733061
v 0.195758 4.567577 -0.717167
v 0.018703 4.744633 -0.717167
v -0.002567 4.765902 -0.733061
v -0.048046 4.656105 -0.733061
v 0.195758 4.744633 -0.987557
v 0.217028 4.765902 -0.971663
v 0.262507 4.656105 -0.971663
v 0.107230 4.500830 -0.971663
v -0.002567 4.546308 -0.971663
v 0.018703 4.567577 -0.987557
v 0.217028 4.765902 -0.733061
v 0.107231 4.811382 -0.733061
v 0.107231 4.781302 -0.717167
v 0.217028 4.546308 -0.733061
v 0.262507 4.656105 -0.733061
v 0.232428 4.656105 -0.717167
v -0.017966 4.656105 -0.717167
v -0.048046 4.656105 -0.733061
v -0.002567 4.546308 -0.733061
v 0.107231 4.781302 -0.987557
v 0.107231 4.781302 -1.225331
v 0.018703 4.744633 -1.225331
v 0.107231 4.811382 -0.733061
v 0.107231 4.811382 -0.971663
v -0.002567 4.765902 -0.971663
v 0.217028 4.546308 -0.733061
v 0.107230 4.500830 -0.733061
v 0.107230 4.500830 -0.971663
v -0.002567 4.765902 -0.733061
v -0.002567 4.765902 -0.971663
v -0.048046 4.656105 -0.971663
v 0.262507 4.656105 -0.733061
v 0.217028 4.546308 -0.733061
v 0.217028 4.546308 -0.971663
v 0.217028 4.765902 -0.733061
v 0.262507 4.656105 -0.733061
v 0.262507 4.656105 -0.971663
v 0.107231 4.811382 -0.733061
v 0.217028 4.765902 -0.733061
v 0.217028 4.765902 -0.971663
v 1.248007 -0.014418 0.614356
v 1.782929 1.639323 0.614356
v 1.782929 1.639323 0.959939
v 0.646936 -0.451728 0.614356
v -0.358692 -0.451728 0.614356
v 1.248007 -0.014418 0.614356
v -0.358692 -0.451728 0.614356
v -0.358692 2.611500 0.614356
v 1.248007 -0.014418 0.614356
v -0.358692 2.611500 0.614356
v 1.075621 2.611500 0.614356
v 1.782929 1.639323 0.614356
v 1.075621 2.611500 0.614356
v 1.375974 2.563917 0.614356
v 1.782929 1.639323 0.614356
v 1.375974 2.563917 0.614356
v 1.616145 2.425830 0.614356
v 1.772624 2.210754 0.614356
v 1.772624 2.210754 0.614356
v 1.830093 1.939742 0.614356
v 1.375974 2.563917 0.614356
v 1.830093 1.939742 0.614356
v 1.782929 1.639323 0.614356
v 1.375974 2.563917 0.614356
v 1.782929 1.639323 0.614356
v 1.248007 -0.014418 0.614356
v -0.358692 2.611500 0.614356
v 1.248007 -0.014418 0.614356
v 1.115704 -0.233073 0.614356
v 0.646936 -0.451728 0.614356
v -0.358692 -0.451728 0.959939
v 0.646936 -0.451728 0.959939
v 1.248007 -0.014418 0.959939
v 0.646936 -0.451728 0.959939
v 0.895697 -0.393139 0.959939
v 1.248007 -0.014418 0.959939
v 0.895697 -0.393139 0.959939
v 1.115704 -0.233073 0.959939
v 1.248007 -0.014418 0.959939
v 1.248007 -0.014418 0.959939
v 1.782929 1.639323 0.959939
v -0.358692 2.611500 0.959939
v 1.782929 1.639323 0.959939
v 1.830094 1.939742 0.959939
v 1.075621 2.611500 0.959939
v 1.830094 1.939742 0.959939
v 1.772624 2.210754 0.959939
v 1.616145 2.425830 0.959939
v 1.616145 2.425830 0.959939
v 1.375974 2.563917 0.959939
v 1.830094 1.939742 0.959939
v 1.375974 2.563917 0.959939
v 1.075621 2.611500 0.959939
v 1.830094 1.939742 0.959939
v 1.075621 2.611500 0.959939
v -0.358692 2.611500 0.959939
v 1.782929 1.639323 0.959939
v 0.646936 -0.451728 0.614356
v 0.895697 -0.393139 0.614356
v 0.895697 -0.393139 0.959939
v 0.895697 -0.393139 0.614356
v 1.115704 -0.233073 0.614356
v 1.115704 -0.233073 0.959939
v 1.115704 -0.233073 0.614356
v 1.248007 -0.014418 0.614356
v 1.248007 -0.014418 0.959939
v 0.646936 -0.451728 0.614356
v 0.646936 -0.451728 0.959939
v -0.358692 -0.451728 0.959939
v 1.075621 2.611500 0.959939
v 1.375974 2.563917 0.959939
v 1.375974 2.563917 0.614356
v 1.375974 2.563917 0.959939
v 1.616145 2.425830 0.959939
v 1.616145 2.425830 0.614356
v 1.616145 2.425830 0.959939
v 1.772624 2.210754 0.959939
v 1.772624 2.210754 0.614356
v 1.772624 2.210754 0.959939
v 1.830094 1.939742 0.959939
v 1.830093 1.939742 0.614356
v 1.830093 1.939742 0.614356
v 1.830094 1.939742 0.959939
v 1.782929 1.639323 0.959939
v -0.358692 2.611500 0.614356
v -0.358692 2.611500 0.959939
v 1.075621 2.611500 0.959939
v 1.248007 -0.014418 -0.717481
v 1.248007 -0.014418 -1.063065
v 1.782929 1.639323 -1.063065
v -0.358692 2.611500 -0.717481
v -0.358692 -0.451728 -0.717481
v 1.248007 -0.014418 -0.717481
v -0.358692 -0.451728 -0.717481
v 0.646936 -0.451728 -0.717481
v 1.248007 -0.014418 -0.717481
v 0.646936 -0.451728 -0.717481
v 0.895697 -0.393139 -0.717481
v 1.115704 -0.233073 -0.717481
v 1.115704 -0.233073 -0.717481
v 1.248007 -0.014418 -0.717481
v 0.646936 -0.451728 -0.717481
v 1.248007 -0.014418 -0.717481
v 1.782929 1.639323 -0.717481
v -0.358692 2.611500 -0.717481
v 1.782929 1.639323 -0.717481
v 1.830093 1.939742 -0.717481
v 1.375974 2.563917 -0.717481
v 1.830093 1.939742 -0.717481
v 1.772624 2.210754 -0.717481
v 1.375974 2.563917 -0.717481
v 1.772624 2.210754 -0.717481
v 1.616145 2.425830 -0.717481
v 1.375974 2.563917 -0.717481
v 1.375974 2.563917 -0.717481
v 1.075621 2.611500 -0.717481
v 1.782929 1.639323 -0.717481
v 0.895697 -0.393139 -1.063065
v 0.646936 -0.451728 -1.063065
v 1.248007 -0.014418 -1.063065
v 0.646936 -0.451728 -1.063065
v -0.358692 -0.451728 -1.063065
v 1.248007 -0.014418 -1.063065
v -0.358692 -0.451728 -1.063065
v -0.358692 2.611500 -1.063065
v 1.248007 -0.014418 -1.063065
v -0.358692 2.611500 -1.063065
v 1.075621 2.611500 -1.063065
v 1.782929 1.639323 -1.063065
v 1.248007 -0.014418 -1.063065
v -0.358692 2.611500 -1.063065
v 1.782929 1.639323 -1.063065
v 1.075621 2.611500 -1.063065
v 1.375974 2.563917 -1.063065
v 1.830094 1.939742 -1.063065
v 1.375974 2.563917 -1.063065
v 1.616145 2.425830 -1.063065
v 1.830094 1.939742 -1.063065
v 1.616145 2.425830 -1.063065
v 1.772624 2.210754 -1.063065
v 1.830094 1.939742 -1.063065
v 1.830094 1.939742 -1.063065
v 1.782929 1.639323 -1.063065
v 1.075621 2.611500 -1.063065
v 0.895697 -0.393139 -1.063065
v 0.895697 -0.393139 -0.717481
v 0.646936 -0.451728 -0.717481
v 1.115704 -0.233073 -1.063065
v 1.115704 -0.233073 -0.717481
v 0.895697 -0.393139 -0.717481
v 1.248007 -0.014418 -1.063065
v 1.248007 -0.014418 -0.717481
v 1.115704 -0.233073 -0.717481
v -0.358692 -0.451728 -1.063065
v 0.646936 -0.451728 -1.063065
v 0.646936 -0.451728 -0.717481
v 1.375974 2.563917 -0.717481
v 1.375974 2.563917 -1.063065
v 1.075621 2.611500 -1.063065
v 1.616145 2.425830 -0.717481
v 1.616145 2.425830 -1.063065
v 1.375974 2.563917 -1.063065
v 1.772624 2.210754 -0.717481
v 1.772624 2.210754 -1.063065
v 1.616145 2.425830 -1.063065
v 1.830093 1.939742 -0.717481
v 1.830094 1.939742 -1.063065
v 1.772624 2.210754 -1.063065
v 1.830093 1.939742 -0.717481
v 1.782929 1.639323 -0.717481
v 1.782929 1.639323 -1.063065
v 1.075621 2.611500 -1.063065
v -0.358692 2.611500 -1.063065
v -0.358692 2.611500 -0.717481
v 0.107230 4.500828 0.629936
v 0.107230 4.500828 0.868538
v -0.002567 4.546307 0.868538
vt 0.586493 0.105451
vt 0.591061 0.094763
vt 0.586493 0.094763
vt 0.816844 0.036827
vt 0.814084 0.041395
vt 0.816844 0.041395
vt 0.823849 0.041395
vt 0.828101 0.036827
vt 0.823849 0.036827
vt 0.561356 0.044902
vt 0.556787 0.053304
vt 0.561356 0.053304
vt 0.542327 0.093075
vt 0.539567 0.101174
vt 0.548386 0.104836
vt 0.591061 0.094763
vt 0.591061 0.105451
vt 0.599462 0.104836
vt 0.605521 0.093075
vt 0.608281 0.101174
vt 0.608281 0.093075
vt 0.586493 0.094763
vt 0.591061 0.053304
vt 0.586493 0.053304
vt 0.974712 0.437078
vt 0.970144 0.445177
vt 0.974712 0.445177
vt 0.548386 0.084727
vt 0.556787 0.053304
vt 0.548386 0.053304
vt 0.556787 0.094763
vt 0.548386 0.104836
vt 0.556787 0.105451
vt 0.597869 0.771571
vt 0.629292 0.776140
vt 0.629292 0.771571
vt 0.602492 0.091956
vt 0.600274 0.088901
vt 0.591061 0.094763
vt 0.545357 0.091956
vt 0.548386 0.104836
vt 0.556787 0.094763
vt 0.974712 0.447937
vt 0.970144 0.451166
vt 0.974712 0.451166
vt 0.970144 0.451166
vt 0.974712 0.454942
vt 0.974712 0.451166
vt 0.970144 0.454942
vt 0.974712 0.459194
vt 0.974712 0.454942
vt 0.591061 0.053304
vt 0.599462 0.084727
vt 0.599462 0.053304
vt 0.820073 0.041395
vt 0.823849 0.036827
vt 0.820073 0.036827
vt 0.816844 0.036827
vt 0.820073 0.041395
vt 0.820073 0.036827
vt 0.597869 0.741866
vt 0.629292 0.746434
vt 0.629292 0.741866
vt 0.597869 0.746434
vt 0.629292 0.771571
vt 0.629292 0.746434
vt 0.805985 0.036827
vt 0.814084 0.041395
vt 0.814084 0.036827
vt 0.968728 0.036628
vt 0.965698 0.049507
vt 0.967916 0.052563
vt 0.556787 0.094763
vt 0.561356 0.053304
vt 0.556787 0.053304
vt 0.561356 0.094763
vt 0.586493 0.053304
vt 0.561356 0.053304
vt 0.586493 0.113875
vt 0.561356 0.105451
vt 0.561356 0.113875
vt 0.591061 0.044902
vt 0.586493 0.053304
vt 0.591061 0.053304
vt 0.586493 0.044902
vt 0.561356 0.053304
vt 0.586493 0.053304
vt 0.969198 0.684557
vt 0.966169 0.671678
vt 0.963140 0.672796
vt 0.974712 0.447937
vt 0.970144 0.445177
vt 0.970144 0.447937
vt 0.577760 0.746434
vt 0.597869 0.771571
vt 0.597869 0.746434
vt 0.556787 0.105451
vt 0.561356 0.094763
vt 0.556787 0.094763
vt 0.561356 0.105451
vt 0.586493 0.094763
vt 0.561356 0.094763
vt 0.561356 0.113875
vt 0.556787 0.105451
vt 0.556787 0.113875
vt 0.561356 0.113875
vt 0.556787 0.123424
vt 0.561356 0.123424
vt 0.591061 0.113875
vt 0.586493 0.105451
vt 0.586493 0.113875
vt 0.591061 0.123423
vt 0.586493 0.113875
vt 0.586493 0.123423
vt 0.978556 0.610615
vt 0.980346 0.604732
vt 0.978556 0.604732
vt 0.980346 0.616806
vt 0.978556 0.623020
vt 0.980346 0.623020
vt 0.334853 0.022160
vt 0.340736 0.022160
vt 0.334756 0.017715
vt 0.978556 0.613555
vt 0.980346 0.615180
vt 0.980346 0.613555
vt 0.978556 0.615180
vt 0.980346 0.616806
vt 0.980346 0.615180
vt 0.980346 0.613555
vt 0.978556 0.612085
vt 0.978556 0.613555
vt 0.980346 0.612085
vt 0.978556 0.610615
vt 0.978556 0.612085
vt 0.636078 0.017762
vt 0.637368 0.018751
vt 0.637465 0.014306
vt 0.964383 0.694555
vt 0.958501 0.692765
vt 0.958501 0.694555
vt 0.970574 0.692765
vt 0.976788 0.694555
vt 0.976788 0.692765
vt 0.861028 0.021581
vt 0.866911 0.021581
vt 0.860931 0.017135
vt 0.967324 0.694555
vt 0.968949 0.692765
vt 0.967324 0.692765
vt 0.968949 0.694555
vt 0.970574 0.692765
vt 0.968949 0.692765
vt 0.967324 0.692765
vt 0.965854 0.694555
vt 0.967324 0.694555
vt 0.965854 0.692765
vt 0.964383 0.694555
vt 0.965854 0.694555
vt 0.978705 0.583493
vt 0.979994 0.584483
vt 0.980092 0.580037
vt 0.770135 0.011364
vt 0.772603 0.012359
vt 0.772603 0.011364
vt 0.770135 0.014349
vt 0.772603 0.015344
vt 0.772603 0.014349
vt 0.770135 0.015344
vt 0.772603 0.016339
vt 0.772603 0.015344
vt 0.770135 0.008379
vt 0.772603 0.009374
vt 0.772603 0.008379
vt 0.770135 0.009374
vt 0.772603 0.010369
vt 0.772603 0.009374
vt 0.770135 0.010369
vt 0.772603 0.011364
vt 0.772603 0.010369
vt 0.850632 0.006653
vt 0.849928 0.005950
vt 0.848934 0.005950
vt 0.703990 0.023540
vt 0.706467 0.022306
vt 0.703990 0.022306
vt 0.770135 0.012359
vt 0.772603 0.013354
vt 0.772603 0.012359
vt 0.491705 0.038649
vt 0.492408 0.040347
vt 0.494107 0.039644
vt 0.770135 0.013354
vt 0.772603 0.014349
vt 0.772603 0.013354
vt 0.783086 0.010369
vt 0.780617 0.011364
vt 0.783086 0.011364
vt 0.783086 0.009374
vt 0.780617 0.010369
vt 0.783086 0.010369
vt 0.780617 0.008379
vt 0.783086 0.009374
vt 0.783086 0.008379
vt 0.780617 0.015344
vt 0.783086 0.016339
vt 0.783086 0.015344
vt 0.780617 0.014349
vt 0.783086 0.015344
vt 0.783086 0.014349
vt 0.780617 0.013354
vt 0.783086 0.014349
vt 0.783086 0.013354
vt 0.780617 0.012359
vt 0.783086 0.013354
vt 0.783086 0.012359
vt 0.995178 0.458167
vt 0.995508 0.457046
vt 0.995172 0.457183
vt 0.992783 0.458163
vt 0.992441 0.457035
vt 0.992449 0.458309
vt 0.995172 0.457183
vt 0.994611 0.456145
vt 0.994468 0.456485
vt 0.995178 0.458167
vt 0.994620 0.459193
vt 0.995508 0.458304
vt 0.993484 0.447785
vt 0.994606 0.448125
vt 0.994473 0.447788
vt 0.994471 0.445403
vt 0.995506 0.445967
vt 0.994609 0.445070
vt 0.992777 0.446101
vt 0.992441 0.447231
vt 0.992781 0.447088
vt 0.993490 0.458855
vt 0.992449 0.458309
vt 0.993355 0.459194
vt 0.993479 0.456473
vt 0.994611 0.456145
vt 0.993342 0.456139
vt 0.995171 0.447094
vt 0.995506 0.445967
vt 0.995165 0.446108
vt 0.992777 0.446101
vt 0.993341 0.445070
vt 0.992444 0.445962
vt 0.994479 0.458859
vt 0.993355 0.459194
vt 0.994620 0.459193
vt 0.993479 0.456473
vt 0.992441 0.457035
vt 0.992783 0.457176
vt 0.993484 0.447785
vt 0.992441 0.447231
vt 0.993347 0.448117
vt 0.994473 0.447788
vt 0.995506 0.447238
vt 0.995171 0.447094
vt 0.994471 0.445403
vt 0.993341 0.445070
vt 0.993481 0.445410
vt 0.780617 0.011364
vt 0.783086 0.012359
vt 0.783086 0.011364
vt 0.703990 0.019838
vt 0.706467 0.021072
vt 0.706467 0.019838
vt 0.703990 0.014903
vt 0.706467 0.016137
vt 0.706467 0.014903
vt 0.703990 0.022306
vt 0.706467 0.021072
vt 0.703990 0.021072
vt 0.703990 0.016137
vt 0.706467 0.017370
vt 0.706467 0.016137
vt 0.703990 0.017370
vt 0.706467 0.018604
vt 0.706467 0.017370
vt 0.703990 0.018604
vt 0.706467 0.019838
vt 0.706467 0.018604
vt 0.290372 0.009278
vt 0.292849 0.010512
vt 0.292849 0.009278
vt 0.981165 0.547363
vt 0.979375 0.541480
vt 0.979375 0.547363
vt 0.979375 0.529075
vt 0.981165 0.535289
vt 0.981165 0.529075
vt 0.715127 0.017493
vt 0.716416 0.018482
vt 0.716514 0.014037
vt 0.981165 0.536914
vt 0.979375 0.538540
vt 0.981165 0.538540
vt 0.981165 0.535289
vt 0.979375 0.536914
vt 0.981165 0.536914
vt 0.979375 0.540010
vt 0.981165 0.538540
vt 0.979375 0.538540
vt 0.979375 0.541480
vt 0.981165 0.540010
vt 0.979375 0.540010
vt 0.592273 0.020209
vt 0.592835 0.021568
vt 0.594194 0.022130
vt 0.956086 0.742119
vt 0.961968 0.740329
vt 0.956086 0.740329
vt 0.974373 0.740329
vt 0.968159 0.742119
vt 0.974373 0.742119
vt 0.355617 0.017046
vt 0.356906 0.018035
vt 0.357003 0.013590
vt 0.966534 0.742119
vt 0.964908 0.740329
vt 0.964908 0.742119
vt 0.968159 0.742119
vt 0.966534 0.740329
vt 0.966534 0.742119
vt 0.963438 0.740329
vt 0.964908 0.742119
vt 0.964908 0.740329
vt 0.961968 0.740329
vt 0.963438 0.742119
vt 0.963438 0.740329
vt 0.472455 0.020115
vt 0.473018 0.021473
vt 0.474376 0.022035
vt 0.762121 0.012359
vt 0.759652 0.013354
vt 0.762121 0.013354
vt 0.762121 0.009374
vt 0.759652 0.010369
vt 0.762121 0.010369
vt 0.762121 0.008379
vt 0.759652 0.009374
vt 0.762121 0.009374
vt 0.762121 0.015344
vt 0.759652 0.016339
vt 0.762121 0.016339
vt 0.762121 0.014349
vt 0.759652 0.015344
vt 0.762121 0.015344
vt 0.762121 0.013354
vt 0.759652 0.014349
vt 0.762121 0.014349
vt 0.605959 0.007981
vt 0.606662 0.007278
vt 0.604261 0.006283
vt 0.290372 0.011746
vt 0.292849 0.010512
vt 0.290372 0.010512
vt 0.762121 0.011364
vt 0.759652 0.012359
vt 0.762121 0.012359
vt 0.859107 0.005733
vt 0.859811 0.007431
vt 0.861509 0.006728
vt 0.762121 0.010369
vt 0.759652 0.011364
vt 0.762121 0.011364
vt 0.988359 0.597279
vt 0.990828 0.596284
vt 0.988359 0.596284
vt 0.988359 0.596284
vt 0.990828 0.595289
vt 0.988359 0.595289
vt 0.988359 0.595289
vt 0.990828 0.594294
vt 0.988359 0.594294
vt 0.988359 0.602253
vt 0.990828 0.601259
vt 0.988359 0.601259
vt 0.988359 0.601259
vt 0.990828 0.600264
vt 0.988359 0.600264
vt 0.988359 0.600264
vt 0.990828 0.599269
vt 0.988359 0.599269
vt 0.988359 0.599269
vt 0.990828 0.598274
vt 0.988359 0.598274
vt 0.484766 0.007886
vt 0.485886 0.007555
vt 0.484901 0.007550
vt 0.485881 0.005161
vt 0.484752 0.004820
vt 0.484894 0.005162
vt 0.483866 0.006996
vt 0.484901 0.007550
vt 0.484200 0.006852
vt 0.485886 0.007555
vt 0.486912 0.006996
vt 0.486578 0.006855
vt 0.653240 0.006930
vt 0.654276 0.007484
vt 0.653574 0.006786
vt 0.655255 0.005095
vt 0.654127 0.004754
vt 0.654269 0.005096
vt 0.655261 0.007489
vt 0.656286 0.006930
vt 0.655953 0.006789
vt 0.486574 0.005865
vt 0.486026 0.004826
vt 0.485881 0.005161
vt 0.483855 0.005727
vt 0.484200 0.006852
vt 0.484195 0.005862
vt 0.654127 0.004754
vt 0.653569 0.005795
vt 0.654269 0.005096
vt 0.655953 0.006789
vt 0.656286 0.005665
vt 0.655948 0.005799
vt 0.486578 0.006855
vt 0.486912 0.005731
vt 0.486574 0.005865
vt 0.484752 0.004820
vt 0.484195 0.005862
vt 0.484894 0.005162
vt 0.654141 0.007820
vt 0.655261 0.007489
vt 0.654276 0.007484
vt 0.653229 0.005661
vt 0.653574 0.006786
vt 0.653569 0.005795
vt 0.655948 0.005799
vt 0.655400 0.004760
vt 0.655255 0.005095
vt 0.988359 0.598274
vt 0.990828 0.597279
vt 0.988359 0.597279
vt 0.290372 0.014214
vt 0.292849 0.012980
vt 0.290372 0.012980
vt 0.290372 0.017916
vt 0.292849 0.019150
vt 0.292849 0.017916
vt 0.290372 0.012980
vt 0.292849 0.011746
vt 0.290372 0.011746
vt 0.290372 0.016682
vt 0.292849 0.017916
vt 0.292849 0.016682
vt 0.290372 0.015448
vt 0.292849 0.016682
vt 0.292849 0.015448
vt 0.290372 0.014214
vt 0.292849 0.015448
vt 0.292849 0.014214
vt 0.934496 0.604446
vt 0.930907 0.586400
vt 0.930907 0.604446
vt 0.418394 0.106293
vt 0.420678 0.107954
vt 0.423261 0.108563
vt 0.291187 0.135947
vt 0.291187 0.104142
vt 0.274505 0.108682
vt 0.934496 0.612578
vt 0.930907 0.609925
vt 0.930907 0.612578
vt 0.934496 0.609925
vt 0.930907 0.607100
vt 0.930907 0.609925
vt 0.934496 0.607100
vt 0.930907 0.604446
vt 0.930907 0.607100
vt 0.934496 0.612578
vt 0.930907 0.623020
vt 0.934496 0.623020
vt 0.930907 0.571571
vt 0.934496 0.574728
vt 0.934496 0.571571
vt 0.930907 0.574728
vt 0.934495 0.577604
vt 0.934496 0.574728
vt 0.930907 0.577604
vt 0.934495 0.580366
vt 0.934495 0.577604
vt 0.930907 0.580366
vt 0.934495 0.583242
vt 0.934495 0.580366
vt 0.934495 0.583242
vt 0.930907 0.586400
vt 0.934495 0.586400
vt 0.934496 0.556678
vt 0.930907 0.571571
vt 0.934496 0.571571
vt 0.934495 0.500897
vt 0.930907 0.518943
vt 0.934495 0.518943
vt 0.449550 0.108563
vt 0.464442 0.108563
vt 0.442206 0.098469
vt 0.622338 0.118883
vt 0.623712 0.121153
vt 0.625996 0.122815
vt 0.930907 0.495418
vt 0.934495 0.492765
vt 0.930907 0.492765
vt 0.930907 0.498243
vt 0.934495 0.495418
vt 0.930907 0.495418
vt 0.930907 0.500897
vt 0.934495 0.498243
vt 0.930907 0.498243
vt 0.930907 0.482324
vt 0.934495 0.492765
vt 0.934495 0.482324
vt 0.934495 0.530615
vt 0.930907 0.533772
vt 0.934495 0.533772
vt 0.934495 0.527739
vt 0.930907 0.530615
vt 0.934495 0.530615
vt 0.934495 0.524977
vt 0.930907 0.527739
vt 0.934495 0.527739
vt 0.934495 0.522101
vt 0.930907 0.524977
vt 0.934495 0.524977
vt 0.934495 0.522101
vt 0.930907 0.518943
vt 0.930907 0.522101
vt 0.930907 0.533772
vt 0.934495 0.548665
vt 0.934495 0.533772
vt 0.703990 0.024774
vt 0.706467 0.023540
vt 0.703990 0.023540
vt 0.586493 0.105451
vt 0.591061 0.105451
vt 0.591061 0.094763
vt 0.816844 0.036827
vt 0.814084 0.036827
vt 0.814084 0.041395
vt 0.823849 0.041395
vt 0.828101 0.041395
vt 0.828101 0.036827
vt 0.561356 0.044902
vt 0.556787 0.044902
vt 0.556787 0.053304
vt 0.542327 0.093075
vt 0.539567 0.093075
vt 0.539567 0.101174
vt 0.605521 0.093075
vt 0.599462 0.104836
vt 0.608281 0.101174
vt 0.586493 0.094763
vt 0.591061 0.094763
vt 0.591061 0.053304
vt 0.974712 0.437078
vt 0.970144 0.437078
vt 0.970144 0.445177
vt 0.548386 0.084727
vt 0.556787 0.094763
vt 0.556787 0.053304
vt 0.597869 0.771571
vt 0.597869 0.776140
vt 0.629292 0.776140
vt 0.599462 0.104836
vt 0.605521 0.093075
vt 0.602492 0.091956
vt 0.600274 0.088901
vt 0.599462 0.084727
vt 0.591061 0.094763
vt 0.599462 0.104836
vt 0.602492 0.091956
vt 0.591061 0.094763
vt 0.556787 0.094763
vt 0.548386 0.084727
vt 0.547574 0.088901
vt 0.545357 0.091956
vt 0.542327 0.093075
vt 0.548386 0.104836
vt 0.556787 0.094763
vt 0.547574 0.088901
vt 0.545357 0.091956
vt 0.974712 0.447937
vt 0.970144 0.447937
vt 0.970144 0.451166
vt 0.970144 0.451166
vt 0.970144 0.454942
vt 0.974712 0.454942
vt 0.970144 0.454942
vt 0.970144 0.459194
vt 0.974712 0.459194
vt 0.591061 0.053304
vt 0.591061 0.094763
vt 0.599462 0.084727
vt 0.820073 0.041395
vt 0.823849 0.041395
vt 0.823849 0.036827
vt 0.816844 0.036827
vt 0.816844 0.041395
vt 0.820073 0.041395
vt 0.597869 0.741866
vt 0.597869 0.746434
vt 0.629292 0.746434
vt 0.597869 0.746434
vt 0.597869 0.771571
vt 0.629292 0.771571
vt 0.805985 0.036827
vt 0.805985 0.041395
vt 0.814084 0.041395
vt 0.968728 0.036628
vt 0.959909 0.040289
vt 0.962669 0.048389
vt 0.959909 0.040289
vt 0.959909 0.048389
vt 0.962669 0.048389
vt 0.967916 0.052563
vt 0.968728 0.056736
vt 0.968728 0.036628
vt 0.968728 0.036628
vt 0.962669 0.048389
vt 0.965698 0.049507
vt 0.556787 0.094763
vt 0.561356 0.094763
vt 0.561356 0.053304
vt 0.561356 0.094763
vt 0.586493 0.094763
vt 0.586493 0.053304
vt 0.586493 0.113875
vt 0.586493 0.105451
vt 0.561356 0.105451
vt 0.591061 0.044902
vt 0.586493 0.044902
vt 0.586493 0.053304
vt 0.586493 0.044902
vt 0.561356 0.044902
vt 0.561356 0.053304
vt 0.969198 0.684557
vt 0.969198 0.664449
vt 0.968387 0.668622
vt 0.969198 0.684557
vt 0.968387 0.668622
vt 0.966169 0.671678
vt 0.960380 0.672796
vt 0.960380 0.680896
vt 0.963140 0.672796
vt 0.960380 0.680896
vt 0.969198 0.684557
vt 0.963140 0.672796
vt 0.974712 0.447937
vt 0.974712 0.445177
vt 0.970144 0.445177
vt 0.577760 0.746434
vt 0.577760 0.771571
vt 0.597869 0.771571
vt 0.556787 0.105451
vt 0.561356 0.105451
vt 0.561356 0.094763
vt 0.561356 0.105451
vt 0.586493 0.105451
vt 0.586493 0.094763
vt 0.561356 0.113875
vt 0.561356 0.105451
vt 0.556787 0.105451
vt 0.561356 0.113875
vt 0.556787 0.113875
vt 0.556787 0.123424
vt 0.591061 0.113875
vt 0.591061 0.105451
vt 0.586493 0.105451
vt 0.591061 0.123423
vt 0.591061 0.113875
vt 0.586493 0.113875
vt 0.978556 0.610615
vt 0.980346 0.610615
vt 0.980346 0.604732
vt 0.980346 0.616806
vt 0.978556 0.616806
vt 0.978556 0.623020
vt 0.340736 0.022160
vt 0.340736 0.016024
vt 0.334756 0.017715
vt 0.334756 0.017715
vt 0.333467 0.018704
vt 0.334853 0.022160
vt 0.333467 0.018704
vt 0.332932 0.020239
vt 0.334853 0.022160
vt 0.332932 0.020239
vt 0.333495 0.021597
vt 0.334853 0.022160
vt 0.978556 0.613555
vt 0.978556 0.615180
vt 0.980346 0.615180
vt 0.978556 0.615180
vt 0.978556 0.616806
vt 0.980346 0.616806
vt 0.980346 0.613555
vt 0.980346 0.612085
vt 0.978556 0.612085
vt 0.980346 0.612085
vt 0.980346 0.610615
vt 0.978556 0.610615
vt 0.643347 0.020441
vt 0.643347 0.014306
vt 0.637368 0.018751
vt 0.643347 0.014306
vt 0.637465 0.014306
vt 0.637368 0.018751
vt 0.637465 0.014306
vt 0.636107 0.014868
vt 0.635544 0.016227
vt 0.635544 0.016227
vt 0.636078 0.017762
vt 0.637465 0.014306
vt 0.964383 0.694555
vt 0.964383 0.692765
vt 0.958501 0.692765
vt 0.970574 0.692765
vt 0.970574 0.694555
vt 0.976788 0.694555
vt 0.866911 0.021581
vt 0.866911 0.015445
vt 0.860931 0.017135
vt 0.860931 0.017135
vt 0.859641 0.018125
vt 0.861028 0.021581
vt 0.859641 0.018125
vt 0.859107 0.019660
vt 0.861028 0.021581
vt 0.859107 0.019660
vt 0.859670 0.021018
vt 0.861028 0.021581
vt 0.967324 0.694555
vt 0.968949 0.694555
vt 0.968949 0.692765
vt 0.968949 0.694555
vt 0.970574 0.694555
vt 0.970574 0.692765
vt 0.967324 0.692765
vt 0.965854 0.692765
vt 0.965854 0.694555
vt 0.965854 0.692765
vt 0.964383 0.692765
vt 0.964383 0.694555
vt 0.985974 0.586173
vt 0.985974 0.580037
vt 0.979994 0.584483
vt 0.985974 0.580037
vt 0.980092 0.580037
vt 0.979994 0.584483
vt 0.980092 0.580037
vt 0.978733 0.580600
vt 0.978171 0.581958
vt 0.978171 0.581958
vt 0.978705 0.583493
vt 0.980092 0.580037
vt 0.770135 0.011364
vt 0.770135 0.012359
vt 0.772603 0.012359
vt 0.770135 0.014349
vt 0.770135 0.015344
vt 0.772603 0.015344
vt 0.770135 0.015344
vt 0.770135 0.016339
vt 0.772603 0.016339
vt 0.770135 0.008379
vt 0.770135 0.009374
vt 0.772603 0.009374
vt 0.770135 0.009374
vt 0.770135 0.010369
vt 0.772603 0.010369
vt 0.770135 0.010369
vt 0.770135 0.011364
vt 0.772603 0.011364
vt 0.848934 0.005950
vt 0.848230 0.006653
vt 0.848230 0.007648
vt 0.848230 0.007648
vt 0.848934 0.008351
vt 0.848934 0.005950
vt 0.848934 0.008351
vt 0.849928 0.008351
vt 0.848934 0.005950
vt 0.849928 0.008351
vt 0.850632 0.007648
vt 0.848934 0.005950
vt 0.850632 0.007648
vt 0.850632 0.006653
vt 0.848934 0.005950
vt 0.703990 0.023540
vt 0.706467 0.023540
vt 0.706467 0.022306
vt 0.770135 0.012359
vt 0.770135 0.013354
vt 0.772603 0.013354
vt 0.493403 0.037945
vt 0.492408 0.037945
vt 0.491705 0.038649
vt 0.491705 0.038649
vt 0.491705 0.039644
vt 0.492408 0.040347
vt 0.492408 0.040347
vt 0.493403 0.040347
vt 0.494107 0.039644
vt 0.494107 0.039644
vt 0.494107 0.038649
vt 0.493403 0.037945
vt 0.493403 0.037945
vt 0.491705 0.038649
vt 0.494107 0.039644
vt 0.770135 0.013354
vt 0.770135 0.014349
vt 0.772603 0.014349
vt 0.783086 0.010369
vt 0.780617 0.010369
vt 0.780617 0.011364
vt 0.783086 0.009374
vt 0.780617 0.009374
vt 0.780617 0.010369
vt 0.780617 0.008379
vt 0.780617 0.009374
vt 0.783086 0.009374
vt 0.780617 0.015344
vt 0.780617 0.016339
vt 0.783086 0.016339
vt 0.780617 0.014349
vt 0.780617 0.015344
vt 0.783086 0.015344
vt 0.780617 0.013354
vt 0.780617 0.014349
vt 0.783086 0.014349
vt 0.780617 0.012359
vt 0.780617 0.013354
vt 0.783086 0.013354
vt 0.995178 0.458167
vt 0.995508 0.458304
vt 0.995508 0.457046
vt 0.992783 0.458163
vt 0.992783 0.457176
vt 0.992441 0.457035
vt 0.995172 0.457183
vt 0.995508 0.457046
vt 0.994611 0.456145
vt 0.995178 0.458167
vt 0.994479 0.458859
vt 0.994620 0.459193
vt 0.993484 0.447785
vt 0.993347 0.448117
vt 0.994606 0.448125
vt 0.994471 0.445403
vt 0.995165 0.446108
vt 0.995506 0.445967
vt 0.992777 0.446101
vt 0.992444 0.445962
vt 0.992441 0.447231
vt 0.993490 0.458855
vt 0.992783 0.458163
vt 0.992449 0.458309
vt 0.993479 0.456473
vt 0.994468 0.456485
vt 0.994611 0.456145
vt 0.995171 0.447094
vt 0.995506 0.447238
vt 0.995506 0.445967
vt 0.992777 0.446101
vt 0.993481 0.445410
vt 0.993341 0.445070
vt 0.994479 0.458859
vt 0.993490 0.458855
vt 0.993355 0.459194
vt 0.993479 0.456473
vt 0.993342 0.456139
vt 0.992441 0.457035
vt 0.993484 0.447785
vt 0.992781 0.447088
vt 0.992441 0.447231
vt 0.994473 0.447788
vt 0.994606 0.448125
vt 0.995506 0.447238
vt 0.994471 0.445403
vt 0.994609 0.445070
vt 0.993341 0.445070
vt 0.780617 0.011364
vt 0.780617 0.012359
vt 0.783086 0.012359
vt 0.703990 0.019838
vt 0.703990 0.021072
vt 0.706467 0.021072
vt 0.703990 0.014903
vt 0.703990 0.016137
vt 0.706467 0.016137
vt 0.703990 0.022306
vt 0.706467 0.022306
vt 0.706467 0.021072
vt 0.703990 0.016137
vt 0.703990 0.017370
vt 0.706467 0.017370
vt 0.703990 0.017370
vt 0.703990 0.018604
vt 0.706467 0.018604
vt 0.703990 0.018604
vt 0.703990 0.019838
vt 0.706467 0.019838
vt 0.290372 0.009278
vt 0.290372 0.010512
vt 0.292849 0.010512
vt 0.981165 0.547363
vt 0.981165 0.541480
vt 0.979375 0.541480
vt 0.979375 0.529075
vt 0.979375 0.535289
vt 0.981165 0.535289
vt 0.716416 0.018482
vt 0.722396 0.020172
vt 0.722396 0.014037
vt 0.722396 0.014037
vt 0.716514 0.014037
vt 0.716416 0.018482
vt 0.716514 0.014037
vt 0.715155 0.014599
vt 0.714593 0.015958
vt 0.715127 0.017493
vt 0.716514 0.014037
vt 0.714593 0.015958
vt 0.981165 0.536914
vt 0.979375 0.536914
vt 0.979375 0.538540
vt 0.981165 0.535289
vt 0.979375 0.535289
vt 0.979375 0.536914
vt 0.979375 0.540010
vt 0.981165 0.540010
vt 0.981165 0.538540
vt 0.979375 0.541480
vt 0.981165 0.541480
vt 0.981165 0.540010
vt 0.594194 0.022130
vt 0.600076 0.022130
vt 0.594097 0.017685
vt 0.600076 0.022130
vt 0.600076 0.015995
vt 0.594097 0.017685
vt 0.594097 0.017685
vt 0.592807 0.018674
vt 0.594194 0.022130
vt 0.592807 0.018674
vt 0.592273 0.020209
vt 0.594194 0.022130
vt 0.956086 0.742119
vt 0.961968 0.742119
vt 0.961968 0.740329
vt 0.974373 0.740329
vt 0.968159 0.740329
vt 0.968159 0.742119
vt 0.356906 0.018035
vt 0.362886 0.019726
vt 0.362886 0.013590
vt 0.362886 0.013590
vt 0.357003 0.013590
vt 0.356906 0.018035
vt 0.357003 0.013590
vt 0.355645 0.014153
vt 0.355083 0.015511
vt 0.355617 0.017046
vt 0.357003 0.013590
vt 0.355083 0.015511
vt 0.966534 0.742119
vt 0.966534 0.740329
vt 0.964908 0.740329
vt 0.968159 0.742119
vt 0.968159 0.740329
vt 0.966534 0.740329
vt 0.963438 0.740329
vt 0.963438 0.742119
vt 0.964908 0.742119
vt 0.961968 0.740329
vt 0.961968 0.742119
vt 0.963438 0.742119
vt 0.474376 0.022035
vt 0.480259 0.022035
vt 0.474279 0.017590
vt 0.480259 0.022035
vt 0.480259 0.015900
vt 0.474279 0.017590
vt 0.474279 0.017590
vt 0.472990 0.018579
vt 0.474376 0.022035
vt 0.472990 0.018579
vt 0.472455 0.020115
vt 0.474376 0.022035
vt 0.762121 0.012359
vt 0.759652 0.012359
vt 0.759652 0.013354
vt 0.762121 0.009374
vt 0.759652 0.009374
vt 0.759652 0.010369
vt 0.762121 0.008379
vt 0.759652 0.008379
vt 0.759652 0.009374
vt 0.762121 0.015344
vt 0.759652 0.015344
vt 0.759652 0.016339
vt 0.762121 0.014349
vt 0.759652 0.014349
vt 0.759652 0.015344
vt 0.762121 0.013354
vt 0.759652 0.013354
vt 0.759652 0.014349
vt 0.606662 0.007278
vt 0.606662 0.006283
vt 0.604261 0.006283
vt 0.606662 0.006283
vt 0.605959 0.005579
vt 0.604261 0.006283
vt 0.605959 0.005579
vt 0.604964 0.005579
vt 0.604261 0.006283
vt 0.604261 0.006283
vt 0.604261 0.007278
vt 0.604964 0.007981
vt 0.604964 0.007981
vt 0.605959 0.007981
vt 0.604261 0.006283
vt 0.290372 0.011746
vt 0.292849 0.011746
vt 0.292849 0.010512
vt 0.762121 0.011364
vt 0.759652 0.011364
vt 0.759652 0.012359
vt 0.859107 0.005733
vt 0.859107 0.006728
vt 0.859811 0.007431
vt 0.859811 0.007431
vt 0.860806 0.007431
vt 0.861509 0.006728
vt 0.861509 0.006728
vt 0.861509 0.005733
vt 0.859107 0.005733
vt 0.861509 0.005733
vt 0.860806 0.005030
vt 0.859107 0.005733
vt 0.860806 0.005030
vt 0.859811 0.005030
vt 0.859107 0.005733
vt 0.762121 0.010369
vt 0.759652 0.010369
vt 0.759652 0.011364
vt 0.988359 0.597279
vt 0.990828 0.597279
vt 0.990828 0.596284
vt 0.988359 0.596284
vt 0.990828 0.596284
vt 0.990828 0.595289
vt 0.988359 0.595289
vt 0.990828 0.595289
vt 0.990828 0.594294
vt 0.988359 0.602253
vt 0.990828 0.602253
vt 0.990828 0.601259
vt 0.988359 0.601259
vt 0.990828 0.601259
vt 0.990828 0.600264
vt 0.988359 0.600264
vt 0.990828 0.600264
vt 0.990828 0.599269
vt 0.988359 0.599269
vt 0.990828 0.599269
vt 0.990828 0.598274
vt 0.484766 0.007886
vt 0.486023 0.007885
vt 0.485886 0.007555
vt 0.485881 0.005161
vt 0.486026 0.004826
vt 0.484752 0.004820
vt 0.483866 0.006996
vt 0.484766 0.007886
vt 0.484901 0.007550
vt 0.485886 0.007555
vt 0.486023 0.007885
vt 0.486912 0.006996
vt 0.653240 0.006930
vt 0.654141 0.007820
vt 0.654276 0.007484
vt 0.655255 0.005095
vt 0.655400 0.004760
vt 0.654127 0.004754
vt 0.655261 0.007489
vt 0.655398 0.007819
vt 0.656286 0.006930
vt 0.486574 0.005865
vt 0.486912 0.005731
vt 0.486026 0.004826
vt 0.483855 0.005727
vt 0.483866 0.006996
vt 0.484200 0.006852
vt 0.654127 0.004754
vt 0.653229 0.005661
vt 0.653569 0.005795
vt 0.655953 0.006789
vt 0.656286 0.006930
vt 0.656286 0.005665
vt 0.486578 0.006855
vt 0.486912 0.006996
vt 0.486912 0.005731
vt 0.484752 0.004820
vt 0.483855 0.005727
vt 0.484195 0.005862
vt 0.654141 0.007820
vt 0.655398 0.007819
vt 0.655261 0.007489
vt 0.653229 0.005661
vt 0.653240 0.006930
vt 0.653574 0.006786
vt 0.655948 0.005799
vt 0.656286 0.005665
vt 0.655400 0.004760
vt 0.988359 0.598274
vt 0.990828 0.598274
vt 0.990828 0.597279
vt 0.290372 0.014214
vt 0.292849 0.014214
vt 0.292849 0.012980
vt 0.290372 0.017916
vt 0.290372 0.019150
vt 0.292849 0.019150
vt 0.290372 0.012980
vt 0.292849 0.012980
vt 0.292849 0.011746
vt 0.290372 0.016682
vt 0.290372 0.017916
vt 0.292849 0.017916
vt 0.290372 0.015448
vt 0.290372 0.016682
vt 0.292849 0.016682
vt 0.290372 0.014214
vt 0.290372 0.015448
vt 0.292849 0.015448
vt 0.934496 0.604446
vt 0.934495 0.586400
vt 0.930907 0.586400
vt 0.423261 0.108563
vt 0.433702 0.108563
vt 0.417020 0.104022
vt 0.433702 0.108563
vt 0.433702 0.076758
vt 0.417020 0.104022
vt 0.433702 0.076758
vt 0.418810 0.076758
vt 0.411466 0.086852
vt 0.418810 0.076758
vt 0.415692 0.077252
vt 0.411466 0.086852
vt 0.415692 0.077252
vt 0.413198 0.078685
vt 0.411573 0.080919
vt 0.411573 0.080919
vt 0.410977 0.083732
vt 0.415692 0.077252
vt 0.410977 0.083732
vt 0.411466 0.086852
vt 0.415692 0.077252
vt 0.411466 0.086852
vt 0.417020 0.104022
vt 0.433702 0.076758
vt 0.417020 0.104022
vt 0.418394 0.106293
vt 0.423261 0.108563
vt 0.291187 0.104142
vt 0.280746 0.104142
vt 0.274505 0.108682
vt 0.280746 0.104142
vt 0.278163 0.104750
vt 0.274505 0.108682
vt 0.278163 0.104750
vt 0.275878 0.106412
vt 0.274505 0.108682
vt 0.274505 0.108682
vt 0.268951 0.125853
vt 0.291187 0.135947
vt 0.268951 0.125853
vt 0.268461 0.128972
vt 0.276295 0.135947
vt 0.268461 0.128972
vt 0.269058 0.131786
vt 0.270682 0.134019
vt 0.270682 0.134019
vt 0.273176 0.135453
vt 0.268461 0.128972
vt 0.273176 0.135453
vt 0.276295 0.135947
vt 0.268461 0.128972
vt 0.276295 0.135947
vt 0.291187 0.135947
vt 0.268951 0.125853
vt 0.934496 0.612578
vt 0.934496 0.609925
vt 0.930907 0.609925
vt 0.934496 0.609925
vt 0.934496 0.607100
vt 0.930907 0.607100
vt 0.934496 0.607100
vt 0.934496 0.604446
vt 0.930907 0.604446
vt 0.934496 0.612578
vt 0.930907 0.612578
vt 0.930907 0.623020
vt 0.930907 0.571571
vt 0.930907 0.574728
vt 0.934496 0.574728
vt 0.930907 0.574728
vt 0.930907 0.577604
vt 0.934495 0.577604
vt 0.930907 0.577604
vt 0.930907 0.580366
vt 0.934495 0.580366
vt 0.930907 0.580366
vt 0.930907 0.583242
vt 0.934495 0.583242
vt 0.934495 0.583242
vt 0.930907 0.583242
vt 0.930907 0.586400
vt 0.934496 0.556678
vt 0.930907 0.556678
vt 0.930907 0.571571
vt 0.934495 0.500897
vt 0.930907 0.500897
vt 0.930907 0.518943
vt 0.464442 0.108563
vt 0.464442 0.076758
vt 0.447760 0.081298
vt 0.464442 0.076758
vt 0.454000 0.076758
vt 0.447760 0.081298
vt 0.454000 0.076758
vt 0.451418 0.077366
vt 0.449133 0.079028
vt 0.449133 0.079028
vt 0.447760 0.081298
vt 0.454000 0.076758
vt 0.447760 0.081298
vt 0.442206 0.098469
vt 0.464442 0.108563
vt 0.442206 0.098469
vt 0.441716 0.101588
vt 0.446431 0.108069
vt 0.441716 0.101588
vt 0.442313 0.104402
vt 0.446431 0.108069
vt 0.442313 0.104402
vt 0.443937 0.106635
vt 0.446431 0.108069
vt 0.446431 0.108069
vt 0.449550 0.108563
vt 0.442206 0.098469
vt 0.625996 0.122815
vt 0.628579 0.123424
vt 0.622338 0.118883
vt 0.628579 0.123424
vt 0.639020 0.123424
vt 0.622338 0.118883
vt 0.639020 0.123424
vt 0.639020 0.091619
vt 0.622338 0.118883
vt 0.639020 0.091619
vt 0.624128 0.091619
vt 0.616784 0.101712
vt 0.622338 0.118883
vt 0.639020 0.091619
vt 0.616784 0.101712
vt 0.624128 0.091619
vt 0.621010 0.092113
vt 0.616295 0.098593
vt 0.621010 0.092113
vt 0.618516 0.093546
vt 0.616295 0.098593
vt 0.618516 0.093546
vt 0.616891 0.095779
vt 0.616295 0.098593
vt 0.616295 0.098593
vt 0.616784 0.101712
vt 0.624128 0.091619
vt 0.930907 0.495418
vt 0.934495 0.495418
vt 0.934495 0.492765
vt 0.930907 0.498243
vt 0.934495 0.498243
vt 0.934495 0.495418
vt 0.930907 0.500897
vt 0.934495 0.500897
vt 0.934495 0.498243
vt 0.930907 0.482324
vt 0.930907 0.492765
vt 0.934495 0.492765
vt 0.934495 0.530615
vt 0.930907 0.530615
vt 0.930907 0.533772
vt 0.934495 0.527739
vt 0.930907 0.527739
vt 0.930907 0.530615
vt 0.934495 0.524977
vt 0.930907 0.524977
vt 0.930907 0.527739
vt 0.934495 0.522101
vt 0.930907 0.522101
vt 0.930907 0.524977
vt 0.934495 0.522101
vt 0.934495 0.518943
vt 0.930907 0.518943
vt 0.930907 0.533772
vt 0.930907 0.548665
vt 0.934495 0.548665
vt 0.703990 0.024774
vt 0.706467 0.024774
vt 0.706467 0.023540
vn -1.000000 0.000000 0.000000
vn -1.000000 0.000000 0.000000
vn -1.000000 0.000000 0.000000
vn 0.175904 -0.984407 0.000000
vn 0.000000 -1.000000 0.000000
vn 0.175904 -0.984407 0.000000
vn 0.917135 -0.398578 0.000000
vn 0.995391 -0.095895 0.000000
vn 0.917134 -0.398578 0.000000
vn 0.000000 -1.000000 0.000000
vn 0.000000 -1.000000 0.000000
vn 0.000000 -1.000000 0.000000
vn 0.000000 0.000000 1.000000
vn 0.000000 0.000000 1.000000
vn -0.000004 -0.000000 1.000000
vn 0.000006 0.000000 -1.000000
vn 0.000006 0.000000 -1.000000
vn 0.000004 0.000000 -1.000000
vn 0.000000 0.000000 -1.000000
vn 0.000000 0.000000 -1.000000
vn 0.000000 0.000000 -1.000000
vn -1.000000 0.000000 0.000000
vn -1.000000 0.000000 0.000000
vn -1.000000 0.000000 0.000000
vn 1.000000 0.000000 0.000000
vn 1.000000 0.000000 0.000000
vn 1.000000 0.000000 0.000000
vn -0.000006 0.000000 1.000000
vn -0.000006 0.000000 1.000000
vn -0.000006 0.000000 1.000000
vn -0.000006 0.000000 1.000000
vn -0.000004 -0.000000 1.000000
vn -0.000006 0.000000 1.000000
vn 0.998853 -0.047892 0.000000
vn 1.000000 0.000000 0.000000
vn 1.000000 0.000000 0.000000
vn 0.000003 -0.000001 -1.000000
vn 0.000005 -0.000002 -1.000000
vn 0.000006 0.000000 -1.000000
vn -0.000003 0.000000 1.000000
vn -0.000004 -0.000000 1.000000
vn -0.000006 0.000000 1.000000
vn 0.175904 -0.984407 0.000000
vn 0.603832 -0.797112 0.000000
vn 0.603832 -0.797112 0.000000
vn 0.603832 -0.797112 0.000000
vn 0.917134 -0.398578 0.000000
vn 0.603832 -0.797112 0.000000
vn 0.917134 -0.398578 0.000000
vn 0.998853 -0.047892 0.000000
vn 0.917134 -0.398578 0.000000
vn 0.000006 0.000000 -1.000000
vn 0.000006 -0.000000 -1.000000
vn 0.000006 0.000000 -1.000000
vn 0.603832 -0.797112 0.000000
vn 0.917134 -0.398578 0.000000
vn 0.603831 -0.797112 0.000000
vn 0.175904 -0.984407 0.000000
vn 0.603832 -0.797112 0.000000
vn 0.603831 -0.797112 0.000000
vn 0.995391 -0.095895 0.000000
vn 1.000000 0.000000 0.000000
vn 1.000000 0.000000 0.000000
vn 0.998853 -0.047892 0.000000
vn 1.000000 0.000000 0.000000
vn 1.000000 0.000000 0.000000
vn 1.000000 0.000000 0.000000
vn 1.000000 0.000000 0.000000
vn 1.000000 0.000000 0.000000
vn 0.000000 0.000000 -1.000000
vn 0.000000 0.000000 -1.000000
vn -0.000001 0.000000 -1.000000
vn -1.000000 -0.000024 0.000110
vn -1.000000 0.000006 0.000004
vn -1.000000 0.000013 0.000000
vn -1.000000 -0.000009 0.000049
vn -1.000000 0.000000 0.000000
vn -1.000000 0.000006 0.000004
vn 0.178519 0.983937 0.000001
vn 0.072999 0.997332 -0.000000
vn 0.178519 0.983937 -0.000000
vn 0.000000 -1.000000 0.000000
vn 0.000000 -1.000000 0.000000
vn 0.000000 -1.000000 0.000000
vn 0.000000 -1.000000 0.000000
vn 0.000000 -1.000000 0.000000
vn 0.000000 -1.000000 0.000000
vn -0.000000 -0.000000 1.000000
vn -0.000000 -0.000000 1.000000
vn -0.000001 -0.000000 1.000000
vn 0.175904 -0.984407 0.000000
vn 0.000000 -1.000000 0.000000
vn 0.175904 -0.984407 0.000000
vn 1.000000 0.000000 0.000000
vn 0.998853 -0.047892 0.000000
vn 0.998853 -0.047892 0.000000
vn -1.000000 -0.000012 0.000029
vn -1.000000 -0.000009 0.000049
vn -1.000000 -0.000024 0.000110
vn -1.000000 0.000000 0.000000
vn -1.000000 0.000000 0.000000
vn -1.000000 -0.000009 0.000049
vn 0.178519 0.983937 -0.000000
vn 0.072999 0.997332 0.000000
vn 0.231193 0.972908 0.000000
vn 0.178519 0.983937 -0.000000
vn 0.383464 0.923556 0.000000
vn 0.383464 0.923556 0.000000
vn 0.231193 0.972908 0.000002
vn 0.072999 0.997332 0.000000
vn 0.178519 0.983937 0.000001
vn 0.383464 0.923556 0.000001
vn 0.178519 0.983937 0.000001
vn 0.383464 0.923556 0.000000
vn 0.980785 0.195091 0.000000
vn 1.000000 0.000000 0.000000
vn 1.000000 0.000000 0.000000
vn -0.893841 0.448384 0.000000
vn -0.962296 0.272003 0.000000
vn -0.962296 0.272003 0.000000
vn 0.000000 0.000000 -1.000000
vn 0.000000 -0.000000 -1.000000
vn 0.000000 0.000000 -1.000000
vn 0.028916 0.999582 0.000000
vn -0.585589 0.810608 0.000000
vn 0.028919 0.999582 0.000000
vn -0.585590 0.810608 0.000000
vn -0.893841 0.448384 0.000000
vn -0.585589 0.810608 0.000000
vn 0.028919 0.999582 0.000000
vn 0.707107 0.707107 0.000000
vn 0.028916 0.999582 0.000000
vn 0.707107 0.707106 0.000000
vn 0.980785 0.195091 0.000000
vn 0.707107 0.707107 0.000000
vn 0.000000 0.000000 1.000000
vn 0.000000 0.000000 1.000000
vn 0.000000 0.000000 1.000000
vn 0.980785 0.195090 0.000000
vn 1.000000 0.000000 0.000000
vn 1.000000 0.000000 0.000000
vn -0.893841 0.448383 0.000000
vn -0.962296 0.272003 0.000000
vn -0.962296 0.272003 0.000000
vn 0.000000 0.000000 -1.000000
vn 0.000000 0.000000 -1.000000
vn 0.000000 0.000000 -1.000000
vn 0.028917 0.999582 0.000000
vn -0.585589 0.810608 0.000000
vn 0.028917 0.999582 0.000000
vn -0.585589 0.810608 0.000000
vn -0.893841 0.448383 0.000000
vn -0.585589 0.810608 0.000000
vn 0.028917 0.999582 0.000000
vn 0.707106 0.707107 0.000000
vn 0.028917 0.999582 0.000000
vn 0.707106 0.707107 0.000000
vn 0.980785 0.195090 0.000000
vn 0.707106 0.707107 0.000000
vn 0.000000 0.000000 1.000000
vn 0.000000 0.000000 1.000000
vn 0.000000 -0.000000 1.000000
vn -0.707110 0.707104 0.000000
vn 0.000004 1.000000 0.000000
vn -0.707106 0.707108 0.000000
vn 1.000000 -0.000000 0.000000
vn 0.707102 -0.707111 0.000000
vn 1.000000 -0.000004 0.000000
vn 0.707106 -0.707107 0.000000
vn -0.000009 -1.000000 0.000000
vn 0.707102 -0.707111 0.000000
vn -0.000001 -1.000000 0.000000
vn -0.707110 -0.707104 0.000000
vn -0.000009 -1.000000 0.000000
vn -0.707106 -0.707108 0.000000
vn -1.000000 0.000002 0.000000
vn -0.707110 -0.707104 0.000000
vn -1.000000 -0.000001 0.000000
vn -0.707106 0.707108 0.000000
vn -1.000000 0.000002 0.000000
vn 0.000000 0.000002 1.000000
vn 0.000000 0.000000 1.000000
vn 0.000000 -0.000000 1.000000
vn -0.707106 -0.707108 0.000000
vn -1.000000 0.000000 0.000000
vn -1.000000 -0.000001 0.000000
vn -0.000004 1.000000 0.000000
vn 0.707111 0.707102 0.000000
vn 0.000004 1.000000 0.000000
vn 0.000000 0.000000 -1.000000
vn 0.000000 0.000000 -1.000000
vn 0.000000 0.000000 -1.000000
vn 0.707107 0.707106 0.000000
vn 1.000000 -0.000004 0.000000
vn 0.707111 0.707102 0.000000
vn -1.000000 0.000004 -0.000001
vn -0.707110 0.707104 0.000001
vn -0.707111 0.707102 0.000000
vn -0.707109 -0.707105 -0.000001
vn -1.000000 -0.000002 0.000001
vn -1.000000 0.000004 -0.000001
vn -0.000001 -1.000000 0.000000
vn -0.707109 -0.707105 -0.000001
vn -0.000009 -1.000000 0.000000
vn 0.707105 -0.707109 0.000000
vn -0.000009 -1.000000 0.000000
vn 0.707103 -0.707110 0.000000
vn 1.000000 0.000001 0.000000
vn 0.707103 -0.707110 0.000000
vn 1.000000 0.000002 0.000000
vn 0.707113 0.707101 0.000000
vn 1.000000 0.000002 0.000000
vn 0.707110 0.707104 0.000000
vn 0.000004 1.000000 0.000000
vn 0.707110 0.707104 0.000000
vn -0.000004 1.000000 0.000000
vn 0.000000 0.467191 0.884157
vn -0.330346 0.330347 0.884162
vn -0.330351 0.330340 0.884163
vn 0.330353 -0.330359 0.884155
vn -0.000001 -0.467196 0.884154
vn 0.330356 -0.330355 0.884155
vn -0.330351 0.330340 0.884163
vn -0.467188 0.000001 0.884158
vn -0.467189 0.000001 0.884158
vn 0.000000 0.467191 0.884157
vn 0.330346 0.330347 0.884162
vn 0.000000 0.467194 0.884155
vn 0.330352 0.330351 -0.884158
vn 0.467190 -0.000001 -0.884157
vn 0.467191 -0.000001 -0.884157
vn -0.330353 -0.330351 -0.884158
vn -0.000001 -0.467196 -0.884154
vn -0.330351 -0.330352 -0.884158
vn -0.330352 0.330351 -0.884158
vn 0.000000 0.467195 -0.884154
vn 0.000000 0.467198 -0.884153
vn 0.467189 0.000001 0.884158
vn 0.330356 -0.330355 0.884155
vn 0.467188 0.000001 0.884158
vn -0.330352 -0.330349 0.884159
vn -0.467188 0.000001 0.884158
vn -0.330349 -0.330349 0.884160
vn 0.330355 -0.330361 -0.884154
vn -0.000001 -0.467196 -0.884154
vn -0.000003 -0.467197 -0.884154
vn -0.330352 0.330351 -0.884158
vn -0.467190 0.000000 -0.884157
vn -0.330349 0.330352 -0.884159
vn 0.330352 0.330339 0.884163
vn 0.467188 0.000001 0.884158
vn 0.330346 0.330347 0.884162
vn -0.330352 -0.330349 0.884159
vn -0.000001 -0.467196 0.884154
vn -0.000003 -0.467197 0.884153
vn 0.330352 0.330351 -0.884158
vn 0.000000 0.467195 -0.884154
vn 0.330350 0.330352 -0.884159
vn 0.467191 -0.000001 -0.884157
vn 0.330357 -0.330358 -0.884154
vn 0.330355 -0.330361 -0.884154
vn -0.330353 -0.330351 -0.884158
vn -0.467190 0.000000 -0.884157
vn -0.467191 -0.000000 -0.884157
vn -0.707110 0.707104 0.000001
vn -0.000004 1.000000 0.000000
vn -0.707111 0.707102 0.000000
vn 0.000000 1.000000 0.000000
vn -0.707106 0.707108 0.000000
vn 0.000000 1.000000 0.000000
vn 0.000000 -1.000000 0.000000
vn 0.707104 -0.707109 0.000000
vn 0.000000 -1.000000 0.000000
vn -1.000000 -0.000001 0.000000
vn -0.707106 0.707108 0.000000
vn -0.707107 0.707107 0.000000
vn 0.707105 -0.707109 0.000000
vn 1.000000 -0.000003 0.000000
vn 0.707104 -0.707109 0.000000
vn 1.000000 -0.000004 0.000000
vn 0.707107 0.707107 0.000000
vn 1.000000 -0.000003 0.000000
vn 0.707108 0.707106 0.000000
vn 0.000000 1.000000 0.000000
vn 0.707107 0.707107 0.000000
vn 0.000000 -1.000000 0.000000
vn -0.707105 -0.707109 0.000000
vn -0.000000 -1.000000 0.000000
vn 1.000000 0.000000 0.000000
vn 0.980785 0.195091 0.000000
vn 1.000000 0.000000 0.000000
vn -0.962296 0.272004 0.000000
vn -0.893842 0.448382 0.000000
vn -0.962296 0.272004 0.000000
vn 0.000000 -0.000000 1.000000
vn 0.000000 0.000000 1.000000
vn 0.000000 0.000000 1.000000
vn -0.585591 0.810607 0.000000
vn 0.028916 0.999582 0.000000
vn 0.028919 0.999582 0.000000
vn -0.893842 0.448382 0.000000
vn -0.585592 0.810606 0.000000
vn -0.585591 0.810607 0.000000
vn 0.707106 0.707107 0.000000
vn 0.028919 0.999582 0.000000
vn 0.028916 0.999582 0.000000
vn 0.980785 0.195091 0.000000
vn 0.707108 0.707106 0.000000
vn 0.707106 0.707107 0.000000
vn 0.000000 0.000001 -1.000000
vn 0.000000 0.000000 -1.000000
vn 0.000000 0.000000 -1.000000
vn 1.000000 0.000000 0.000000
vn 0.980785 0.195090 0.000000
vn 1.000000 0.000000 0.000000
vn -0.962296 0.272004 0.000000
vn -0.893842 0.448382 0.000000
vn -0.962296 0.272004 0.000000
vn 0.000000 0.000000 1.000000
vn 0.000000 0.000000 1.000000
vn 0.000000 0.000000 1.000000
vn -0.585590 0.810608 0.000000
vn 0.028918 0.999582 0.000000
vn 0.028917 0.999582 0.000000
vn -0.893842 0.448382 0.000000
vn -0.585591 0.810607 0.000000
vn -0.585590 0.810608 0.000000
vn 0.707106 0.707107 0.000000
vn 0.028917 0.999582 0.000000
vn 0.028918 0.999582 0.000000
vn 0.980785 0.195090 0.000000
vn 0.707106 0.707107 0.000000
vn 0.707106 0.707107 0.000000
vn 0.000000 0.000001 -1.000000
vn 0.000000 0.000001 -1.000000
vn 0.000000 0.000000 -1.000000
vn 0.000000 1.000000 0.000000
vn -0.707109 0.707105 0.000000
vn -0.707109 0.707105 0.000000
vn 0.707102 -0.707111 0.000000
vn 1.000000 0.000002 0.000000
vn 1.000000 0.000000 0.000000
vn -0.000004 -1.000000 0.000000
vn 0.707106 -0.707107 0.000000
vn 0.707102 -0.707111 0.000000
vn -0.707106 -0.707107 0.000000
vn 0.000004 -1.000000 0.000000
vn -0.000004 -1.000000 0.000000
vn -1.000000 0.000002 0.000000
vn -0.707103 -0.707111 0.000000
vn -0.707106 -0.707107 0.000000
vn -0.707109 0.707105 0.000000
vn -1.000000 0.000000 0.000000
vn -1.000000 0.000002 0.000000
vn 0.000000 0.000000 -1.000000
vn 0.000000 0.000000 -1.000000
vn 0.000000 0.000000 -1.000000
vn -1.000000 -0.000003 0.000000
vn -0.707105 -0.707109 0.000000
vn -0.707105 -0.707109 0.000000
vn 0.707109 0.707105 0.000000
vn 0.000000 1.000000 0.000000
vn 0.000000 1.000000 0.000000
vn 0.000000 0.000000 1.000000
vn 0.000000 0.000000 1.000000
vn 0.000000 0.000000 1.000000
vn 1.000000 0.000000 0.000000
vn 0.707109 0.707105 0.000000
vn 0.707109 0.707105 0.000000
vn -0.707109 0.707104 0.000000
vn -1.000000 0.000002 0.000000
vn -1.000000 0.000001 0.000000
vn -1.000000 0.000001 0.000000
vn -0.707107 -0.707107 0.000000
vn -0.707103 -0.707110 0.000000
vn -0.707103 -0.707110 0.000000
vn -0.000004 -1.000000 0.000000
vn 0.000004 -1.000000 0.000000
vn 0.000004 -1.000000 0.000000
vn 0.707103 -0.707110 0.000000
vn 0.707107 -0.707107 0.000000
vn 0.707107 -0.707107 0.000000
vn 1.000000 0.000001 0.000000
vn 1.000000 0.000002 0.000000
vn 1.000000 0.000002 0.000000
vn 0.707109 0.707105 0.000000
vn 0.707107 0.707107 0.000000
vn 0.707107 0.707107 0.000000
vn 0.000004 1.000000 0.000000
vn -0.000004 1.000000 0.000000
vn -0.330351 0.330351 -0.884159
vn 0.000000 0.467185 -0.884159
vn -0.330352 0.330349 -0.884159
vn 0.330355 -0.330360 -0.884154
vn 0.000000 -0.467196 -0.884154
vn 0.000000 -0.467195 -0.884154
vn -0.467190 -0.000001 -0.884157
vn -0.330352 0.330349 -0.884159
vn -0.467191 -0.000002 -0.884156
vn 0.000000 0.467185 -0.884159
vn 0.330351 0.330352 -0.884158
vn 0.330352 0.330350 -0.884159
vn 0.467190 -0.000001 0.884157
vn 0.330352 0.330350 0.884158
vn 0.467191 -0.000001 0.884157
vn -0.330355 -0.330359 0.884154
vn -0.000000 -0.467199 0.884153
vn 0.000000 -0.467198 0.884153
vn 0.000000 0.467185 0.884159
vn -0.330351 0.330350 0.884159
vn -0.330353 0.330348 0.884159
vn 0.467191 -0.000001 -0.884157
vn 0.330357 -0.330357 -0.884154
vn 0.330355 -0.330360 -0.884154
vn -0.330357 -0.330357 -0.884154
vn -0.467191 -0.000002 -0.884156
vn -0.330355 -0.330360 -0.884154
vn -0.000000 -0.467199 0.884153
vn 0.330355 -0.330360 0.884154
vn 0.000000 -0.467198 0.884153
vn -0.330353 0.330348 0.884159
vn -0.467190 0.000000 0.884157
vn -0.467191 0.000001 0.884156
vn 0.330352 0.330350 -0.884159
vn 0.467190 -0.000000 -0.884157
vn 0.467191 -0.000001 -0.884157
vn 0.000000 -0.467196 -0.884154
vn -0.330355 -0.330360 -0.884154
vn 0.000000 -0.467195 -0.884154
vn 0.330351 0.330352 0.884158
vn 0.000000 0.467185 0.884159
vn 0.330352 0.330350 0.884158
vn 0.330357 -0.330358 0.884154
vn 0.467191 -0.000001 0.884157
vn 0.330355 -0.330360 0.884154
vn -0.467191 0.000001 0.884156
vn -0.330357 -0.330357 0.884154
vn -0.330355 -0.330359 0.884154
vn -0.000004 1.000000 0.000000
vn -0.707107 0.707107 0.000000
vn -0.707109 0.707104 0.000000
vn 0.000000 1.000000 0.000000
vn -0.707108 0.707105 0.000000
vn -0.707109 0.707105 0.000000
vn 0.707105 -0.707109 0.000000
vn -0.000000 -1.000000 0.000000
vn 0.707105 -0.707109 0.000000
vn -0.707109 0.707105 0.000000
vn -1.000000 -0.000002 0.000000
vn -1.000000 -0.000003 0.000000
vn 1.000000 -0.000003 0.000000
vn 0.707105 -0.707109 0.000000
vn 1.000000 -0.000002 0.000000
vn 0.707109 0.707104 0.000000
vn 1.000000 -0.000002 0.000000
vn 0.707108 0.707105 0.000000
vn 0.000000 1.000000 0.000000
vn 0.707108 0.707105 0.000000
vn -0.000000 1.000000 0.000000
vn 0.909593 -0.415500 0.000000
vn 0.972681 -0.232146 0.000000
vn 0.909593 -0.415500 0.000000
vn 0.000000 0.000000 -1.000000
vn 0.000000 0.000000 -1.000000
vn 0.000000 -0.000000 -1.000000
vn 0.000000 0.000000 1.000000
vn 0.000000 0.000000 1.000000
vn 0.000000 0.000000 1.000000
vn 0.115397 -0.993320 0.000000
vn 0.417000 -0.908906 0.000000
vn 0.115397 -0.993320 0.000000
vn 0.417000 -0.908906 0.000000
vn 0.736454 -0.676487 0.000000
vn 0.417000 -0.908906 0.000000
vn 0.736454 -0.676488 0.000000
vn 0.909593 -0.415500 0.000000
vn 0.736454 -0.676487 0.000000
vn 0.115397 -0.993320 0.000000
vn 0.000000 -1.000000 0.000000
vn 0.000000 -1.000000 0.000000
vn 0.078477 0.996916 0.000000
vn 0.332977 0.942935 -0.000000
vn 0.078478 0.996916 0.000000
vn 0.332976 0.942935 0.000000
vn 0.668216 0.743967 0.000000
vn 0.332977 0.942935 -0.000000
vn 0.668216 0.743967 -0.000000
vn 0.913508 0.406820 -0.000000
vn 0.668216 0.743967 0.000000
vn 0.913508 0.406820 -0.000001
vn 0.999646 0.026614 -0.000000
vn 0.913508 0.406820 -0.000000
vn 0.999646 0.026614 -0.000000
vn 0.972681 -0.232146 0.000000
vn 0.972681 -0.232145 0.000000
vn 0.000000 1.000000 0.000000
vn 0.078477 0.996916 0.000000
vn 0.078478 0.996916 0.000000
vn 0.909593 -0.415500 0.000000
vn 0.972681 -0.232146 0.000000
vn 0.972681 -0.232145 0.000000
vn 0.000000 -0.000000 1.000000
vn 0.000000 0.000000 1.000000
vn 0.000000 0.000000 1.000000
vn 0.000000 0.000000 -1.000000
vn 0.000000 0.000000 -1.000000
vn 0.000000 0.000000 -1.000000
vn 0.417000 -0.908906 0.000000
vn 0.115397 -0.993320 0.000000
vn 0.115397 -0.993320 0.000000
vn 0.736454 -0.676487 0.000000
vn 0.417000 -0.908906 0.000000
vn 0.417000 -0.908906 0.000000
vn 0.909593 -0.415500 0.000000
vn 0.736454 -0.676487 0.000000
vn 0.736454 -0.676487 0.000000
vn 0.000000 -1.000000 0.000000
vn 0.115397 -0.993320 0.000000
vn 0.000000 -1.000000 0.000000
vn 0.332977 0.942935 0.000000
vn 0.078477 0.996916 0.000000
vn 0.078478 0.996916 0.000000
vn 0.668216 0.743967 0.000000
vn 0.332976 0.942935 0.000000
vn 0.332977 0.942935 0.000000
vn 0.913508 0.406820 0.000000
vn 0.668216 0.743967 0.000000
vn 0.668216 0.743967 0.000000
vn 0.999646 0.026614 0.000000
vn 0.913508 0.406820 0.000001
vn 0.913508 0.406820 0.000000
vn 0.999646 0.026614 0.000000
vn 0.972681 -0.232146 0.000000
vn 0.999646 0.026614 0.000000
vn 0.078477 0.996916 0.000000
vn 0.000000 1.000000 0.000000
vn 0.078478 0.996916 0.000000
vn 0.000000 -1.000000 0.000000
vn -0.707106 -0.707108 0.000000
vn -0.707106 -0.707108 0.000000
vn -1.000000 0.000000 0.000000
vn -1.000000 0.000000 0.000000
vn -1.000000 0.000000 0.000000
vn 0.175904 -0.984407 0.000000
vn 0.000000 -1.000000 0.000000
vn 0.000000 -1.000000 0.000000
vn 0.917135 -0.398578 0.000000
vn 0.998853 -0.047892 0.000000
vn 0.995391 -0.095895 0.000000
vn 0.000000 -1.000000 0.000000
vn 0.000000 -1.000000 0.000000
vn 0.000000 -1.000000 0.000000
vn 0.000000 0.000000 1.000000
vn 0.000000 0.000000 1.000000
vn 0.000000 0.000000 1.000000
vn 0.000000 0.000000 -1.000000
vn 0.000004 0.000000 -1.000000
vn 0.000000 0.000000 -1.000000
vn -1.000000 0.000000 0.000000
vn -1.000000 0.000000 0.000000
vn -1.000000 0.000000 0.000000
vn 1.000000 0.000000 0.000000
vn 1.000000 0.000000 0.000000
vn 1.000000 0.000000 0.000000
vn -0.000006 0.000000 1.000000
vn -0.000006 0.000000 1.000000
vn -0.000006 0.000000 1.000000
vn 0.998853 -0.047892 0.000000
vn 0.995392 -0.095895 0.000000
vn 1.000000 0.000000 0.000000
vn 0.000004 0.000000 -1.000000
vn 0.000000 0.000000 -1.000000
vn 0.000003 -0.000001 -1.000000
vn 0.000005 -0.000002 -1.000000
vn 0.000006 -0.000000 -1.000000
vn 0.000006 0.000000 -1.000000
vn 0.000004 0.000000 -1.000000
vn 0.000003 -0.000001 -1.000000
vn 0.000006 0.000000 -1.000000
vn -0.000006 0.000000 1.000000
vn -0.000006 0.000000 1.000000
vn -0.000005 0.000002 1.000000
vn -0.000003 0.000000 1.000000
vn 0.000000 0.000000 1.000000
vn -0.000004 -0.000000 1.000000
vn -0.000006 0.000000 1.000000
vn -0.000005 0.000002 1.000000
vn -0.000003 0.000000 1.000000
vn 0.175904 -0.984407 0.000000
vn 0.175904 -0.984407 0.000000
vn 0.603832 -0.797112 0.000000
vn 0.603832 -0.797112 0.000000
vn 0.917134 -0.398578 0.000000
vn 0.917134 -0.398578 0.000000
vn 0.917134 -0.398578 0.000000
vn 0.995392 -0.095895 0.000000
vn 0.998853 -0.047892 0.000000
vn 0.000006 0.000000 -1.000000
vn 0.000006 0.000000 -1.000000
vn 0.000006 -0.000000 -1.000000
vn 0.603832 -0.797112 0.000000
vn 0.917135 -0.398578 0.000000
vn 0.917134 -0.398578 0.000000
vn 0.175904 -0.984407 0.000000
vn 0.175904 -0.984407 0.000000
vn 0.603832 -0.797112 0.000000
vn 0.995391 -0.095895 0.000000
vn 0.998853 -0.047892 0.000000
vn 1.000000 0.000000 0.000000
vn 0.998853 -0.047892 0.000000
vn 0.998853 -0.047892 0.000000
vn 1.000000 0.000000 0.000000
vn 1.000000 0.000000 0.000000
vn 1.000000 0.000000 0.000000
vn 1.000000 0.000000 0.000000
vn 0.000000 0.000000 -1.000000
vn 0.000000 0.000000 -1.000000
vn 0.000000 0.000000 -1.000000
vn 0.000000 0.000000 -1.000000
vn 0.000000 0.000000 -1.000000
vn 0.000000 0.000000 -1.000000
vn -0.000001 0.000000 -1.000000
vn -0.000001 0.000000 -1.000000
vn 0.000000 0.000000 -1.000000
vn 0.000000 0.000000 -1.000000
vn 0.000000 0.000000 -1.000000
vn 0.000000 0.000000 -1.000000
vn -1.000000 -0.000024 0.000110
vn -1.000000 -0.000009 0.000049
vn -1.000000 0.000006 0.000004
vn -1.000000 -0.000009 0.000049
vn -1.000000 0.000000 0.000000
vn -1.000000 0.000000 0.000000
vn 0.178519 0.983937 0.000001
vn 0.072999 0.997332 0.000000
vn 0.072999 0.997332 -0.000000
vn 0.000000 -1.000000 0.000000
vn 0.000000 -1.000000 0.000000
vn 0.000000 -1.000000 0.000000
vn 0.000000 -1.000000 0.000000
vn 0.000000 -1.000000 0.000000
vn 0.000000 -1.000000 0.000000
vn -0.000000 -0.000000 1.000000
vn 0.000001 -0.000000 1.000000
vn 0.000001 -0.000000 1.000000
vn -0.000000 -0.000000 1.000000
vn 0.000001 -0.000000 1.000000
vn -0.000000 -0.000000 1.000000
vn 0.000000 0.000000 1.000000
vn 0.000000 0.000000 1.000000
vn -0.000001 -0.000000 1.000000
vn 0.000000 0.000000 1.000000
vn -0.000000 -0.000000 1.000000
vn -0.000001 -0.000000 1.000000
vn 0.175904 -0.984407 0.000000
vn 0.000000 -1.000000 0.000000
vn 0.000000 -1.000000 0.000000
vn 1.000000 0.000000 0.000000
vn 1.000000 0.000000 0.000000
vn 0.998853 -0.047892 0.000000
vn -1.000000 -0.000012 0.000029
vn -1.000000 0.000000 0.000000
vn -1.000000 -0.000009 0.000049
vn -1.000000 0.000000 0.000000
vn -1.000000 0.000000 0.000000
vn -1.000000 0.000000 0.000000
vn 0.178519 0.983937 -0.000000
vn 0.072999 0.997332 -0.000000
vn 0.072999 0.997332 0.000000
vn 0.178519 0.983937 -0.000000
vn 0.231193 0.972908 0.000000
vn 0.383464 0.923556 0.000000
vn 0.231193 0.972908 0.000002
vn 0.072998 0.997332 0.000000
vn 0.072999 0.997332 0.000000
vn 0.383464 0.923556 0.000001
vn 0.231193 0.972908 0.000002
vn 0.178519 0.983937 0.000001
vn 0.980785 0.195091 0.000000
vn 0.980785 0.195091 0.000000
vn 1.000000 0.000000 0.000000
vn -0.893841 0.448384 0.000000
vn -0.893841 0.448383 0.000000
vn -0.962296 0.272003 0.000000
vn 0.000000 -0.000000 -1.000000
vn 0.000000 -0.000000 -1.000000
vn 0.000000 0.000000 -1.000000
vn 0.000000 0.000000 -1.000000
vn 0.000000 0.000001 -1.000000
vn 0.000000 0.000000 -1.000000
vn 0.000000 0.000001 -1.000000
vn 0.000000 0.000000 -1.000000
vn 0.000000 0.000000 -1.000000
vn 0.000000 0.000000 -1.000000
vn 0.000000 0.000000 -1.000000
vn 0.000000 0.000000 -1.000000
vn 0.028916 0.999582 0.000000
vn -0.585590 0.810608 0.000000
vn -0.585589 0.810608 0.000000
vn -0.585590 0.810608 0.000000
vn -0.893841 0.448383 0.000000
vn -0.893841 0.448384 0.000000
vn 0.028919 0.999582 0.000000
vn 0.707107 0.707106 0.000000
vn 0.707107 0.707107 0.000000
vn 0.707107 0.707106 0.000000
vn 0.980785 0.195091 0.000000
vn 0.980785 0.195091 0.000000
vn 0.000000 0.000000 1.000000
vn 0.000000 0.000000 1.000000
vn 0.000000 0.000000 1.000000
vn 0.000000 0.000000 1.000000
vn 0.000000 0.000000 1.000000
vn 0.000000 0.000000 1.000000
vn 0.000000 0.000000 1.000000
vn 0.000000 0.000000 1.000000
vn 0.000000 0.000000 1.000000
vn 0.000000 0.000000 1.000000
vn 0.000000 0.000000 1.000000
vn 0.000000 0.000000 1.000000
vn 0.980785 0.195090 0.000000
vn 0.980785 0.195090 0.000000
vn 1.000000 0.000000 0.000000
vn -0.893841 0.448383 0.000000
vn -0.893841 0.448383 0.000000
vn -0.962296 0.272003 0.000000
vn 0.000000 0.000000 -1.000000
vn 0.000000 -0.000000 -1.000000
vn 0.000000 0.000000 -1.000000
vn 0.000000 0.000000 -1.000000
vn 0.000000 0.000000 -1.000000
vn 0.000000 0.000000 -1.000000
vn 0.000000 0.000000 -1.000000
vn 0.000000 -0.000000 -1.000000
vn 0.000000 0.000000 -1.000000
vn 0.000000 -0.000000 -1.000000
vn 0.000000 0.000000 -1.000000
vn 0.000000 0.000000 -1.000000
vn 0.028917 0.999582 0.000000
vn -0.585589 0.810608 0.000000
vn -0.585589 0.810608 0.000000
vn -0.585589 0.810608 0.000000
vn -0.893841 0.448383 0.000000
vn -0.893841 0.448383 0.000000
vn 0.028917 0.999582 0.000000
vn 0.707106 0.707107 0.000000
vn 0.707106 0.707107 0.000000
vn 0.707106 0.707107 0.000000
vn 0.980785 0.195090 0.000000
vn 0.980785 0.195090 0.000000
vn 0.000000 0.000000 1.000000
vn 0.000000 0.000000 1.000000
vn 0.000000 0.000000 1.000000
vn 0.000000 0.000000 1.000000
vn 0.000000 -0.000000 1.000000
vn 0.000000 0.000000 1.000000
vn 0.000000 -0.000000 1.000000
vn 0.000000 -0.000001 1.000000
vn 0.000000 -0.000000 1.000000
vn 0.000000 -0.000000 1.000000
vn 0.000000 0.000000 1.000000
vn 0.000000 -0.000000 1.000000
vn -0.707110 0.707104 0.000000
vn -0.000004 1.000000 0.000000
vn 0.000004 1.000000 0.000000
vn 1.000000 -0.000000 0.000000
vn 0.707106 -0.707107 0.000000
vn 0.707102 -0.707111 0.000000
vn 0.707106 -0.707107 0.000000
vn -0.000001 -1.000000 0.000000
vn -0.000009 -1.000000 0.000000
vn -0.000001 -1.000000 0.000000
vn -0.707106 -0.707108 0.000000
vn -0.707110 -0.707104 0.000000
vn -0.707106 -0.707108 0.000000
vn -1.000000 -0.000001 0.000000
vn -1.000000 0.000002 0.000000
vn -1.000000 -0.000001 0.000000
vn -0.707110 0.707104 0.000000
vn -0.707106 0.707108 0.000000
vn 0.000000 -0.000000 1.000000
vn 0.000000 0.000000 1.000000
vn 0.000000 -0.000002 1.000000
vn 0.000000 -0.000002 1.000000
vn 0.000000 -0.000001 1.000000
vn 0.000000 -0.000000 1.000000
vn 0.000000 -0.000001 1.000000
vn 0.000000 -0.000001 1.000000
vn 0.000000 -0.000000 1.000000
vn 0.000000 -0.000001 1.000000
vn 0.000000 -0.000000 1.000000
vn 0.000000 -0.000000 1.000000
vn 0.000000 -0.000000 1.000000
vn 0.000000 0.000002 1.000000
vn 0.000000 -0.000000 1.000000
vn -0.707106 -0.707108 0.000000
vn -0.707106 -0.707108 0.000000
vn -1.000000 0.000000 0.000000
vn -0.000004 1.000000 0.000000
vn 0.707107 0.707106 0.000000
vn 0.707111 0.707102 0.000000
vn 0.000000 0.000000 -1.000000
vn 0.000000 0.000000 -1.000000
vn 0.000000 0.000000 -1.000000
vn 0.000000 0.000000 -1.000000
vn 0.000000 0.000000 -1.000000
vn 0.000000 0.000000 -1.000000
vn 0.000000 0.000000 -1.000000
vn 0.000000 0.000001 -1.000000
vn 0.000000 0.000000 -1.000000
vn 0.000000 0.000000 -1.000000
vn 0.000000 0.000000 -1.000000
vn 0.000000 0.000000 -1.000000
vn 0.000000 0.000000 -1.000000
vn 0.000000 0.000000 -1.000000
vn 0.000000 0.000000 -1.000000
vn 0.707107 0.707106 0.000000
vn 1.000000 -0.000000 0.000000
vn 1.000000 -0.000004 0.000000
vn -1.000000 0.000004 -0.000001
vn -1.000000 -0.000002 0.000001
vn -0.707110 0.707104 0.000001
vn -0.707109 -0.707105 -0.000001
vn -0.707104 -0.707109 0.000000
vn -1.000000 -0.000002 0.000001
vn -0.000001 -1.000000 0.000000
vn -0.707104 -0.707109 0.000000
vn -0.707109 -0.707105 -0.000001
vn 0.707105 -0.707109 0.000000
vn -0.000001 -1.000000 0.000000
vn -0.000009 -1.000000 0.000000
vn 1.000000 0.000001 0.000000
vn 0.707105 -0.707109 0.000000
vn 0.707103 -0.707110 0.000000
vn 0.707113 0.707101 0.000000
vn 1.000000 0.000001 0.000000
vn 1.000000 0.000002 0.000000
vn 0.000004 1.000000 0.000000
vn 0.707113 0.707101 0.000000
vn 0.707110 0.707104 0.000000
vn 0.000000 0.467191 0.884157
vn 0.000000 0.467194 0.884155
vn -0.330346 0.330347 0.884162
vn 0.330353 -0.330359 0.884155
vn -0.000003 -0.467197 0.884153
vn -0.000001 -0.467196 0.884154
vn -0.330351 0.330340 0.884163
vn -0.330346 0.330347 0.884162
vn -0.467188 0.000001 0.884158
vn 0.000000 0.467191 0.884157
vn 0.330352 0.330339 0.884163
vn 0.330346 0.330347 0.884162
vn 0.330352 0.330351 -0.884158
vn 0.330350 0.330352 -0.884159
vn 0.467190 -0.000001 -0.884157
vn -0.330353 -0.330351 -0.884158
vn -0.000003 -0.467197 -0.884154
vn -0.000001 -0.467196 -0.884154
vn -0.330352 0.330351 -0.884158
vn -0.330349 0.330352 -0.884159
vn 0.000000 0.467195 -0.884154
vn 0.467189 0.000001 0.884158
vn 0.330353 -0.330359 0.884155
vn 0.330356 -0.330355 0.884155
vn -0.330352 -0.330349 0.884159
vn -0.467189 0.000001 0.884158
vn -0.467188 0.000001 0.884158
vn 0.330355 -0.330361 -0.884154
vn 0.330357 -0.330358 -0.884154
vn -0.000001 -0.467196 -0.884154
vn -0.330352 0.330351 -0.884158
vn -0.467191 -0.000000 -0.884157
vn -0.467190 0.000000 -0.884157
vn 0.330352 0.330339 0.884163
vn 0.467189 0.000001 0.884158
vn 0.467188 0.000001 0.884158
vn -0.330352 -0.330349 0.884159
vn -0.330349 -0.330349 0.884160
vn -0.000001 -0.467196 0.884154
vn 0.330352 0.330351 -0.884158
vn 0.000000 0.467198 -0.884153
vn 0.000000 0.467195 -0.884154
vn 0.467191 -0.000001 -0.884157
vn 0.467190 -0.000001 -0.884157
vn 0.330357 -0.330358 -0.884154
vn -0.330353 -0.330351 -0.884158
vn -0.330351 -0.330352 -0.884158
vn -0.467190 0.000000 -0.884157
vn -0.707110 0.707104 0.000001
vn 0.000004 1.000000 0.000000
vn -0.000004 1.000000 0.000000
vn 0.000000 1.000000 0.000000
vn -0.707107 0.707107 0.000000
vn -0.707106 0.707108 0.000000
vn 0.000000 -1.000000 0.000000
vn 0.707105 -0.707109 0.000000
vn 0.707104 -0.707109 0.000000
vn -1.000000 -0.000001 0.000000
vn -1.000000 0.000000 0.000000
vn -0.707106 0.707108 0.000000
vn 0.707105 -0.707109 0.000000
vn 1.000000 -0.000004 0.000000
vn 1.000000 -0.000003 0.000000
vn 1.000000 -0.000004 0.000000
vn 0.707108 0.707106 0.000000
vn 0.707107 0.707107 0.000000
vn 0.707108 0.707106 0.000000
vn 0.000000 1.000000 0.000000
vn 0.000000 1.000000 0.000000
vn 0.000000 -1.000000 0.000000
vn -0.707105 -0.707109 0.000000
vn -0.707105 -0.707109 0.000000
vn 1.000000 0.000000 0.000000
vn 0.980785 0.195090 0.000000
vn 0.980785 0.195091 0.000000
vn -0.962296 0.272004 0.000000
vn -0.893842 0.448382 0.000000
vn -0.893842 0.448382 0.000000
vn 0.000000 0.000000 1.000000
vn 0.000000 -0.000000 1.000000
vn 0.000000 -0.000000 1.000000
vn 0.000000 -0.000000 1.000000
vn 0.000000 0.000000 1.000000
vn 0.000000 0.000000 1.000000
vn 0.000000 0.000000 1.000000
vn 0.000000 0.000000 1.000000
vn 0.000000 -0.000001 1.000000
vn 0.000000 -0.000000 1.000000
vn 0.000000 0.000000 1.000000
vn 0.000000 -0.000001 1.000000
vn -0.585591 0.810607 0.000000
vn -0.585592 0.810606 0.000000
vn 0.028916 0.999582 0.000000
vn -0.893842 0.448382 0.000000
vn -0.893842 0.448382 0.000000
vn -0.585592 0.810606 0.000000
vn 0.707106 0.707107 0.000000
vn 0.707108 0.707106 0.000000
vn 0.028919 0.999582 0.000000
vn 0.980785 0.195091 0.000000
vn 0.980785 0.195090 0.000000
vn 0.707108 0.707106 0.000000
vn 0.000000 0.000000 -1.000000
vn 0.000000 0.000000 -1.000000
vn 0.000000 0.000000 -1.000000
vn 0.000000 0.000000 -1.000000
vn 0.000000 0.000000 -1.000000
vn 0.000000 0.000000 -1.000000
vn 0.000000 0.000000 -1.000000
vn 0.000000 0.000000 -1.000000
vn 0.000000 0.000000 -1.000000
vn 0.000000 0.000000 -1.000000
vn 0.000000 0.000001 -1.000000
vn 0.000000 0.000000 -1.000000
vn 1.000000 0.000000 0.000000
vn 0.980785 0.195090 0.000000
vn 0.980785 0.195090 0.000000
vn -0.962296 0.272004 0.000000
vn -0.893842 0.448381 0.000000
vn -0.893842 0.448382 0.000000
vn 0.000000 0.000000 1.000000
vn 0.000000 0.000000 1.000000
vn 0.000000 0.000000 1.000000
vn 0.000000 0.000000 1.000000
vn 0.000000 0.000000 1.000000
vn 0.000000 0.000000 1.000000
vn 0.000000 0.000000 1.000000
vn 0.000000 0.000000 1.000000
vn 0.000000 0.000000 1.000000
vn 0.000000 0.000000 1.000000
vn 0.000000 0.000000 1.000000
vn 0.000000 0.000000 1.000000
vn -0.585590 0.810608 0.000000
vn -0.585591 0.810607 0.000000
vn 0.028918 0.999582 0.000000
vn -0.893842 0.448382 0.000000
vn -0.893842 0.448381 0.000000
vn -0.585591 0.810607 0.000000
vn 0.707106 0.707107 0.000000
vn 0.707106 0.707107 0.000000
vn 0.028917 0.999582 0.000000
vn 0.980785 0.195090 0.000000
vn 0.980785 0.195090 0.000000
vn 0.707106 0.707107 0.000000
vn 0.000000 0.000000 -1.000000
vn 0.000000 0.000000 -1.000000
vn 0.000000 -0.000000 -1.000000
vn 0.000000 0.000000 -1.000000
vn 0.000000 0.000000 -1.000000
vn 0.000000 -0.000000 -1.000000
vn 0.000000 -0.000000 -1.000000
vn 0.000000 -0.000000 -1.000000
vn 0.000000 0.000000 -1.000000
vn 0.000000 -0.000000 -1.000000
vn 0.000000 0.000001 -1.000000
vn 0.000000 0.000000 -1.000000
vn 0.000000 1.000000 0.000000
vn 0.000000 1.000000 0.000000
vn -0.707109 0.707105 0.000000
vn 0.707102 -0.707111 0.000000
vn 0.707106 -0.707107 0.000000
vn 1.000000 0.000002 0.000000
vn -0.000004 -1.000000 0.000000
vn 0.000004 -1.000000 0.000000
vn 0.707106 -0.707107 0.000000
vn -0.707106 -0.707107 0.000000
vn -0.707103 -0.707111 0.000000
vn 0.000004 -1.000000 0.000000
vn -1.000000 0.000002 0.000000
vn -1.000000 0.000000 0.000000
vn -0.707103 -0.707111 0.000000
vn -0.707109 0.707105 0.000000
vn -0.707109 0.707105 0.000000
vn -1.000000 0.000000 0.000000
vn 0.000000 0.000000 -1.000000
vn 0.000000 0.000000 -1.000000
vn 0.000000 0.000000 -1.000000
vn 0.000000 0.000000 -1.000000
vn 0.000000 -0.000000 -1.000000
vn 0.000000 0.000000 -1.000000
vn 0.000000 -0.000000 -1.000000
vn 0.000000 -0.000002 -1.000000
vn 0.000000 0.000000 -1.000000
vn 0.000000 0.000000 -1.000000
vn 0.000000 0.000002 -1.000000
vn 0.000000 -0.000000 -1.000000
vn 0.000000 -0.000000 -1.000000
vn 0.000000 0.000000 -1.000000
vn 0.000000 0.000000 -1.000000
vn -1.000000 -0.000003 0.000000
vn -1.000000 -0.000002 0.000000
vn -0.707105 -0.707109 0.000000
vn 0.707109 0.707105 0.000000
vn 0.707109 0.707105 0.000000
vn 0.000000 1.000000 0.000000
vn 0.000000 0.000000 1.000000
vn 0.000000 0.000000 1.000000
vn 0.000000 0.000000 1.000000
vn 0.000000 0.000000 1.000000
vn 0.000000 0.000000 1.000000
vn 0.000000 0.000000 1.000000
vn 0.000000 0.000000 1.000000
vn 0.000000 0.000000 1.000000
vn 0.000000 0.000000 1.000000
vn 0.000000 0.000000 1.000000
vn 0.000000 0.000000 1.000000
vn 0.000000 0.000000 1.000000
vn 0.000000 0.000000 1.000000
vn 0.000000 0.000000 1.000000
vn 0.000000 0.000000 1.000000
vn 1.000000 0.000000 0.000000
vn 1.000000 0.000002 0.000000
vn 0.707109 0.707105 0.000000
vn -0.707109 0.707104 0.000000
vn -0.707107 0.707107 0.000000
vn -1.000000 0.000002 0.000000
vn -1.000000 0.000001 0.000000
vn -1.000000 0.000002 0.000000
vn -0.707107 -0.707107 0.000000
vn -0.707103 -0.707110 0.000000
vn -0.707107 -0.707107 0.000000
vn -0.000004 -1.000000 0.000000
vn 0.000004 -1.000000 0.000000
vn -0.000004 -1.000000 0.000000
vn 0.707103 -0.707110 0.000000
vn 0.707107 -0.707107 0.000000
vn 0.707103 -0.707110 0.000000
vn 1.000000 0.000001 0.000000
vn 1.000000 0.000002 0.000000
vn 1.000000 0.000001 0.000000
vn 0.707109 0.707105 0.000000
vn 0.707107 0.707107 0.000000
vn 0.707109 0.707105 0.000000
vn 0.000004 1.000000 0.000000
vn -0.330351 0.330351 -0.884159
vn 0.000000 0.467186 -0.884159
vn 0.000000 0.467185 -0.884159
vn 0.330355 -0.330360 -0.884154
vn 0.330357 -0.330357 -0.884154
vn 0.000000 -0.467196 -0.884154
vn -0.467190 -0.000001 -0.884157
vn -0.330351 0.330351 -0.884159
vn -0.330352 0.330349 -0.884159
vn 0.000000 0.467185 -0.884159
vn 0.000000 0.467186 -0.884159
vn 0.330351 0.330352 -0.884158
vn 0.467190 -0.000001 0.884157
vn 0.330351 0.330352 0.884158
vn 0.330352 0.330350 0.884158
vn -0.330355 -0.330359 0.884154
vn -0.330357 -0.330357 0.884154
vn -0.000000 -0.467199 0.884153
vn 0.000000 0.467185 0.884159
vn 0.000000 0.467186 0.884159
vn -0.330351 0.330350 0.884159
vn 0.467191 -0.000001 -0.884157
vn 0.467190 -0.000000 -0.884157
vn 0.330357 -0.330357 -0.884154
vn -0.330357 -0.330357 -0.884154
vn -0.467190 -0.000001 -0.884157
vn -0.467191 -0.000002 -0.884156
vn -0.000000 -0.467199 0.884153
vn 0.330357 -0.330358 0.884154
vn 0.330355 -0.330360 0.884154
vn -0.330353 0.330348 0.884159
vn -0.330351 0.330350 0.884159
vn -0.467190 0.000000 0.884157
vn 0.330352 0.330350 -0.884159
vn 0.330351 0.330352 -0.884158
vn 0.467190 -0.000000 -0.884157
vn 0.000000 -0.467196 -0.884154
vn -0.330357 -0.330357 -0.884154
vn -0.330355 -0.330360 -0.884154
vn 0.330351 0.330352 0.884158
vn 0.000000 0.467186 0.884159
vn 0.000000 0.467185 0.884159
vn 0.330357 -0.330358 0.884154
vn 0.467190 -0.000001 0.884157
vn 0.467191 -0.000001 0.884157
vn -0.467191 0.000001 0.884156
vn -0.467190 0.000000 0.884157
vn -0.330357 -0.330357 0.884154
vn -0.000004 1.000000 0.000000
vn 0.000004 1.000000 0.000000
vn -0.707107 0.707107 0.000000
vn 0.000000 1.000000 0.000000
vn -0.000000 1.000000 0.000000
vn -0.707108 0.707105 0.000000
vn 0.707105 -0.707109 0.000000
vn 0.000000 -1.000000 0.000000
vn -0.000000 -1.000000 0.000000
vn -0.707109 0.707105 0.000000
vn -0.707108 0.707105 0.000000
vn -1.000000 -0.000002 0.000000
vn 1.000000 -0.000003 0.000000
vn 0.707105 -0.707109 0.000000
vn 0.707105 -0.707109 0.000000
vn 0.707109 0.707104 0.000000
vn 1.000000 -0.000003 0.000000
vn 1.000000 -0.000002 0.000000
vn 0.000000 1.000000 0.000000
vn 0.707109 0.707104 0.000000
vn 0.707108 0.707105 0.000000
vn 0.909593 -0.415500 0.000000
vn 0.972681 -0.232145 0.000000
vn 0.972681 -0.232146 0.000000
vn 0.000000 -0.000000 -1.000000
vn 0.000000 0.000000 -1.000000
vn 0.000000 0.000000 -1.000000
vn 0.000000 0.000000 -1.000000
vn 0.000000 0.000000 -1.000000
vn 0.000000 0.000000 -1.000000
vn 0.000000 0.000000 -1.000000
vn 0.000000 0.000000 -1.000000
vn 0.000000 0.000000 -1.000000
vn 0.000000 0.000000 -1.000000
vn 0.000000 0.000000 -1.000000
vn 0.000000 0.000000 -1.000000
vn 0.000000 0.000000 -1.000000
vn 0.000000 -0.000000 -1.000000
vn 0.000000 0.000000 -1.000000
vn 0.000000 0.000000 -1.000000
vn 0.000000 0.000000 -1.000000
vn 0.000000 0.000000 -1.000000
vn 0.000000 0.000000 -1.000000
vn 0.000000 0.000000 -1.000000
vn 0.000000 0.000000 -1.000000
vn 0.000000 0.000000 -1.000000
vn 0.000000 0.000000 -1.000000
vn 0.000000 0.000000 -1.000000
vn 0.000000 0.000000 -1.000000
vn 0.000000 0.000000 -1.000000
vn 0.000000 -0.000000 -1.000000
vn 0.000000 0.000000 1.000000
vn 0.000000 0.000001 1.000000
vn 0.000000 0.000000 1.000000
vn 0.000000 0.000001 1.000000
vn 0.000000 0.000000 1.000000
vn 0.000000 0.000000 1.000000
vn 0.000000 0.000000 1.000000
vn 0.000000 0.000000 1.000000
vn 0.000000 0.000000 1.000000
vn 0.000000 0.000000 1.000000
vn 0.000000 0.000000 1.000000
vn 0.000000 0.000000 1.000000
vn 0.000000 0.000000 1.000000
vn 0.000000 0.000000 1.000000
vn 0.000000 -0.000000 1.000000
vn 0.000000 0.000000 1.000000
vn 0.000000 0.000000 1.000000
vn 0.000000 0.000000 1.000000
vn 0.000000 0.000000 1.000000
vn 0.000000 0.000000 1.000000
vn 0.000000 0.000000 1.000000
vn 0.000000 0.000000 1.000000
vn 0.000000 -0.000000 1.000000
vn 0.000000 0.000000 1.000000
vn 0.000000 -0.000000 1.000000
vn 0.000000 0.000000 1.000000
vn 0.000000 0.000000 1.000000
vn 0.115397 -0.993320 0.000000
vn 0.417000 -0.908906 0.000000
vn 0.417000 -0.908906 0.000000
vn 0.417000 -0.908906 0.000000
vn 0.736454 -0.676488 0.000000
vn 0.736454 -0.676487 0.000000
vn 0.736454 -0.676488 0.000000
vn 0.909593 -0.415500 0.000000
vn 0.909593 -0.415500 0.000000
vn 0.115397 -0.993320 0.000000
vn 0.115397 -0.993320 0.000000
vn 0.000000 -1.000000 0.000000
vn 0.078477 0.996916 0.000000
vn 0.332976 0.942935 0.000000
vn 0.332977 0.942935 -0.000000
vn 0.332976 0.942935 0.000000
vn 0.668216 0.743967 -0.000000
vn 0.668216 0.743967 0.000000
vn 0.668216 0.743967 -0.000000
vn 0.913508 0.406820 -0.000001
vn 0.913508 0.406820 -0.000000
vn 0.913508 0.406820 -0.000001
vn 0.999646 0.026614 -0.000000
vn 0.999646 0.026614 -0.000000
vn 0.999646 0.026614 -0.000000
vn 0.999646 0.026614 -0.000000
vn 0.972681 -0.232146 0.000000
vn 0.000000 1.000000 0.000000
vn 0.000000 1.000000 0.000000
vn 0.078477 0.996916 0.000000
vn 0.909593 -0.415500 0.000000
vn 0.909593 -0.415500 0.000000
vn 0.972681 -0.232146 0.000000
vn 0.000000 0.000000 1.000000
vn 0.000000 0.000000 1.000000
vn 0.000000 0.000000 1.000000
vn 0.000000 0.000000 1.000000
vn 0.000000 -0.000001 1.000000
vn 0.000000 0.000000 1.000000
vn 0.000000 -0.000001 1.000000
vn 0.000000 0.000000 1.000000
vn 0.000000 0.000001 1.000000
vn 0.000000 0.000001 1.000000
vn 0.000000 0.000000 1.000000
vn 0.000000 -0.000001 1.000000
vn 0.000000 0.000000 1.000000
vn 0.000000 0.000000 1.000000
vn 0.000000 0.000000 1.000000
vn 0.000000 0.000000 1.000000
vn 0.000000 0.000000 1.000000
vn 0.000000 -0.000000 1.000000
vn 0.000000 0.000000 1.000000
vn 0.000000 0.000000 1.000000
vn 0.000000 -0.000000 1.000000
vn 0.000000 0.000000 1.000000
vn 0.000000 0.000000 1.000000
vn 0.000000 -0.000000 1.000000
vn 0.000000 -0.000000 1.000000
vn 0.000000 -0.000000 1.000000
vn 0.000000 0.000000 1.000000
vn 0.000000 0.000000 -1.000000
vn 0.000000 0.000000 -1.000000
vn 0.000000 0.000000 -1.000000
vn 0.000000 0.000000 -1.000000
vn 0.000000 0.000000 -1.000000
vn 0.000000 0.000000 -1.000000
vn 0.000000 0.000000 -1.000000
vn 0.000000 0.000000 -1.000000
vn 0.000000 0.000000 -1.000000
vn 0.000000 0.000000 -1.000000
vn 0.000000 0.000000 -1.000000
vn 0.000000 0.000000 -1.000000
vn 0.000000 0.000000 -1.000000
vn 0.000000 0.000000 -1.000000
vn 0.000000 0.000000 -1.000000
vn 0.000000 0.000000 -1.000000
vn 0.000000 -0.000000 -1.000000
vn 0.000000 0.000000 -1.000000
vn 0.000000 -0.000000 -1.000000
vn 0.000000 0.000000 -1.000000
vn 0.000000 0.000000 -1.000000
vn 0.000000 0.000000 -1.000000
vn 0.000000 0.000001 -1.000000
vn 0.000000 0.000000 -1.000000
vn 0.000000 0.000000 -1.000000
vn 0.000000 0.000000 -1.000000
vn 0.000000 0.000000 -1.000000
vn 0.417000 -0.908906 0.000000
vn 0.417000 -0.908906 0.000000
vn 0.115397 -0.993320 0.000000
vn 0.736454 -0.676487 0.000000
vn 0.736454 -0.676487 0.000000
vn 0.417000 -0.908906 0.000000
vn 0.909593 -0.415500 0.000000
vn 0.909593 -0.415500 0.000000
vn 0.736454 -0.676487 0.000000
vn 0.000000 -1.000000 0.000000
vn 0.115397 -0.993320 0.000000
vn 0.115397 -0.993320 0.000000
vn 0.332977 0.942935 0.000000
vn 0.332976 0.942935 0.000000
vn 0.078477 0.996916 0.000000
vn 0.668216 0.743967 0.000000
vn 0.668216 0.743967 0.000000
vn 0.332976 0.942935 0.000000
vn 0.913508 0.406820 0.000000
vn 0.913508 0.406820 0.000001
vn 0.668216 0.743967 0.000000
vn 0.999646 0.026614 0.000000
vn 0.999646 0.026614 0.000000
vn 0.913508 0.406820 0.000001
vn 0.999646 0.026614 0.000000
vn 0.972681 -0.232145 0.000000
vn 0.972681 -0.232146 0.000000
vn 0.078477 0.996916 0.000000
vn 0.000000 1.000000 0.000000
vn 0.000000 1.000000 0.000000
vn 0.000000 -1.000000 0.000000
vn 0.000000 -1.000000 0.000000
vn -0.707106 -0.707108 0.000000
f 1/1/1 2/2/2 3/3/3
f 4/4/4 5/5/5 6/6/6
f 7/7/7 8/8/8 9/9/9
f 10/10/10 11/11/11 12/12/12
f 13/13/13 14/14/14 15/15/15
f 16/16/16 17/17/17 18/18/18
f 19/19/19 20/20/20 21/21/21
f 22/22/22 23/23/23 24/24/24
f 25/25/25 26/26/26 27/27/27
f 28/28/28 29/29/29 30/30/30
f 31/31/31 32/32/32 33/33/33
f 34/34/34 35/35/35 36/36/36
f 37/37/37 38/38/38 39/39/39
f 40/40/40 41/41/41 42/42/42
f 43/43/43 44/44/44 45/45/45
f 46/46/46 47/47/47 48/48/48
f 49/49/49 50/50/50 51/51/51
f 52/52/52 53/53/53 54/54/54
f 55/55/55 56/56/56 57/57/57
f 58/58/58 59/59/59 60/60/60
f 61/61/61 62/62/62 63/63/63
f 64/64/64 65/65/65 66/66/66
f 67/67/67 68/68/68 69/69/69
f 70/70/70 71/71/71 72/72/72
f 73/73/73 74/74/74 75/75/75
f 76/76/76 77/77/77 78/78/78
f 79/79/79 80/80/80 81/81/81
f 82/82/82 83/83/83 84/84/84
f 85/85/85 86/86/86 87/87/87
f 88/88/88 89/89/89 90/90/90
f 91/91/91 92/92/92 93/93/93
f 94/94/94 95/95/95 96/96/96
f 97/97/97 98/98/98 99/99/99
f 100/100/100 101/101/101 102/102/102
f 103/103/103 104/104/104 105/105/105
f 106/106/106 107/107/107 108/108/108
f 109/109/109 110/110/110 111/111/111
f 112/112/112 113/113/113 114/114/114
f 115/115/115 116/116/116 117/117/117
f 118/118/118 119/119/119 120/120/120
f 121/121/121 122/122/122 123/123/123
f 124/124/124 125/125/125 126/126/126
f 127/127/127 128/128/128 129/129/129
f 130/130/130 131/131/131 132/132/132
f 133/133/133 134/134/134 135/135/135
f 136/136/136 137/137/137 138/138/138
f 139/139/139 140/140/140 141/141/141
f 142/142/142 143/143/143 144/144/144
f 145/145/145 146/146/146 147/147/147
f 148/148/148 149/149/149 150/150/150
f 151/151/151 152/152/152 153/153/153
f 154/154/154 155/155/155 156/156/156
f 157/157/157 158/158/158 159/159/159
f 160/160/160 161/161/161 162/162/162
f 163/163/163 164/164/164 165/165/165
f 166/166/166 167/167/167 168/168/168
f 169/169/169 170/170/170 171/171/171
f 172/172/172 173/173/173 174/174/174
f 175/175/175 176/176/176 177/177/177
f 178/178/178 179/179/179 180/180/180
f 181/181/181 182/182/182 183/183/183
f 184/184/184 185/185/185 186/186/186
f 187/187/187 188/188/188 189/189/189
f 190/190/190 191/191/191 192/192/192
f 193/193/193 194/194/194 195/195/195
f 196/196/196 197/197/197 198/198/198
f 199/199/199 200/200/200 201/201/201
f 202/202/202 203/203/203 204/204/204
f 205/205/205 206/206/206 207/207/207
f 208/208/208 209/209/209 210/210/210
f 211/211/211 212/212/212 213/213/213
f 214/214/214 215/215/215 216/216/216
f 217/217/217 218/218/218 219/219/219
f 220/220/220 221/221/221 222/222/222
f 223/223/223 224/224/224 225/225/225
f 226/226/226 227/227/227 228/228/228
f 229/229/229 230/230/230 231/231/231
f 232/232/232 233/233/233 234/234/234
f 235/235/235 236/236/236 237/237/237
f 238/238/238 239/239/239 240/240/240
f 241/241/241 242/242/242 243/243/243
f 244/244/244 245/245/245 246/246/246
f 247/247/247 248/248/248 249/249/249
f 250/250/250 251/251/251 252/252/252
f 253/253/253 254/254/254 255/255/255
f 256/256/256 257/257/257 258/258/258
f 259/259/259 260/260/260 261/261/261
f 262/262/262 263/263/263 264/264/264
f 265/265/265 266/266/266 267/267/267
f 268/268/268 269/269/269 270/270/270
f 271/271/271 272/272/272 273/273/273
f 274/274/274 275/275/275 276/276/276
f 277/277/277 278/278/278 279/279/279
f 280/280/280 281/281/281 282/282/282
f 283/283/283 284/284/284 285/285/285
f 286/286/286 287/287/287 288/288/288
f 289/289/289 290/290/290 291/291/291
f 292/292/292 293/293/293 294/294/294
f 295/295/295 296/296/296 297/297/297
f 298/298/298 299/299/299 300/300/300
f 301/301/301 302/302/302 303/303/303
f 304/304/304 305/305/305 306/306/306
f 307/307/307 308/308/308 309/309/309
f 310/310/310 311/311/311 312/312/312
f 313/313/313 314/314/314 315/315/315
f 316/316/316 317/317/317 318/318/318
f 319/319/319 320/320/320 321/321/321
f 322/322/322 323/323/323 324/324/324
f 325/325/325 326/326/326 327/327/327
f 328/328/328 329/329/329 330/330/330
f 331/331/331 332/332/332 333/333/333
f 334/334/334 335/335/335 336/336/336
f 337/337/337 338/338/338 339/339/339
f 340/340/340 341/341/341 342/342/342
f 343/343/343 344/344/344 345/345/345
f 346/346/346 347/347/347 348/348/348
f 349/349/349 350/350/350 351/351/351
f 352/352/352 353/353/353 354/354/354
f 355/355/355 356/356/356 357/357/357
f 358/358/358 359/359/359 360/360/360
f 361/361/361 362/362/362 363/363/363
f 364/364/364 365/365/365 366/366/366
f 367/367/367 368/368/368 369/369/369
f 370/370/370 371/371/371 372/372/372
f 373/373/373 374/374/374 375/375/375
f 376/376/376 377/377/377 378/378/378
f 379/379/379 380/380/380 381/381/381
f 382/382/382 383/383/383 384/384/384
f 385/385/385 386/386/386 387/387/387
f 388/388/388 389/389/389 390/390/390
f 391/391/391 392/392/392 393/393/393
f 394/394/394 395/395/395 396/396/396
f 397/397/397 398/398/398 399/399/399
f 400/400/400 401/401/401 402/402/402
f 403/403/403 404/404/404 405/405/405
f 406/406/406 407/407/407 408/408/408
f 409/409/409 410/410/410 411/411/411
f 412/412/412 413/413/413 414/414/414
f 415/415/415 416/416/416 417/417/417
f 418/418/418 419/419/419 420/420/420
f 421/421/421 422/422/422 423/423/423
f 424/424/424 425/425/425 426/426/426
f 427/427/427 428/428/428 429/429/429
f 430/430/430 431/431/431 432/432/432
f 433/433/433 434/434/434 435/435/435
f 436/436/436 437/437/437 438/438/438
f 439/439/439 440/440/440 441/441/441
f 442/442/442 443/443/443 444/444/444
f 445/445/445 446/446/446 447/447/447
f 448/448/448 449/449/449 450/450/450
f 451/451/451 452/452/452 453/453/453
f 454/454/454 455/455/455 456/456/456
f 457/457/457 458/458/458 459/459/459
f 460/460/460 461/461/461 462/462/462
f 463/463/463 464/464/464 465/465/465
f 466/466/466 467/467/467 468/468/468
f 469/469/469 470/470/470 471/471/471
f 472/472/472 473/473/473 474/474/474
f 475/475/475 476/476/476 477/477/477
f 478/478/478 479/479/479 480/480/480
f 481/481/481 482/482/482 483/483/483
f 484/484/484 485/485/485 486/486/486
f 487/487/487 488/488/488 489/489/489
f 490/490/490 491/491/491 492/492/492
f 493/493/493 494/494/494 495/495/495
f 496/496/496 497/497/497 498/498/498
f 499/499/499 500/500/500 501/501/501
f 502/502/502 503/503/503 504/504/504
f 505/505/505 506/506/506 507/507/507
f 508/508/508 509/509/509 510/510/510
f 511/511/511 512/512/512 513/513/513
f 514/514/514 515/515/515 516/516/516
f 517/517/517 518/518/518 519/519/519
f 520/520/520 521/521/521 522/522/522
f 523/523/523 524/524/524 525/525/525
f 526/526/526 527/527/527 528/528/528
f 529/529/529 530/530/530 531/531/531
f 532/532/532 533/533/533 534/534/534
f 535/535/535 536/536/536 537/537/537
f 538/538/538 539/539/539 540/540/540
f 541/541/541 542/542/542 543/543/543
f 544/544/544 545/545/545 546/546/546
f 547/547/547 548/548/548 549/549/549
f 550/550/550 551/551/551 552/552/552
f 553/553/553 554/554/554 555/555/555
f 556/556/556 557/557/557 558/558/558
f 559/559/559 560/560/560 561/561/561
f 562/562/562 563/563/563 564/564/564
f 565/565/565 566/566/566 567/567/567
f 568/568/568 569/569/569 570/570/570
f 571/571/571 572/572/572 573/573/573
f 574/574/574 575/575/575 576/576/576
f 577/577/577 578/578/578 579/579/579
f 580/580/580 581/581/581 582/582/582
f 583/583/583 584/584/584 585/585/585
f 586/586/586 587/587/587 588/588/588
f 589/589/589 590/590/590 591/591/591
f 592/592/592 593/593/593 594/594/594
f 595/595/595 596/596/596 597/597/597
f 598/598/598 599/599/599 600/600/600
f 601/601/601 602/602/602 603/603/603
f 604/604/604 605/605/605 606/606/606
f 607/607/607 608/608/608 609/609/609
f 610/610/610 611/611/611 612/612/612
f 613/613/613 614/614/614 615/615/615
f 616/616/616 617/617/617 618/618/618
f 619/619/619 620/620/620 621/621/621
f 622/622/622 623/623/623 624/624/624
f 625/625/625 626/626/626 627/627/627
f 628/628/628 629/629/629 630/630/630
f 631/631/631 632/632/632 633/633/633
f 634/634/634 635/635/635 636/636/636
f 637/637/637 638/638/638 639/639/639
f 640/640/640 641/641/641 642/642/642
f 643/643/643 644/644/644 645/645/645
f 646/646/646 647/647/647 648/648/648
f 649/649/649 650/650/650 651/651/651
f 652/652/652 653/653/653 654/654/654
f 655/655/655 656/656/656 657/657/657
f 658/658/658 659/659/659 660/660/660
f 661/661/661 662/662/662 663/663/663
f 664/664/664 665/665/665 666/666/666
f 667/667/667 668/668/668 669/669/669
f 670/670/670 671/671/671 672/672/672
f 673/673/673 674/674/674 675/675/675
f 676/676/676 677/677/677 678/678/678
f 679/679/679 680/680/680 681/681/681
f 682/682/682 683/683/683 684/684/684
f 685/685/685 686/686/686 687/687/687
f 688/688/688 689/689/689 690/690/690
f 691/691/691 692/692/692 693/693/693
f 694/694/694 695/695/695 696/696/696
f 697/697/697 698/698/698 699/699/699
f 700/700/700 701/701/701 702/702/702
f 703/703/703 704/704/704 705/705/705
f 706/706/706 707/707/707 708/708/708
f 709/709/709 710/710/710 711/711/711
f 712/712/712 713/713/713 714/714/714
f 715/715/715 716/716/716 717/717/717
f 718/718/718 719/719/719 720/720/720
f 721/721/721 722/722/722 723/723/723
f 724/724/724 725/725/725 726/726/726
f 727/727/727 728/728/728 729/729/729
f 730/730/730 731/731/731 732/732/732
f 733/733/733 734/734/734 735/735/735
f 736/736/736 737/737/737 738/738/738
f 739/739/739 740/740/740 741/741/741
f 742/742/742 743/743/743 744/744/744
f 745/745/745 746/746/746 747/747/747
f 748/748/748 749/749/749 750/750/750
f 751/751/751 752/752/752 753/753/753
f 754/754/754 755/755/755 756/756/756
f 757/757/757 758/758/758 759/759/759
f 760/760/760 761/761/761 762/762/762
f 763/763/763 764/764/764 765/765/765
f 766/766/766 767/767/767 768/768/768
f 769/769/769 770/770/770 771/771/771
f 772/772/772 773/773/773 774/774/774
f 775/775/775 776/776/776 777/777/777
f 778/778/778 779/779/779 780/780/780
f 781/781/781 782/782/782 783/783/783
f 784/784/784 785/785/785 786/786/786
f 787/787/787 788/788/788 789/789/789
f 790/790/790 791/791/791 792/792/792
f 793/793/793 794/794/794 795/795/795
f 796/796/796 797/797/797 798/798/798
f 799/799/799 800/800/800 801/801/801
f 802/802/802 803/803/803 804/804/804
f 805/805/805 806/806/806 807/807/807
f 808/808/808 809/809/809 810/810/810
f 811/811/811 812/812/812 813/813/813
f 814/814/814 815/815/815 816/816/816
f 817/817/817 818/818/818 819/819/819
f 820/820/820 821/821/821 822/822/822
f 823/823/823 824/824/824 825/825/825
f 826/826/826 827/827/827 828/828/828
f 829/829/829 830/830/830 831/831/831
f 832/832/832 833/833/833 834/834/834
f 835/835/835 836/836/836 837/837/837
f 838/838/838 839/839/839 840/840/840
f 841/841/841 842/842/842 843/843/843
f 844/844/844 845/845/845 846/846/846
f 847/847/847 848/848/848 849/849/849
f 850/850/850 851/851/851 852/852/852
f 853/853/853 854/854/854 855/855/855
f 856/856/856 857/857/857 858/858/858
f 859/859/859 860/860/860 861/861/861
f 862/862/862 863/863/863 864/864/864
f 865/865/865 866/866/866 867/867/867
f 868/868/868 869/869/869 870/870/870
f 871/871/871 872/872/872 873/873/873
f 874/874/874 875/875/875 876/876/876
f 877/877/877 878/878/878 879/879/879
f 880/880/880 881/881/881 882/882/882
f 883/883/883 884/884/884 885/885/885
f 886/886/886 887/887/887 888/888/888
f 889/889/889 890/890/890 891/891/891
f 892/892/892 893/893/893 894/894/894
f 895/895/895 896/896/896 897/897/897
f 898/898/898 899/899/899 900/900/900
f 901/901/901 902/902/902 903/903/903
f 904/904/904 905/905/905 906/906/906
f 907/907/907 908/908/908 909/909/909
f 910/910/910 911/911/911 912/912/912
f 913/913/913 914/914/914 915/915/915
f 916/916/916 917/917/917 918/918/918
f 919/919/919 920/920/920 921/921/921
f 922/922/922 923/923/923 924/924/924
f 925/925/925 926/926/926 927/927/927
f 928/928/928 929/929/929 930/930/930
f 931/931/931 932/932/932 933/933/933
f 934/934/934 935/935/935 936/936/936
f 937/937/937 938/938/938 939/939/939
f 940/940/940 941/941/941 942/942/942
f 943/943/943 944/944/944 945/945/945
f 946/946/946 947/947/947 948/948/948
f 949/949/949 950/950/950 951/951/951
f 952/952/952 953/953/953 954/954/954
f 955/955/955 956/956/956 957/957/957
f 958/958/958 959/959/959 960/960/960
f 961/961/961 962/962/962 963/963/963
f 964/964/964 965/965/965 966/966/966
f 967/967/967 968/968/968 969/969/969
f 970/970/970 971/971/971 972/972/972
f 973/973/973 974/974/974 975/975/975
f 976/976/976 977/977/977 978/978/978
f 979/979/979 980/980/980 981/981/981
f 982/982/982 983/983/983 984/984/984
f 985/985/985 986/986/986 987/987/987
f 988/988/988 989/989/989 990/990/990
f 991/991/991 992/992/992 993/993/993
f 994/994/994 995/995/995 996/996/996
f 997/997/997 998/998/998 999/999/999
f 1000/1000/1000 1001/1001/1001 1002/1002/1002
f 1003/1003/1003 1004/1004/1004 1005/1005/1005
f 1006/1006/1006 1007/1007/1007 1008/1008/1008
f 1009/1009/1009 1010/1010/1010 1011/1011/1011
f 1012/1012/1012 1013/1013/1013 1014/1014/1014
f 1015/1015/1015 1016/1016/1016 1017/1017/1017
f 1018/1018/1018 1019/1019/1019 1020/1020/1020
f 1021/1021/1021 1022/1022/1022 1023/1023/1023
f 1024/1024/1024 1025/1025/1025 1026/1026/1026
f 1027/1027/1027 1028/1028/1028 1029/1029/1029
f 1030/1030/1030 1031/1031/1031 1032/1032/1032
f 1033/1033/1033 1034/1034/1034 1035/1035/1035
f 1036/1036/1036 1037/1037/1037 1038/1038/1038
f 1039/1039/1039 1040/1040/1040 1041/1041/1041
f 1042/1042/1042 1043/1043/1043 1044/1044/1044
f 1045/1045/1045 1046/1046/1046 1047/1047/1047
f 1048/1048/1048 1049/1049/1049 1050/1050/1050
f 1051/1051/1051 1052/1052/1052 1053/1053/1053
f 1054/1054/1054 1055/1055/1055 1056/1056/1056
f 1057/1057/1057 1058/1058/1058 1059/1059/1059
f 1060/1060/1060 1061/1061/1061 1062/1062/1062
f 1063/1063/1063 1064/1064/1064 1065/1065/1065
f 1066/1066/1066 1067/1067/1067 1068/1068/1068
f 1069/1069/1069 1070/1070/1070 1071/1071/1071
f 1072/1072/1072 1073/1073/1073 1074/1074/1074
f 1075/1075/1075 1076/1076/1076 1077/1077/1077
f 1078/1078/1078 1079/1079/1079 1080/1080/1080
f 1081/1081/1081 1082/1082/1082 1083/1083/1083
f 1084/1084/1084 1085/1085/1085 1086/1086/1086
f 1087/1087/1087 1088/1088/1088 1089/1089/1089
f 1090/1090/1090 1091/1091/1091 1092/1092/1092
f 1093/1093/1093 1094/1094/1094 1095/1095/1095
f 1096/1096/1096 1097/1097/1097 1098/1098/1098
f 1099/1099/1099 1100/1100/1100 1101/1101/1101
f 1102/1102/1102 1103/1103/1103 1104/1104/1104
f 1105/1105/1105 1106/1106/1106 1107/1107/1107
f 1108/1108/1108 1109/1109/1109 1110/1110/1110
f 1111/1111/1111 1112/1112/1112 1113/1113/1113
f 1114/1114/1114 1115/1115/1115 1116/1116/1116
f 1117/1117/1117 1118/1118/1118 1119/1119/1119
f 1120/1120/1120 1121/1121/1121 1122/1122/1122
f 1123/1123/1123 1124/1124/1124 1125/1125/1125
f 1126/1126/1126 1127/1127/1127 1128/1128/1128
f 1129/1129/1129 1130/1130/1130 1131/1131/1131
f 1132/1132/1132 1133/1133/1133 1134/1134/1134
f 1135/1135/1135 1136/1136/1136 1137/1137/1137
f 1138/1138/1138 1139/1139/1139 1140/1140/1140
f 1141/1141/1141 1142/1142/1142 1143/1143/1143
f 1144/1144/1144 1145/1145/1145 1146/1146/1146
f 1147/1147/1147 1148/1148/1148 1149/1149/1149
f 1150/1150/1150 1151/1151/1151 1152/1152/1152
f 1153/1153/1153 1154/1154/1154 1155/1155/1155
f 1156/1156/1156 1157/1157/1157 1158/1158/1158
f 1159/1159/1159 1160/1160/1160 1161/1161/1161
f 1162/1162/1162 1163/1163/1163 1164/1164/1164
f 1165/1165/1165 1166/1166/1166 1167/1167/1167
f 1168/1168/1168 1169/1169/1169 1170/1170/1170
f 1171/1171/1171 1172/1172/1172 1173/1173/1173
f 1174/1174/1174 1175/1175/1175 1176/1176/1176
f 1177/1177/1177 1178/1178/1178 1179/1179/1179
f 1180/1180/1180 1181/1181/1181 1182/1182/1182
f 1183/1183/1183 1184/1184/1184 1185/1185/1185
f 1186/1186/1186 1187/1187/1187 1188/1188/1188
f 1189/1189/1189 1190/1190/1190 1191/1191/1191
f 1192/1192/1192 1193/1193/1193 1194/1194/1194
f 1195/1195/1195 1196/1196/1196 1197/1197/1197
f 1198/1198/1198 1199/1199/1199 1200/1200/1200
f 1201/1201/1201 1202/1202/1202 1203/1203/1203
f 1204/1204/1204 1205/1205/1205 1206/1206/1206
f 1207/1207/1207 1208/1208/1208 1209/1209/1209
f 1210/1210/1210 1211/1211/1211 1212/1212/1212
f 1213/1213/1213 1214/1214/1214 1215/1215/1215
f 1216/1216/1216 1217/1217/1217 1218/1218/1218
f 1219/1219/1219 1220/1220/1220 1221/1221/1221
f 1222/1222/1222 1223/1223/1223 1224/1224/1224
f 1225/1225/1225 1226/1226/1226 1227/1227/1227
f 1228/1228/1228 1229/1229/1229 1230/1230/1230
f 1231/1231/1231 1232/1232/1232 1233/1233/1233
f 1234/1234/1234 1235/1235/1235 1236/1236/1236
f 1237/1237/1237 1238/1238/1238 1239/1239/1239
f 1240/1240/1240 1241/1241/1241 1242/1242/1242
f 1243/1243/1243 1244/1244/1244 1245/1245/1245
f 1246/1246/1246 1247/1247/1247 1248/1248/1248
f 1249/1249/1249 1250/1250/1250 1251/1251/1251
f 1252/1252/1252 1253/1253/1253 1254/1254/1254
f 1255/1255/1255 1256/1256/1256 1257/1257/1257
f 1258/1258/1258 1259/1259/1259 1260/1260/1260
f 1261/1261/1261 1262/1262/1262 1263/1263/1263
f 1264/1264/1264 1265/1265/1265 1266/1266/1266
f 1267/1267/1267 1268/1268/1268 1269/1269/1269
f 1270/1270/1270 1271/1271/1271 1272/1272/1272
f 1273/1273/1273 1274/1274/1274 1275/1275/1275
f 1276/1276/1276 1277/1277/1277 1278/1278/1278
f 1279/1279/1279 1280/1280/1280 1281/1281/1281
f 1282/1282/1282 1283/1283/1283 1284/1284/1284
f 1285/1285/1285 1286/1286/1286 1287/1287/1287
f 1288/1288/1288 1289/1289/1289 1290/1290/1290
f 1291/1291/1291 1292/1292/1292 1293/1293/1293
f 1294/1294/1294 1295/1295/1295 1296/1296/1296
f 1297/1297/1297 1298/1298/1298 1299/1299/1299
f 1300/1300/1300 1301/1301/1301 1302/1302/1302
f 1303/1303/1303 1304/1304/1304 1305/1305/1305
f 1306/1306/1306 1307/1307/1307 1308/1308/1308
f 1309/1309/1309 1310/1310/1310 1311/1311/1311
f 1312/1312/1312 1313/1313/1313 1314/1314/1314
f 1315/1315/1315 1316/1316/1316 1317/1317/1317
f 1318/1318/1318 1319/1319/1319 1320/1320/1320
