mtllib transition_seal_cylinder_001.mtl
usemtl Texture
v -2.423966 -0.334616 1.583321
v -2.116270 -0.615393 1.500874
v -2.423966 -0.615393 1.583321
v -1.583323 -0.334616 1.808571
v -1.500876 -0.615393 2.116267
v -1.583323 -0.615393 1.808571
v -1.500876 -0.334616 2.116267
v -1.583323 -0.615393 2.423964
v -1.500876 -0.615393 2.116267
v -1.583323 -0.334616 2.423964
v -1.808573 -0.615393 2.649213
v -1.583323 -0.615393 2.423964
v -1.808573 -0.334616 2.649213
v -2.116270 -0.615393 2.731660
v -1.808573 -0.615393 2.649213
v -2.116270 -0.334616 2.731660
v -2.423966 -0.615393 2.649213
v -2.116270 -0.615393 2.731660
v -2.423966 -0.334616 2.649213
v -2.649215 -0.615393 2.423964
v -2.423966 -0.615393 2.649213
v -2.649215 -0.334616 2.423964
v -2.731663 -0.615393 2.116267
v -2.649215 -0.615393 2.423964
v -2.731663 -0.334616 2.116267
v -2.649216 -0.615393 1.808571
v -2.731663 -0.615393 2.116267
v -2.649216 -0.334616 1.808571
v -2.423966 -0.615393 1.583321
v -2.649216 -0.615393 1.808571
v -2.537127 0.334616 1.873285
v -2.359252 -0.334616 1.695410
v -2.537127 -0.334616 1.873285
v -2.116270 -0.334616 1.500874
v -1.808573 -0.615393 1.583321
v -2.116270 -0.615393 1.500874
v -1.808573 -0.615393 1.583321
v -1.500876 -0.615393 2.116267
v -2.423966 -0.615393 2.649213
v -1.808573 -0.334616 1.583321
v -1.583323 -0.615393 1.808571
v -1.808573 -0.615393 1.583321
v -2.423966 -0.334616 2.649213
v -2.116270 -0.334616 2.602232
v -2.359252 -0.334616 2.537125
v -2.423966 -0.334616 1.583321
v -2.116270 -0.334616 1.630303
v -2.116270 -0.334616 1.500874
v -1.583323 -0.334616 2.423964
v -1.873287 -0.334616 2.537125
v -1.808573 -0.334616 2.649213
v -2.731663 -0.334616 2.116267
v -2.537127 -0.334616 1.873285
v -2.649216 -0.334616 1.808571
v -1.583323 -0.334616 1.808571
v -1.630305 -0.334616 2.116267
v -1.500876 -0.334616 2.116267
v -2.649215 -0.334616 2.423964
v -2.359252 -0.334616 2.537125
v -2.537127 -0.334616 2.359250
v -2.602234 0.334616 2.116267
v -2.537127 -0.334616 1.873285
v -2.602234 -0.334616 2.116267
v -2.537127 0.334616 2.359250
v -2.602234 -0.334616 2.116267
v -2.537127 -0.334616 2.359250
v -2.359252 0.334616 2.537125
v -2.537127 -0.334616 2.359250
v -2.359252 -0.334616 2.537125
v -2.116270 0.334616 2.602232
v -2.359252 -0.334616 2.537125
v -2.116270 -0.334616 2.602232
v -1.873287 0.334616 2.537125
v -2.116270 -0.334616 2.602232
v -1.873287 -0.334616 2.537125
v -1.695412 0.334616 2.359250
v -1.873287 -0.334616 2.537125
v -1.695412 -0.334616 2.359250
v -1.630305 0.334616 2.116267
v -1.695412 -0.334616 2.359250
v -1.630305 -0.334616 2.116267
v -1.695412 0.334616 1.873285
v -1.630305 -0.334616 2.116267
v -1.695412 -0.334616 1.873285
v -1.873287 0.334616 1.695410
v -1.695412 -0.334616 1.873285
v -1.873287 -0.334616 1.695410
v -2.116270 0.334616 1.630303
v -1.873287 -0.334616 1.695410
v -2.116270 -0.334616 1.630303
v -1.583323 -0.334616 1.808571
v -1.873287 -0.334616 1.695410
v -1.695412 -0.334616 1.873285
v -2.731663 -0.334616 2.116267
v -2.537127 -0.334616 2.359250
v -2.602234 -0.334616 2.116267
v -1.583323 -0.334616 2.423964
v -1.630305 -0.334616 2.116267
v -1.695412 -0.334616 2.359250
v -1.808573 -0.334616 1.583321
v -2.116270 -0.334616 1.630303
v -1.873287 -0.334616 1.695410
v -2.649216 -0.334616 1.808571
v -2.359252 -0.334616 1.695410
v -2.423966 -0.334616 1.583321
v -1.808573 -0.334616 2.649213
v -2.116270 -0.334616 2.602232
v -2.116270 -0.334616 2.731660
v 0.376372 -0.577784 0.376369
v -1.766831 -0.372225 2.519572
v -1.766831 -0.577784 2.519572
v -0.376372 -0.372225 -0.376375
v -2.519575 -0.577784 1.766828
v -2.519575 -0.372225 1.766828
v -0.162246 -0.675441 -0.476612
v -0.378814 0.675441 -0.331636
v -0.162246 0.675441 -0.476612
v 0.376372 -0.577784 0.376369
v -1.766831 -0.577784 2.519572
v -0.376372 -0.577784 -0.376375
v 0.376372 -0.577784 -0.376375
v 0.139219 -0.372225 -0.522275
v 0.376372 -0.372225 -0.376375
v 0.139219 -0.577784 -0.522275
v -0.139219 -0.372225 -0.522275
v 0.139219 -0.372225 -0.522275
v -0.139219 -0.372225 -0.522275
v -0.376372 -0.577784 -0.376375
v -0.376372 -0.372225 -0.376375
v 0.376372 -0.372225 -0.376375
v 0.522272 -0.577784 -0.139223
v 0.376372 -0.577784 -0.376375
v 0.522272 -0.372225 -0.139223
v 0.522272 -0.577784 0.139216
v 0.522272 -0.577784 -0.139223
v 0.522272 -0.372225 0.139216
v 0.376372 -0.577784 0.376369
v 0.522272 -0.577784 0.139216
v 0.139219 -0.372225 -0.522275
v -0.139219 -0.372225 -0.522275
v -0.376372 -0.372225 -0.376375
v -2.116270 0.615393 1.500874
v -2.423966 0.334616 1.583321
v -2.423966 0.615393 1.583321
v -1.500876 0.615393 2.116267
v -1.583323 0.334616 1.808571
v -1.583323 0.615393 1.808571
v -1.583323 0.615393 2.423964
v -1.500876 0.334616 2.116267
v -1.500876 0.615393 2.116267
v -1.808573 0.615393 2.649213
v -1.583323 0.334616 2.423964
v -1.583323 0.615393 2.423964
v -2.116270 0.615393 2.731660
v -1.808573 0.334616 2.649213
v -1.808573 0.615393 2.649213
v -2.423966 0.615393 2.649213
v -2.116270 0.334616 2.731660
v -2.116270 0.615393 2.731660
v -2.649215 0.615393 2.423964
v -2.423966 0.334616 2.649213
v -2.423966 0.615393 2.649213
v -2.731663 0.615393 2.116267
v -2.649215 0.334616 2.423964
v -2.649215 0.615393 2.423964
v -2.649216 0.615393 1.808571
v -2.731663 0.334616 2.116267
v -2.731663 0.615393 2.116267
v -2.423966 0.615393 1.583321
v -2.649216 0.334616 1.808571
v -2.649216 0.615393 1.808571
v -1.808573 0.615393 1.583321
v -2.116270 0.334616 1.500874
v -2.116270 0.615393 1.500874
v -2.731663 0.615393 2.116267
v -2.423966 0.615393 2.649213
v -1.808573 0.615393 2.649213
v -1.583323 0.615393 1.808571
v -1.808573 0.334616 1.583321
v -1.808573 0.615393 1.583321
v -2.423966 0.334616 2.649213
v -2.116270 0.334616 2.602232
v -2.116270 0.334616 2.731660
v -2.116270 0.334616 1.630303
v -2.423966 0.334616 1.583321
v -2.116270 0.334616 1.500874
v -1.873287 0.334616 2.537125
v -1.583323 0.334616 2.423964
v -1.808573 0.334616 2.649213
v -2.537127 0.334616 1.873285
v -2.731663 0.334616 2.116267
v -2.649216 0.334616 1.808571
v -1.630305 0.334616 2.116267
v -1.583323 0.334616 1.808571
v -1.500876 0.334616 2.116267
v -2.649215 0.334616 2.423964
v -2.359252 0.334616 2.537125
v -2.423966 0.334616 2.649213
v -1.583323 0.334616 1.808571
v -1.873287 0.334616 1.695410
v -1.808573 0.334616 1.583321
v -2.731663 0.334616 2.116267
v -2.537127 0.334616 2.359250
v -2.649215 0.334616 2.423964
v -1.583323 0.334616 2.423964
v -1.630305 0.334616 2.116267
v -1.500876 0.334616 2.116267
v -1.808573 0.334616 1.583321
v -2.116270 0.334616 1.630303
v -2.116270 0.334616 1.500874
v -2.359252 0.334616 1.695410
v -2.649216 0.334616 1.808571
v -2.423966 0.334616 1.583321
v -2.116270 0.334616 2.602232
v -1.808573 0.334616 2.649213
v -2.116270 0.334616 2.731660
v -1.766831 0.372225 2.519572
v 0.376372 0.577784 0.376369
v -1.766831 0.577784 2.519572
v -2.519575 0.577784 1.766828
v -0.376372 0.372225 -0.376376
v -2.519575 0.372225 1.766828
v 0.376372 0.577784 -0.376376
v 0.139219 0.577784 -0.522276
v -0.139219 0.577784 -0.522276
v 0.139219 0.372225 -0.522276
v 0.376372 0.577784 -0.376376
v 0.376372 0.372225 -0.376376
v -0.139219 0.372225 -0.522276
v 0.139219 0.577784 -0.522276
v 0.139219 0.372225 -0.522276
v -0.139219 0.372225 -0.522276
v -0.376372 0.577784 -0.376376
v -0.139219 0.577784 -0.522276
v 0.522272 0.577784 -0.139223
v 0.376372 0.372225 -0.376376
v 0.376372 0.577784 -0.376376
v 0.522272 0.577784 0.139216
v 0.522272 0.372225 -0.139223
v 0.522272 0.577784 -0.139223
v 0.376372 0.577784 0.376369
v 0.522272 0.372225 0.139216
v 0.522272 0.577784 0.139216
v 0.376372 0.372225 -0.376376
v 0.522272 0.372225 -0.139223
v 0.522272 0.372225 0.139216
v -2.359252 0.334616 1.695410
v -2.116270 -0.334616 1.630303
v -2.359252 -0.334616 1.695410
v -1.599958 0.475004 1.673862
v -0.409841 0.577784 0.483744
v -0.409841 0.475004 0.483744
v -1.673865 0.577784 1.599955
v -1.766831 0.577784 2.519572
v -1.599958 0.577784 1.673862
v -1.766831 0.372225 2.519572
v -0.376372 0.372225 -0.376376
v 0.376372 0.372225 0.376369
v -1.673865 0.577784 1.599955
v -0.376372 0.577784 -0.376376
v -2.519575 0.577784 1.766828
v -1.599958 0.577784 1.673862
v 0.376372 0.577784 0.376369
v -0.409841 0.577784 0.483744
v -0.483747 0.577784 0.409838
v 0.376372 0.577784 0.376369
v -0.376372 0.577784 -0.376376
v -0.409841 0.475004 0.483744
v -0.483747 0.577784 0.409838
v -0.483747 0.475004 0.409838
v -0.483747 0.475004 0.409838
v -1.673865 0.577784 1.599955
v -1.673865 0.475004 1.599955
v -1.599958 0.475004 1.673862
v -1.673865 0.577784 1.599955
v -1.599958 0.577784 1.673862
v -1.673865 0.475004 1.599955
v -0.409841 0.475004 0.483744
v -0.483747 0.475004 0.409838
v -0.812227 0.475004 0.886130
v -1.197573 1.020585 1.271477
v -1.197573 0.475004 1.271477
v -1.271479 1.020585 1.197570
v -0.886134 0.475004 0.812223
v -1.271479 0.475004 1.197570
v -0.886134 0.475004 0.812223
v -0.812227 1.020585 0.886130
v -0.812227 0.475004 0.886130
v -0.812227 1.020585 0.886130
v -1.271479 1.020585 1.197570
v -1.197573 1.020585 1.271477
v -1.197573 1.020585 1.271477
v -1.271479 0.475004 1.197570
v -1.197573 0.475004 1.271477
v -0.935724 0.884924 0.884503
v -1.227767 0.979675 0.655787
v -0.935724 0.979675 0.884503
v -1.208631 0.979675 1.157412
v -1.437347 0.884924 0.865369
v -1.208631 0.884924 1.157412
v -1.292347 0.884924 0.627549
v -1.227767 0.884924 0.655787
v -1.437347 0.884924 0.865369
v -1.425377 0.884924 0.667759
v -1.461205 0.979675 0.728458
v -1.425377 0.979675 0.667759
v -1.461205 0.884924 0.728458
v -1.465587 0.979675 0.800789
v -1.461205 0.979675 0.728458
v -1.465587 0.884924 0.800789
v -1.437347 0.979675 0.865369
v -1.465587 0.979675 0.800789
v -1.227767 0.884924 0.655787
v -1.292347 0.979675 0.627549
v -1.227767 0.979675 0.655787
v -1.292347 0.884924 0.627549
v -1.364677 0.979675 0.631930
v -1.292347 0.979675 0.627549
v -1.364677 0.884924 0.631930
v -1.425377 0.979675 0.667759
v -1.364677 0.979675 0.631930
v -1.465587 0.979675 0.800789
v -1.437347 0.979675 0.865369
v -1.227767 0.979675 0.655787
v -0.935724 0.673044 0.884503
v -1.227767 0.767795 0.655787
v -0.935724 0.767795 0.884503
v -1.208631 0.767795 1.157412
v -1.437347 0.673044 0.865369
v -1.208631 0.673044 1.157412
v -1.292347 0.673044 0.627549
v -1.227767 0.673044 0.655787
v -1.437347 0.673044 0.865369
v -1.425377 0.673044 0.667759
v -1.461205 0.767795 0.728458
v -1.425377 0.767795 0.667759
v -1.461205 0.673044 0.728458
v -1.465587 0.767795 0.800789
v -1.461205 0.767795 0.728458
v -1.465587 0.673044 0.800789
v -1.437347 0.767795 0.865369
v -1.465587 0.767795 0.800789
v -1.227767 0.673044 0.655787
v -1.292347 0.767795 0.627549
v -1.227767 0.767795 0.655787
v -1.292347 0.673044 0.627549
v -1.364677 0.767795 0.631930
v -1.292347 0.767795 0.627549
v -1.364677 0.673044 0.631930
v -1.425377 0.767795 0.667759
v -1.364677 0.767795 0.631930
v -1.465587 0.767795 0.800789
v -1.437347 0.767795 0.865369
v -1.227767 0.767795 0.655787
v -0.761096 0.475004 1.672126
v -1.188560 0.475004 1.244663
v -0.623695 0.475004 1.534724
v -0.623695 0.475004 1.552080
v -0.743740 0.839447 1.672126
v -0.743740 0.475004 1.672126
v -1.188560 0.475004 1.244663
v -0.761096 0.839447 1.672126
v -1.188560 0.839447 1.244663
v -1.051159 0.839447 1.107261
v -0.623695 0.475004 1.534724
v -1.051159 0.475004 1.107261
v -0.632373 0.851719 1.543402
v -0.623695 0.839447 1.552080
v -0.623695 0.839447 1.534724
v -0.752418 0.851719 1.663448
v -0.761096 0.839447 1.672126
v -0.743740 0.839447 1.672126
v -0.752418 0.851719 1.663448
v -0.623695 0.839447 1.552080
v -0.632373 0.851719 1.543402
v -0.761096 0.475004 1.672126
v -0.743740 0.839447 1.672126
v -0.761096 0.839447 1.672126
v -0.623695 0.475004 1.552080
v -0.623695 0.839447 1.534724
v -0.623695 0.839447 1.552080
v -1.059836 0.851719 1.115939
v -0.623695 0.839447 1.534724
v -1.051159 0.839447 1.107261
v -0.761096 0.839447 1.672126
v -1.179882 0.851719 1.235985
v -1.188560 0.839447 1.244663
v -1.179882 0.851719 1.235985
v -0.632373 0.851719 1.543402
v -1.059836 0.851719 1.115939
v -1.036352 0.822090 1.165804
v -0.728902 0.880059 1.473254
v -0.728902 0.822090 1.473254
v -1.124618 0.887694 1.254071
v -1.041751 0.887695 1.171203
v -1.130016 0.822090 1.259470
v -1.124618 0.887694 1.254071
v -0.739700 0.887695 1.473254
v -1.041751 0.887695 1.171203
v -0.822566 0.822090 1.566919
v -1.130016 0.880059 1.259470
v -1.130016 0.822090 1.259470
v -0.739700 0.887695 1.473254
v -0.822566 0.880059 1.566919
v -0.728902 0.880059 1.473254
v -0.739700 0.887695 1.473254
v -1.036352 0.880059 1.165804
v -1.041751 0.887695 1.171203
v -0.822566 0.887694 1.556122
v -1.130016 0.880059 1.259470
v -0.822566 0.880059 1.566919
v -0.728902 0.822090 1.473254
v -0.822566 0.880059 1.566919
v -0.822566 0.822090 1.566919
v -1.070385 0.611244 1.109309
v -0.987829 0.611244 1.026752
v -0.876140 0.611244 1.138442
v -0.933166 0.803500 1.246528
v -0.876140 0.803500 1.189502
v -0.876140 0.803500 1.138441
v -0.987829 0.611244 1.026752
v -0.876140 0.803500 1.138441
v -0.876140 0.611244 1.138442
v -0.876140 0.611244 1.138442
v -0.876140 0.803500 1.189502
v -0.876140 0.611244 1.189502
v -0.933166 0.803500 1.246528
v -0.876140 0.611244 1.189502
v -0.876140 0.803500 1.189502
v -1.301670 1.006210 0.667559
v -1.233844 0.646511 0.712794
v -1.301670 0.646511 0.667559
v -1.233844 1.006210 0.712794
v -1.217870 0.646511 0.792741
v -1.233844 0.646511 0.712794
v -1.217870 1.006211 0.792741
v -1.263105 0.646511 0.860567
v -1.217870 0.646511 0.792741
v -1.263105 1.006211 0.860567
v -1.343052 0.646511 0.876541
v -1.263105 0.646511 0.860567
v -1.343052 0.646511 0.876541
v -1.410878 1.006211 0.831305
v -1.410878 0.646511 0.831305
v -1.410878 1.006211 0.831305
v -1.426851 0.646511 0.751359
v -1.410878 0.646511 0.831305
v -1.263105 1.006211 0.860567
v -1.217870 1.006211 0.792741
v -1.426851 1.006211 0.751359
v -1.426851 1.006211 0.751359
v -1.381616 0.646511 0.683533
v -1.426851 0.646511 0.751359
v -1.381616 0.646511 0.683533
v -1.301670 1.006210 0.667559
v -1.301670 0.646511 0.667559
v -1.381616 0.646511 0.683533
v -1.233844 0.646511 0.712794
v -1.263105 0.646511 0.860567
v 0.388636 -0.166666 0.351385
v -1.272881 0.166666 2.012902
v -1.272881 -0.166666 2.012902
v -0.364109 0.166666 -0.401360
v -2.025625 -0.166666 1.260157
v -2.025625 0.166666 1.260157
v 0.534536 -0.166666 0.114232
v 0.388636 -0.166666 0.351385
v 0.388636 -0.166666 -0.401360
v 0.388636 -0.166666 -0.401360
v 0.151483 0.166666 -0.547259
v 0.388636 0.166666 -0.401360
v 0.151483 -0.166666 -0.547259
v -0.126955 0.166666 -0.547259
v 0.151483 0.166666 -0.547259
v -0.126955 0.166666 -0.547259
v -0.364109 -0.166666 -0.401360
v -0.364109 0.166666 -0.401360
v 0.388636 0.166666 -0.401360
v 0.534536 -0.166666 -0.164207
v 0.388636 -0.166666 -0.401360
v 0.534536 0.166666 -0.164207
v 0.534536 -0.166666 0.114232
v 0.534536 -0.166666 -0.164207
v 0.534536 0.166666 0.114232
v 0.388636 -0.166666 0.351385
v 0.534536 -0.166666 0.114232
v -0.126955 0.166666 -0.547259
v -0.364109 0.166666 -0.401360
v 0.388636 0.166666 -0.401360
v 0.388636 0.166666 0.351385
v -2.025625 0.166666 1.260157
v -1.272881 0.166666 2.012902
v -2.025625 -0.166666 1.260157
v 0.388636 -0.166666 0.351385
v -1.272881 -0.166666 2.012902
v -2.431458 -0.166666 1.817697
v -1.272881 -0.166666 2.012902
v -1.827899 -0.166666 2.421256
v -1.272881 0.166666 2.012902
v -2.431458 0.166666 1.817697
v -1.827899 0.166666 2.421256
v -2.025625 0.166666 1.260157
v -2.431458 -0.166666 1.817697
v -2.431458 0.166666 1.817697
v -1.272881 -0.166666 2.012902
v -1.827899 0.166666 2.421256
v -1.827899 -0.166666 2.421256
v -1.199765 0.026023 2.239600
v -1.388420 0.112175 1.992344
v -1.201177 0.112942 2.240397
v -1.201177 0.112942 2.240397
v -1.385892 0.108759 2.369288
v -1.229081 0.111051 2.397218
v -1.199765 0.026023 2.239600
v -1.227669 0.024131 2.396420
v -1.384479 0.021840 2.368490
v -1.385892 0.108759 2.369288
v -1.312234 0.022568 2.417073
v -1.313646 0.109487 2.417870
v -1.312234 0.022568 2.417073
v -1.229081 0.111051 2.397218
v -1.313646 0.109487 2.417870
v -1.199765 0.026023 2.239600
v -1.180513 0.112502 2.324973
v -1.179100 0.025583 2.324176
v -1.180513 0.112502 2.324973
v -1.227669 0.024131 2.396420
v -1.179100 0.025583 2.324176
v -1.384479 0.021840 2.368490
v -1.573135 0.107992 2.121234
v -1.571723 0.021073 2.120437
v -1.384183 -0.148583 1.989952
v -1.198353 -0.060897 2.238803
v -1.196940 -0.147816 2.238005
v -1.198353 -0.060897 2.238803
v -1.383067 -0.065080 2.367693
v -1.226256 -0.062788 2.395623
v -1.196940 -0.147816 2.238005
v -1.224844 -0.149708 2.394826
v -1.381655 -0.151999 2.366896
v -1.381655 -0.151999 2.366896
v -1.310822 -0.064352 2.416276
v -1.383067 -0.065080 2.367693
v -1.310822 -0.064352 2.416276
v -1.224844 -0.149708 2.394826
v -1.226256 -0.062788 2.395623
v -1.196940 -0.147816 2.238005
v -1.177689 -0.061337 2.323378
v -1.176276 -0.148256 2.322581
v -1.176276 -0.148256 2.322581
v -1.226256 -0.062788 2.395623
v -1.224844 -0.149708 2.394826
v -1.568898 -0.152766 2.118843
v -1.383067 -0.065080 2.367693
v -1.570311 -0.065847 2.119640
v 0.097796 -0.675441 -0.493881
v -0.162246 0.675441 -0.476612
v 0.097796 0.675441 -0.493881
v 0.331634 -0.675441 -0.378816
v 0.097796 0.675441 -0.493881
v 0.331634 0.675441 -0.378816
v 0.476610 -0.675441 -0.162247
v 0.331634 0.675441 -0.378816
v 0.476610 0.675441 -0.162247
v 0.493879 -0.675441 0.097795
v 0.476610 0.675441 -0.162247
v 0.493879 0.675441 0.097795
v 0.378814 -0.675441 0.331632
v 0.493879 0.675441 0.097795
v 0.378814 0.675441 0.331632
v 0.162245 -0.675441 0.476609
v 0.378814 0.675441 0.331632
v 0.162245 0.675441 0.476609
v -0.097796 -0.675441 0.493878
v 0.162245 0.675441 0.476609
v -0.097796 0.675441 0.493878
v -0.331634 -0.675441 0.378812
v -0.097796 0.675441 0.493878
v -0.331634 0.675441 0.378812
v -0.476611 -0.675441 0.162244
v -0.331634 0.675441 0.378812
v -0.476611 0.675441 0.162244
v -0.493880 -0.675441 -0.097798
v -0.476611 0.675441 0.162244
v -0.493880 0.675441 -0.097798
v -0.092883 0.675441 0.469063
v -0.296413 0.646451 0.338580
v -0.314972 0.675441 0.359779
v -0.378814 -0.675441 -0.331636
v -0.493880 0.675441 -0.097798
v -0.378814 0.675441 -0.331636
v 0.092883 0.675441 -0.469067
v 0.331634 0.675441 -0.378816
v 0.097796 0.675441 -0.493881
v 0.314971 0.675441 -0.359782
v 0.476610 0.675441 -0.162247
v 0.331634 0.675441 -0.378816
v 0.452663 0.675441 -0.154095
v 0.493879 0.675441 0.097795
v 0.476610 0.675441 -0.162247
v 0.469065 0.675441 0.092881
v 0.378814 0.675441 0.331632
v 0.493879 0.675441 0.097795
v 0.359780 0.675441 0.314970
v 0.162245 0.675441 0.476609
v 0.378814 0.675441 0.331632
v 0.154093 0.675441 0.452662
v -0.097796 0.675441 0.493878
v 0.162245 0.675441 0.476609
v -0.092883 0.675441 0.469063
v -0.331634 0.675441 0.378812
v -0.097796 0.675441 0.493878
v -0.452663 0.675441 0.154092
v -0.331634 0.675441 0.378812
v -0.314972 0.675441 0.359779
v -0.469065 0.675441 -0.092884
v -0.476611 0.675441 0.162244
v -0.452663 0.675441 0.154092
v -0.359781 0.675441 -0.314973
v -0.493880 0.675441 -0.097798
v -0.469065 0.675441 -0.092884
v -0.154094 0.675441 -0.452665
v -0.378814 0.675441 -0.331636
v -0.359781 0.675441 -0.314973
v 0.092883 0.675441 -0.469067
v -0.162246 0.675441 -0.476612
v -0.154094 0.675441 -0.452665
v -0.425991 0.646451 0.145012
v -0.087410 0.646451 0.441424
v 0.425991 0.646451 -0.145015
v 0.469065 0.675441 0.092881
v 0.338581 0.646451 0.296411
v 0.359780 0.675441 0.314970
v -0.154094 0.675441 -0.452665
v -0.338582 0.646451 -0.296413
v -0.145014 0.646451 -0.425993
v 0.314971 0.675441 -0.359782
v 0.087410 0.646451 -0.441428
v 0.296412 0.646451 -0.338583
v -0.314972 0.675441 0.359779
v -0.425991 0.646451 0.145012
v -0.452663 0.675441 0.154092
v 0.359780 0.675441 0.314970
v 0.145014 0.646451 0.425990
v 0.154093 0.675441 0.452662
v 0.092883 0.675441 -0.469067
v -0.145014 0.646451 -0.425993
v 0.087410 0.646451 -0.441428
v 0.452663 0.675441 -0.154095
v 0.296412 0.646451 -0.338583
v 0.425991 0.646451 -0.145015
v -0.469065 0.675441 -0.092884
v -0.425991 0.646451 0.145012
v -0.441426 0.646451 -0.087411
v 0.154093 0.675441 0.452662
v -0.087410 0.646451 0.441424
v -0.092883 0.675441 0.469063
v 0.469065 0.675441 0.092881
v 0.425991 0.646451 -0.145015
v 0.441426 0.646451 0.087408
v -0.469065 0.675441 -0.092884
v -0.338582 0.646451 -0.296413
v -0.359781 0.675441 -0.314973
v -0.296413 -0.646451 0.338580
v -0.092883 -0.675441 0.469063
v -0.314972 -0.675441 0.359779
v 0.092883 -0.675441 -0.469067
v 0.331634 -0.675441 -0.378816
v 0.314971 -0.675441 -0.359782
v 0.314971 -0.675441 -0.359782
v 0.476610 -0.675441 -0.162247
v 0.452663 -0.675441 -0.154095
v 0.452663 -0.675441 -0.154095
v 0.493879 -0.675441 0.097795
v 0.469065 -0.675441 0.092881
v 0.469065 -0.675441 0.092881
v 0.378814 -0.675441 0.331632
v 0.359780 -0.675441 0.314970
v 0.359780 -0.675441 0.314970
v 0.162245 -0.675441 0.476609
v 0.154093 -0.675441 0.452662
v 0.154093 -0.675441 0.452662
v -0.097796 -0.675441 0.493878
v -0.092883 -0.675441 0.469063
v -0.092883 -0.675441 0.469063
v -0.331634 -0.675441 0.378812
v -0.314972 -0.675441 0.359779
v -0.331634 -0.675441 0.378812
v -0.452663 -0.675441 0.154092
v -0.314972 -0.675441 0.359779
v -0.476611 -0.675441 0.162244
v -0.469065 -0.675441 -0.092884
v -0.452663 -0.675441 0.154092
v -0.493880 -0.675441 -0.097798
v -0.359781 -0.675441 -0.314973
v -0.469065 -0.675441 -0.092884
v -0.378814 -0.675441 -0.331636
v -0.154094 -0.675441 -0.452665
v -0.359781 -0.675441 -0.314973
v -0.162246 -0.675441 -0.476612
v 0.092883 -0.675441 -0.469067
v -0.154094 -0.675441 -0.452665
v 0.338581 -0.646451 0.296411
v -0.425991 -0.646451 0.145012
v 0.087409 -0.646451 -0.441428
v 0.359780 -0.675441 0.314970
v 0.441426 -0.646451 0.087409
v 0.469065 -0.675441 0.092881
v -0.154094 -0.675441 -0.452665
v -0.338582 -0.646451 -0.296413
v -0.359781 -0.675441 -0.314973
v 0.296412 -0.646451 -0.338583
v 0.092883 -0.675441 -0.469067
v 0.314971 -0.675441 -0.359782
v -0.425991 -0.646451 0.145012
v -0.314972 -0.675441 0.359779
v -0.452663 -0.675441 0.154092
v 0.145014 -0.646451 0.425990
v 0.359780 -0.675441 0.314970
v 0.154093 -0.675441 0.452662
v 0.092883 -0.675441 -0.469067
v -0.145014 -0.646451 -0.425993
v -0.154094 -0.675441 -0.452665
v 0.452663 -0.675441 -0.154095
v 0.296412 -0.646451 -0.338583
v 0.314971 -0.675441 -0.359782
v -0.469065 -0.675441 -0.092884
v -0.425991 -0.646451 0.145012
v -0.452663 -0.675441 0.154092
v -0.087410 -0.646451 0.441424
v 0.154093 -0.675441 0.452662
v -0.092883 -0.675441 0.469063
v 0.469065 -0.675441 0.092881
v 0.425991 -0.646451 -0.145015
v 0.452663 -0.675441 -0.154095
v -0.338582 -0.646451 -0.296413
v -0.469065 -0.675441 -0.092884
v -0.359781 -0.675441 -0.314973
v -1.294133 0.148042 2.221019
v -1.215833 -0.184759 2.260045
v -1.288713 -0.185557 2.217960
v -1.221252 0.148841 2.263104
v -1.215826 -0.185531 2.344203
v -1.215833 -0.184759 2.260045
v -1.215826 -0.185531 2.344203
v -1.294120 0.146499 2.389337
v -1.288700 -0.187100 2.386277
v -1.288700 -0.187100 2.386277
v -1.367000 0.145701 2.347252
v -1.361580 -0.187898 2.344192
v -1.294120 0.146499 2.389337
v -1.221246 0.148069 2.347263
v -1.294133 0.148042 2.221019
v -1.361580 -0.187898 2.344192
v -1.367006 0.146473 2.263093
v -1.361587 -0.187127 2.260034
v -1.367006 0.146473 2.263093
v -1.288713 -0.185557 2.217960
v -1.361587 -0.187127 2.260034
v -1.288700 -0.187100 2.386277
v -1.361580 -0.187898 2.344192
v -1.361587 -0.187127 2.260034
v -2.423966 -0.334616 1.583321
v -2.116270 -0.334616 1.500874
v -2.116270 -0.615393 1.500874
v -1.583323 -0.334616 1.808571
v -1.500876 -0.334616 2.116267
v -1.500876 -0.615393 2.116267
v -1.500876 -0.334616 2.116267
v -1.583323 -0.334616 2.423964
v -1.583323 -0.615393 2.423964
v -1.583323 -0.334616 2.423964
v -1.808573 -0.334616 2.649213
v -1.808573 -0.615393 2.649213
v -1.808573 -0.334616 2.649213
v -2.116270 -0.334616 2.731660
v -2.116270 -0.615393 2.731660
v -2.116270 -0.334616 2.731660
v -2.423966 -0.334616 2.649213
v -2.423966 -0.615393 2.649213
v -2.423966 -0.334616 2.649213
v -2.649215 -0.334616 2.423964
v -2.649215 -0.615393 2.423964
v -2.649215 -0.334616 2.423964
v -2.731663 -0.334616 2.116267
v -2.731663 -0.615393 2.116267
v -2.731663 -0.334616 2.116267
v -2.649216 -0.334616 1.808571
v -2.649216 -0.615393 1.808571
v -2.649216 -0.334616 1.808571
v -2.423966 -0.334616 1.583321
v -2.423966 -0.615393 1.583321
v -2.537127 0.334616 1.873285
v -2.359252 0.334616 1.695410
v -2.359252 -0.334616 1.695410
v -2.116270 -0.334616 1.500874
v -1.808573 -0.334616 1.583321
v -1.808573 -0.615393 1.583321
v -2.423966 -0.615393 1.583321
v -2.116270 -0.615393 1.500874
v -1.808573 -0.615393 1.583321
v -1.808573 -0.615393 1.583321
v -1.583323 -0.615393 1.808571
v -1.500876 -0.615393 2.116267
v -1.500876 -0.615393 2.116267
v -1.583323 -0.615393 2.423964
v -2.423966 -0.615393 2.649213
v -1.583323 -0.615393 2.423964
v -1.808573 -0.615393 2.649213
v -2.423966 -0.615393 2.649213
v -1.808573 -0.615393 2.649213
v -2.116270 -0.615393 2.731660
v -2.423966 -0.615393 2.649213
v -2.423966 -0.615393 2.649213
v -2.649215 -0.615393 2.423964
v -2.731663 -0.615393 2.116267
v -2.731663 -0.615393 2.116267
v -2.649216 -0.615393 1.808571
v -2.423966 -0.615393 2.649213
v -2.649216 -0.615393 1.808571
v -2.423966 -0.615393 1.583321
v -2.423966 -0.615393 2.649213
v -2.423966 -0.615393 1.583321
v -1.808573 -0.615393 1.583321
v -2.423966 -0.615393 2.649213
v -1.808573 -0.334616 1.583321
v -1.583323 -0.334616 1.808571
v -1.583323 -0.615393 1.808571
v -2.423966 -0.334616 2.649213
v -2.116270 -0.334616 2.731660
v -2.116270 -0.334616 2.602232
v -2.423966 -0.334616 1.583321
v -2.359252 -0.334616 1.695410
v -2.116270 -0.334616 1.630303
v -1.583323 -0.334616 2.423964
v -1.695412 -0.334616 2.359250
v -1.873287 -0.334616 2.537125
v -2.731663 -0.334616 2.116267
v -2.602234 -0.334616 2.116267
v -2.537127 -0.334616 1.873285
v -1.583323 -0.334616 1.808571
v -1.695412 -0.334616 1.873285
v -1.630305 -0.334616 2.116267
v -2.649215 -0.334616 2.423964
v -2.423966 -0.334616 2.649213
v -2.359252 -0.334616 2.537125
v -2.602234 0.334616 2.116267
v -2.537127 0.334616 1.873285
v -2.537127 -0.334616 1.873285
v -2.537127 0.334616 2.359250
v -2.602234 0.334616 2.116267
v -2.602234 -0.334616 2.116267
v -2.359252 0.334616 2.537125
v -2.537127 0.334616 2.359250
v -2.537127 -0.334616 2.359250
v -2.116270 0.334616 2.602232
v -2.359252 0.334616 2.537125
v -2.359252 -0.334616 2.537125
v -1.873287 0.334616 2.537125
v -2.116270 0.334616 2.602232
v -2.116270 -0.334616 2.602232
v -1.695412 0.334616 2.359250
v -1.873287 0.334616 2.537125
v -1.873287 -0.334616 2.537125
v -1.630305 0.334616 2.116267
v -1.695412 0.334616 2.359250
v -1.695412 -0.334616 2.359250
v -1.695412 0.334616 1.873285
v -1.630305 0.334616 2.116267
v -1.630305 -0.334616 2.116267
v -1.873287 0.334616 1.695410
v -1.695412 0.334616 1.873285
v -1.695412 -0.334616 1.873285
v -2.116270 0.334616 1.630303
v -1.873287 0.334616 1.695410
v -1.873287 -0.334616 1.695410
v -1.583323 -0.334616 1.808571
v -1.808573 -0.334616 1.583321
v -1.873287 -0.334616 1.695410
v -2.731663 -0.334616 2.116267
v -2.649215 -0.334616 2.423964
v -2.537127 -0.334616 2.359250
v -1.583323 -0.334616 2.423964
v -1.500876 -0.334616 2.116267
v -1.630305 -0.334616 2.116267
v -1.808573 -0.334616 1.583321
v -2.116270 -0.334616 1.500874
v -2.116270 -0.334616 1.630303
v -2.649216 -0.334616 1.808571
v -2.537127 -0.334616 1.873285
v -2.359252 -0.334616 1.695410
v -1.808573 -0.334616 2.649213
v -1.873287 -0.334616 2.537125
v -2.116270 -0.334616 2.602232
v 0.376372 -0.577784 0.376369
v 0.376372 -0.372225 0.376369
v -1.766831 -0.372225 2.519572
v -0.376372 -0.372225 -0.376375
v -0.376372 -0.577784 -0.376375
v -2.519575 -0.577784 1.766828
v -0.162246 -0.675441 -0.476612
v -0.378814 -0.675441 -0.331636
v -0.378814 0.675441 -0.331636
v -1.766831 -0.577784 2.519572
v -2.519575 -0.577784 1.766828
v -0.376372 -0.577784 -0.376375
v -0.376372 -0.577784 -0.376375
v -0.139219 -0.577784 -0.522275
v 0.139219 -0.577784 -0.522275
v 0.139219 -0.577784 -0.522275
v 0.376372 -0.577784 -0.376375
v -0.376372 -0.577784 -0.376375
v 0.376372 -0.577784 -0.376375
v 0.522272 -0.577784 -0.139223
v 0.376372 -0.577784 0.376369
v -0.376372 -0.577784 -0.376375
v 0.376372 -0.577784 -0.376375
v 0.376372 -0.577784 0.376369
v 0.522272 -0.577784 -0.139223
v 0.522272 -0.577784 0.139216
v 0.376372 -0.577784 0.376369
v 0.376372 -0.577784 -0.376375
v 0.139219 -0.577784 -0.522275
v 0.139219 -0.372225 -0.522275
v 0.139219 -0.577784 -0.522275
v -0.139219 -0.577784 -0.522275
v -0.139219 -0.372225 -0.522275
v -0.139219 -0.372225 -0.522275
v -0.139219 -0.577784 -0.522275
v -0.376372 -0.577784 -0.376375
v 0.376372 -0.372225 -0.376375
v 0.522272 -0.372225 -0.139223
v 0.522272 -0.577784 -0.139223
v 0.522272 -0.372225 -0.139223
v 0.522272 -0.372225 0.139216
v 0.522272 -0.577784 0.139216
v 0.522272 -0.372225 0.139216
v 0.376372 -0.372225 0.376369
v 0.376372 -0.577784 0.376369
v -2.519575 -0.372225 1.766828
v -1.766831 -0.372225 2.519572
v -0.376372 -0.372225 -0.376375
v -1.766831 -0.372225 2.519572
v 0.376372 -0.372225 0.376369
v -0.376372 -0.372225 -0.376375
v 0.376372 -0.372225 0.376369
v 0.522272 -0.372225 0.139216
v 0.522272 -0.372225 -0.139223
v 0.522272 -0.372225 -0.139223
v 0.376372 -0.372225 -0.376375
v 0.376372 -0.372225 0.376369
v 0.376372 -0.372225 -0.376375
v 0.139219 -0.372225 -0.522275
v -0.376372 -0.372225 -0.376375
v 0.376372 -0.372225 0.376369
v 0.376372 -0.372225 -0.376375
v -0.376372 -0.372225 -0.376375
v -2.116270 0.615393 1.500874
v -2.116270 0.334616 1.500874
v -2.423966 0.334616 1.583321
v -1.500876 0.615393 2.116267
v -1.500876 0.334616 2.116267
v -1.583323 0.334616 1.808571
v -1.583323 0.615393 2.423964
v -1.583323 0.334616 2.423964
v -1.500876 0.334616 2.116267
v -1.808573 0.615393 2.649213
v -1.808573 0.334616 2.649213
v -1.583323 0.334616 2.423964
v -2.116270 0.615393 2.731660
v -2.116270 0.334616 2.731660
v -1.808573 0.334616 2.649213
v -2.423966 0.615393 2.649213
v -2.423966 0.334616 2.649213
v -2.116270 0.334616 2.731660
v -2.649215 0.615393 2.423964
v -2.649215 0.334616 2.423964
v -2.423966 0.334616 2.649213
v -2.731663 0.615393 2.116267
v -2.731663 0.334616 2.116267
v -2.649215 0.334616 2.423964
v -2.649216 0.615393 1.808571
v -2.649216 0.334616 1.808571
v -2.731663 0.334616 2.116267
v -2.423966 0.615393 1.583321
v -2.423966 0.334616 1.583321
v -2.649216 0.334616 1.808571
v -1.808573 0.615393 1.583321
v -1.808573 0.334616 1.583321
v -2.116270 0.334616 1.500874
v -1.808573 0.615393 1.583321
v -2.116270 0.615393 1.500874
v -2.423966 0.615393 1.583321
v -2.423966 0.615393 1.583321
v -2.649216 0.615393 1.808571
v -2.731663 0.615393 2.116267
v -2.731663 0.615393 2.116267
v -2.649215 0.615393 2.423964
v -2.423966 0.615393 2.649213
v -2.423966 0.615393 2.649213
v -2.116270 0.615393 2.731660
v -1.808573 0.615393 2.649213
v -1.808573 0.615393 2.649213
v -1.583323 0.615393 2.423964
v -1.500876 0.615393 2.116267
v -1.500876 0.615393 2.116267
v -1.583323 0.615393 1.808571
v -1.808573 0.615393 2.649213
v -1.583323 0.615393 1.808571
v -1.808573 0.615393 1.583321
v -1.808573 0.615393 2.649213
v -1.808573 0.615393 1.583321
v -2.423966 0.615393 1.583321
v -1.808573 0.615393 2.649213
v -2.423966 0.615393 1.583321
v -2.731663 0.615393 2.116267
v -1.808573 0.615393 2.649213
v -1.583323 0.615393 1.808571
v -1.583323 0.334616 1.808571
v -1.808573 0.334616 1.583321
v -2.423966 0.334616 2.649213
v -2.359252 0.334616 2.537125
v -2.116270 0.334616 2.602232
v -2.116270 0.334616 1.630303
v -2.359252 0.334616 1.695410
v -2.423966 0.334616 1.583321
v -1.873287 0.334616 2.537125
v -1.695412 0.334616 2.359250
v -1.583323 0.334616 2.423964
v -2.537127 0.334616 1.873285
v -2.602234 0.334616 2.116267
v -2.731663 0.334616 2.116267
v -1.630305 0.334616 2.116267
v -1.695412 0.334616 1.873285
v -1.583323 0.334616 1.808571
v -2.649215 0.334616 2.423964
v -2.537127 0.334616 2.359250
v -2.359252 0.334616 2.537125
v -1.583323 0.334616 1.808571
v -1.695412 0.334616 1.873285
v -1.873287 0.334616 1.695410
v -2.731663 0.334616 2.116267
v -2.602234 0.334616 2.116267
v -2.537127 0.334616 2.359250
v -1.583323 0.334616 2.423964
v -1.695412 0.334616 2.359250
v -1.630305 0.334616 2.116267
v -1.808573 0.334616 1.583321
v -1.873287 0.334616 1.695410
v -2.116270 0.334616 1.630303
v -2.359252 0.334616 1.695410
v -2.537127 0.334616 1.873285
v -2.649216 0.334616 1.808571
v -2.116270 0.334616 2.602232
v -1.873287 0.334616 2.537125
v -1.808573 0.334616 2.649213
v -1.766831 0.372225 2.519572
v 0.376372 0.372225 0.376369
v 0.376372 0.577784 0.376369
v -2.519575 0.577784 1.766828
v -0.376372 0.577784 -0.376376
v -0.376372 0.372225 -0.376376
v -0.139219 0.577784 -0.522276
v -0.376372 0.577784 -0.376376
v 0.376372 0.577784 -0.376376
v -0.376372 0.577784 -0.376376
v 0.376372 0.577784 0.376369
v 0.376372 0.577784 -0.376376
v 0.376372 0.577784 0.376369
v 0.522272 0.577784 0.139216
v 0.522272 0.577784 -0.139223
v 0.522272 0.577784 -0.139223
v 0.376372 0.577784 -0.376376
v 0.376372 0.577784 0.376369
v 0.139219 0.372225 -0.522276
v 0.139219 0.577784 -0.522276
v 0.376372 0.577784 -0.376376
v -0.139219 0.372225 -0.522276
v -0.139219 0.577784 -0.522276
v 0.139219 0.577784 -0.522276
v -0.139219 0.372225 -0.522276
v -0.376372 0.372225 -0.376376
v -0.376372 0.577784 -0.376376
v 0.522272 0.577784 -0.139223
v 0.522272 0.372225 -0.139223
v 0.376372 0.372225 -0.376376
v 0.522272 0.577784 0.139216
v 0.522272 0.372225 0.139216
v 0.522272 0.372225 -0.139223
v 0.376372 0.577784 0.376369
v 0.376372 0.372225 0.376369
v 0.522272 0.372225 0.139216
v 0.522272 0.372225 0.139216
v 0.376372 0.372225 0.376369
v 0.376372 0.372225 -0.376376
v 0.376372 0.372225 0.376369
v -0.376372 0.372225 -0.376376
v 0.376372 0.372225 -0.376376
v -0.376372 0.372225 -0.376376
v -0.139219 0.372225 -0.522276
v 0.139219 0.372225 -0.522276
v 0.139219 0.372225 -0.522276
v 0.376372 0.372225 -0.376376
v -0.376372 0.372225 -0.376376
v -2.359252 0.334616 1.695410
v -2.116270 0.334616 1.630303
v -2.116270 -0.334616 1.630303
v -1.599958 0.475004 1.673862
v -1.599958 0.577784 1.673862
v -0.409841 0.577784 0.483744
v -1.673865 0.577784 1.599955
v -2.519575 0.577784 1.766828
v -1.766831 0.577784 2.519572
v -1.766831 0.372225 2.519572
v -2.519575 0.372225 1.766828
v -0.376372 0.372225 -0.376376
v -1.673865 0.577784 1.599955
v -0.483747 0.577784 0.409838
v -0.376372 0.577784 -0.376376
v -1.599958 0.577784 1.673862
v -1.766831 0.577784 2.519572
v 0.376372 0.577784 0.376369
v -0.483747 0.577784 0.409838
v -0.409841 0.577784 0.483744
v 0.376372 0.577784 0.376369
v -0.409841 0.475004 0.483744
v -0.409841 0.577784 0.483744
v -0.483747 0.577784 0.409838
v -0.483747 0.475004 0.409838
v -0.483747 0.577784 0.409838
v -1.673865 0.577784 1.599955
v -1.599958 0.475004 1.673862
v -1.673865 0.475004 1.599955
v -1.673865 0.577784 1.599955
v -1.673865 0.475004 1.599955
v -1.599958 0.475004 1.673862
v -0.409841 0.475004 0.483744
v -0.812227 0.475004 0.886130
v -0.812227 1.020585 0.886130
v -1.197573 1.020585 1.271477
v -1.271479 1.020585 1.197570
v -0.886134 1.020585 0.812223
v -0.886134 0.475004 0.812223
v -0.886134 0.475004 0.812223
v -0.886134 1.020585 0.812223
v -0.812227 1.020585 0.886130
v -0.812227 1.020585 0.886130
v -0.886134 1.020585 0.812223
v -1.271479 1.020585 1.197570
v -1.197573 1.020585 1.271477
v -1.271479 1.020585 1.197570
v -1.271479 0.475004 1.197570
v -0.935724 0.884924 0.884503
v -1.227767 0.884924 0.655787
v -1.227767 0.979675 0.655787
v -1.208631 0.979675 1.157412
v -1.437347 0.979675 0.865369
v -1.437347 0.884924 0.865369
v -1.227767 0.884924 0.655787
v -0.935724 0.884924 0.884503
v -1.208631 0.884924 1.157412
v -1.208631 0.884924 1.157412
v -1.437347 0.884924 0.865369
v -1.227767 0.884924 0.655787
v -1.437347 0.884924 0.865369
v -1.465587 0.884924 0.800789
v -1.292347 0.884924 0.627549
v -1.465587 0.884924 0.800789
v -1.461205 0.884924 0.728458
v -1.292347 0.884924 0.627549
v -1.461205 0.884924 0.728458
v -1.425377 0.884924 0.667759
v -1.364677 0.884924 0.631930
v -1.292347 0.884924 0.627549
v -1.461205 0.884924 0.728458
v -1.364677 0.884924 0.631930
v -1.425377 0.884924 0.667759
v -1.461205 0.884924 0.728458
v -1.461205 0.979675 0.728458
v -1.461205 0.884924 0.728458
v -1.465587 0.884924 0.800789
v -1.465587 0.979675 0.800789
v -1.465587 0.884924 0.800789
v -1.437347 0.884924 0.865369
v -1.437347 0.979675 0.865369
v -1.227767 0.884924 0.655787
v -1.292347 0.884924 0.627549
v -1.292347 0.979675 0.627549
v -1.292347 0.884924 0.627549
v -1.364677 0.884924 0.631930
v -1.364677 0.979675 0.631930
v -1.364677 0.884924 0.631930
v -1.425377 0.884924 0.667759
v -1.425377 0.979675 0.667759
v -1.437347 0.979675 0.865369
v -1.208631 0.979675 1.157412
v -0.935724 0.979675 0.884503
v -0.935724 0.979675 0.884503
v -1.227767 0.979675 0.655787
v -1.437347 0.979675 0.865369
v -1.227767 0.979675 0.655787
v -1.292347 0.979675 0.627549
v -1.465587 0.979675 0.800789
v -1.292347 0.979675 0.627549
v -1.364677 0.979675 0.631930
v -1.461205 0.979675 0.728458
v -1.364677 0.979675 0.631930
v -1.425377 0.979675 0.667759
v -1.461205 0.979675 0.728458
v -1.461205 0.979675 0.728458
v -1.465587 0.979675 0.800789
v -1.292347 0.979675 0.627549
v -0.935724 0.673044 0.884503
v -1.227767 0.673044 0.655787
v -1.227767 0.767795 0.655787
v -1.208631 0.767795 1.157412
v -1.437347 0.767795 0.865369
v -1.437347 0.673044 0.865369
v -1.227767 0.673044 0.655787
v -0.935724 0.673044 0.884503
v -1.208631 0.673044 1.157412
v -1.208631 0.673044 1.157412
v -1.437347 0.673044 0.865369
v -1.227767 0.673044 0.655787
v -1.437347 0.673044 0.865369
v -1.465587 0.673044 0.800789
v -1.292347 0.673044 0.627549
v -1.465587 0.673044 0.800789
v -1.461205 0.673044 0.728458
v -1.292347 0.673044 0.627549
v -1.461205 0.673044 0.728458
v -1.425377 0.673044 0.667759
v -1.364677 0.673044 0.631930
v -1.292347 0.673044 0.627549
v -1.461205 0.673044 0.728458
v -1.364677 0.673044 0.631930
v -1.425377 0.673044 0.667759
v -1.461205 0.673044 0.728458
v -1.461205 0.767795 0.728458
v -1.461205 0.673044 0.728458
v -1.465587 0.673044 0.800789
v -1.465587 0.767795 0.800789
v -1.465587 0.673044 0.800789
v -1.437347 0.673044 0.865369
v -1.437347 0.767795 0.865369
v -1.227767 0.673044 0.655787
v -1.292347 0.673044 0.627549
v -1.292347 0.767795 0.627549
v -1.292347 0.673044 0.627549
v -1.364677 0.673044 0.631930
v -1.364677 0.767795 0.631930
v -1.364677 0.673044 0.631930
v -1.425377 0.673044 0.667759
v -1.425377 0.767795 0.667759
v -1.437347 0.767795 0.865369
v -1.208631 0.767795 1.157412
v -0.935724 0.767795 0.884503
v -0.935724 0.767795 0.884503
v -1.227767 0.767795 0.655787
v -1.437347 0.767795 0.865369
v -1.227767 0.767795 0.655787
v -1.292347 0.767795 0.627549
v -1.465587 0.767795 0.800789
v -1.292347 0.767795 0.627549
v -1.364677 0.767795 0.631930
v -1.461205 0.767795 0.728458
v -1.364677 0.767795 0.631930
v -1.425377 0.767795 0.667759
v -1.461205 0.767795 0.728458
v -1.461205 0.767795 0.728458
v -1.465587 0.767795 0.800789
v -1.292347 0.767795 0.627549
v -1.188560 0.475004 1.244663
v -1.051159 0.475004 1.107261
v -0.623695 0.475004 1.534724
v -0.623695 0.475004 1.534724
v -0.623695 0.475004 1.552080
v -0.743740 0.475004 1.672126
v -0.743740 0.475004 1.672126
v -0.761096 0.475004 1.672126
v -0.623695 0.475004 1.534724
v -0.623695 0.475004 1.552080
v -0.623695 0.839447 1.552080
v -0.743740 0.839447 1.672126
v -1.188560 0.475004 1.244663
v -0.761096 0.475004 1.672126
v -0.761096 0.839447 1.672126
v -1.051159 0.839447 1.107261
v -0.623695 0.839447 1.534724
v -0.623695 0.475004 1.534724
v -0.752418 0.851719 1.663448
v -0.743740 0.839447 1.672126
v -0.623695 0.839447 1.552080
v -0.761096 0.475004 1.672126
v -0.743740 0.475004 1.672126
v -0.743740 0.839447 1.672126
v -0.623695 0.475004 1.552080
v -0.623695 0.475004 1.534724
v -0.623695 0.839447 1.534724
v -1.059836 0.851719 1.115939
v -0.632373 0.851719 1.543402
v -0.623695 0.839447 1.534724
v -0.761096 0.839447 1.672126
v -0.752418 0.851719 1.663448
v -1.179882 0.851719 1.235985
v -1.179882 0.851719 1.235985
v -0.752418 0.851719 1.663448
v -0.632373 0.851719 1.543402
v -1.036352 0.822090 1.165804
v -1.036352 0.880059 1.165804
v -0.728902 0.880059 1.473254
v -1.036352 0.880059 1.165804
v -1.036352 0.822090 1.165804
v -1.041751 0.887695 1.171203
v -1.036352 0.822090 1.165804
v -1.130016 0.822090 1.259470
v -1.041751 0.887695 1.171203
v -1.130016 0.822090 1.259470
v -1.130016 0.880059 1.259470
v -1.124618 0.887694 1.254071
v -1.124618 0.887694 1.254071
v -0.822566 0.887694 1.556122
v -0.739700 0.887695 1.473254
v -0.822566 0.822090 1.566919
v -0.822566 0.880059 1.566919
v -1.130016 0.880059 1.259470
v -0.739700 0.887695 1.473254
v -0.822566 0.887694 1.556122
v -0.822566 0.880059 1.566919
v -0.739700 0.887695 1.473254
v -0.728902 0.880059 1.473254
v -1.036352 0.880059 1.165804
v -0.822566 0.887694 1.556122
v -1.124618 0.887694 1.254071
v -1.130016 0.880059 1.259470
v -0.728902 0.822090 1.473254
v -0.728902 0.880059 1.473254
v -0.822566 0.880059 1.566919
v -0.876140 0.611244 1.189502
v -0.933166 0.611244 1.246528
v -0.876140 0.611244 1.138442
v -0.933166 0.611244 1.246528
v -1.070385 0.611244 1.109309
v -0.876140 0.611244 1.138442
v -0.987829 0.803500 1.026752
v -1.070385 0.803500 1.109309
v -0.876140 0.803500 1.138441
v -1.070385 0.803500 1.109309
v -0.933166 0.803500 1.246528
v -0.876140 0.803500 1.138441
v -0.987829 0.611244 1.026752
v -0.987829 0.803500 1.026752
v -0.876140 0.803500 1.138441
v -0.876140 0.611244 1.138442
v -0.876140 0.803500 1.138441
v -0.876140 0.803500 1.189502
v -0.933166 0.803500 1.246528
v -0.933166 0.611244 1.246528
v -0.876140 0.611244 1.189502
v -1.301670 1.006210 0.667559
v -1.233844 1.006210 0.712794
v -1.233844 0.646511 0.712794
v -1.233844 1.006210 0.712794
v -1.217870 1.006211 0.792741
v -1.217870 0.646511 0.792741
v -1.217870 1.006211 0.792741
v -1.263105 1.006211 0.860567
v -1.263105 0.646511 0.860567
v -1.263105 1.006211 0.860567
v -1.343052 1.006211 0.876541
v -1.343052 0.646511 0.876541
v -1.343052 0.646511 0.876541
v -1.343052 1.006211 0.876541
v -1.410878 1.006211 0.831305
v -1.410878 1.006211 0.831305
v -1.426851 1.006211 0.751359
v -1.426851 0.646511 0.751359
v -1.217870 1.006211 0.792741
v -1.233844 1.006210 0.712794
v -1.426851 1.006211 0.751359
v -1.233844 1.006210 0.712794
v -1.301670 1.006210 0.667559
v -1.426851 1.006211 0.751359
v -1.301670 1.006210 0.667559
v -1.381616 1.006211 0.683533
v -1.426851 1.006211 0.751359
v -1.426851 1.006211 0.751359
v -1.410878 1.006211 0.831305
v -1.343052 1.006211 0.876541
v -1.343052 1.006211 0.876541
v -1.263105 1.006211 0.860567
v -1.426851 1.006211 0.751359
v -1.426851 1.006211 0.751359
v -1.381616 1.006211 0.683533
v -1.381616 0.646511 0.683533
v -1.381616 0.646511 0.683533
v -1.381616 1.006211 0.683533
v -1.301670 1.006210 0.667559
v -1.381616 0.646511 0.683533
v -1.301670 0.646511 0.667559
v -1.233844 0.646511 0.712794
v -1.233844 0.646511 0.712794
v -1.217870 0.646511 0.792741
v -1.263105 0.646511 0.860567
v -1.263105 0.646511 0.860567
v -1.343052 0.646511 0.876541
v -1.410878 0.646511 0.831305
v -1.410878 0.646511 0.831305
v -1.426851 0.646511 0.751359
v -1.263105 0.646511 0.860567
v -1.426851 0.646511 0.751359
v -1.381616 0.646511 0.683533
v -1.263105 0.646511 0.860567
v 0.388636 -0.166666 0.351385
v 0.388636 0.166666 0.351385
v -1.272881 0.166666 2.012902
v -0.364109 0.166666 -0.401360
v -0.364109 -0.166666 -0.401360
v -2.025625 -0.166666 1.260157
v 0.388636 -0.166666 0.351385
v -0.364109 -0.166666 -0.401360
v 0.388636 -0.166666 -0.401360
v -0.364109 -0.166666 -0.401360
v -0.126955 -0.166666 -0.547259
v 0.388636 -0.166666 -0.401360
v -0.126955 -0.166666 -0.547259
v 0.151483 -0.166666 -0.547259
v 0.388636 -0.166666 -0.401360
v 0.388636 -0.166666 -0.401360
v 0.534536 -0.166666 -0.164207
v 0.534536 -0.166666 0.114232
v 0.388636 -0.166666 -0.401360
v 0.151483 -0.166666 -0.547259
v 0.151483 0.166666 -0.547259
v 0.151483 -0.166666 -0.547259
v -0.126955 -0.166666 -0.547259
v -0.126955 0.166666 -0.547259
v -0.126955 0.166666 -0.547259
v -0.126955 -0.166666 -0.547259
v -0.364109 -0.166666 -0.401360
v 0.388636 0.166666 -0.401360
v 0.534536 0.166666 -0.164207
v 0.534536 -0.166666 -0.164207
v 0.534536 0.166666 -0.164207
v 0.534536 0.166666 0.114232
v 0.534536 -0.166666 0.114232
v 0.534536 0.166666 0.114232
v 0.388636 0.166666 0.351385
v 0.388636 -0.166666 0.351385
v -0.364109 0.166666 -0.401360
v 0.388636 0.166666 0.351385
v 0.388636 0.166666 -0.401360
v 0.388636 0.166666 0.351385
v 0.534536 0.166666 0.114232
v 0.388636 0.166666 -0.401360
v 0.534536 0.166666 0.114232
v 0.534536 0.166666 -0.164207
v 0.388636 0.166666 -0.401360
v 0.388636 0.166666 -0.401360
v 0.151483 0.166666 -0.547259
v -0.126955 0.166666 -0.547259
v 0.388636 0.166666 0.351385
v -0.364109 0.166666 -0.401360
v -2.025625 0.166666 1.260157
v -2.025625 -0.166666 1.260157
v -0.364109 -0.166666 -0.401360
v 0.388636 -0.166666 0.351385
v -2.431458 -0.166666 1.817697
v -2.025625 -0.166666 1.260157
v -1.272881 -0.166666 2.012902
v -1.272881 0.166666 2.012902
v -2.025625 0.166666 1.260157
v -2.431458 0.166666 1.817697
v -2.025625 0.166666 1.260157
v -2.025625 -0.166666 1.260157
v -2.431458 -0.166666 1.817697
v -1.272881 -0.166666 2.012902
v -1.272881 0.166666 2.012902
v -1.827899 0.166666 2.421256
v -1.199765 0.026023 2.239600
v -1.387008 0.025256 1.991547
v -1.388420 0.112175 1.992344
v -1.573135 0.107992 2.121234
v -1.385892 0.108759 2.369288
v -1.388420 0.112175 1.992344
v -1.385892 0.108759 2.369288
v -1.313646 0.109487 2.417870
v -1.229081 0.111051 2.397218
v -1.388420 0.112175 1.992344
v -1.385892 0.108759 2.369288
v -1.201177 0.112942 2.240397
v -1.229081 0.111051 2.397218
v -1.180513 0.112502 2.324973
v -1.201177 0.112942 2.240397
v -1.384479 0.021840 2.368490
v -1.571723 0.021073 2.120437
v -1.387008 0.025256 1.991547
v -1.387008 0.025256 1.991547
v -1.199765 0.026023 2.239600
v -1.384479 0.021840 2.368490
v -1.199765 0.026023 2.239600
v -1.179100 0.025583 2.324176
v -1.227669 0.024131 2.396420
v -1.384479 0.021840 2.368490
v -1.227669 0.024131 2.396420
v -1.312234 0.022568 2.417073
v -1.385892 0.108759 2.369288
v -1.384479 0.021840 2.368490
v -1.312234 0.022568 2.417073
v -1.312234 0.022568 2.417073
v -1.227669 0.024131 2.396420
v -1.229081 0.111051 2.397218
v -1.199765 0.026023 2.239600
v -1.201177 0.112942 2.240397
v -1.180513 0.112502 2.324973
v -1.180513 0.112502 2.324973
v -1.229081 0.111051 2.397218
v -1.227669 0.024131 2.396420
v -1.384479 0.021840 2.368490
v -1.385892 0.108759 2.369288
v -1.573135 0.107992 2.121234
v -1.384183 -0.148583 1.989952
v -1.385596 -0.061664 1.990749
v -1.198353 -0.060897 2.238803
v -1.570311 -0.065847 2.119640
v -1.383067 -0.065080 2.367693
v -1.385596 -0.061664 1.990749
v -1.383067 -0.065080 2.367693
v -1.310822 -0.064352 2.416276
v -1.226256 -0.062788 2.395623
v -1.385596 -0.061664 1.990749
v -1.383067 -0.065080 2.367693
v -1.198353 -0.060897 2.238803
v -1.226256 -0.062788 2.395623
v -1.177689 -0.061337 2.323378
v -1.198353 -0.060897 2.238803
v -1.381655 -0.151999 2.366896
v -1.568898 -0.152766 2.118843
v -1.384183 -0.148583 1.989952
v -1.384183 -0.148583 1.989952
v -1.196940 -0.147816 2.238005
v -1.381655 -0.151999 2.366896
v -1.196940 -0.147816 2.238005
v -1.176276 -0.148256 2.322581
v -1.224844 -0.149708 2.394826
v -1.381655 -0.151999 2.366896
v -1.224844 -0.149708 2.394826
v -1.309410 -0.151271 2.415479
v -1.381655 -0.151999 2.366896
v -1.309410 -0.151271 2.415479
v -1.310822 -0.064352 2.416276
v -1.310822 -0.064352 2.416276
v -1.309410 -0.151271 2.415479
v -1.224844 -0.149708 2.394826
v -1.196940 -0.147816 2.238005
v -1.198353 -0.060897 2.238803
v -1.177689 -0.061337 2.323378
v -1.176276 -0.148256 2.322581
v -1.177689 -0.061337 2.323378
v -1.226256 -0.062788 2.395623
v -1.568898 -0.152766 2.118843
v -1.381655 -0.151999 2.366896
v -1.383067 -0.065080 2.367693
v 0.097796 -0.675441 -0.493881
v -0.162246 -0.675441 -0.476612
v -0.162246 0.675441 -0.476612
v 0.331634 -0.675441 -0.378816
v 0.097796 -0.675441 -0.493881
v 0.097796 0.675441 -0.493881
v 0.476610 -0.675441 -0.162247
v 0.331634 -0.675441 -0.378816
v 0.331634 0.675441 -0.378816
v 0.493879 -0.675441 0.097795
v 0.476610 -0.675441 -0.162247
v 0.476610 0.675441 -0.162247
v 0.378814 -0.675441 0.331632
v 0.493879 -0.675441 0.097795
v 0.493879 0.675441 0.097795
v 0.162245 -0.675441 0.476609
v 0.378814 -0.675441 0.331632
v 0.378814 0.675441 0.331632
v -0.097796 -0.675441 0.493878
v 0.162245 -0.675441 0.476609
v 0.162245 0.675441 0.476609
v -0.331634 -0.675441 0.378812
v -0.097796 -0.675441 0.493878
v -0.097796 0.675441 0.493878
v -0.476611 -0.675441 0.162244
v -0.331634 -0.675441 0.378812
v -0.331634 0.675441 0.378812
v -0.493880 -0.675441 -0.097798
v -0.476611 -0.675441 0.162244
v -0.476611 0.675441 0.162244
v -0.092883 0.675441 0.469063
v -0.087410 0.646451 0.441424
v -0.296413 0.646451 0.338580
v -0.378814 -0.675441 -0.331636
v -0.493880 -0.675441 -0.097798
v -0.493880 0.675441 -0.097798
v 0.092883 0.675441 -0.469067
v 0.314971 0.675441 -0.359782
v 0.331634 0.675441 -0.378816
v 0.314971 0.675441 -0.359782
v 0.452663 0.675441 -0.154095
v 0.476610 0.675441 -0.162247
v 0.452663 0.675441 -0.154095
v 0.469065 0.675441 0.092881
v 0.493879 0.675441 0.097795
v 0.469065 0.675441 0.092881
v 0.359780 0.675441 0.314970
v 0.378814 0.675441 0.331632
v 0.359780 0.675441 0.314970
v 0.154093 0.675441 0.452662
v 0.162245 0.675441 0.476609
v 0.154093 0.675441 0.452662
v -0.092883 0.675441 0.469063
v -0.097796 0.675441 0.493878
v -0.092883 0.675441 0.469063
v -0.314972 0.675441 0.359779
v -0.331634 0.675441 0.378812
v -0.452663 0.675441 0.154092
v -0.476611 0.675441 0.162244
v -0.331634 0.675441 0.378812
v -0.469065 0.675441 -0.092884
v -0.493880 0.675441 -0.097798
v -0.476611 0.675441 0.162244
v -0.359781 0.675441 -0.314973
v -0.378814 0.675441 -0.331636
v -0.493880 0.675441 -0.097798
v -0.154094 0.675441 -0.452665
v -0.162246 0.675441 -0.476612
v -0.378814 0.675441 -0.331636
v 0.092883 0.675441 -0.469067
v 0.097796 0.675441 -0.493881
v -0.162246 0.675441 -0.476612
v 0.425991 0.646451 -0.145015
v 0.296412 0.646451 -0.338583
v 0.087410 0.646451 -0.441428
v 0.087410 0.646451 -0.441428
v -0.145014 0.646451 -0.425993
v -0.338582 0.646451 -0.296413
v -0.338582 0.646451 -0.296413
v -0.441426 0.646451 -0.087411
v -0.425991 0.646451 0.145012
v -0.425991 0.646451 0.145012
v -0.296413 0.646451 0.338580
v -0.087410 0.646451 0.441424
v -0.087410 0.646451 0.441424
v 0.145014 0.646451 0.425990
v 0.338581 0.646451 0.296411
v 0.338581 0.646451 0.296411
v 0.441426 0.646451 0.087408
v -0.087410 0.646451 0.441424
v 0.441426 0.646451 0.087408
v 0.425991 0.646451 -0.145015
v -0.087410 0.646451 0.441424
v 0.425991 0.646451 -0.145015
v 0.087410 0.646451 -0.441428
v -0.338582 0.646451 -0.296413
v -0.338582 0.646451 -0.296413
v -0.425991 0.646451 0.145012
v 0.425991 0.646451 -0.145015
v 0.469065 0.675441 0.092881
v 0.441426 0.646451 0.087408
v 0.338581 0.646451 0.296411
v -0.154094 0.675441 -0.452665
v -0.359781 0.675441 -0.314973
v -0.338582 0.646451 -0.296413
v 0.314971 0.675441 -0.359782
v 0.092883 0.675441 -0.469067
v 0.087410 0.646451 -0.441428
v -0.314972 0.675441 0.359779
v -0.296413 0.646451 0.338580
v -0.425991 0.646451 0.145012
v 0.359780 0.675441 0.314970
v 0.338581 0.646451 0.296411
v 0.145014 0.646451 0.425990
v 0.092883 0.675441 -0.469067
v -0.154094 0.675441 -0.452665
v -0.145014 0.646451 -0.425993
v 0.452663 0.675441 -0.154095
v 0.314971 0.675441 -0.359782
v 0.296412 0.646451 -0.338583
v -0.469065 0.675441 -0.092884
v -0.452663 0.675441 0.154092
v -0.425991 0.646451 0.145012
v 0.154093 0.675441 0.452662
v 0.145014 0.646451 0.425990
v -0.087410 0.646451 0.441424
v 0.469065 0.675441 0.092881
v 0.452663 0.675441 -0.154095
v 0.425991 0.646451 -0.145015
v -0.469065 0.675441 -0.092884
v -0.441426 0.646451 -0.087411
v -0.338582 0.646451 -0.296413
v -0.296413 -0.646451 0.338580
v -0.087410 -0.646451 0.441424
v -0.092883 -0.675441 0.469063
v 0.092883 -0.675441 -0.469067
v 0.097796 -0.675441 -0.493881
v 0.331634 -0.675441 -0.378816
v 0.314971 -0.675441 -0.359782
v 0.331634 -0.675441 -0.378816
v 0.476610 -0.675441 -0.162247
v 0.452663 -0.675441 -0.154095
v 0.476610 -0.675441 -0.162247
v 0.493879 -0.675441 0.097795
v 0.469065 -0.675441 0.092881
v 0.493879 -0.675441 0.097795
v 0.378814 -0.675441 0.331632
v 0.359780 -0.675441 0.314970
v 0.378814 -0.675441 0.331632
v 0.162245 -0.675441 0.476609
v 0.154093 -0.675441 0.452662
v 0.162245 -0.675441 0.476609
v -0.097796 -0.675441 0.493878
v -0.092883 -0.675441 0.469063
v -0.097796 -0.675441 0.493878
v -0.331634 -0.675441 0.378812
v -0.331634 -0.675441 0.378812
v -0.476611 -0.675441 0.162244
v -0.452663 -0.675441 0.154092
v -0.476611 -0.675441 0.162244
v -0.493880 -0.675441 -0.097798
v -0.469065 -0.675441 -0.092884
v -0.493880 -0.675441 -0.097798
v -0.378814 -0.675441 -0.331636
v -0.359781 -0.675441 -0.314973
v -0.378814 -0.675441 -0.331636
v -0.162246 -0.675441 -0.476612
v -0.154094 -0.675441 -0.452665
v -0.162246 -0.675441 -0.476612
v 0.097796 -0.675441 -0.493881
v 0.092883 -0.675441 -0.469067
v 0.087409 -0.646451 -0.441428
v 0.296412 -0.646451 -0.338583
v 0.425991 -0.646451 -0.145015
v 0.425991 -0.646451 -0.145015
v 0.441426 -0.646451 0.087409
v 0.087409 -0.646451 -0.441428
v 0.441426 -0.646451 0.087409
v 0.338581 -0.646451 0.296411
v 0.087409 -0.646451 -0.441428
v 0.338581 -0.646451 0.296411
v 0.145014 -0.646451 0.425990
v -0.087410 -0.646451 0.441424
v -0.087410 -0.646451 0.441424
v -0.296413 -0.646451 0.338580
v -0.425991 -0.646451 0.145012
v -0.425991 -0.646451 0.145012
v -0.441426 -0.646451 -0.087411
v 0.087409 -0.646451 -0.441428
v -0.441426 -0.646451 -0.087411
v -0.338582 -0.646451 -0.296413
v 0.087409 -0.646451 -0.441428
v -0.338582 -0.646451 -0.296413
v -0.145014 -0.646451 -0.425993
v 0.087409 -0.646451 -0.441428
v 0.338581 -0.646451 0.296411
v -0.087410 -0.646451 0.441424
v -0.425991 -0.646451 0.145012
v 0.359780 -0.675441 0.314970
v 0.338581 -0.646451 0.296411
v 0.441426 -0.646451 0.087409
v -0.154094 -0.675441 -0.452665
v -0.145014 -0.646451 -0.425993
v -0.338582 -0.646451 -0.296413
v 0.296412 -0.646451 -0.338583
v 0.087409 -0.646451 -0.441428
v 0.092883 -0.675441 -0.469067
v -0.425991 -0.646451 0.145012
v -0.296413 -0.646451 0.338580
v -0.314972 -0.675441 0.359779
v 0.145014 -0.646451 0.425990
v 0.338581 -0.646451 0.296411
v 0.359780 -0.675441 0.314970
v 0.092883 -0.675441 -0.469067
v 0.087409 -0.646451 -0.441428
v -0.145014 -0.646451 -0.425993
v 0.452663 -0.675441 -0.154095
v 0.425991 -0.646451 -0.145015
v 0.296412 -0.646451 -0.338583
v -0.469065 -0.675441 -0.092884
v -0.441426 -0.646451 -0.087411
v -0.425991 -0.646451 0.145012
v -0.087410 -0.646451 0.441424
v 0.145014 -0.646451 0.425990
v 0.154093 -0.675441 0.452662
v 0.469065 -0.675441 0.092881
v 0.441426 -0.646451 0.087409
v 0.425991 -0.646451 -0.145015
v -0.338582 -0.646451 -0.296413
v -0.441426 -0.646451 -0.087411
v -0.469065 -0.675441 -0.092884
v -1.294133 0.148042 2.221019
v -1.221252 0.148841 2.263104
v -1.215833 -0.184759 2.260045
v -1.221252 0.148841 2.263104
v -1.221246 0.148069 2.347263
v -1.215826 -0.185531 2.344203
v -1.215826 -0.185531 2.344203
v -1.221246 0.148069 2.347263
v -1.294120 0.146499 2.389337
v -1.288700 -0.187100 2.386277
v -1.294120 0.146499 2.389337
v -1.367000 0.145701 2.347252
v -1.221246 0.148069 2.347263
v -1.221252 0.148841 2.263104
v -1.294133 0.148042 2.221019
v -1.294133 0.148042 2.221019
v -1.367006 0.146473 2.263093
v -1.367000 0.145701 2.347252
v -1.367000 0.145701 2.347252
v -1.294120 0.146499 2.389337
v -1.294133 0.148042 2.221019
v -1.361580 -0.187898 2.344192
v -1.367000 0.145701 2.347252
v -1.367006 0.146473 2.263093
v -1.367006 0.146473 2.263093
v -1.294133 0.148042 2.221019
v -1.288713 -0.185557 2.217960
v -1.361587 -0.187127 2.260034
v -1.288713 -0.185557 2.217960
v -1.215833 -0.184759 2.260045
v -1.215833 -0.184759 2.260045
v -1.215826 -0.185531 2.344203
v -1.361587 -0.187127 2.260034
v -1.215826 -0.185531 2.344203
v -1.288700 -0.187100 2.386277
v -1.361587 -0.187127 2.260034
vt 0.956086 0.786286
vt 0.959024 0.789619
vt 0.959024 0.786286
vt 0.956086 0.756284
vt 0.959024 0.759618
vt 0.959024 0.756284
vt 0.956086 0.759618
vt 0.959024 0.762951
vt 0.959024 0.759618
vt 0.956086 0.762951
vt 0.959024 0.766285
vt 0.959024 0.762951
vt 0.956086 0.766285
vt 0.959024 0.769618
vt 0.959024 0.766285
vt 0.956086 0.769618
vt 0.959024 0.772952
vt 0.959024 0.769618
vt 0.956086 0.772952
vt 0.959024 0.776285
vt 0.959024 0.772952
vt 0.956086 0.776285
vt 0.959024 0.779619
vt 0.959024 0.776285
vt 0.956086 0.779619
vt 0.959024 0.782952
vt 0.959024 0.779619
vt 0.956086 0.782952
vt 0.959024 0.786286
vt 0.959024 0.782952
vt 0.762860 0.492616
vt 0.769864 0.495249
vt 0.769864 0.492616
vt 0.956086 0.789619
vt 0.959024 0.792953
vt 0.959024 0.789619
vt 0.706579 0.037341
vt 0.702025 0.032788
vt 0.694138 0.040675
vt 0.956086 0.752950
vt 0.959024 0.756284
vt 0.959024 0.752950
vt 0.664003 0.043562
vt 0.664362 0.040324
vt 0.663045 0.042604
vt 0.653229 0.040675
vt 0.654537 0.037692
vt 0.653229 0.037341
vt 0.664003 0.034455
vt 0.664362 0.037692
vt 0.665670 0.037341
vt 0.657783 0.045229
vt 0.655853 0.042604
vt 0.654896 0.043562
vt 0.657783 0.032788
vt 0.660766 0.034096
vt 0.661116 0.032788
vt 0.661116 0.045229
vt 0.663045 0.042604
vt 0.660766 0.043920
vt 0.762860 0.489984
vt 0.769864 0.492616
vt 0.769864 0.489984
vt 0.762860 0.487351
vt 0.769864 0.489984
vt 0.769864 0.487351
vt 0.762860 0.484719
vt 0.769864 0.487351
vt 0.769864 0.484719
vt 0.762860 0.482086
vt 0.769864 0.484719
vt 0.769864 0.482086
vt 0.762860 0.479454
vt 0.769864 0.482086
vt 0.769864 0.479454
vt 0.762860 0.476822
vt 0.769864 0.479454
vt 0.769864 0.476822
vt 0.762860 0.474189
vt 0.769864 0.476822
vt 0.769864 0.474189
vt 0.762860 0.471557
vt 0.769864 0.474189
vt 0.769864 0.471557
vt 0.762860 0.468924
vt 0.769864 0.471557
vt 0.769864 0.468924
vt 0.762860 0.497881
vt 0.769864 0.500514
vt 0.769864 0.497881
vt 0.657783 0.032788
vt 0.655853 0.035412
vt 0.658133 0.034096
vt 0.657783 0.045229
vt 0.660766 0.043920
vt 0.658133 0.043920
vt 0.664003 0.034455
vt 0.660766 0.034096
vt 0.663045 0.035412
vt 0.654896 0.034455
vt 0.654537 0.037692
vt 0.655853 0.035412
vt 0.654896 0.043562
vt 0.654537 0.040324
vt 0.653229 0.040675
vt 0.665670 0.037341
vt 0.664362 0.040324
vt 0.665670 0.040675
vt 0.291465 0.647491
vt 0.293616 0.615773
vt 0.291465 0.615773
vt 0.293616 0.664974
vt 0.291465 0.696692
vt 0.293616 0.696692
vt 0.332932 0.092886
vt 0.347069 0.095613
vt 0.347069 0.092886
vt 0.942047 0.662751
vt 0.942047 0.631033
vt 0.930907 0.662751
vt 0.291465 0.656233
vt 0.293616 0.659147
vt 0.293616 0.656233
vt 0.291465 0.659147
vt 0.293616 0.662060
vt 0.293616 0.659147
vt 0.293616 0.662060
vt 0.291465 0.664974
vt 0.293616 0.664974
vt 0.293616 0.656233
vt 0.291465 0.653319
vt 0.291465 0.656233
vt 0.293616 0.653319
vt 0.291465 0.650405
vt 0.291465 0.653319
vt 0.293616 0.650405
vt 0.291465 0.647491
vt 0.291465 0.650405
vt 0.473131 0.072106
vt 0.475191 0.074167
vt 0.478025 0.074842
vt 0.294403 0.150396
vt 0.291465 0.153729
vt 0.294403 0.153729
vt 0.294403 0.180398
vt 0.291465 0.183731
vt 0.294403 0.183731
vt 0.294403 0.177064
vt 0.291465 0.180398
vt 0.294403 0.180398
vt 0.294403 0.173731
vt 0.291465 0.177064
vt 0.294403 0.177064
vt 0.294403 0.170397
vt 0.291465 0.173731
vt 0.294403 0.173731
vt 0.294403 0.167064
vt 0.291465 0.170397
vt 0.294403 0.170397
vt 0.294403 0.163730
vt 0.291465 0.167064
vt 0.294403 0.167064
vt 0.294403 0.160396
vt 0.291465 0.163730
vt 0.294403 0.163730
vt 0.294403 0.157063
vt 0.291465 0.160396
vt 0.294403 0.160396
vt 0.294403 0.153729
vt 0.291465 0.157063
vt 0.294403 0.157063
vt 0.294403 0.147062
vt 0.291465 0.150396
vt 0.294403 0.150396
vt 0.684458 0.043562
vt 0.686125 0.037341
vt 0.681571 0.032788
vt 0.294403 0.183731
vt 0.291465 0.187065
vt 0.294403 0.187065
vt 0.183821 0.040765
vt 0.185129 0.037782
vt 0.183821 0.037432
vt 0.194954 0.040415
vt 0.194595 0.043652
vt 0.196262 0.040765
vt 0.186445 0.035502
vt 0.188375 0.032878
vt 0.185488 0.034545
vt 0.191358 0.044011
vt 0.188375 0.045319
vt 0.191708 0.045319
vt 0.191358 0.034186
vt 0.194595 0.034545
vt 0.191708 0.032878
vt 0.185488 0.043652
vt 0.185129 0.040415
vt 0.183821 0.040765
vt 0.194595 0.034545
vt 0.194954 0.037782
vt 0.196262 0.037432
vt 0.188375 0.045319
vt 0.186445 0.042694
vt 0.185488 0.043652
vt 0.188375 0.032878
vt 0.191358 0.034186
vt 0.191708 0.032878
vt 0.196262 0.037432
vt 0.194954 0.040415
vt 0.196262 0.040765
vt 0.193637 0.042694
vt 0.191708 0.045319
vt 0.194595 0.043652
vt 0.185129 0.037782
vt 0.185488 0.034545
vt 0.183821 0.037432
vt 0.293616 0.607760
vt 0.291465 0.576042
vt 0.291465 0.607760
vt 0.291465 0.526842
vt 0.293616 0.558560
vt 0.293616 0.526842
vt 0.745838 0.737113
vt 0.746514 0.739947
vt 0.748574 0.742008
vt 0.293616 0.564387
vt 0.291465 0.567301
vt 0.293616 0.567301
vt 0.293616 0.561473
vt 0.291465 0.564387
vt 0.293616 0.564387
vt 0.293616 0.561473
vt 0.291465 0.558560
vt 0.291465 0.561473
vt 0.291465 0.570215
vt 0.293616 0.567301
vt 0.291465 0.567301
vt 0.291465 0.573129
vt 0.293616 0.570215
vt 0.291465 0.570215
vt 0.291465 0.576042
vt 0.293616 0.573129
vt 0.291465 0.573129
vt 0.037724 0.084739
vt 0.038399 0.087574
vt 0.040459 0.089634
vt 0.762860 0.495249
vt 0.769864 0.497881
vt 0.769864 0.495249
vt 0.977050 0.491447
vt 0.978126 0.473834
vt 0.977050 0.473834
vt 0.775634 0.737660
vt 0.783126 0.731543
vt 0.775634 0.736566
vt 0.075012 0.090309
vt 0.043294 0.079169
vt 0.043294 0.090309
vt 0.775634 0.737660
vt 0.751409 0.742683
vt 0.783126 0.742683
vt 0.775634 0.736566
vt 0.751409 0.731543
vt 0.758021 0.736566
vt 0.758021 0.737660
vt 0.751409 0.731543
vt 0.751409 0.742683
vt 0.977050 0.473834
vt 0.975956 0.472758
vt 0.975956 0.473834
vt 0.975956 0.473834
vt 0.974881 0.491447
vt 0.975956 0.491447
vt 0.977050 0.491447
vt 0.975956 0.492522
vt 0.977050 0.492522
vt 0.975956 0.491447
vt 0.977050 0.473834
vt 0.975956 0.473834
vt 0.444350 0.037765
vt 0.452420 0.037770
vt 0.448383 0.033732
vt 0.453194 0.038543
vt 0.453198 0.046613
vt 0.457231 0.042580
vt 0.445124 0.046613
vt 0.448388 0.041802
vt 0.444350 0.045839
vt 0.448388 0.041802
vt 0.453194 0.038543
vt 0.452420 0.037770
vt 0.452420 0.037770
vt 0.457231 0.034506
vt 0.456457 0.033732
vt 0.990738 0.656435
vt 0.989747 0.652553
vt 0.989747 0.656435
vt 0.989747 0.644205
vt 0.990738 0.648086
vt 0.990738 0.644205
vt 0.318678 0.014478
vt 0.319365 0.014747
vt 0.319365 0.011645
vt 0.990738 0.650320
vt 0.989747 0.649582
vt 0.989747 0.650320
vt 0.990738 0.649582
vt 0.989747 0.648824
vt 0.989747 0.649582
vt 0.990738 0.648824
vt 0.989747 0.648086
vt 0.989747 0.648824
vt 0.990738 0.652553
vt 0.989747 0.651816
vt 0.989747 0.652553
vt 0.990738 0.651816
vt 0.989747 0.651058
vt 0.989747 0.651816
vt 0.990738 0.651058
vt 0.989747 0.650320
vt 0.989747 0.651058
vt 0.231445 0.013604
vt 0.232132 0.013873
vt 0.232132 0.010771
vt 0.991185 0.436664
vt 0.990193 0.432782
vt 0.990193 0.436664
vt 0.990193 0.424433
vt 0.991185 0.428315
vt 0.991185 0.424433
vt 0.375887 0.014276
vt 0.376574 0.014545
vt 0.376574 0.011443
vt 0.991185 0.430548
vt 0.990193 0.429811
vt 0.990193 0.430548
vt 0.991185 0.429811
vt 0.990193 0.429052
vt 0.990193 0.429811
vt 0.991185 0.429052
vt 0.990193 0.428315
vt 0.990193 0.429052
vt 0.991185 0.432782
vt 0.990193 0.432044
vt 0.990193 0.432782
vt 0.991185 0.432044
vt 0.990193 0.431286
vt 0.990193 0.432044
vt 0.991185 0.431286
vt 0.990193 0.430548
vt 0.990193 0.431286
vt 0.024585 0.012022
vt 0.025272 0.012290
vt 0.025272 0.009189
vt 0.863103 0.041395
vt 0.869429 0.041395
vt 0.863103 0.039362
vt 0.859107 0.035366
vt 0.862921 0.033590
vt 0.859107 0.033590
vt 0.869429 0.029594
vt 0.863103 0.033408
vt 0.869429 0.033408
vt 0.869429 0.035548
vt 0.863103 0.039362
vt 0.869429 0.039362
vt 0.863103 0.035366
vt 0.862945 0.035457
vt 0.863103 0.035548
vt 0.863103 0.033590
vt 0.863103 0.033408
vt 0.862945 0.033499
vt 0.863103 0.033590
vt 0.862921 0.035366
vt 0.863103 0.035366
vt 0.859107 0.033408
vt 0.862921 0.033590
vt 0.862921 0.033408
vt 0.859107 0.035366
vt 0.862921 0.035548
vt 0.862921 0.035366
vt 0.869429 0.035366
vt 0.863103 0.035548
vt 0.869429 0.035548
vt 0.863103 0.033408
vt 0.869429 0.033590
vt 0.869429 0.033408
vt 0.869429 0.033590
vt 0.863103 0.035366
vt 0.869429 0.035366
vt 0.991620 0.219412
vt 0.992227 0.214862
vt 0.991620 0.214862
vt 0.993566 0.219412
vt 0.992340 0.219412
vt 0.993646 0.220098
vt 0.993566 0.219412
vt 0.992340 0.214942
vt 0.992340 0.219412
vt 0.994286 0.214862
vt 0.993679 0.219412
vt 0.994286 0.219412
vt 0.992340 0.214942
vt 0.993646 0.214829
vt 0.992260 0.214829
vt 0.992340 0.214942
vt 0.992227 0.219412
vt 0.992340 0.219412
vt 0.993566 0.214942
vt 0.993679 0.219412
vt 0.993679 0.214862
vt 0.992260 0.214222
vt 0.993646 0.214829
vt 0.993646 0.214222
vt 0.346851 0.005980
vt 0.345629 0.005980
vt 0.345629 0.007633
vt 0.993133 0.311311
vt 0.993977 0.311311
vt 0.994355 0.310933
vt 0.884627 0.824919
vt 0.882615 0.826572
vt 0.884627 0.826572
vt 0.884627 0.826572
vt 0.882615 0.827106
vt 0.884627 0.827106
vt 0.882615 0.827950
vt 0.884627 0.827106
vt 0.882615 0.827106
vt 0.735898 0.016744
vt 0.736751 0.012979
vt 0.735898 0.012979
vt 0.736751 0.016744
vt 0.737604 0.012979
vt 0.736751 0.012979
vt 0.737604 0.016744
vt 0.738457 0.012979
vt 0.737604 0.012979
vt 0.731632 0.016744
vt 0.732485 0.012979
vt 0.731632 0.012979
vt 0.732485 0.012979
vt 0.733338 0.016744
vt 0.733338 0.012979
vt 0.733338 0.016744
vt 0.734191 0.012979
vt 0.733338 0.012979
vt 0.689153 0.005201
vt 0.688299 0.005201
vt 0.689153 0.007261
vt 0.734191 0.016744
vt 0.735044 0.012979
vt 0.734191 0.012979
vt 0.735044 0.012979
vt 0.735898 0.016744
vt 0.735898 0.012979
vt 0.992908 0.860963
vt 0.994364 0.861566
vt 0.994967 0.860110
vt 0.884645 0.783590
vt 0.881157 0.808179
vt 0.884645 0.808179
vt 0.881157 0.766107
vt 0.884645 0.741518
vt 0.881157 0.741518
vt 0.936398 0.993258
vt 0.937073 0.990423
vt 0.931503 0.995993
vt 0.884645 0.774848
vt 0.881157 0.771935
vt 0.881157 0.774848
vt 0.884645 0.771935
vt 0.881157 0.769021
vt 0.881157 0.771935
vt 0.881157 0.769021
vt 0.884645 0.766107
vt 0.881157 0.766107
vt 0.881157 0.774848
vt 0.884645 0.777762
vt 0.884645 0.774848
vt 0.881157 0.777762
vt 0.884645 0.780676
vt 0.884645 0.777762
vt 0.881157 0.780676
vt 0.884645 0.783590
vt 0.884645 0.780676
vt 0.385532 0.069242
vt 0.384857 0.072077
vt 0.390427 0.066507
vt 0.395997 0.072077
vt 0.384857 0.096666
vt 0.395997 0.096666
vt 0.925933 0.965834
vt 0.937073 0.990423
vt 0.937073 0.965834
vt 0.927056 0.958705
vt 0.937073 0.965834
vt 0.935988 0.958705
vt 0.395997 0.096666
vt 0.385980 0.103795
vt 0.394912 0.103795
vt 0.881157 0.741518
vt 0.884645 0.734301
vt 0.881157 0.734301
vt 0.884645 0.808179
vt 0.881157 0.815390
vt 0.884645 0.815390
vt 0.991285 0.913150
vt 0.992195 0.916402
vt 0.992195 0.913150
vt 0.994800 0.940541
vt 0.992444 0.940453
vt 0.993578 0.941675
vt 0.994800 0.950822
vt 0.993578 0.949689
vt 0.992444 0.950911
vt 0.992195 0.909506
vt 0.991285 0.910417
vt 0.992195 0.910417
vt 0.991285 0.910417
vt 0.992195 0.911328
vt 0.992195 0.910417
vt 0.991285 0.913150
vt 0.992195 0.912239
vt 0.991285 0.912239
vt 0.992195 0.912239
vt 0.991285 0.911328
vt 0.991285 0.912239
vt 0.991285 0.909506
vt 0.992195 0.906253
vt 0.991285 0.906253
vt 0.990662 0.972746
vt 0.991572 0.969494
vt 0.990662 0.969494
vt 0.994553 0.766830
vt 0.992197 0.766742
vt 0.993331 0.767964
vt 0.992444 0.928053
vt 0.993666 0.929187
vt 0.994800 0.927965
vt 0.990662 0.965850
vt 0.991572 0.966761
vt 0.991572 0.965850
vt 0.991572 0.966761
vt 0.990662 0.967672
vt 0.991572 0.967672
vt 0.990662 0.969494
vt 0.991572 0.968583
vt 0.990662 0.968583
vt 0.990662 0.968583
vt 0.991572 0.967672
vt 0.990662 0.967672
vt 0.990662 0.962597
vt 0.991572 0.965850
vt 0.991572 0.962597
vt 0.332932 0.090158
vt 0.347069 0.092886
vt 0.347069 0.090158
vt 0.332932 0.087431
vt 0.347069 0.090158
vt 0.347069 0.087431
vt 0.332932 0.084704
vt 0.347069 0.087431
vt 0.347069 0.084704
vt 0.332932 0.081977
vt 0.347069 0.084704
vt 0.347069 0.081977
vt 0.332932 0.079249
vt 0.347069 0.081977
vt 0.347069 0.079249
vt 0.332932 0.076522
vt 0.347069 0.079249
vt 0.347069 0.076522
vt 0.332932 0.073795
vt 0.347069 0.076522
vt 0.347069 0.073795
vt 0.332932 0.071068
vt 0.347069 0.073795
vt 0.347069 0.071068
vt 0.332932 0.101067
vt 0.347069 0.103795
vt 0.347069 0.101067
vt 0.332932 0.098340
vt 0.347069 0.101067
vt 0.347069 0.098340
vt 0.060045 0.027964
vt 0.061700 0.025990
vt 0.061396 0.025671
vt 0.332932 0.095613
vt 0.347069 0.098340
vt 0.347069 0.095613
vt 0.582708 0.028261
vt 0.584259 0.030436
vt 0.582896 0.028074
vt 0.584004 0.030505
vt 0.584259 0.033163
vt 0.584259 0.030436
vt 0.584004 0.033095
vt 0.582896 0.035525
vt 0.584259 0.033163
vt 0.582708 0.035338
vt 0.580534 0.036889
vt 0.582896 0.035525
vt 0.580465 0.036633
vt 0.577807 0.036889
vt 0.580534 0.036889
vt 0.577875 0.036633
vt 0.575445 0.035525
vt 0.577807 0.036889
vt 0.575632 0.035338
vt 0.574081 0.033163
vt 0.575445 0.035525
vt 0.574337 0.030505
vt 0.574081 0.033163
vt 0.574337 0.033095
vt 0.575632 0.028261
vt 0.574081 0.030436
vt 0.574337 0.030505
vt 0.577875 0.026966
vt 0.575445 0.028074
vt 0.575632 0.028261
vt 0.580465 0.026966
vt 0.577807 0.026711
vt 0.577875 0.026966
vt 0.582708 0.028261
vt 0.580534 0.026711
vt 0.580465 0.026966
vt 0.063832 0.024812
vt 0.060466 0.028088
vt 0.066162 0.033820
vt 0.063595 0.034251
vt 0.061610 0.032613
vt 0.061295 0.032920
vt 0.069982 0.028003
vt 0.068356 0.026044
vt 0.069570 0.028114
vt 0.068633 0.032952
vt 0.069557 0.030515
vt 0.068317 0.032627
vt 0.061396 0.025671
vt 0.063832 0.024812
vt 0.063726 0.024384
vt 0.061295 0.032920
vt 0.060419 0.030510
vt 0.059992 0.030613
vt 0.069982 0.030628
vt 0.069570 0.028114
vt 0.069557 0.030515
vt 0.066270 0.034251
vt 0.068317 0.032627
vt 0.066162 0.033820
vt 0.066388 0.024387
vt 0.063832 0.024812
vt 0.066267 0.024810
vt 0.059992 0.030613
vt 0.060466 0.028088
vt 0.060045 0.027964
vt 0.063595 0.034251
vt 0.066162 0.033820
vt 0.063713 0.033826
vt 0.066388 0.024387
vt 0.068356 0.026044
vt 0.068668 0.025739
vt 0.234499 0.022790
vt 0.237035 0.022355
vt 0.234377 0.022367
vt 0.557440 0.035338
vt 0.559615 0.036889
vt 0.559683 0.036633
vt 0.559683 0.036633
vt 0.562342 0.036889
vt 0.562273 0.036633
vt 0.562273 0.036633
vt 0.564704 0.035525
vt 0.564517 0.035338
vt 0.564517 0.035338
vt 0.566067 0.033163
vt 0.565812 0.033095
vt 0.565812 0.033095
vt 0.566067 0.030436
vt 0.565812 0.030505
vt 0.565812 0.030505
vt 0.564704 0.028074
vt 0.564517 0.028261
vt 0.564517 0.028261
vt 0.562342 0.026711
vt 0.562273 0.026966
vt 0.562342 0.026711
vt 0.559683 0.026966
vt 0.562273 0.026966
vt 0.559615 0.026711
vt 0.557440 0.028261
vt 0.559683 0.026966
vt 0.557253 0.028074
vt 0.556145 0.030505
vt 0.557440 0.028261
vt 0.555889 0.030436
vt 0.556145 0.033095
vt 0.556145 0.030505
vt 0.555889 0.033163
vt 0.557440 0.035338
vt 0.556145 0.033095
vt 0.240230 0.026142
vt 0.232411 0.024035
vt 0.234547 0.031847
vt 0.240667 0.026027
vt 0.240242 0.028596
vt 0.240667 0.028712
vt 0.232114 0.030990
vt 0.231187 0.028581
vt 0.230763 0.028701
vt 0.236969 0.031879
vt 0.234438 0.032272
vt 0.237083 0.032300
vt 0.232411 0.024035
vt 0.234377 0.022367
vt 0.232095 0.023729
vt 0.239031 0.024001
vt 0.240667 0.026027
vt 0.239343 0.023687
vt 0.234438 0.032272
vt 0.232418 0.030672
vt 0.232114 0.030990
vt 0.239353 0.030989
vt 0.236969 0.031879
vt 0.237083 0.032300
vt 0.230758 0.026039
vt 0.232411 0.024035
vt 0.232095 0.023729
vt 0.236925 0.022782
vt 0.239343 0.023687
vt 0.237035 0.022355
vt 0.240667 0.028712
vt 0.239050 0.030687
vt 0.239353 0.030989
vt 0.231187 0.028581
vt 0.230758 0.026039
vt 0.230763 0.028701
vt 0.990543 0.470567
vt 0.989662 0.474059
vt 0.990543 0.474059
vt 0.989662 0.470567
vt 0.988781 0.474059
vt 0.989662 0.474059
vt 0.988781 0.474059
vt 0.987901 0.470567
vt 0.987901 0.474059
vt 0.987901 0.474059
vt 0.987020 0.470567
vt 0.987020 0.474059
vt 0.050694 0.008403
vt 0.051457 0.007963
vt 0.050694 0.006641
vt 0.987020 0.474059
vt 0.986139 0.470567
vt 0.986139 0.474059
vt 0.991424 0.470567
vt 0.990543 0.474059
vt 0.991424 0.474059
vt 0.982333 0.872580
vt 0.983095 0.872140
vt 0.983095 0.871259
vt 0.956086 0.786286
vt 0.956086 0.789619
vt 0.959024 0.789619
vt 0.956086 0.756284
vt 0.956086 0.759618
vt 0.959024 0.759618
vt 0.956086 0.759618
vt 0.956086 0.762951
vt 0.959024 0.762951
vt 0.956086 0.762951
vt 0.956086 0.766285
vt 0.959024 0.766285
vt 0.956086 0.766285
vt 0.956086 0.769618
vt 0.959024 0.769618
vt 0.956086 0.769618
vt 0.956086 0.772952
vt 0.959024 0.772952
vt 0.956086 0.772952
vt 0.956086 0.776285
vt 0.959024 0.776285
vt 0.956086 0.776285
vt 0.956086 0.779619
vt 0.959024 0.779619
vt 0.956086 0.779619
vt 0.956086 0.782952
vt 0.959024 0.782952
vt 0.956086 0.782952
vt 0.956086 0.786286
vt 0.959024 0.786286
vt 0.762860 0.492616
vt 0.762860 0.495249
vt 0.769864 0.495249
vt 0.956086 0.789619
vt 0.956086 0.792953
vt 0.959024 0.792953
vt 0.704912 0.043562
vt 0.706579 0.040675
vt 0.706579 0.037341
vt 0.706579 0.037341
vt 0.704912 0.034455
vt 0.702025 0.032788
vt 0.702025 0.032788
vt 0.698692 0.032788
vt 0.694138 0.040675
vt 0.698692 0.032788
vt 0.695805 0.034455
vt 0.694138 0.040675
vt 0.695805 0.034455
vt 0.694138 0.037341
vt 0.694138 0.040675
vt 0.694138 0.040675
vt 0.695805 0.043562
vt 0.698692 0.045229
vt 0.698692 0.045229
vt 0.702025 0.045229
vt 0.694138 0.040675
vt 0.702025 0.045229
vt 0.704912 0.043562
vt 0.694138 0.040675
vt 0.704912 0.043562
vt 0.706579 0.037341
vt 0.694138 0.040675
vt 0.956086 0.752950
vt 0.956086 0.756284
vt 0.959024 0.756284
vt 0.664003 0.043562
vt 0.665670 0.040675
vt 0.664362 0.040324
vt 0.653229 0.040675
vt 0.654537 0.040324
vt 0.654537 0.037692
vt 0.664003 0.034455
vt 0.663045 0.035412
vt 0.664362 0.037692
vt 0.657783 0.045229
vt 0.658133 0.043920
vt 0.655853 0.042604
vt 0.657783 0.032788
vt 0.658133 0.034096
vt 0.660766 0.034096
vt 0.661116 0.045229
vt 0.664003 0.043562
vt 0.663045 0.042604
vt 0.762860 0.489984
vt 0.762860 0.492616
vt 0.769864 0.492616
vt 0.762860 0.487351
vt 0.762860 0.489984
vt 0.769864 0.489984
vt 0.762860 0.484719
vt 0.762860 0.487351
vt 0.769864 0.487351
vt 0.762860 0.482086
vt 0.762860 0.484719
vt 0.769864 0.484719
vt 0.762860 0.479454
vt 0.762860 0.482086
vt 0.769864 0.482086
vt 0.762860 0.476822
vt 0.762860 0.479454
vt 0.769864 0.479454
vt 0.762860 0.474189
vt 0.762860 0.476822
vt 0.769864 0.476822
vt 0.762860 0.471557
vt 0.762860 0.474189
vt 0.769864 0.474189
vt 0.762860 0.468924
vt 0.762860 0.471557
vt 0.769864 0.471557
vt 0.762860 0.497881
vt 0.762860 0.500514
vt 0.769864 0.500514
vt 0.657783 0.032788
vt 0.654896 0.034455
vt 0.655853 0.035412
vt 0.657783 0.045229
vt 0.661116 0.045229
vt 0.660766 0.043920
vt 0.664003 0.034455
vt 0.661116 0.032788
vt 0.660766 0.034096
vt 0.654896 0.034455
vt 0.653229 0.037341
vt 0.654537 0.037692
vt 0.654896 0.043562
vt 0.655853 0.042604
vt 0.654537 0.040324
vt 0.665670 0.037341
vt 0.664362 0.037692
vt 0.664362 0.040324
vt 0.291465 0.647491
vt 0.293616 0.647491
vt 0.293616 0.615773
vt 0.293616 0.664974
vt 0.291465 0.664974
vt 0.291465 0.696692
vt 0.332932 0.092886
vt 0.332932 0.095613
vt 0.347069 0.095613
vt 0.942047 0.631033
vt 0.930907 0.631033
vt 0.930907 0.662751
vt 0.930907 0.662751
vt 0.931582 0.665586
vt 0.933643 0.667646
vt 0.933643 0.667646
vt 0.936477 0.668321
vt 0.930907 0.662751
vt 0.936477 0.668321
vt 0.939312 0.667646
vt 0.942047 0.662751
vt 0.930907 0.662751
vt 0.936477 0.668321
vt 0.942047 0.662751
vt 0.939312 0.667646
vt 0.941372 0.665586
vt 0.942047 0.662751
vt 0.291465 0.656233
vt 0.291465 0.659147
vt 0.293616 0.659147
vt 0.291465 0.659147
vt 0.291465 0.662060
vt 0.293616 0.662060
vt 0.293616 0.662060
vt 0.291465 0.662060
vt 0.291465 0.664974
vt 0.293616 0.656233
vt 0.293616 0.653319
vt 0.291465 0.653319
vt 0.293616 0.653319
vt 0.293616 0.650405
vt 0.291465 0.650405
vt 0.293616 0.650405
vt 0.293616 0.647491
vt 0.291465 0.647491
vt 0.509743 0.074842
vt 0.509743 0.063702
vt 0.478025 0.074842
vt 0.509743 0.063702
vt 0.478025 0.063702
vt 0.478025 0.074842
vt 0.478025 0.063702
vt 0.475191 0.064377
vt 0.473131 0.066438
vt 0.473131 0.066438
vt 0.472455 0.069272
vt 0.478025 0.063702
vt 0.472455 0.069272
vt 0.473131 0.072106
vt 0.478025 0.074842
vt 0.478025 0.063702
vt 0.472455 0.069272
vt 0.478025 0.074842
vt 0.294403 0.150396
vt 0.291465 0.150396
vt 0.291465 0.153729
vt 0.294403 0.180398
vt 0.291465 0.180398
vt 0.291465 0.183731
vt 0.294403 0.177064
vt 0.291465 0.177064
vt 0.291465 0.180398
vt 0.294403 0.173731
vt 0.291465 0.173731
vt 0.291465 0.177064
vt 0.294403 0.170397
vt 0.291465 0.170397
vt 0.291465 0.173731
vt 0.294403 0.167064
vt 0.291465 0.167064
vt 0.291465 0.170397
vt 0.294403 0.163730
vt 0.291465 0.163730
vt 0.291465 0.167064
vt 0.294403 0.160396
vt 0.291465 0.160396
vt 0.291465 0.163730
vt 0.294403 0.157063
vt 0.291465 0.157063
vt 0.291465 0.160396
vt 0.294403 0.153729
vt 0.291465 0.153729
vt 0.291465 0.157063
vt 0.294403 0.147062
vt 0.291465 0.147062
vt 0.291465 0.150396
vt 0.673684 0.040675
vt 0.675350 0.043562
vt 0.678237 0.045229
vt 0.678237 0.045229
vt 0.681571 0.045229
vt 0.684458 0.043562
vt 0.684458 0.043562
vt 0.686125 0.040675
vt 0.686125 0.037341
vt 0.686125 0.037341
vt 0.684458 0.034455
vt 0.681571 0.032788
vt 0.681571 0.032788
vt 0.678237 0.032788
vt 0.675350 0.034455
vt 0.675350 0.034455
vt 0.673684 0.037341
vt 0.681571 0.032788
vt 0.673684 0.037341
vt 0.673684 0.040675
vt 0.681571 0.032788
vt 0.673684 0.040675
vt 0.678237 0.045229
vt 0.681571 0.032788
vt 0.678237 0.045229
vt 0.684458 0.043562
vt 0.681571 0.032788
vt 0.294403 0.183731
vt 0.291465 0.183731
vt 0.291465 0.187065
vt 0.183821 0.040765
vt 0.185129 0.040415
vt 0.185129 0.037782
vt 0.194954 0.040415
vt 0.193637 0.042694
vt 0.194595 0.043652
vt 0.186445 0.035502
vt 0.188725 0.034186
vt 0.188375 0.032878
vt 0.191358 0.044011
vt 0.188725 0.044011
vt 0.188375 0.045319
vt 0.191358 0.034186
vt 0.193637 0.035502
vt 0.194595 0.034545
vt 0.185488 0.043652
vt 0.186445 0.042694
vt 0.185129 0.040415
vt 0.194595 0.034545
vt 0.193637 0.035502
vt 0.194954 0.037782
vt 0.188375 0.045319
vt 0.188725 0.044011
vt 0.186445 0.042694
vt 0.188375 0.032878
vt 0.188725 0.034186
vt 0.191358 0.034186
vt 0.196262 0.037432
vt 0.194954 0.037782
vt 0.194954 0.040415
vt 0.193637 0.042694
vt 0.191358 0.044011
vt 0.191708 0.045319
vt 0.185129 0.037782
vt 0.186445 0.035502
vt 0.185488 0.034545
vt 0.293616 0.607760
vt 0.293616 0.576042
vt 0.291465 0.576042
vt 0.291465 0.526842
vt 0.291465 0.558560
vt 0.293616 0.558560
vt 0.748574 0.742008
vt 0.751409 0.742683
vt 0.745838 0.737113
vt 0.751409 0.742683
vt 0.751409 0.731543
vt 0.745838 0.737113
vt 0.751409 0.731543
vt 0.748574 0.732218
vt 0.746514 0.734278
vt 0.746514 0.734278
vt 0.745838 0.737113
vt 0.751409 0.731543
vt 0.293616 0.564387
vt 0.291465 0.564387
vt 0.291465 0.567301
vt 0.293616 0.561473
vt 0.291465 0.561473
vt 0.291465 0.564387
vt 0.293616 0.561473
vt 0.293616 0.558560
vt 0.291465 0.558560
vt 0.291465 0.570215
vt 0.293616 0.570215
vt 0.293616 0.567301
vt 0.291465 0.573129
vt 0.293616 0.573129
vt 0.293616 0.570215
vt 0.291465 0.576042
vt 0.293616 0.576042
vt 0.293616 0.573129
vt 0.040459 0.089634
vt 0.043294 0.090309
vt 0.037724 0.084739
vt 0.043294 0.090309
vt 0.043294 0.079169
vt 0.037724 0.084739
vt 0.043294 0.079169
vt 0.040459 0.079844
vt 0.038399 0.081905
vt 0.038399 0.081905
vt 0.037724 0.084739
vt 0.043294 0.079169
vt 0.762860 0.495249
vt 0.762860 0.497881
vt 0.769864 0.497881
vt 0.977050 0.491447
vt 0.978126 0.491447
vt 0.978126 0.473834
vt 0.775634 0.737660
vt 0.783126 0.742683
vt 0.783126 0.731543
vt 0.075012 0.090309
vt 0.075012 0.079169
vt 0.043294 0.079169
vt 0.775634 0.737660
vt 0.758021 0.737660
vt 0.751409 0.742683
vt 0.775634 0.736566
vt 0.783126 0.731543
vt 0.751409 0.731543
vt 0.758021 0.737660
vt 0.758021 0.736566
vt 0.751409 0.731543
vt 0.977050 0.473834
vt 0.977050 0.472758
vt 0.975956 0.472758
vt 0.975956 0.473834
vt 0.974881 0.473834
vt 0.974881 0.491447
vt 0.977050 0.491447
vt 0.975956 0.491447
vt 0.975956 0.492522
vt 0.975956 0.491447
vt 0.977050 0.491447
vt 0.977050 0.473834
vt 0.444350 0.037765
vt 0.448388 0.041802
vt 0.452420 0.037770
vt 0.453194 0.038543
vt 0.449161 0.042575
vt 0.453198 0.046613
vt 0.445124 0.046613
vt 0.449161 0.042575
vt 0.448388 0.041802
vt 0.448388 0.041802
vt 0.449161 0.042575
vt 0.453194 0.038543
vt 0.452420 0.037770
vt 0.453194 0.038543
vt 0.457231 0.034506
vt 0.990738 0.656435
vt 0.990738 0.652553
vt 0.989747 0.652553
vt 0.989747 0.644205
vt 0.989747 0.648086
vt 0.990738 0.648086
vt 0.319365 0.014747
vt 0.323218 0.015216
vt 0.323218 0.011177
vt 0.323218 0.011177
vt 0.319365 0.011645
vt 0.319365 0.014747
vt 0.319365 0.011645
vt 0.318678 0.011914
vt 0.318678 0.014478
vt 0.318678 0.011914
vt 0.318175 0.012482
vt 0.318678 0.014478
vt 0.318175 0.012482
vt 0.317991 0.013196
vt 0.318175 0.013911
vt 0.318678 0.014478
vt 0.318175 0.012482
vt 0.318175 0.013911
vt 0.990738 0.650320
vt 0.990738 0.649582
vt 0.989747 0.649582
vt 0.990738 0.649582
vt 0.990738 0.648824
vt 0.989747 0.648824
vt 0.990738 0.648824
vt 0.990738 0.648086
vt 0.989747 0.648086
vt 0.990738 0.652553
vt 0.990738 0.651816
vt 0.989747 0.651816
vt 0.990738 0.651816
vt 0.990738 0.651058
vt 0.989747 0.651058
vt 0.990738 0.651058
vt 0.990738 0.650320
vt 0.989747 0.650320
vt 0.232132 0.013873
vt 0.235985 0.014342
vt 0.235985 0.010303
vt 0.235985 0.010303
vt 0.232132 0.010771
vt 0.232132 0.013873
vt 0.232132 0.010771
vt 0.231445 0.011040
vt 0.231445 0.013604
vt 0.231445 0.011040
vt 0.230942 0.011608
vt 0.230942 0.013036
vt 0.230942 0.011608
vt 0.230758 0.012322
vt 0.230942 0.013036
vt 0.230942 0.013036
vt 0.231445 0.013604
vt 0.231445 0.011040
vt 0.991185 0.436664
vt 0.991185 0.432782
vt 0.990193 0.432782
vt 0.990193 0.424433
vt 0.990193 0.428315
vt 0.991185 0.428315
vt 0.376574 0.014545
vt 0.380427 0.015013
vt 0.380427 0.010975
vt 0.380427 0.010975
vt 0.376574 0.011443
vt 0.376574 0.014545
vt 0.376574 0.011443
vt 0.375887 0.011712
vt 0.375887 0.014276
vt 0.375887 0.011712
vt 0.375384 0.012280
vt 0.375887 0.014276
vt 0.375384 0.012280
vt 0.375200 0.012994
vt 0.375384 0.013708
vt 0.375887 0.014276
vt 0.375384 0.012280
vt 0.375384 0.013708
vt 0.991185 0.430548
vt 0.991185 0.429811
vt 0.990193 0.429811
vt 0.991185 0.429811
vt 0.991185 0.429052
vt 0.990193 0.429052
vt 0.991185 0.429052
vt 0.991185 0.428315
vt 0.990193 0.428315
vt 0.991185 0.432782
vt 0.991185 0.432044
vt 0.990193 0.432044
vt 0.991185 0.432044
vt 0.991185 0.431286
vt 0.990193 0.431286
vt 0.991185 0.431286
vt 0.991185 0.430548
vt 0.990193 0.430548
vt 0.025272 0.012290
vt 0.029125 0.012759
vt 0.029125 0.008720
vt 0.029125 0.008720
vt 0.025272 0.009189
vt 0.025272 0.012290
vt 0.025272 0.009189
vt 0.024585 0.009458
vt 0.024585 0.012022
vt 0.024585 0.009458
vt 0.024082 0.010025
vt 0.024082 0.011454
vt 0.024082 0.010025
vt 0.023898 0.010740
vt 0.024082 0.011454
vt 0.024082 0.011454
vt 0.024585 0.012022
vt 0.024585 0.009458
vt 0.869429 0.041395
vt 0.869429 0.039362
vt 0.863103 0.039362
vt 0.863103 0.039362
vt 0.862974 0.039490
vt 0.862974 0.041267
vt 0.862974 0.041267
vt 0.863103 0.041395
vt 0.863103 0.039362
vt 0.859107 0.035366
vt 0.862921 0.035366
vt 0.862921 0.033590
vt 0.869429 0.029594
vt 0.863103 0.029594
vt 0.863103 0.033408
vt 0.869429 0.035548
vt 0.863103 0.035548
vt 0.863103 0.039362
vt 0.863103 0.033590
vt 0.862921 0.033590
vt 0.862921 0.035366
vt 0.859107 0.033408
vt 0.859107 0.033590
vt 0.862921 0.033590
vt 0.859107 0.035366
vt 0.859107 0.035548
vt 0.862921 0.035548
vt 0.869429 0.035366
vt 0.863103 0.035366
vt 0.863103 0.035548
vt 0.863103 0.033408
vt 0.863103 0.033590
vt 0.869429 0.033590
vt 0.869429 0.033590
vt 0.863103 0.033590
vt 0.863103 0.035366
vt 0.991620 0.219412
vt 0.992227 0.219412
vt 0.992227 0.214862
vt 0.992260 0.219492
vt 0.992260 0.220098
vt 0.992340 0.219412
vt 0.992260 0.220098
vt 0.993646 0.220098
vt 0.992340 0.219412
vt 0.993646 0.220098
vt 0.993646 0.219492
vt 0.993566 0.219412
vt 0.993566 0.219412
vt 0.993566 0.214942
vt 0.992340 0.214942
vt 0.994286 0.214862
vt 0.993679 0.214862
vt 0.993679 0.219412
vt 0.992340 0.214942
vt 0.993566 0.214942
vt 0.993646 0.214829
vt 0.992340 0.214942
vt 0.992227 0.214862
vt 0.992227 0.219412
vt 0.993566 0.214942
vt 0.993566 0.219412
vt 0.993679 0.219412
vt 0.992260 0.214222
vt 0.992260 0.214829
vt 0.993646 0.214829
vt 0.346007 0.008011
vt 0.346851 0.008011
vt 0.345629 0.007633
vt 0.346851 0.008011
vt 0.346851 0.005980
vt 0.345629 0.007633
vt 0.994355 0.309280
vt 0.993133 0.309280
vt 0.994355 0.310933
vt 0.993133 0.309280
vt 0.993133 0.311311
vt 0.994355 0.310933
vt 0.884627 0.824919
vt 0.882615 0.824919
vt 0.882615 0.826572
vt 0.884627 0.826572
vt 0.882615 0.826572
vt 0.882615 0.827106
vt 0.882615 0.827950
vt 0.884627 0.827950
vt 0.884627 0.827106
vt 0.735898 0.016744
vt 0.736751 0.016744
vt 0.736751 0.012979
vt 0.736751 0.016744
vt 0.737604 0.016744
vt 0.737604 0.012979
vt 0.737604 0.016744
vt 0.738457 0.016744
vt 0.738457 0.012979
vt 0.731632 0.016744
vt 0.732485 0.016744
vt 0.732485 0.012979
vt 0.732485 0.012979
vt 0.732485 0.016744
vt 0.733338 0.016744
vt 0.733338 0.016744
vt 0.734191 0.016744
vt 0.734191 0.012979
vt 0.688299 0.005201
vt 0.687696 0.005804
vt 0.689153 0.007261
vt 0.687696 0.005804
vt 0.687696 0.006657
vt 0.689153 0.007261
vt 0.687696 0.006657
vt 0.688299 0.007261
vt 0.689153 0.007261
vt 0.689153 0.007261
vt 0.689756 0.006657
vt 0.689756 0.005804
vt 0.689756 0.005804
vt 0.689153 0.005201
vt 0.689153 0.007261
vt 0.734191 0.016744
vt 0.735044 0.016744
vt 0.735044 0.012979
vt 0.735044 0.012979
vt 0.735044 0.016744
vt 0.735898 0.016744
vt 0.992908 0.860963
vt 0.993511 0.861566
vt 0.994364 0.861566
vt 0.994364 0.861566
vt 0.994967 0.860963
vt 0.994967 0.860110
vt 0.994967 0.860110
vt 0.994364 0.859506
vt 0.993511 0.859506
vt 0.993511 0.859506
vt 0.992908 0.860110
vt 0.994967 0.860110
vt 0.992908 0.860110
vt 0.992908 0.860963
vt 0.994967 0.860110
vt 0.884645 0.783590
vt 0.881157 0.783590
vt 0.881157 0.808179
vt 0.881157 0.766107
vt 0.884645 0.766107
vt 0.884645 0.741518
vt 0.937073 0.990423
vt 0.925933 0.990423
vt 0.931503 0.995993
vt 0.925933 0.990423
vt 0.926608 0.993258
vt 0.931503 0.995993
vt 0.926608 0.993258
vt 0.928669 0.995318
vt 0.931503 0.995993
vt 0.931503 0.995993
vt 0.934338 0.995318
vt 0.936398 0.993258
vt 0.884645 0.774848
vt 0.884645 0.771935
vt 0.881157 0.771935
vt 0.884645 0.771935
vt 0.884645 0.769021
vt 0.881157 0.769021
vt 0.881157 0.769021
vt 0.884645 0.769021
vt 0.884645 0.766107
vt 0.881157 0.774848
vt 0.881157 0.777762
vt 0.884645 0.777762
vt 0.881157 0.777762
vt 0.881157 0.780676
vt 0.884645 0.780676
vt 0.881157 0.780676
vt 0.881157 0.783590
vt 0.884645 0.783590
vt 0.384857 0.072077
vt 0.395997 0.072077
vt 0.390427 0.066507
vt 0.395997 0.072077
vt 0.395322 0.069242
vt 0.390427 0.066507
vt 0.395322 0.069242
vt 0.393262 0.067182
vt 0.390427 0.066507
vt 0.390427 0.066507
vt 0.387593 0.067182
vt 0.385532 0.069242
vt 0.395997 0.072077
vt 0.384857 0.072077
vt 0.384857 0.096666
vt 0.925933 0.965834
vt 0.925933 0.990423
vt 0.937073 0.990423
vt 0.927056 0.958705
vt 0.925933 0.965834
vt 0.937073 0.965834
vt 0.395997 0.096666
vt 0.384857 0.096666
vt 0.385980 0.103795
vt 0.881157 0.741518
vt 0.884645 0.741518
vt 0.884645 0.734301
vt 0.884645 0.808179
vt 0.881157 0.808179
vt 0.881157 0.815390
vt 0.991285 0.913150
vt 0.991285 0.916402
vt 0.992195 0.916402
vt 0.992444 0.937201
vt 0.992444 0.940453
vt 0.994800 0.937289
vt 0.992444 0.940453
vt 0.992741 0.941314
vt 0.993578 0.941675
vt 0.994800 0.937289
vt 0.992444 0.940453
vt 0.994800 0.940541
vt 0.993578 0.941675
vt 0.994439 0.941378
vt 0.994800 0.940541
vt 0.992444 0.950911
vt 0.992444 0.954163
vt 0.994800 0.954075
vt 0.994800 0.954075
vt 0.994800 0.950822
vt 0.992444 0.950911
vt 0.994800 0.950822
vt 0.994439 0.949986
vt 0.993578 0.949689
vt 0.992444 0.950911
vt 0.993578 0.949689
vt 0.992741 0.950049
vt 0.992195 0.909506
vt 0.991285 0.909506
vt 0.991285 0.910417
vt 0.991285 0.910417
vt 0.991285 0.911328
vt 0.992195 0.911328
vt 0.991285 0.913150
vt 0.992195 0.913150
vt 0.992195 0.912239
vt 0.992195 0.912239
vt 0.992195 0.911328
vt 0.991285 0.911328
vt 0.991285 0.909506
vt 0.992195 0.909506
vt 0.992195 0.906253
vt 0.990662 0.972746
vt 0.991572 0.972746
vt 0.991572 0.969494
vt 0.992197 0.763490
vt 0.992197 0.766742
vt 0.994553 0.763578
vt 0.992197 0.766742
vt 0.992494 0.767603
vt 0.993331 0.767964
vt 0.994553 0.763578
vt 0.992197 0.766742
vt 0.994553 0.766830
vt 0.993331 0.767964
vt 0.994192 0.767667
vt 0.994553 0.766830
vt 0.994800 0.927965
vt 0.994800 0.924713
vt 0.992444 0.924801
vt 0.992444 0.924801
vt 0.992444 0.928053
vt 0.994800 0.927965
vt 0.992444 0.928053
vt 0.992805 0.928890
vt 0.993666 0.929187
vt 0.994800 0.927965
vt 0.993666 0.929187
vt 0.994503 0.928826
vt 0.990662 0.965850
vt 0.990662 0.966761
vt 0.991572 0.966761
vt 0.991572 0.966761
vt 0.990662 0.966761
vt 0.990662 0.967672
vt 0.990662 0.969494
vt 0.991572 0.969494
vt 0.991572 0.968583
vt 0.990662 0.968583
vt 0.991572 0.968583
vt 0.991572 0.967672
vt 0.990662 0.962597
vt 0.990662 0.965850
vt 0.991572 0.965850
vt 0.332932 0.090158
vt 0.332932 0.092886
vt 0.347069 0.092886
vt 0.332932 0.087431
vt 0.332932 0.090158
vt 0.347069 0.090158
vt 0.332932 0.084704
vt 0.332932 0.087431
vt 0.347069 0.087431
vt 0.332932 0.081977
vt 0.332932 0.084704
vt 0.347069 0.084704
vt 0.332932 0.079249
vt 0.332932 0.081977
vt 0.347069 0.081977
vt 0.332932 0.076522
vt 0.332932 0.079249
vt 0.347069 0.079249
vt 0.332932 0.073795
vt 0.332932 0.076522
vt 0.347069 0.076522
vt 0.332932 0.071068
vt 0.332932 0.073795
vt 0.347069 0.073795
vt 0.332932 0.101067
vt 0.332932 0.103795
vt 0.347069 0.103795
vt 0.332932 0.098340
vt 0.332932 0.101067
vt 0.347069 0.101067
vt 0.060045 0.027964
vt 0.060466 0.028088
vt 0.061700 0.025990
vt 0.332932 0.095613
vt 0.332932 0.098340
vt 0.347069 0.098340
vt 0.582708 0.028261
vt 0.584004 0.030505
vt 0.584259 0.030436
vt 0.584004 0.030505
vt 0.584004 0.033095
vt 0.584259 0.033163
vt 0.584004 0.033095
vt 0.582708 0.035338
vt 0.582896 0.035525
vt 0.582708 0.035338
vt 0.580465 0.036633
vt 0.580534 0.036889
vt 0.580465 0.036633
vt 0.577875 0.036633
vt 0.577807 0.036889
vt 0.577875 0.036633
vt 0.575632 0.035338
vt 0.575445 0.035525
vt 0.575632 0.035338
vt 0.574337 0.033095
vt 0.574081 0.033163
vt 0.574337 0.030505
vt 0.574081 0.030436
vt 0.574081 0.033163
vt 0.575632 0.028261
vt 0.575445 0.028074
vt 0.574081 0.030436
vt 0.577875 0.026966
vt 0.577807 0.026711
vt 0.575445 0.028074
vt 0.580465 0.026966
vt 0.580534 0.026711
vt 0.577807 0.026711
vt 0.582708 0.028261
vt 0.582896 0.028074
vt 0.580534 0.026711
vt 0.066162 0.033820
vt 0.068317 0.032627
vt 0.069557 0.030515
vt 0.069557 0.030515
vt 0.069570 0.028114
vt 0.068356 0.026044
vt 0.068356 0.026044
vt 0.066267 0.024810
vt 0.063832 0.024812
vt 0.063832 0.024812
vt 0.061700 0.025990
vt 0.060466 0.028088
vt 0.060466 0.028088
vt 0.060419 0.030510
vt 0.061610 0.032613
vt 0.061610 0.032613
vt 0.063713 0.033826
vt 0.060466 0.028088
vt 0.063713 0.033826
vt 0.066162 0.033820
vt 0.060466 0.028088
vt 0.066162 0.033820
vt 0.069557 0.030515
vt 0.068356 0.026044
vt 0.068356 0.026044
vt 0.063832 0.024812
vt 0.066162 0.033820
vt 0.063595 0.034251
vt 0.063713 0.033826
vt 0.061610 0.032613
vt 0.069982 0.028003
vt 0.068668 0.025739
vt 0.068356 0.026044
vt 0.068633 0.032952
vt 0.069982 0.030628
vt 0.069557 0.030515
vt 0.061396 0.025671
vt 0.061700 0.025990
vt 0.063832 0.024812
vt 0.061295 0.032920
vt 0.061610 0.032613
vt 0.060419 0.030510
vt 0.069982 0.030628
vt 0.069982 0.028003
vt 0.069570 0.028114
vt 0.066270 0.034251
vt 0.068633 0.032952
vt 0.068317 0.032627
vt 0.066388 0.024387
vt 0.063726 0.024384
vt 0.063832 0.024812
vt 0.059992 0.030613
vt 0.060419 0.030510
vt 0.060466 0.028088
vt 0.063595 0.034251
vt 0.066270 0.034251
vt 0.066162 0.033820
vt 0.066388 0.024387
vt 0.066267 0.024810
vt 0.068356 0.026044
vt 0.234499 0.022790
vt 0.236925 0.022782
vt 0.237035 0.022355
vt 0.557440 0.035338
vt 0.557253 0.035525
vt 0.559615 0.036889
vt 0.559683 0.036633
vt 0.559615 0.036889
vt 0.562342 0.036889
vt 0.562273 0.036633
vt 0.562342 0.036889
vt 0.564704 0.035525
vt 0.564517 0.035338
vt 0.564704 0.035525
vt 0.566067 0.033163
vt 0.565812 0.033095
vt 0.566067 0.033163
vt 0.566067 0.030436
vt 0.565812 0.030505
vt 0.566067 0.030436
vt 0.564704 0.028074
vt 0.564517 0.028261
vt 0.564704 0.028074
vt 0.562342 0.026711
vt 0.562342 0.026711
vt 0.559615 0.026711
vt 0.559683 0.026966
vt 0.559615 0.026711
vt 0.557253 0.028074
vt 0.557440 0.028261
vt 0.557253 0.028074
vt 0.555889 0.030436
vt 0.556145 0.030505
vt 0.555889 0.030436
vt 0.555889 0.033163
vt 0.556145 0.033095
vt 0.555889 0.033163
vt 0.557253 0.035525
vt 0.557440 0.035338
vt 0.234547 0.031847
vt 0.236969 0.031879
vt 0.239050 0.030687
vt 0.239050 0.030687
vt 0.240242 0.028596
vt 0.234547 0.031847
vt 0.240242 0.028596
vt 0.240230 0.026142
vt 0.234547 0.031847
vt 0.240230 0.026142
vt 0.239031 0.024001
vt 0.236925 0.022782
vt 0.236925 0.022782
vt 0.234499 0.022790
vt 0.232411 0.024035
vt 0.232411 0.024035
vt 0.231186 0.026149
vt 0.234547 0.031847
vt 0.231186 0.026149
vt 0.231187 0.028581
vt 0.234547 0.031847
vt 0.231187 0.028581
vt 0.232418 0.030672
vt 0.234547 0.031847
vt 0.240230 0.026142
vt 0.236925 0.022782
vt 0.232411 0.024035
vt 0.240667 0.026027
vt 0.240230 0.026142
vt 0.240242 0.028596
vt 0.232114 0.030990
vt 0.232418 0.030672
vt 0.231187 0.028581
vt 0.236969 0.031879
vt 0.234547 0.031847
vt 0.234438 0.032272
vt 0.232411 0.024035
vt 0.234499 0.022790
vt 0.234377 0.022367
vt 0.239031 0.024001
vt 0.240230 0.026142
vt 0.240667 0.026027
vt 0.234438 0.032272
vt 0.234547 0.031847
vt 0.232418 0.030672
vt 0.239353 0.030989
vt 0.239050 0.030687
vt 0.236969 0.031879
vt 0.230758 0.026039
vt 0.231186 0.026149
vt 0.232411 0.024035
vt 0.236925 0.022782
vt 0.239031 0.024001
vt 0.239343 0.023687
vt 0.240667 0.028712
vt 0.240242 0.028596
vt 0.239050 0.030687
vt 0.231187 0.028581
vt 0.231186 0.026149
vt 0.230758 0.026039
vt 0.990543 0.470567
vt 0.989662 0.470567
vt 0.989662 0.474059
vt 0.989662 0.470567
vt 0.988781 0.470567
vt 0.988781 0.474059
vt 0.988781 0.474059
vt 0.988781 0.470567
vt 0.987901 0.470567
vt 0.987901 0.474059
vt 0.987901 0.470567
vt 0.987020 0.470567
vt 0.051457 0.007963
vt 0.051457 0.007082
vt 0.050694 0.006641
vt 0.050694 0.006641
vt 0.049931 0.007082
vt 0.049931 0.007963
vt 0.049931 0.007963
vt 0.050694 0.008403
vt 0.050694 0.006641
vt 0.987020 0.474059
vt 0.987020 0.470567
vt 0.986139 0.470567
vt 0.991424 0.470567
vt 0.990543 0.470567
vt 0.990543 0.474059
vt 0.983095 0.871259
vt 0.982333 0.870819
vt 0.981570 0.871259
vt 0.981570 0.871259
vt 0.981570 0.872140
vt 0.983095 0.871259
vt 0.981570 0.872140
vt 0.982333 0.872580
vt 0.983095 0.871259
vn -0.500000 0.000000 -0.866025
vn -0.000000 0.000000 -1.000000
vn -0.500000 0.000000 -0.866025
vn 0.866026 0.000000 -0.500000
vn 1.000000 0.000000 0.000000
vn 0.866026 0.000000 -0.500000
vn 1.000000 0.000000 0.000000
vn 0.866026 0.000000 0.500000
vn 1.000000 0.000000 0.000000
vn 0.866026 0.000000 0.500000
vn 0.500000 0.000000 0.866026
vn 0.866026 0.000000 0.500000
vn 0.500000 0.000000 0.866026
vn -0.000000 0.000000 1.000000
vn 0.500000 0.000000 0.866026
vn -0.000000 0.000000 1.000000
vn -0.500000 0.000000 0.866025
vn -0.000000 0.000000 1.000000
vn -0.500000 0.000000 0.866026
vn -0.866025 0.000000 0.500001
vn -0.500000 0.000000 0.866025
vn -0.866025 0.000000 0.500001
vn -1.000000 0.000000 0.000000
vn -0.866025 0.000000 0.500001
vn -1.000000 0.000000 0.000000
vn -0.866026 0.000000 -0.499999
vn -1.000000 0.000000 0.000000
vn -0.866026 0.000000 -0.500000
vn -0.500000 0.000000 -0.866025
vn -0.866026 0.000000 -0.499999
vn -0.866026 0.000000 -0.499999
vn -0.500000 0.000000 -0.866025
vn -0.866026 0.000000 -0.500000
vn -0.000000 0.000000 -1.000000
vn 0.500000 0.000000 -0.866025
vn -0.000000 0.000000 -1.000000
vn 0.000000 -1.000000 0.000000
vn 0.000000 -1.000000 0.000000
vn 0.000000 -1.000000 0.000000
vn 0.500000 0.000000 -0.866025
vn 0.866026 0.000000 -0.500000
vn 0.500000 0.000000 -0.866025
vn 0.000000 1.000000 0.000000
vn 0.000000 1.000000 0.000000
vn 0.000000 1.000000 0.000000
vn 0.000000 1.000000 0.000000
vn 0.000000 1.000000 0.000000
vn 0.000000 1.000000 0.000000
vn 0.000000 1.000000 0.000000
vn 0.000000 1.000000 0.000000
vn 0.000000 1.000000 0.000000
vn 0.000000 1.000000 0.000000
vn 0.000000 1.000000 0.000000
vn 0.000000 1.000000 0.000000
vn 0.000000 1.000000 0.000000
vn 0.000000 1.000000 0.000000
vn 0.000000 1.000000 0.000000
vn 0.000000 1.000000 0.000000
vn 0.000000 1.000000 0.000000
vn 0.000000 1.000000 0.000000
vn -1.000000 0.000000 0.000001
vn -0.866026 0.000000 -0.500000
vn -1.000000 0.000000 -0.000000
vn -0.866025 0.000000 0.500001
vn -1.000000 0.000000 -0.000000
vn -0.866026 0.000000 0.500000
vn -0.499999 0.000000 0.866026
vn -0.866026 0.000000 0.500000
vn -0.500000 0.000000 0.866026
vn 0.000000 0.000000 1.000000
vn -0.500000 0.000000 0.866026
vn -0.000000 0.000000 1.000000
vn 0.500000 0.000000 0.866026
vn -0.000000 0.000000 1.000000
vn 0.500000 0.000000 0.866025
vn 0.866025 0.000000 0.500000
vn 0.500000 0.000000 0.866025
vn 0.866026 0.000000 0.499999
vn 1.000000 0.000000 0.000000
vn 0.866026 0.000000 0.499999
vn 1.000000 0.000000 -0.000001
vn 0.866026 0.000000 -0.499999
vn 1.000000 0.000000 -0.000001
vn 0.866025 0.000000 -0.500000
vn 0.500000 0.000000 -0.866025
vn 0.866025 0.000000 -0.500000
vn 0.500000 0.000000 -0.866026
vn 0.000000 0.000000 -1.000000
vn 0.500000 0.000000 -0.866026
vn -0.000000 0.000000 -1.000000
vn 0.000000 1.000000 0.000000
vn 0.000000 1.000000 0.000000
vn 0.000000 1.000000 0.000000
vn 0.000000 1.000000 0.000000
vn 0.000000 1.000000 0.000000
vn 0.000000 1.000000 0.000000
vn 0.000000 1.000000 0.000000
vn 0.000000 1.000000 0.000000
vn 0.000000 1.000000 0.000000
vn 0.000000 1.000000 0.000000
vn 0.000000 1.000000 0.000000
vn 0.000000 1.000000 0.000000
vn 0.000000 1.000000 0.000000
vn 0.000000 1.000000 0.000000
vn 0.000000 1.000000 0.000000
vn 0.000000 1.000000 0.000000
vn 0.000000 1.000000 0.000000
vn 0.000000 1.000000 0.000000
vn 0.784774 0.000000 0.619782
vn 0.707107 0.000000 0.707107
vn 0.707107 0.000000 0.707107
vn -0.619782 0.000000 -0.784774
vn -0.707107 0.000000 -0.707107
vn -0.707107 0.000000 -0.707107
vn -0.322255 0.000000 -0.946653
vn -0.752408 0.000000 -0.658698
vn -0.322255 0.000000 -0.946653
vn 0.000000 -1.000000 0.000000
vn 0.000000 -1.000000 0.000000
vn 0.000000 -1.000000 0.000000
vn 0.707106 0.000000 -0.707107
vn 0.272284 0.000000 -0.962217
vn 0.707106 0.000000 -0.707107
vn 0.272284 0.000000 -0.962217
vn -0.272284 0.000000 -0.962217
vn 0.272284 0.000000 -0.962217
vn -0.272284 0.000000 -0.962217
vn -0.619782 0.000000 -0.784774
vn -0.619782 0.000000 -0.784774
vn 0.707106 0.000000 -0.707107
vn 0.962217 0.000000 -0.272284
vn 0.707106 0.000000 -0.707107
vn 0.962217 0.000000 -0.272284
vn 0.962217 0.000000 0.272284
vn 0.962217 0.000000 -0.272284
vn 0.962217 0.000000 0.272284
vn 0.784774 0.000000 0.619782
vn 0.962217 0.000000 0.272284
vn 0.000000 1.000000 0.000000
vn 0.000000 1.000000 -0.000000
vn 0.000000 1.000000 0.000000
vn -0.000000 0.000000 -1.000000
vn -0.500000 0.000000 -0.866025
vn -0.500000 0.000000 -0.866025
vn 1.000000 0.000000 0.000000
vn 0.866026 0.000000 -0.500000
vn 0.866026 0.000000 -0.500000
vn 0.866026 0.000000 0.500000
vn 1.000000 0.000000 0.000000
vn 1.000000 0.000000 0.000000
vn 0.500000 0.000000 0.866026
vn 0.866026 0.000000 0.500000
vn 0.866026 0.000000 0.500000
vn -0.000000 0.000000 1.000000
vn 0.500000 0.000000 0.866026
vn 0.500000 0.000000 0.866026
vn -0.500000 0.000000 0.866025
vn -0.000000 0.000000 1.000000
vn -0.000000 0.000000 1.000000
vn -0.866025 0.000000 0.500001
vn -0.500000 0.000000 0.866026
vn -0.500000 0.000000 0.866025
vn -1.000000 0.000000 0.000000
vn -0.866025 0.000000 0.500001
vn -0.866025 0.000000 0.500001
vn -0.866026 0.000000 -0.499999
vn -1.000000 0.000000 0.000000
vn -1.000000 0.000000 0.000000
vn -0.500000 0.000000 -0.866025
vn -0.866026 0.000000 -0.500000
vn -0.866026 0.000000 -0.499999
vn 0.500000 0.000000 -0.866025
vn -0.000000 0.000000 -1.000000
vn -0.000000 0.000000 -1.000000
vn 0.000000 1.000000 0.000000
vn 0.000000 1.000000 0.000000
vn 0.000000 1.000000 0.000000
vn 0.866026 0.000000 -0.500000
vn 0.500000 0.000000 -0.866025
vn 0.500000 0.000000 -0.866025
vn 0.000000 -1.000000 0.000000
vn 0.000000 -1.000000 0.000000
vn 0.000000 -1.000000 0.000000
vn 0.000000 -1.000000 0.000000
vn 0.000000 -1.000000 0.000000
vn 0.000000 -1.000000 0.000000
vn 0.000000 -1.000000 0.000000
vn 0.000000 -1.000000 0.000000
vn 0.000000 -1.000000 0.000000
vn 0.000000 -1.000000 0.000000
vn 0.000000 -1.000000 0.000000
vn 0.000000 -1.000000 0.000000
vn 0.000000 -1.000000 0.000000
vn 0.000000 -1.000000 0.000000
vn 0.000000 -1.000000 0.000000
vn 0.000000 -1.000000 0.000000
vn 0.000000 -1.000000 0.000000
vn 0.000000 -1.000000 0.000000
vn 0.000000 -1.000000 0.000000
vn 0.000000 -1.000000 0.000000
vn 0.000000 -1.000000 0.000000
vn 0.000000 -1.000000 0.000000
vn 0.000000 -1.000000 0.000000
vn 0.000000 -1.000000 0.000000
vn 0.000000 -1.000000 0.000000
vn 0.000000 -1.000000 0.000000
vn 0.000000 -1.000000 0.000000
vn 0.000000 -1.000000 0.000000
vn 0.000000 -1.000000 0.000000
vn 0.000000 -1.000000 0.000000
vn 0.000000 -1.000000 0.000000
vn 0.000000 -1.000000 0.000000
vn 0.000000 -1.000000 0.000000
vn 0.000000 -1.000000 0.000000
vn 0.000000 -1.000000 0.000000
vn 0.000000 -1.000000 0.000000
vn 0.707107 0.000000 0.707107
vn 0.784774 0.000000 0.619782
vn 0.707107 0.000000 0.707107
vn -0.707107 0.000000 -0.707107
vn -0.619782 0.000000 -0.784774
vn -0.707107 0.000000 -0.707107
vn 0.000000 1.000000 0.000000
vn 0.000000 1.000000 0.000000
vn 0.000000 1.000000 0.000000
vn 0.272284 0.000000 -0.962217
vn 0.707107 0.000000 -0.707107
vn 0.707107 0.000000 -0.707107
vn -0.272284 0.000000 -0.962217
vn 0.272284 0.000000 -0.962217
vn 0.272284 0.000000 -0.962217
vn -0.272284 0.000000 -0.962217
vn -0.619782 0.000000 -0.784774
vn -0.272284 0.000000 -0.962217
vn 0.962217 0.000000 -0.272284
vn 0.707107 0.000000 -0.707107
vn 0.707107 0.000000 -0.707107
vn 0.962217 0.000000 0.272284
vn 0.962217 0.000000 -0.272284
vn 0.962217 0.000000 -0.272284
vn 0.784774 0.000000 0.619782
vn 0.962217 0.000000 0.272284
vn 0.962217 0.000000 0.272284
vn 0.000000 -1.000000 0.000000
vn -0.000001 -1.000000 0.000000
vn 0.000000 -1.000000 0.000000
vn -0.500001 0.000000 -0.866025
vn -0.000000 0.000000 -1.000000
vn -0.500000 0.000000 -0.866025
vn -0.707107 0.000000 -0.707107
vn -0.707107 0.000000 -0.707106
vn -0.707107 0.000000 -0.707106
vn 0.000000 1.000000 0.000000
vn 0.000000 1.000000 0.000000
vn 0.000000 1.000000 0.000000
vn 0.000000 -1.000000 0.000000
vn 0.000000 -1.000000 0.000000
vn 0.000000 -1.000000 0.000000
vn 0.000000 1.000000 0.000000
vn 0.000000 1.000000 0.000000
vn 0.000000 1.000000 0.000000
vn 0.000000 1.000000 0.000000
vn 0.000000 1.000000 0.000000
vn 0.000000 1.000000 0.000000
vn 0.000000 1.000000 0.000000
vn 0.000000 1.000000 0.000000
vn 0.000000 1.000000 0.000000
vn -0.707108 0.000000 0.707106
vn -0.707108 0.000000 0.707106
vn -0.707108 0.000000 0.707106
vn 0.707107 0.000000 0.707107
vn 0.707107 0.000000 0.707107
vn 0.707107 0.000000 0.707107
vn 0.707106 0.000000 -0.707107
vn 0.707106 0.000000 -0.707107
vn 0.707106 0.000000 -0.707108
vn 0.000000 1.000000 0.000000
vn 0.000000 1.000000 0.000000
vn 0.000000 1.000000 0.000000
vn 0.707108 0.000000 0.707106
vn 0.707108 0.000000 0.707106
vn 0.707107 0.000000 0.707106
vn -0.707108 0.000000 -0.707105
vn -0.707108 0.000000 -0.707105
vn -0.707108 0.000000 -0.707105
vn 0.707107 0.000000 -0.707107
vn 0.707107 0.000000 -0.707107
vn 0.707107 0.000000 -0.707107
vn 0.000000 1.000000 0.000000
vn 0.000000 1.000000 0.000000
vn 0.000001 1.000000 0.000000
vn -0.707106 0.000000 0.707107
vn -0.707107 0.000000 0.707106
vn -0.707107 0.000000 0.707106
vn 0.616576 0.000000 -0.787296
vn 0.512677 0.000000 -0.858582
vn 0.616576 0.000000 -0.787296
vn -0.787294 0.000000 0.616578
vn -0.858580 0.000000 0.512679
vn -0.787294 0.000000 0.616578
vn 0.000000 -1.000000 0.000000
vn 0.000000 -1.000000 0.000000
vn 0.000001 -1.000000 0.000000
vn -0.707109 0.000000 -0.707105
vn -0.956259 0.000000 -0.292521
vn -0.707108 0.000000 -0.707105
vn -0.956259 0.000000 -0.292522
vn -0.984577 0.000000 0.174954
vn -0.956259 0.000000 -0.292521
vn -0.984577 0.000000 0.174951
vn -0.858580 0.000000 0.512680
vn -0.984577 0.000000 0.174954
vn 0.512677 0.000000 -0.858582
vn 0.174949 0.000000 -0.984577
vn 0.512677 0.000000 -0.858582
vn 0.174949 0.000000 -0.984577
vn -0.292525 0.000000 -0.956258
vn 0.174949 0.000000 -0.984577
vn -0.292525 0.000000 -0.956258
vn -0.707108 0.000000 -0.707105
vn -0.292525 0.000000 -0.956258
vn 0.000000 1.000000 0.000000
vn -0.000000 1.000000 0.000000
vn -0.000000 1.000000 0.000000
vn 0.616576 0.000000 -0.787295
vn 0.512677 0.000000 -0.858582
vn 0.616576 0.000000 -0.787295
vn -0.787295 0.000000 0.616577
vn -0.858579 0.000000 0.512681
vn -0.787294 0.000000 0.616577
vn 0.000000 -1.000000 0.000000
vn 0.000000 -1.000000 0.000000
vn 0.000000 -1.000000 0.000000
vn -0.707109 0.000000 -0.707105
vn -0.956258 0.000000 -0.292524
vn -0.707108 0.000000 -0.707105
vn -0.956259 0.000000 -0.292522
vn -0.984577 0.000000 0.174952
vn -0.956258 0.000000 -0.292524
vn -0.984577 0.000000 0.174954
vn -0.858580 0.000000 0.512680
vn -0.984577 0.000000 0.174952
vn 0.512677 0.000000 -0.858581
vn 0.174949 0.000000 -0.984577
vn 0.512677 0.000000 -0.858582
vn 0.174950 0.000000 -0.984577
vn -0.292525 0.000000 -0.956258
vn 0.174949 0.000000 -0.984577
vn -0.292525 0.000000 -0.956258
vn -0.707108 0.000000 -0.707105
vn -0.292525 0.000000 -0.956258
vn -0.000001 1.000000 0.000000
vn -0.000001 1.000000 0.000000
vn -0.000001 1.000000 0.000001
vn 0.000000 -1.000000 -0.000001
vn 0.000001 -1.000000 -0.000000
vn 0.000001 -1.000000 -0.000000
vn 0.707112 0.000000 0.707102
vn 0.707112 0.000000 0.707101
vn 0.707112 0.000000 0.707102
vn -0.707106 0.000000 0.707107
vn -0.707106 0.000000 0.707107
vn -0.707106 0.000000 0.707107
vn 0.707106 0.000000 -0.707107
vn 0.707106 0.000000 -0.707107
vn 0.707106 0.000000 -0.707107
vn 0.816503 0.577341 0.000000
vn 0.816503 0.577341 0.000000
vn 0.816503 0.577341 0.000000
vn 0.000000 0.577364 0.816487
vn 0.000000 0.577364 0.816487
vn 0.000000 0.577364 0.816487
vn 0.500000 0.707114 0.499990
vn 0.500004 0.707105 0.499999
vn 0.500004 0.707104 0.500000
vn 0.000000 0.000000 1.000000
vn 0.000000 0.000000 1.000000
vn 0.000000 0.000000 1.000000
vn 1.000000 0.000000 0.000000
vn 1.000000 0.000000 0.000000
vn 1.000000 0.000000 0.000000
vn 0.500007 0.707096 -0.500008
vn 0.500006 0.707100 -0.500004
vn 0.500007 0.707096 -0.500008
vn -0.499999 0.707107 0.500000
vn -0.499992 0.707117 0.499994
vn -0.499992 0.707117 0.499994
vn -0.000001 1.000000 0.000000
vn -0.000001 1.000000 0.000000
vn -0.000001 1.000000 0.000000
vn 0.707106 0.000000 -0.707107
vn 0.707105 0.000000 -0.707108
vn 0.707105 0.000000 -0.707108
vn -0.707114 -0.000003 -0.707099
vn -0.707118 0.000000 -0.707096
vn -0.707112 -0.000002 -0.707101
vn -0.000000 1.000000 0.000001
vn -0.000001 1.000000 0.000001
vn 0.000000 1.000000 0.000001
vn -0.707106 0.000000 0.707107
vn -0.707105 0.000000 0.707109
vn -0.707105 0.000000 0.707109
vn 0.499988 0.707121 0.499993
vn 0.500003 0.707115 0.499985
vn 0.499987 0.707121 0.499993
vn 0.500003 0.707107 -0.499997
vn 0.499995 0.707108 -0.500004
vn 0.499995 0.707108 -0.500004
vn -0.500007 0.707093 0.500013
vn -0.499995 0.707113 0.499996
vn -0.500007 0.707092 0.500013
vn 0.707112 0.000000 0.707102
vn 0.707112 0.000000 0.707101
vn 0.707113 0.000000 0.707101
vn 0.000000 -1.000000 0.000000
vn 0.000000 -1.000000 0.000000
vn 0.000000 -1.000000 0.000000
vn 0.000000 1.000000 0.000000
vn 0.000000 1.000000 0.000000
vn 0.000000 1.000000 0.000000
vn 0.707105 -0.000001 -0.707109
vn 0.707105 -0.000000 -0.707109
vn 0.707105 -0.000001 -0.707108
vn 1.000000 0.000000 0.000000
vn 1.000000 0.000000 0.000000
vn 1.000000 0.000000 0.000000
vn 0.707109 0.000000 0.707105
vn 0.707109 0.000001 0.707105
vn 0.707108 0.000000 0.707105
vn 0.194246 0.000000 -0.980953
vn 0.830991 0.000000 -0.556286
vn 0.194246 0.000000 -0.980953
vn 0.830992 0.000000 -0.556285
vn 0.980953 0.000000 0.194245
vn 0.830991 0.000000 -0.556286
vn 0.980953 0.000000 0.194246
vn 0.556286 0.000000 0.830991
vn 0.980953 0.000000 0.194245
vn 0.556286 0.000000 0.830991
vn -0.194247 0.000000 0.980953
vn 0.556286 0.000000 0.830991
vn -0.194247 0.000000 0.980953
vn -0.830992 0.000000 0.556284
vn -0.830991 0.000000 0.556285
vn -0.830992 0.000000 0.556284
vn -0.980953 0.000000 -0.194246
vn -0.830991 0.000000 0.556285
vn -0.000000 1.000000 0.000000
vn -0.000000 1.000000 -0.000001
vn 0.000000 1.000000 -0.000000
vn -0.980953 0.000000 -0.194245
vn -0.556286 0.000000 -0.830991
vn -0.980953 0.000000 -0.194246
vn -0.556286 0.000000 -0.830991
vn 0.194246 0.000000 -0.980953
vn 0.194246 0.000000 -0.980953
vn 0.000000 -1.000000 0.000000
vn -0.000001 -1.000000 0.000000
vn -0.000000 -1.000000 0.000000
vn 0.784774 0.000000 0.619782
vn 0.651726 0.000000 0.758455
vn 0.651726 0.000000 0.758455
vn -0.619782 0.000000 -0.784774
vn -0.760118 0.000000 -0.649785
vn -0.760118 0.000000 -0.649785
vn 0.000000 -1.000000 0.000000
vn 0.000000 -1.000000 0.000000
vn 0.000000 -1.000000 0.000000
vn 0.707107 0.000000 -0.707107
vn 0.272284 0.000000 -0.962217
vn 0.707107 0.000000 -0.707107
vn 0.272284 0.000000 -0.962217
vn -0.272284 0.000000 -0.962217
vn 0.272284 0.000000 -0.962217
vn -0.272284 0.000000 -0.962217
vn -0.619782 0.000000 -0.784774
vn -0.619782 0.000000 -0.784774
vn 0.707107 0.000000 -0.707107
vn 0.962217 0.000000 -0.272284
vn 0.707107 0.000000 -0.707107
vn 0.962217 0.000000 -0.272284
vn 0.962217 0.000000 0.272284
vn 0.962217 0.000000 -0.272284
vn 0.962217 0.000000 0.272284
vn 0.784774 0.000000 0.619782
vn 0.962217 0.000000 0.272284
vn 0.000000 1.000000 -0.000000
vn 0.000000 1.000000 0.000000
vn 0.000000 1.000000 0.000000
vn 0.000000 1.000000 0.000000
vn 0.000000 1.000000 0.000000
vn 0.000000 1.000000 0.000000
vn 0.000000 -1.000000 0.000000
vn 0.000000 -1.000000 0.000000
vn 0.000000 -1.000000 0.000000
vn 0.000000 -1.000000 0.000000
vn 0.000000 -1.000000 0.000000
vn 0.000000 -1.000000 0.000000
vn 0.000000 1.000000 0.000000
vn 0.000000 1.000000 0.000000
vn 0.000000 1.000000 0.000000
vn -0.760118 0.000000 -0.649785
vn -0.808495 0.000000 -0.588503
vn -0.808495 0.000000 -0.588503
vn 0.651726 0.000000 0.758455
vn 0.592628 0.000000 0.805476
vn 0.592628 0.000000 0.805476
vn 0.903274 0.018606 -0.428660
vn 0.797974 0.018490 -0.602409
vn 0.903275 0.018604 -0.428658
vn -0.016243 0.999826 0.009170
vn -0.016244 0.999826 0.009170
vn -0.016244 0.999826 0.009170
vn 0.016244 -0.999826 -0.009170
vn 0.016244 -0.999826 -0.009170
vn 0.016244 -0.999826 -0.009170
vn -0.687367 -0.017825 0.726092
vn -0.175173 -0.011873 0.984466
vn -0.175171 -0.011874 0.984467
vn -0.175173 -0.011873 0.984466
vn 0.572211 0.001776 0.820105
vn -0.175171 -0.011874 0.984467
vn 0.903274 0.018606 -0.428660
vn 0.984404 0.014388 0.175335
vn 0.984404 0.014390 0.175335
vn 0.984404 0.014388 0.175335
vn 0.572212 0.001778 0.820104
vn 0.984404 0.014390 0.175335
vn -0.687368 -0.017825 0.726091
vn -0.797974 -0.018488 0.602408
vn -0.797974 -0.018487 0.602408
vn 0.797975 0.018490 -0.602407
vn 0.903274 0.018609 -0.428661
vn 0.903274 0.018609 -0.428661
vn -0.016244 0.999826 0.009170
vn -0.016244 0.999826 0.009170
vn -0.016244 0.999826 0.009170
vn 0.016244 -0.999826 -0.009170
vn 0.016244 -0.999826 -0.009170
vn 0.016244 -0.999826 -0.009170
vn -0.687367 -0.017827 0.726091
vn -0.175171 -0.011873 0.984466
vn -0.687367 -0.017827 0.726091
vn -0.175171 -0.011873 0.984466
vn 0.572212 0.001774 0.820104
vn 0.572213 0.001774 0.820103
vn 0.903274 0.018609 -0.428661
vn 0.984405 0.014386 0.175331
vn 0.984404 0.014385 0.175333
vn 0.984404 0.014385 0.175333
vn 0.572213 0.001774 0.820103
vn 0.572212 0.001774 0.820104
vn -0.797974 -0.018493 0.602409
vn -0.687367 -0.017827 0.726091
vn -0.797974 -0.018493 0.602409
vn 0.194245 0.000000 -0.980953
vn -0.322255 0.000000 -0.946653
vn 0.194245 0.000000 -0.980953
vn 0.658698 0.000000 -0.752408
vn 0.194245 0.000000 -0.980953
vn 0.658698 0.000000 -0.752408
vn 0.946653 0.000000 -0.322255
vn 0.658698 0.000000 -0.752408
vn 0.946653 0.000000 -0.322256
vn 0.980953 0.000000 0.194245
vn 0.946653 0.000000 -0.322256
vn 0.980953 0.000000 0.194245
vn 0.752408 0.000000 0.658698
vn 0.980953 0.000000 0.194245
vn 0.752408 0.000000 0.658698
vn 0.322255 0.000000 0.946653
vn 0.752408 0.000000 0.658698
vn 0.322255 0.000000 0.946653
vn -0.194245 0.000000 0.980953
vn 0.322255 0.000000 0.946653
vn -0.194245 0.000000 0.980953
vn -0.658698 0.000000 0.752408
vn -0.194245 0.000000 0.980953
vn -0.658698 0.000000 0.752408
vn -0.946653 0.000000 0.322255
vn -0.658698 0.000000 0.752408
vn -0.946653 0.000000 0.322255
vn -0.980953 0.000000 -0.194245
vn -0.946653 0.000000 0.322255
vn -0.980953 0.000000 -0.194245
vn 0.139297 0.696952 -0.703459
vn 0.472365 0.696951 -0.539566
vn 0.472365 0.696951 -0.539565
vn -0.752408 0.000000 -0.658698
vn -0.980953 0.000000 -0.194245
vn -0.752408 0.000000 -0.658698
vn 0.000000 1.000000 0.000000
vn -0.000000 1.000000 0.000000
vn 0.000000 1.000000 0.000000
vn -0.000000 1.000000 0.000000
vn 0.000003 1.000000 0.000000
vn -0.000000 1.000000 0.000000
vn 0.000002 1.000000 0.000000
vn -0.000003 1.000000 0.000000
vn 0.000003 1.000000 0.000000
vn -0.000003 1.000000 0.000000
vn -0.000000 1.000000 0.000000
vn -0.000003 1.000000 0.000000
vn -0.000000 1.000000 0.000000
vn 0.000000 1.000000 0.000000
vn -0.000000 1.000000 0.000000
vn 0.000000 1.000000 0.000000
vn 0.000000 1.000000 0.000000
vn 0.000000 1.000000 0.000000
vn 0.000000 1.000000 0.000000
vn -0.000001 1.000000 0.000000
vn 0.000000 1.000000 0.000000
vn -0.000000 1.000000 0.000000
vn -0.000001 1.000000 0.000000
vn -0.000001 1.000000 0.000000
vn 0.000001 1.000000 0.000000
vn 0.000000 1.000000 0.000000
vn -0.000000 1.000000 0.000000
vn 0.000000 1.000000 0.000000
vn 0.000001 1.000000 0.000000
vn 0.000001 1.000000 0.000000
vn -0.000001 1.000000 0.000000
vn 0.000000 1.000000 0.000000
vn 0.000000 1.000000 0.000000
vn 0.000000 1.000000 0.000000
vn -0.000001 1.000000 0.000000
vn -0.000001 1.000000 0.000000
vn 0.000000 1.000000 0.000000
vn 0.000000 1.000000 0.000000
vn 0.000000 1.000000 0.000000
vn -0.703457 0.696954 -0.139296
vn -0.539566 0.696951 -0.472365
vn -0.539566 0.696951 -0.472365
vn 0.231097 0.696949 0.678864
vn 0.539564 0.696954 0.472361
vn 0.231095 0.696949 0.678865
vn -0.472364 0.696951 0.539566
vn -0.139298 0.696954 0.703457
vn -0.472364 0.696951 0.539566
vn 0.472365 0.696951 -0.539565
vn 0.678859 0.696954 -0.231095
vn 0.678859 0.696954 -0.231095
vn -0.539566 0.696951 -0.472365
vn -0.231095 0.696950 -0.678864
vn -0.231095 0.696950 -0.678864
vn -0.139296 0.696954 0.703457
vn 0.231095 0.696949 0.678865
vn -0.139298 0.696954 0.703457
vn -0.678860 0.696954 0.231094
vn -0.472364 0.696951 0.539566
vn -0.678860 0.696954 0.231093
vn 0.703458 0.696954 0.139294
vn 0.678859 0.696954 -0.231095
vn 0.703457 0.696954 0.139296
vn -0.231095 0.696950 -0.678864
vn 0.139296 0.696952 -0.703459
vn 0.139297 0.696952 -0.703459
vn -0.703457 0.696954 -0.139296
vn -0.678860 0.696954 0.231093
vn -0.703457 0.696954 -0.139295
vn 0.703458 0.696954 0.139294
vn 0.539564 0.696954 0.472361
vn 0.539562 0.696955 0.472363
vn 0.472366 -0.696950 -0.539565
vn 0.139298 -0.696952 -0.703458
vn 0.472366 -0.696951 -0.539565
vn 0.000000 -1.000000 0.000000
vn -0.000000 -1.000000 0.000000
vn -0.000000 -1.000000 0.000000
vn -0.000000 -1.000000 0.000000
vn 0.000003 -1.000000 0.000000
vn 0.000002 -1.000000 0.000000
vn 0.000002 -1.000000 0.000000
vn -0.000003 -1.000000 0.000000
vn -0.000003 -1.000000 0.000000
vn -0.000003 -1.000000 0.000000
vn -0.000000 -1.000000 0.000000
vn -0.000000 -1.000000 0.000000
vn -0.000000 -1.000000 0.000000
vn 0.000000 -1.000000 0.000000
vn 0.000000 -1.000000 0.000000
vn 0.000000 -1.000000 0.000000
vn 0.000000 -1.000000 0.000000
vn 0.000000 -1.000000 0.000000
vn 0.000000 -1.000000 0.000000
vn -0.000001 -1.000000 0.000000
vn -0.000001 -1.000000 0.000000
vn -0.000001 -1.000000 0.000000
vn 0.000000 -1.000000 0.000000
vn -0.000001 -1.000000 0.000000
vn 0.000000 -1.000000 0.000000
vn -0.000001 -1.000000 0.000000
vn 0.000000 -1.000000 0.000000
vn -0.000001 -1.000000 0.000000
vn 0.000001 -1.000000 0.000000
vn -0.000001 -1.000000 0.000000
vn 0.000001 -1.000000 0.000000
vn -0.000001 -1.000000 0.000000
vn 0.000001 -1.000000 0.000000
vn -0.000001 -1.000000 0.000000
vn 0.000000 -1.000000 0.000000
vn -0.000001 -1.000000 0.000000
vn 0.000000 -1.000000 0.000000
vn 0.000000 -1.000000 0.000000
vn 0.000000 -1.000000 0.000000
vn -0.539567 -0.696950 -0.472365
vn -0.703456 -0.696955 -0.139298
vn -0.703456 -0.696955 -0.139296
vn 0.231097 -0.696949 0.678864
vn 0.539564 -0.696955 0.472361
vn 0.539562 -0.696955 0.472363
vn -0.472364 -0.696952 0.539566
vn -0.139297 -0.696954 0.703457
vn -0.472364 -0.696951 0.539566
vn 0.678859 -0.696954 -0.231095
vn 0.472366 -0.696951 -0.539565
vn 0.678859 -0.696954 -0.231095
vn -0.231096 -0.696950 -0.678864
vn -0.539567 -0.696950 -0.472365
vn -0.231095 -0.696950 -0.678864
vn -0.139297 -0.696954 0.703457
vn 0.231095 -0.696949 0.678865
vn 0.231097 -0.696949 0.678864
vn -0.678860 -0.696954 0.231094
vn -0.472364 -0.696952 0.539566
vn -0.472364 -0.696951 0.539566
vn 0.703457 -0.696954 0.139294
vn 0.678859 -0.696954 -0.231095
vn 0.678859 -0.696954 -0.231095
vn 0.139296 -0.696952 -0.703458
vn -0.231095 -0.696950 -0.678864
vn 0.139298 -0.696952 -0.703458
vn -0.703456 -0.696955 -0.139296
vn -0.678860 -0.696954 0.231093
vn -0.678860 -0.696954 0.231094
vn 0.539564 -0.696955 0.472361
vn 0.703457 -0.696954 0.139294
vn 0.539562 -0.696955 0.472363
vn -0.000076 0.009170 -0.999958
vn 0.865874 0.018652 -0.499914
vn -0.000076 0.009169 -0.999958
vn 0.865873 0.018652 -0.499915
vn 0.865948 0.009482 0.500044
vn 0.865874 0.018652 -0.499914
vn 0.865948 0.009482 0.500044
vn 0.000077 -0.009170 0.999958
vn 0.000075 -0.009171 0.999958
vn 0.000075 -0.009171 0.999958
vn -0.865873 -0.018652 0.499917
vn -0.865874 -0.018652 0.499914
vn -0.016244 0.999826 0.009170
vn -0.016244 0.999826 0.009170
vn -0.016244 0.999826 0.009170
vn -0.865874 -0.018652 0.499914
vn -0.865949 -0.009482 -0.500042
vn -0.865949 -0.009483 -0.500042
vn -0.865949 -0.009482 -0.500042
vn -0.000076 0.009169 -0.999958
vn -0.865949 -0.009483 -0.500042
vn 0.016244 -0.999826 -0.009170
vn 0.016244 -0.999826 -0.009170
vn 0.016244 -0.999826 -0.009170
vn -0.500000 0.000000 -0.866025
vn -0.000000 0.000000 -1.000000
vn -0.000000 0.000000 -1.000000
vn 0.866026 0.000000 -0.500000
vn 1.000000 0.000000 0.000000
vn 1.000000 0.000000 0.000000
vn 1.000000 0.000000 0.000000
vn 0.866026 0.000000 0.500000
vn 0.866026 0.000000 0.500000
vn 0.866026 0.000000 0.500000
vn 0.500000 0.000000 0.866026
vn 0.500000 0.000000 0.866026
vn 0.500000 0.000000 0.866026
vn -0.000000 0.000000 1.000000
vn -0.000000 0.000000 1.000000
vn -0.000000 0.000000 1.000000
vn -0.500000 0.000000 0.866026
vn -0.500000 0.000000 0.866025
vn -0.500000 0.000000 0.866026
vn -0.866025 0.000000 0.500001
vn -0.866025 0.000000 0.500001
vn -0.866025 0.000000 0.500001
vn -1.000000 0.000000 0.000000
vn -1.000000 0.000000 0.000000
vn -1.000000 0.000000 0.000000
vn -0.866026 0.000000 -0.500000
vn -0.866026 0.000000 -0.499999
vn -0.866026 0.000000 -0.500000
vn -0.500000 0.000000 -0.866025
vn -0.500000 0.000000 -0.866025
vn -0.866026 0.000000 -0.499999
vn -0.500001 0.000000 -0.866025
vn -0.500000 0.000000 -0.866025
vn -0.000000 0.000000 -1.000000
vn 0.500000 0.000000 -0.866025
vn 0.500000 0.000000 -0.866025
vn 0.000000 -1.000000 0.000000
vn 0.000000 -1.000000 0.000000
vn 0.000000 -1.000000 0.000000
vn 0.000000 -1.000000 0.000000
vn 0.000001 -1.000000 0.000000
vn 0.000000 -1.000000 0.000000
vn 0.000000 -1.000000 0.000000
vn 0.000000 -1.000000 0.000000
vn 0.000000 -1.000000 0.000000
vn 0.000000 -1.000000 0.000000
vn 0.000000 -1.000000 0.000000
vn 0.000000 -1.000000 0.000000
vn 0.000000 -1.000000 0.000000
vn 0.000000 -1.000000 0.000000
vn 0.000000 -1.000000 0.000000
vn 0.000000 -1.000000 0.000000
vn -0.000001 -1.000000 0.000000
vn 0.000000 -1.000000 0.000000
vn 0.000000 -1.000000 0.000000
vn 0.000000 -1.000000 0.000000
vn 0.000000 -1.000000 0.000000
vn 0.000000 -1.000000 0.000000
vn 0.000000 -1.000000 0.000000
vn 0.000000 -1.000000 0.000000
vn 0.000000 -1.000000 0.000000
vn 0.000000 -1.000000 0.000000
vn 0.000000 -1.000000 0.000000
vn 0.500000 0.000000 -0.866025
vn 0.866026 0.000000 -0.500000
vn 0.866026 0.000000 -0.500000
vn 0.000000 1.000000 0.000000
vn 0.000000 1.000000 0.000000
vn 0.000000 1.000000 0.000000
vn 0.000000 1.000000 0.000000
vn 0.000000 1.000000 0.000000
vn 0.000000 1.000000 0.000000
vn 0.000000 1.000000 0.000000
vn 0.000000 1.000000 0.000000
vn 0.000000 1.000000 0.000000
vn 0.000000 1.000000 0.000000
vn 0.000000 1.000000 0.000000
vn 0.000000 1.000000 0.000000
vn 0.000000 1.000000 0.000000
vn 0.000000 1.000000 0.000000
vn 0.000000 1.000000 0.000000
vn 0.000000 1.000000 0.000000
vn 0.000000 1.000000 0.000000
vn 0.000000 1.000000 0.000000
vn -1.000000 0.000000 0.000001
vn -0.866026 0.000000 -0.499999
vn -0.866026 0.000000 -0.500000
vn -0.866025 0.000000 0.500001
vn -1.000000 0.000000 0.000001
vn -1.000000 0.000000 -0.000000
vn -0.499999 0.000000 0.866026
vn -0.866025 0.000000 0.500001
vn -0.866026 0.000000 0.500000
vn 0.000000 0.000000 1.000000
vn -0.499999 0.000000 0.866026
vn -0.500000 0.000000 0.866026
vn 0.500000 0.000000 0.866026
vn 0.000000 0.000000 1.000000
vn -0.000000 0.000000 1.000000
vn 0.866025 0.000000 0.500000
vn 0.500000 0.000000 0.866026
vn 0.500000 0.000000 0.866025
vn 1.000000 0.000000 0.000000
vn 0.866025 0.000000 0.500000
vn 0.866026 0.000000 0.499999
vn 0.866026 0.000000 -0.499999
vn 1.000000 0.000000 0.000000
vn 1.000000 0.000000 -0.000001
vn 0.500000 0.000000 -0.866025
vn 0.866026 0.000000 -0.499999
vn 0.866025 0.000000 -0.500000
vn 0.000000 0.000000 -1.000000
vn 0.500000 0.000000 -0.866025
vn 0.500000 0.000000 -0.866026
vn 0.000000 1.000000 0.000000
vn 0.000000 1.000000 0.000000
vn 0.000000 1.000000 0.000000
vn 0.000000 1.000000 0.000000
vn 0.000000 1.000000 0.000000
vn 0.000000 1.000000 0.000000
vn 0.000000 1.000000 0.000000
vn 0.000000 1.000000 0.000000
vn 0.000000 1.000000 0.000000
vn 0.000000 1.000000 0.000000
vn 0.000000 1.000000 0.000000
vn 0.000000 1.000000 0.000000
vn 0.000000 1.000000 0.000000
vn 0.000000 1.000000 0.000000
vn 0.000000 1.000000 0.000000
vn 0.000000 1.000000 0.000000
vn 0.000000 1.000000 0.000000
vn 0.000000 1.000000 0.000000
vn 0.784774 0.000000 0.619782
vn 0.784774 0.000000 0.619782
vn 0.707107 0.000000 0.707107
vn -0.619782 0.000000 -0.784774
vn -0.619782 0.000000 -0.784774
vn -0.707107 0.000000 -0.707107
vn -0.322255 0.000000 -0.946653
vn -0.752408 0.000000 -0.658698
vn -0.752408 0.000000 -0.658698
vn 0.000000 -1.000000 0.000000
vn 0.000000 -1.000000 0.000000
vn 0.000000 -1.000000 0.000000
vn 0.000000 -1.000000 0.000000
vn 0.000000 -1.000000 0.000000
vn 0.000000 -1.000000 0.000000
vn 0.000000 -1.000000 0.000000
vn 0.000000 -1.000000 0.000000
vn 0.000000 -1.000000 0.000000
vn 0.000000 -1.000000 0.000000
vn -0.000000 -1.000000 0.000000
vn 0.000000 -1.000000 0.000000
vn 0.000000 -1.000000 0.000000
vn 0.000000 -1.000000 0.000000
vn 0.000000 -1.000000 0.000000
vn -0.000000 -1.000000 0.000000
vn 0.000001 -1.000000 0.000000
vn 0.000000 -1.000000 0.000000
vn 0.707106 0.000000 -0.707107
vn 0.272284 0.000000 -0.962217
vn 0.272284 0.000000 -0.962217
vn 0.272284 0.000000 -0.962217
vn -0.272284 0.000000 -0.962217
vn -0.272284 0.000000 -0.962217
vn -0.272284 0.000000 -0.962217
vn -0.272284 0.000000 -0.962217
vn -0.619782 0.000000 -0.784774
vn 0.707106 0.000000 -0.707107
vn 0.962217 0.000000 -0.272284
vn 0.962217 0.000000 -0.272284
vn 0.962217 0.000000 -0.272284
vn 0.962217 0.000000 0.272284
vn 0.962217 0.000000 0.272284
vn 0.962217 0.000000 0.272284
vn 0.784774 0.000000 0.619782
vn 0.784774 0.000000 0.619782
vn 0.000000 1.000000 0.000000
vn 0.000000 1.000000 0.000000
vn 0.000000 1.000000 0.000000
vn 0.000000 1.000000 0.000000
vn 0.000000 1.000000 0.000000
vn 0.000000 1.000000 0.000000
vn 0.000000 1.000000 0.000000
vn 0.000001 1.000000 0.000000
vn -0.000000 1.000000 0.000000
vn -0.000000 1.000000 0.000000
vn 0.000000 1.000000 0.000000
vn 0.000000 1.000000 0.000000
vn 0.000000 1.000000 0.000000
vn 0.000000 1.000000 0.000000
vn 0.000000 1.000000 0.000000
vn 0.000000 1.000000 0.000000
vn 0.000000 1.000000 0.000000
vn 0.000000 1.000000 0.000000
vn -0.000000 0.000000 -1.000000
vn -0.000000 0.000000 -1.000000
vn -0.500000 0.000000 -0.866025
vn 1.000000 0.000000 0.000000
vn 1.000000 0.000000 0.000000
vn 0.866026 0.000000 -0.500000
vn 0.866026 0.000000 0.500000
vn 0.866026 0.000000 0.500000
vn 1.000000 0.000000 0.000000
vn 0.500000 0.000000 0.866026
vn 0.500000 0.000000 0.866026
vn 0.866026 0.000000 0.500000
vn -0.000000 0.000000 1.000000
vn -0.000000 0.000000 1.000000
vn 0.500000 0.000000 0.866026
vn -0.500000 0.000000 0.866025
vn -0.500000 0.000000 0.866026
vn -0.000000 0.000000 1.000000
vn -0.866025 0.000000 0.500001
vn -0.866025 0.000000 0.500001
vn -0.500000 0.000000 0.866026
vn -1.000000 0.000000 0.000000
vn -1.000000 0.000000 0.000000
vn -0.866025 0.000000 0.500001
vn -0.866026 0.000000 -0.499999
vn -0.866026 0.000000 -0.500000
vn -1.000000 0.000000 0.000000
vn -0.500000 0.000000 -0.866025
vn -0.500000 0.000000 -0.866025
vn -0.866026 0.000000 -0.500000
vn 0.500000 0.000000 -0.866025
vn 0.500000 0.000000 -0.866025
vn -0.000000 0.000000 -1.000000
vn 0.000000 1.000000 0.000000
vn 0.000000 1.000000 0.000000
vn 0.000000 1.000000 0.000000
vn 0.000000 1.000000 0.000000
vn -0.000001 1.000000 0.000000
vn 0.000000 1.000000 0.000000
vn 0.000000 1.000000 0.000000
vn -0.000001 1.000000 0.000000
vn 0.000000 1.000000 0.000000
vn 0.000000 1.000000 0.000000
vn 0.000000 1.000000 0.000000
vn 0.000000 1.000000 0.000000
vn 0.000000 1.000000 0.000000
vn 0.000001 1.000000 0.000000
vn 0.000000 1.000000 0.000000
vn 0.000000 1.000000 0.000000
vn 0.000000 1.000000 0.000000
vn 0.000000 1.000000 0.000000
vn 0.000000 1.000000 0.000000
vn 0.000000 1.000000 0.000000
vn 0.000000 1.000000 0.000000
vn 0.000000 1.000000 0.000000
vn 0.000000 1.000000 0.000000
vn 0.000000 1.000000 0.000000
vn 0.000000 1.000000 0.000000
vn 0.000000 1.000000 0.000000
vn 0.000000 1.000000 0.000000
vn 0.866026 0.000000 -0.500000
vn 0.866026 0.000000 -0.500000
vn 0.500000 0.000000 -0.866025
vn 0.000000 -1.000000 0.000000
vn 0.000000 -1.000000 0.000000
vn 0.000000 -1.000000 0.000000
vn 0.000000 -1.000000 0.000000
vn 0.000000 -1.000000 0.000000
vn 0.000000 -1.000000 0.000000
vn 0.000000 -1.000000 0.000000
vn 0.000000 -1.000000 0.000000
vn 0.000000 -1.000000 0.000000
vn 0.000000 -1.000000 0.000000
vn 0.000000 -1.000000 0.000000
vn 0.000000 -1.000000 0.000000
vn 0.000000 -1.000000 0.000000
vn 0.000000 -1.000000 0.000000
vn 0.000000 -1.000000 0.000000
vn 0.000000 -1.000000 0.000000
vn 0.000000 -1.000000 0.000000
vn 0.000000 -1.000000 0.000000
vn 0.000000 -1.000000 0.000000
vn 0.000000 -1.000000 0.000000
vn 0.000000 -1.000000 0.000000
vn 0.000000 -1.000000 0.000000
vn 0.000000 -1.000000 0.000000
vn 0.000000 -1.000000 0.000000
vn 0.000000 -1.000000 0.000000
vn 0.000000 -1.000000 0.000000
vn 0.000000 -1.000000 0.000000
vn 0.000000 -1.000000 0.000000
vn 0.000000 -1.000000 0.000000
vn 0.000000 -1.000000 0.000000
vn 0.000000 -1.000000 0.000000
vn 0.000000 -1.000000 0.000000
vn 0.000000 -1.000000 0.000000
vn 0.000000 -1.000000 0.000000
vn 0.000000 -1.000000 0.000000
vn 0.000000 -1.000000 0.000000
vn 0.707107 0.000000 0.707107
vn 0.784774 0.000000 0.619782
vn 0.784774 0.000000 0.619782
vn -0.707107 0.000000 -0.707107
vn -0.619782 0.000000 -0.784774
vn -0.619782 0.000000 -0.784774
vn 0.000000 1.000000 0.000000
vn 0.000000 1.000000 0.000000
vn 0.000000 1.000000 0.000000
vn 0.000000 1.000000 0.000000
vn 0.000000 1.000000 0.000000
vn 0.000000 1.000000 0.000000
vn 0.000000 1.000000 0.000000
vn 0.000000 1.000000 0.000000
vn 0.000000 1.000000 0.000000
vn 0.000000 1.000000 0.000000
vn 0.000000 1.000000 0.000000
vn 0.000000 1.000000 0.000000
vn 0.272284 0.000000 -0.962217
vn 0.272284 0.000000 -0.962217
vn 0.707107 0.000000 -0.707107
vn -0.272284 0.000000 -0.962217
vn -0.272284 0.000000 -0.962217
vn 0.272284 0.000000 -0.962217
vn -0.272284 0.000000 -0.962217
vn -0.619782 0.000000 -0.784774
vn -0.619782 0.000000 -0.784774
vn 0.962217 0.000000 -0.272284
vn 0.962217 0.000000 -0.272284
vn 0.707107 0.000000 -0.707107
vn 0.962217 0.000000 0.272284
vn 0.962217 0.000000 0.272284
vn 0.962217 0.000000 -0.272284
vn 0.784774 0.000000 0.619782
vn 0.784774 0.000000 0.619782
vn 0.962217 0.000000 0.272284
vn 0.000000 -1.000000 0.000000
vn 0.000000 -1.000000 0.000000
vn 0.000000 -1.000000 0.000000
vn 0.000000 -1.000000 0.000000
vn 0.000000 -1.000000 0.000000
vn 0.000000 -1.000000 0.000000
vn 0.000000 -1.000000 0.000000
vn 0.000000 -1.000000 -0.000000
vn 0.000000 -1.000000 0.000000
vn 0.000000 -1.000000 0.000000
vn 0.000000 -1.000000 0.000000
vn 0.000000 -1.000000 0.000000
vn -0.500001 0.000000 -0.866025
vn 0.000000 0.000000 -1.000000
vn -0.000000 0.000000 -1.000000
vn -0.707107 0.000000 -0.707107
vn -0.707107 0.000000 -0.707107
vn -0.707107 0.000000 -0.707106
vn 0.000000 1.000000 0.000000
vn 0.000000 1.000000 0.000000
vn 0.000000 1.000000 0.000000
vn 0.000000 -1.000000 0.000000
vn 0.000000 -1.000000 0.000000
vn 0.000000 -1.000000 0.000000
vn 0.000000 1.000000 0.000000
vn 0.000000 1.000000 0.000000
vn 0.000000 1.000000 0.000000
vn 0.000000 1.000000 0.000000
vn 0.000000 1.000000 0.000000
vn 0.000000 1.000000 0.000000
vn 0.000000 1.000000 0.000000
vn 0.000000 1.000000 0.000000
vn 0.000000 1.000000 0.000000
vn -0.707108 0.000000 0.707106
vn -0.707108 0.000000 0.707106
vn -0.707108 0.000000 0.707106
vn 0.707107 0.000000 0.707107
vn 0.707107 0.000000 0.707107
vn 0.707107 0.000000 0.707107
vn 0.707106 0.000000 -0.707107
vn 0.707107 0.000000 -0.707107
vn 0.707106 0.000000 -0.707107
vn 0.000000 1.000000 0.000000
vn 0.000000 1.000000 0.000000
vn 0.000000 1.000000 0.000000
vn 0.707108 0.000000 0.707106
vn 0.707108 0.000000 0.707106
vn 0.707108 0.000000 0.707106
vn -0.707108 0.000000 -0.707105
vn -0.707109 0.000000 -0.707105
vn -0.707108 0.000000 -0.707105
vn 0.707107 0.000000 -0.707107
vn 0.707107 0.000000 -0.707107
vn 0.707107 0.000000 -0.707107
vn 0.000000 1.000000 0.000000
vn 0.000000 1.000000 0.000000
vn 0.000000 1.000000 0.000000
vn -0.707106 0.000000 0.707107
vn -0.707106 0.000000 0.707107
vn -0.707107 0.000000 0.707106
vn 0.616576 0.000000 -0.787296
vn 0.512677 0.000000 -0.858582
vn 0.512677 0.000000 -0.858582
vn -0.787294 0.000000 0.616578
vn -0.858580 0.000000 0.512680
vn -0.858580 0.000000 0.512679
vn 0.000000 -1.000000 0.000000
vn 0.000000 -1.000000 0.000000
vn 0.000000 -1.000000 0.000000
vn 0.000000 -1.000000 0.000000
vn 0.000001 -1.000000 0.000000
vn 0.000000 -1.000000 0.000000
vn 0.000001 -1.000000 0.000000
vn 0.000001 -1.000000 0.000000
vn 0.000000 -1.000000 0.000000
vn 0.000001 -1.000000 0.000000
vn -0.000001 -1.000000 0.000000
vn 0.000000 -1.000000 0.000000
vn -0.000001 -1.000000 0.000000
vn 0.000003 -1.000000 0.000000
vn 0.000000 -1.000000 0.000000
vn 0.000000 -1.000000 0.000000
vn -0.000001 -1.000000 0.000000
vn 0.000000 -1.000000 0.000000
vn -0.707109 0.000000 -0.707105
vn -0.956259 0.000000 -0.292522
vn -0.956259 0.000000 -0.292521
vn -0.956259 0.000000 -0.292522
vn -0.984577 0.000000 0.174951
vn -0.984577 0.000000 0.174954
vn -0.984577 0.000000 0.174951
vn -0.858580 0.000000 0.512679
vn -0.858580 0.000000 0.512680
vn 0.512677 0.000000 -0.858582
vn 0.174949 0.000000 -0.984577
vn 0.174949 0.000000 -0.984577
vn 0.174949 0.000000 -0.984577
vn -0.292525 0.000000 -0.956258
vn -0.292525 0.000000 -0.956258
vn -0.292525 0.000000 -0.956258
vn -0.707109 0.000000 -0.707105
vn -0.707108 0.000000 -0.707105
vn -0.000000 1.000000 0.000000
vn -0.000000 1.000000 0.000000
vn -0.000000 1.000000 0.000000
vn -0.000000 1.000000 0.000000
vn -0.000000 1.000000 0.000000
vn -0.000000 1.000000 0.000000
vn -0.000000 1.000000 0.000000
vn 0.000000 1.000000 0.000000
vn 0.000000 1.000000 0.000000
vn 0.000000 1.000000 0.000000
vn 0.000000 1.000000 0.000000
vn 0.000000 1.000000 0.000000
vn 0.000000 1.000000 0.000000
vn 0.000000 1.000000 0.000002
vn 0.000000 1.000000 0.000000
vn 0.000000 1.000000 0.000000
vn 0.000000 1.000000 0.000000
vn 0.000000 1.000000 0.000000
vn 0.616576 0.000000 -0.787295
vn 0.512677 0.000000 -0.858581
vn 0.512677 0.000000 -0.858582
vn -0.787295 0.000000 0.616577
vn -0.858580 0.000000 0.512680
vn -0.858579 0.000000 0.512681
vn 0.000000 -1.000000 0.000000
vn 0.000000 -1.000000 0.000000
vn 0.000000 -1.000000 0.000000
vn 0.000000 -1.000000 0.000000
vn 0.000000 -1.000000 0.000000
vn 0.000000 -1.000000 0.000000
vn 0.000000 -1.000000 0.000000
vn 0.000000 -1.000000 0.000000
vn 0.000000 -1.000000 0.000000
vn 0.000000 -1.000000 0.000000
vn -0.000001 -1.000000 0.000000
vn 0.000000 -1.000000 0.000000
vn -0.000001 -1.000000 0.000000
vn 0.000000 -1.000000 0.000000
vn 0.000002 -1.000000 0.000000
vn 0.000000 -1.000000 0.000000
vn -0.000001 -1.000000 0.000000
vn 0.000002 -1.000000 0.000000
vn -0.707109 0.000000 -0.707105
vn -0.956259 0.000000 -0.292522
vn -0.956258 0.000000 -0.292524
vn -0.956259 0.000000 -0.292522
vn -0.984577 0.000000 0.174954
vn -0.984577 0.000000 0.174952
vn -0.984577 0.000000 0.174954
vn -0.858579 0.000000 0.512681
vn -0.858580 0.000000 0.512680
vn 0.512677 0.000000 -0.858581
vn 0.174950 0.000000 -0.984577
vn 0.174949 0.000000 -0.984577
vn 0.174950 0.000000 -0.984577
vn -0.292525 0.000000 -0.956258
vn -0.292525 0.000000 -0.956258
vn -0.292525 0.000000 -0.956258
vn -0.707109 0.000000 -0.707105
vn -0.707108 0.000000 -0.707105
vn -0.000001 1.000000 0.000000
vn -0.000000 1.000000 0.000000
vn -0.000000 1.000000 0.000000
vn -0.000000 1.000000 0.000000
vn -0.000001 1.000000 0.000001
vn -0.000001 1.000000 0.000000
vn -0.000001 1.000000 0.000001
vn -0.000001 1.000000 0.000001
vn -0.000001 1.000000 0.000000
vn -0.000001 1.000000 0.000001
vn 0.000000 1.000000 0.000002
vn 0.000000 1.000000 0.000001
vn 0.000000 1.000000 0.000002
vn 0.000000 1.000000 0.000005
vn 0.000000 1.000000 0.000001
vn 0.000000 1.000000 0.000001
vn -0.000001 1.000000 0.000000
vn -0.000001 1.000000 0.000001
vn 0.000001 -1.000000 -0.000000
vn 0.000001 -1.000000 -0.000000
vn 0.000001 -1.000000 -0.000000
vn 0.000001 -1.000000 -0.000000
vn 0.000004 -1.000000 0.000000
vn 0.000000 -1.000000 -0.000001
vn 0.000000 -1.000000 -0.000001
vn 0.000000 -1.000000 -0.000001
vn 0.000001 -1.000000 -0.000000
vn 0.707112 0.000000 0.707102
vn 0.707112 0.000000 0.707101
vn 0.707112 0.000000 0.707101
vn -0.707106 0.000000 0.707107
vn -0.707106 0.000000 0.707107
vn -0.707106 0.000000 0.707107
vn 0.707106 0.000000 -0.707107
vn 0.707106 0.000000 -0.707107
vn 0.707106 0.000000 -0.707107
vn 0.500000 0.707114 0.499990
vn 0.500000 0.707114 0.499989
vn 0.500004 0.707105 0.499999
vn 0.000000 0.000000 1.000000
vn 0.000000 0.000000 1.000000
vn 0.000000 0.000000 1.000000
vn 1.000000 0.000000 0.000000
vn 1.000000 0.000000 0.000000
vn 1.000000 0.000000 0.000000
vn 0.500007 0.707096 -0.500008
vn 0.500006 0.707100 -0.500004
vn 0.500006 0.707100 -0.500004
vn -0.499999 0.707107 0.500000
vn -0.499999 0.707107 0.500000
vn -0.499992 0.707117 0.499994
vn -0.000001 1.000000 0.000000
vn -0.000001 1.000000 0.000000
vn -0.000001 1.000000 0.000000
vn 0.707106 0.000000 -0.707107
vn 0.707106 0.000000 -0.707107
vn 0.707105 0.000000 -0.707108
vn -0.707132 0.000000 -0.707082
vn -0.707114 0.000002 -0.707099
vn -0.707118 0.000000 -0.707096
vn -0.707114 0.000002 -0.707099
vn -0.707112 -0.000002 -0.707101
vn -0.707118 0.000000 -0.707096
vn -0.707112 -0.000002 -0.707101
vn -0.707124 0.000000 -0.707090
vn -0.707114 -0.000003 -0.707099
vn -0.000000 1.000000 0.000001
vn -0.000001 1.000000 0.000001
vn -0.000001 1.000000 0.000001
vn -0.707106 0.000000 0.707107
vn -0.707106 0.000000 0.707107
vn -0.707105 0.000000 0.707109
vn 0.499988 0.707121 0.499993
vn 0.500005 0.707115 0.499984
vn 0.500003 0.707115 0.499985
vn 0.500003 0.707107 -0.499997
vn 0.500003 0.707107 -0.499997
vn 0.499995 0.707108 -0.500004
vn -0.500007 0.707093 0.500013
vn -0.499995 0.707113 0.499995
vn -0.499995 0.707113 0.499996
vn 0.707112 0.000000 0.707102
vn 0.707112 0.000000 0.707102
vn 0.707112 0.000000 0.707101
vn 0.000000 -1.000000 0.000000
vn 0.000000 -1.000000 0.000000
vn 0.000000 -1.000000 0.000000
vn 0.000000 -1.000000 0.000000
vn 0.000000 -1.000000 0.000000
vn 0.000000 -1.000000 0.000000
vn -0.000000 1.000000 0.000000
vn -0.000000 1.000000 0.000000
vn 0.000000 1.000000 0.000000
vn -0.000000 1.000000 0.000000
vn 0.000000 1.000000 0.000000
vn 0.000000 1.000000 0.000000
vn 0.707105 -0.000001 -0.707109
vn 0.707105 0.000000 -0.707109
vn 0.707105 -0.000000 -0.707109
vn 1.000000 0.000000 0.000000
vn 1.000000 0.000000 0.000000
vn 1.000000 0.000000 0.000000
vn 0.707109 0.000000 0.707105
vn 0.707109 0.000001 0.707104
vn 0.707109 0.000001 0.707105
vn 0.194246 0.000000 -0.980953
vn 0.830992 0.000000 -0.556285
vn 0.830991 0.000000 -0.556286
vn 0.830992 0.000000 -0.556285
vn 0.980953 0.000000 0.194246
vn 0.980953 0.000000 0.194245
vn 0.980953 0.000000 0.194246
vn 0.556286 0.000000 0.830991
vn 0.556286 0.000000 0.830991
vn 0.556286 0.000000 0.830991
vn -0.194247 0.000000 0.980953
vn -0.194247 0.000000 0.980953
vn -0.194247 0.000000 0.980953
vn -0.194247 0.000000 0.980953
vn -0.830992 0.000000 0.556284
vn -0.830992 0.000000 0.556284
vn -0.980953 0.000000 -0.194245
vn -0.980953 0.000000 -0.194246
vn -0.000000 1.000000 -0.000001
vn 0.000000 1.000000 -0.000001
vn 0.000000 1.000000 -0.000000
vn 0.000000 1.000000 -0.000001
vn 0.000001 1.000000 -0.000000
vn 0.000000 1.000000 -0.000000
vn 0.000001 1.000000 -0.000000
vn 0.000000 1.000000 0.000001
vn 0.000000 1.000000 -0.000000
vn 0.000000 1.000000 -0.000000
vn 0.000000 1.000000 0.000000
vn 0.000000 1.000000 0.000000
vn 0.000000 1.000000 0.000000
vn -0.000000 1.000000 0.000000
vn 0.000000 1.000000 -0.000000
vn -0.980953 0.000000 -0.194245
vn -0.556288 0.000000 -0.830990
vn -0.556286 0.000000 -0.830991
vn -0.556286 0.000000 -0.830991
vn -0.556288 0.000000 -0.830990
vn 0.194246 0.000000 -0.980953
vn 0.000000 -1.000000 0.000000
vn 0.000001 -1.000000 0.000000
vn -0.000001 -1.000000 0.000000
vn -0.000001 -1.000000 0.000000
vn -0.000002 -1.000000 -0.000000
vn -0.000000 -1.000000 0.000000
vn -0.000000 -1.000000 0.000000
vn 0.000001 -1.000000 0.000001
vn 0.000001 -1.000000 -0.000001
vn 0.000001 -1.000000 -0.000001
vn 0.000000 -1.000000 -0.000000
vn -0.000000 -1.000000 0.000000
vn 0.000000 -1.000000 -0.000000
vn 0.000000 -1.000000 0.000000
vn -0.000000 -1.000000 0.000000
vn 0.784774 0.000000 0.619782
vn 0.784774 0.000000 0.619782
vn 0.651726 0.000000 0.758455
vn -0.619782 0.000000 -0.784774
vn -0.619782 0.000000 -0.784774
vn -0.760118 0.000000 -0.649785
vn 0.000000 -1.000000 0.000000
vn 0.000000 -1.000000 0.000000
vn 0.000000 -1.000000 0.000000
vn 0.000000 -1.000000 0.000000
vn 0.000000 -1.000000 0.000000
vn 0.000000 -1.000000 0.000000
vn 0.000000 -1.000000 0.000000
vn 0.000000 -1.000000 0.000000
vn 0.000000 -1.000000 0.000000
vn 0.000000 -1.000000 0.000000
vn 0.000000 -1.000000 0.000000
vn 0.000000 -1.000000 0.000000
vn 0.707107 0.000000 -0.707107
vn 0.272284 0.000000 -0.962217
vn 0.272284 0.000000 -0.962217
vn 0.272284 0.000000 -0.962217
vn -0.272284 0.000000 -0.962217
vn -0.272284 0.000000 -0.962217
vn -0.272284 0.000000 -0.962217
vn -0.272284 0.000000 -0.962217
vn -0.619782 0.000000 -0.784774
vn 0.707107 0.000000 -0.707107
vn 0.962217 0.000000 -0.272284
vn 0.962217 0.000000 -0.272284
vn 0.962217 0.000000 -0.272284
vn 0.962217 0.000000 0.272284
vn 0.962217 0.000000 0.272284
vn 0.962217 0.000000 0.272284
vn 0.784774 0.000000 0.619782
vn 0.784774 0.000000 0.619782
vn 0.000000 1.000000 0.000000
vn 0.000000 1.000000 0.000000
vn 0.000000 1.000000 0.000000
vn 0.000000 1.000000 0.000000
vn -0.000000 1.000000 0.000000
vn 0.000000 1.000000 0.000000
vn -0.000000 1.000000 0.000000
vn -0.000001 1.000000 0.000000
vn 0.000000 1.000000 0.000000
vn 0.000000 1.000000 0.000000
vn 0.000000 1.000000 0.000000
vn 0.000000 1.000000 -0.000000
vn 0.000000 1.000000 0.000000
vn 0.000000 1.000000 0.000000
vn 0.000000 1.000000 0.000000
vn 0.000000 -1.000000 0.000000
vn 0.000000 -1.000000 0.000000
vn 0.000000 -1.000000 0.000000
vn 0.000000 -1.000000 0.000000
vn 0.000000 -1.000000 0.000000
vn 0.000000 -1.000000 0.000000
vn 0.000000 1.000000 0.000000
vn 0.000000 1.000000 0.000000
vn 0.000000 1.000000 0.000000
vn -0.760118 0.000000 -0.649785
vn -0.760118 0.000000 -0.649785
vn -0.808495 0.000000 -0.588503
vn 0.651726 0.000000 0.758455
vn 0.651726 0.000000 0.758455
vn 0.592628 0.000000 0.805476
vn 0.903274 0.018606 -0.428660
vn 0.797974 0.018490 -0.602409
vn 0.797974 0.018490 -0.602409
vn -0.016244 0.999826 0.009170
vn -0.016244 0.999826 0.009170
vn -0.016244 0.999826 0.009170
vn -0.016244 0.999826 0.009170
vn -0.016244 0.999826 0.009170
vn -0.016244 0.999826 0.009170
vn -0.016244 0.999826 0.009170
vn -0.016244 0.999826 0.009170
vn -0.016243 0.999826 0.009170
vn -0.016244 0.999826 0.009170
vn -0.016243 0.999826 0.009170
vn -0.016243 0.999826 0.009170
vn 0.016244 -0.999826 -0.009170
vn 0.016244 -0.999826 -0.009170
vn 0.016244 -0.999826 -0.009170
vn 0.016244 -0.999826 -0.009170
vn 0.016244 -0.999826 -0.009170
vn 0.016244 -0.999826 -0.009170
vn 0.016244 -0.999826 -0.009170
vn 0.016244 -0.999826 -0.009170
vn 0.016244 -0.999826 -0.009170
vn 0.016244 -0.999826 -0.009170
vn 0.016244 -0.999826 -0.009170
vn 0.016244 -0.999826 -0.009170
vn -0.687367 -0.017825 0.726092
vn -0.687368 -0.017825 0.726091
vn -0.175173 -0.011873 0.984466
vn -0.175173 -0.011873 0.984466
vn 0.572212 0.001778 0.820104
vn 0.572211 0.001776 0.820105
vn 0.903274 0.018606 -0.428660
vn 0.903275 0.018604 -0.428658
vn 0.984404 0.014388 0.175335
vn 0.984404 0.014388 0.175335
vn 0.572211 0.001776 0.820105
vn 0.572212 0.001778 0.820104
vn -0.687368 -0.017825 0.726091
vn -0.687367 -0.017825 0.726092
vn -0.797974 -0.018488 0.602408
vn 0.797975 0.018490 -0.602407
vn 0.797975 0.018489 -0.602407
vn 0.903274 0.018609 -0.428661
vn -0.016244 0.999826 0.009170
vn -0.016244 0.999826 0.009170
vn -0.016244 0.999826 0.009170
vn -0.016244 0.999826 0.009170
vn -0.016243 0.999826 0.009170
vn -0.016244 0.999826 0.009170
vn -0.016244 0.999826 0.009170
vn -0.016244 0.999826 0.009170
vn -0.016244 0.999826 0.009170
vn -0.016244 0.999826 0.009170
vn -0.016244 0.999826 0.009170
vn -0.016244 0.999826 0.009170
vn 0.016244 -0.999826 -0.009170
vn 0.016244 -0.999826 -0.009170
vn 0.016244 -0.999826 -0.009170
vn 0.016244 -0.999826 -0.009170
vn 0.016244 -0.999826 -0.009170
vn 0.016244 -0.999826 -0.009170
vn 0.016244 -0.999826 -0.009170
vn 0.016244 -0.999826 -0.009170
vn 0.016244 -0.999826 -0.009170
vn 0.016244 -0.999826 -0.009170
vn 0.016244 -0.999826 -0.009170
vn 0.016244 -0.999826 -0.009170
vn -0.687367 -0.017827 0.726091
vn -0.175172 -0.011873 0.984466
vn -0.175171 -0.011873 0.984466
vn -0.175171 -0.011873 0.984466
vn -0.175172 -0.011873 0.984466
vn 0.572212 0.001774 0.820104
vn 0.903274 0.018609 -0.428661
vn 0.903274 0.018609 -0.428661
vn 0.984405 0.014386 0.175331
vn 0.984404 0.014385 0.175333
vn 0.984405 0.014386 0.175331
vn 0.572213 0.001774 0.820103
vn -0.797974 -0.018493 0.602409
vn -0.687367 -0.017827 0.726091
vn -0.687367 -0.017827 0.726091
vn 0.194245 0.000000 -0.980953
vn -0.322255 0.000000 -0.946653
vn -0.322255 0.000000 -0.946653
vn 0.658698 0.000000 -0.752408
vn 0.194245 0.000000 -0.980953
vn 0.194245 0.000000 -0.980953
vn 0.946653 0.000000 -0.322255
vn 0.658698 0.000000 -0.752408
vn 0.658698 0.000000 -0.752408
vn 0.980953 0.000000 0.194245
vn 0.946653 0.000000 -0.322255
vn 0.946653 0.000000 -0.322256
vn 0.752408 0.000000 0.658698
vn 0.980953 0.000000 0.194245
vn 0.980953 0.000000 0.194245
vn 0.322255 0.000000 0.946653
vn 0.752408 0.000000 0.658698
vn 0.752408 0.000000 0.658698
vn -0.194245 0.000000 0.980953
vn 0.322255 0.000000 0.946653
vn 0.322255 0.000000 0.946653
vn -0.658698 0.000000 0.752408
vn -0.194245 0.000000 0.980953
vn -0.194245 0.000000 0.980953
vn -0.946653 0.000000 0.322255
vn -0.658698 0.000000 0.752408
vn -0.658698 0.000000 0.752408
vn -0.980953 0.000000 -0.194245
vn -0.946653 0.000000 0.322255
vn -0.946653 0.000000 0.322255
vn 0.139297 0.696952 -0.703459
vn 0.139296 0.696952 -0.703459
vn 0.472365 0.696951 -0.539566
vn -0.752408 0.000000 -0.658698
vn -0.980953 0.000000 -0.194245
vn -0.980953 0.000000 -0.194245
vn 0.000000 1.000000 0.000000
vn -0.000000 1.000000 0.000000
vn -0.000000 1.000000 0.000000
vn -0.000000 1.000000 0.000000
vn 0.000002 1.000000 0.000000
vn 0.000003 1.000000 0.000000
vn 0.000002 1.000000 0.000000
vn -0.000003 1.000000 0.000000
vn -0.000003 1.000000 0.000000
vn -0.000003 1.000000 0.000000
vn -0.000000 1.000000 0.000000
vn -0.000000 1.000000 0.000000
vn -0.000000 1.000000 0.000000
vn 0.000000 1.000000 0.000000
vn 0.000000 1.000000 0.000000
vn 0.000000 1.000000 0.000000
vn 0.000000 1.000000 0.000000
vn 0.000000 1.000000 0.000000
vn 0.000000 1.000000 0.000000
vn -0.000001 1.000000 0.000000
vn -0.000001 1.000000 0.000000
vn -0.000000 1.000000 0.000000
vn 0.000000 1.000000 0.000000
vn -0.000001 1.000000 0.000000
vn 0.000001 1.000000 0.000000
vn 0.000001 1.000000 0.000000
vn 0.000000 1.000000 0.000000
vn 0.000000 1.000000 0.000000
vn 0.000000 1.000000 0.000000
vn 0.000001 1.000000 0.000000
vn -0.000001 1.000000 0.000000
vn -0.000001 1.000000 0.000000
vn 0.000000 1.000000 0.000000
vn 0.000000 1.000000 0.000000
vn 0.000000 1.000000 0.000000
vn -0.000001 1.000000 0.000000
vn 0.000000 1.000000 0.000000
vn -0.000001 1.000000 0.000000
vn 0.000000 1.000000 0.000000
vn 0.000000 1.000000 0.000000
vn 0.000000 1.000000 0.000000
vn 0.000000 1.000000 0.000000
vn 0.000000 1.000000 0.000000
vn 0.000000 1.000000 0.000000
vn 0.000000 1.000000 0.000000
vn 0.000000 1.000000 0.000000
vn -0.000001 1.000000 0.000000
vn 0.000000 1.000000 0.000000
vn 0.000000 1.000000 0.000000
vn 0.000000 1.000000 0.000000
vn 0.000000 1.000000 0.000000
vn 0.000000 1.000000 0.000000
vn 0.000000 1.000000 0.000000
vn 0.000000 1.000000 0.000000
vn 0.000000 1.000000 0.000000
vn 0.000000 1.000000 0.000000
vn 0.000000 1.000000 0.000000
vn 0.000000 1.000000 0.000000
vn 0.000000 1.000000 0.000000
vn 0.000000 1.000000 0.000000
vn 0.000000 1.000000 0.000000
vn 0.000000 1.000000 0.000000
vn 0.000000 1.000000 0.000000
vn -0.703457 0.696954 -0.139296
vn -0.703457 0.696954 -0.139295
vn -0.539566 0.696951 -0.472365
vn 0.231097 0.696949 0.678864
vn 0.539562 0.696955 0.472363
vn 0.539564 0.696954 0.472361
vn -0.472364 0.696951 0.539566
vn -0.139296 0.696954 0.703457
vn -0.139298 0.696954 0.703457
vn 0.472365 0.696951 -0.539565
vn 0.472365 0.696951 -0.539566
vn 0.678859 0.696954 -0.231095
vn -0.539566 0.696951 -0.472365
vn -0.539566 0.696951 -0.472365
vn -0.231095 0.696950 -0.678864
vn -0.139296 0.696954 0.703457
vn 0.231097 0.696949 0.678864
vn 0.231095 0.696949 0.678865
vn -0.678860 0.696954 0.231094
vn -0.472364 0.696951 0.539566
vn -0.472364 0.696951 0.539566
vn 0.703458 0.696954 0.139294
vn 0.678859 0.696954 -0.231095
vn 0.678859 0.696954 -0.231095
vn -0.231095 0.696950 -0.678864
vn -0.231095 0.696950 -0.678864
vn 0.139296 0.696952 -0.703459
vn -0.703457 0.696954 -0.139296
vn -0.678860 0.696954 0.231094
vn -0.678860 0.696954 0.231093
vn 0.703458 0.696954 0.139294
vn 0.703457 0.696954 0.139296
vn 0.539564 0.696954 0.472361
vn 0.472366 -0.696950 -0.539565
vn 0.139296 -0.696952 -0.703458
vn 0.139298 -0.696952 -0.703458
vn 0.000000 -1.000000 0.000000
vn 0.000000 -1.000000 0.000000
vn -0.000000 -1.000000 0.000000
vn -0.000000 -1.000000 0.000000
vn -0.000000 -1.000000 0.000000
vn 0.000003 -1.000000 0.000000
vn 0.000002 -1.000000 0.000000
vn 0.000003 -1.000000 0.000000
vn -0.000003 -1.000000 0.000000
vn -0.000003 -1.000000 0.000000
vn -0.000003 -1.000000 0.000000
vn -0.000000 -1.000000 0.000000
vn -0.000000 -1.000000 0.000000
vn -0.000000 -1.000000 0.000000
vn 0.000000 -1.000000 0.000000
vn 0.000000 -1.000000 0.000000
vn 0.000000 -1.000000 0.000000
vn 0.000000 -1.000000 0.000000
vn 0.000000 -1.000000 0.000000
vn 0.000000 -1.000000 0.000000
vn -0.000001 -1.000000 0.000000
vn -0.000001 -1.000000 0.000000
vn 0.000000 -1.000000 0.000000
vn 0.000000 -1.000000 0.000000
vn 0.000000 -1.000000 0.000000
vn -0.000001 -1.000000 0.000000
vn -0.000001 -1.000000 0.000000
vn -0.000001 -1.000000 0.000000
vn 0.000001 -1.000000 0.000000
vn 0.000001 -1.000000 0.000000
vn 0.000001 -1.000000 0.000000
vn -0.000001 -1.000000 0.000000
vn -0.000001 -1.000000 0.000000
vn -0.000001 -1.000000 0.000000
vn 0.000000 -1.000000 0.000000
vn 0.000000 -1.000000 0.000000
vn 0.000000 -1.000000 0.000000
vn 0.000000 -1.000000 0.000000
vn 0.000000 -1.000000 0.000000
vn 0.000000 -1.000000 0.000000
vn 0.000000 -1.000000 0.000000
vn 0.000000 -1.000000 0.000000
vn 0.000000 -1.000000 0.000000
vn 0.000000 -1.000000 0.000000
vn 0.000000 -1.000000 0.000000
vn 0.000000 -1.000000 0.000000
vn 0.000000 -1.000000 0.000000
vn 0.000000 -1.000000 0.000000
vn 0.000000 -1.000000 0.000000
vn -0.000001 -1.000000 0.000000
vn 0.000000 -1.000000 0.000000
vn 0.000000 -1.000000 0.000000
vn 0.000000 -1.000000 0.000000
vn 0.000000 -1.000000 0.000000
vn 0.000000 -1.000000 0.000000
vn 0.000000 -1.000000 0.000000
vn 0.000000 -1.000000 0.000000
vn 0.000000 -1.000000 0.000000
vn 0.000000 -1.000000 0.000000
vn 0.000000 -1.000000 0.000000
vn 0.000000 -1.000000 0.000000
vn 0.000000 -1.000000 0.000000
vn 0.000000 -1.000000 0.000000
vn -0.539567 -0.696950 -0.472365
vn -0.539567 -0.696950 -0.472364
vn -0.703456 -0.696955 -0.139298
vn 0.231097 -0.696949 0.678864
vn 0.231095 -0.696949 0.678865
vn 0.539564 -0.696955 0.472361
vn -0.472364 -0.696952 0.539566
vn -0.139296 -0.696955 0.703456
vn -0.139297 -0.696954 0.703457
vn 0.678859 -0.696954 -0.231095
vn 0.472366 -0.696950 -0.539565
vn 0.472366 -0.696951 -0.539565
vn -0.231096 -0.696950 -0.678864
vn -0.539567 -0.696950 -0.472364
vn -0.539567 -0.696950 -0.472365
vn -0.139297 -0.696954 0.703457
vn -0.139296 -0.696955 0.703456
vn 0.231095 -0.696949 0.678865
vn -0.678860 -0.696954 0.231094
vn -0.678860 -0.696954 0.231093
vn -0.472364 -0.696952 0.539566
vn 0.703457 -0.696954 0.139294
vn 0.703457 -0.696954 0.139296
vn 0.678859 -0.696954 -0.231095
vn 0.139296 -0.696952 -0.703458
vn -0.231096 -0.696950 -0.678864
vn -0.231095 -0.696950 -0.678864
vn -0.703456 -0.696955 -0.139296
vn -0.703456 -0.696955 -0.139298
vn -0.678860 -0.696954 0.231093
vn 0.539564 -0.696955 0.472361
vn 0.703457 -0.696954 0.139296
vn 0.703457 -0.696954 0.139294
vn -0.000076 0.009170 -0.999958
vn 0.865873 0.018652 -0.499915
vn 0.865874 0.018652 -0.499914
vn 0.865873 0.018652 -0.499915
vn 0.865948 0.009483 0.500044
vn 0.865948 0.009482 0.500044
vn 0.865948 0.009482 0.500044
vn 0.865948 0.009483 0.500044
vn 0.000077 -0.009170 0.999958
vn 0.000075 -0.009171 0.999958
vn 0.000077 -0.009170 0.999958
vn -0.865873 -0.018652 0.499917
vn -0.016244 0.999826 0.009170
vn -0.016243 0.999826 0.009170
vn -0.016244 0.999826 0.009170
vn -0.016244 0.999826 0.009170
vn -0.016244 0.999826 0.009170
vn -0.016244 0.999826 0.009170
vn -0.016244 0.999826 0.009170
vn -0.016244 0.999826 0.009170
vn -0.016244 0.999826 0.009170
vn -0.865874 -0.018652 0.499914
vn -0.865873 -0.018652 0.499917
vn -0.865949 -0.009482 -0.500042
vn -0.865949 -0.009482 -0.500042
vn -0.000076 0.009170 -0.999958
vn -0.000076 0.009169 -0.999958
vn 0.016244 -0.999826 -0.009170
vn 0.016244 -0.999826 -0.009170
vn 0.016244 -0.999826 -0.009170
vn 0.016244 -0.999826 -0.009170
vn 0.016244 -0.999826 -0.009170
vn 0.016244 -0.999826 -0.009170
vn 0.016244 -0.999826 -0.009170
vn 0.016244 -0.999826 -0.009170
vn 0.016244 -0.999826 -0.009170
f 1/1/1 2/2/2 3/3/3
f 4/4/4 5/5/5 6/6/6
f 7/7/7 8/8/8 9/9/9
f 10/10/10 11/11/11 12/12/12
f 13/13/13 14/14/14 15/15/15
f 16/16/16 17/17/17 18/18/18
f 19/19/19 20/20/20 21/21/21
f 22/22/22 23/23/23 24/24/24
f 25/25/25 26/26/26 27/27/27
f 28/28/28 29/29/29 30/30/30
f 31/31/31 32/32/32 33/33/33
f 34/34/34 35/35/35 36/36/36
f 37/37/37 38/38/38 39/39/39
f 40/40/40 41/41/41 42/42/42
f 43/43/43 44/44/44 45/45/45
f 46/46/46 47/47/47 48/48/48
f 49/49/49 50/50/50 51/51/51
f 52/52/52 53/53/53 54/54/54
f 55/55/55 56/56/56 57/57/57
f 58/58/58 59/59/59 60/60/60
f 61/61/61 62/62/62 63/63/63
f 64/64/64 65/65/65 66/66/66
f 67/67/67 68/68/68 69/69/69
f 70/70/70 71/71/71 72/72/72
f 73/73/73 74/74/74 75/75/75
f 76/76/76 77/77/77 78/78/78
f 79/79/79 80/80/80 81/81/81
f 82/82/82 83/83/83 84/84/84
f 85/85/85 86/86/86 87/87/87
f 88/88/88 89/89/89 90/90/90
f 91/91/91 92/92/92 93/93/93
f 94/94/94 95/95/95 96/96/96
f 97/97/97 98/98/98 99/99/99
f 100/100/100 101/101/101 102/102/102
f 103/103/103 104/104/104 105/105/105
f 106/106/106 107/107/107 108/108/108
f 109/109/109 110/110/110 111/111/111
f 112/112/112 113/113/113 114/114/114
f 115/115/115 116/116/116 117/117/117
f 118/118/118 119/119/119 120/120/120
f 121/121/121 122/122/122 123/123/123
f 124/124/124 125/125/125 126/126/126
f 127/127/127 128/128/128 129/129/129
f 130/130/130 131/131/131 132/132/132
f 133/133/133 134/134/134 135/135/135
f 136/136/136 137/137/137 138/138/138
f 139/139/139 140/140/140 141/141/141
f 142/142/142 143/143/143 144/144/144
f 145/145/145 146/146/146 147/147/147
f 148/148/148 149/149/149 150/150/150
f 151/151/151 152/152/152 153/153/153
f 154/154/154 155/155/155 156/156/156
f 157/157/157 158/158/158 159/159/159
f 160/160/160 161/161/161 162/162/162
f 163/163/163 164/164/164 165/165/165
f 166/166/166 167/167/167 168/168/168
f 169/169/169 170/170/170 171/171/171
f 172/172/172 173/173/173 174/174/174
f 175/175/175 176/176/176 177/177/177
f 178/178/178 179/179/179 180/180/180
f 181/181/181 182/182/182 183/183/183
f 184/184/184 185/185/185 186/186/186
f 187/187/187 188/188/188 189/189/189
f 190/190/190 191/191/191 192/192/192
f 193/193/193 194/194/194 195/195/195
f 196/196/196 197/197/197 198/198/198
f 199/199/199 200/200/200 201/201/201
f 202/202/202 203/203/203 204/204/204
f 205/205/205 206/206/206 207/207/207
f 208/208/208 209/209/209 210/210/210
f 211/211/211 212/212/212 213/213/213
f 214/214/214 215/215/215 216/216/216
f 217/217/217 218/218/218 219/219/219
f 220/220/220 221/221/221 222/222/222
f 223/223/223 224/224/224 225/225/225
f 226/226/226 227/227/227 228/228/228
f 229/229/229 230/230/230 231/231/231
f 232/232/232 233/233/233 234/234/234
f 235/235/235 236/236/236 237/237/237
f 238/238/238 239/239/239 240/240/240
f 241/241/241 242/242/242 243/243/243
f 244/244/244 245/245/245 246/246/246
f 247/247/247 248/248/248 249/249/249
f 250/250/250 251/251/251 252/252/252
f 253/253/253 254/254/254 255/255/255
f 256/256/256 257/257/257 258/258/258
f 259/259/259 260/260/260 261/261/261
f 262/262/262 263/263/263 264/264/264
f 265/265/265 266/266/266 267/267/267
f 268/268/268 269/269/269 270/270/270
f 271/271/271 272/272/272 273/273/273
f 274/274/274 275/275/275 276/276/276
f 277/277/277 278/278/278 279/279/279
f 280/280/280 281/281/281 282/282/282
f 283/283/283 284/284/284 285/285/285
f 286/286/286 287/287/287 288/288/288
f 289/289/289 290/290/290 291/291/291
f 292/292/292 293/293/293 294/294/294
f 295/295/295 296/296/296 297/297/297
f 298/298/298 299/299/299 300/300/300
f 301/301/301 302/302/302 303/303/303
f 304/304/304 305/305/305 306/306/306
f 307/307/307 308/308/308 309/309/309
f 310/310/310 311/311/311 312/312/312
f 313/313/313 314/314/314 315/315/315
f 316/316/316 317/317/317 318/318/318
f 319/319/319 320/320/320 321/321/321
f 322/322/322 323/323/323 324/324/324
f 325/325/325 326/326/326 327/327/327
f 328/328/328 329/329/329 330/330/330
f 331/331/331 332/332/332 333/333/333
f 334/334/334 335/335/335 336/336/336
f 337/337/337 338/338/338 339/339/339
f 340/340/340 341/341/341 342/342/342
f 343/343/343 344/344/344 345/345/345
f 346/346/346 347/347/347 348/348/348
f 349/349/349 350/350/350 351/351/351
f 352/352/352 353/353/353 354/354/354
f 355/355/355 356/356/356 357/357/357
f 358/358/358 359/359/359 360/360/360
f 361/361/361 362/362/362 363/363/363
f 364/364/364 365/365/365 366/366/366
f 367/367/367 368/368/368 369/369/369
f 370/370/370 371/371/371 372/372/372
f 373/373/373 374/374/374 375/375/375
f 376/376/376 377/377/377 378/378/378
f 379/379/379 380/380/380 381/381/381
f 382/382/382 383/383/383 384/384/384
f 385/385/385 386/386/386 387/387/387
f 388/388/388 389/389/389 390/390/390
f 391/391/391 392/392/392 393/393/393
f 394/394/394 395/395/395 396/396/396
f 397/397/397 398/398/398 399/399/399
f 400/400/400 401/401/401 402/402/402
f 403/403/403 404/404/404 405/405/405
f 406/406/406 407/407/407 408/408/408
f 409/409/409 410/410/410 411/411/411
f 412/412/412 413/413/413 414/414/414
f 415/415/415 416/416/416 417/417/417
f 418/418/418 419/419/419 420/420/420
f 421/421/421 422/422/422 423/423/423
f 424/424/424 425/425/425 426/426/426
f 427/427/427 428/428/428 429/429/429
f 430/430/430 431/431/431 432/432/432
f 433/433/433 434/434/434 435/435/435
f 436/436/436 437/437/437 438/438/438
f 439/439/439 440/440/440 441/441/441
f 442/442/442 443/443/443 444/444/444
f 445/445/445 446/446/446 447/447/447
f 448/448/448 449/449/449 450/450/450
f 451/451/451 452/452/452 453/453/453
f 454/454/454 455/455/455 456/456/456
f 457/457/457 458/458/458 459/459/459
f 460/460/460 461/461/461 462/462/462
f 463/463/463 464/464/464 465/465/465
f 466/466/466 467/467/467 468/468/468
f 469/469/469 470/470/470 471/471/471
f 472/472/472 473/473/473 474/474/474
f 475/475/475 476/476/476 477/477/477
f 478/478/478 479/479/479 480/480/480
f 481/481/481 482/482/482 483/483/483
f 484/484/484 485/485/485 486/486/486
f 487/487/487 488/488/488 489/489/489
f 490/490/490 491/491/491 492/492/492
f 493/493/493 494/494/494 495/495/495
f 496/496/496 497/497/497 498/498/498
f 499/499/499 500/500/500 501/501/501
f 502/502/502 503/503/503 504/504/504
f 505/505/505 506/506/506 507/507/507
f 508/508/508 509/509/509 510/510/510
f 511/511/511 512/512/512 513/513/513
f 514/514/514 515/515/515 516/516/516
f 517/517/517 518/518/518 519/519/519
f 520/520/520 521/521/521 522/522/522
f 523/523/523 524/524/524 525/525/525
f 526/526/526 527/527/527 528/528/528
f 529/529/529 530/530/530 531/531/531
f 532/532/532 533/533/533 534/534/534
f 535/535/535 536/536/536 537/537/537
f 538/538/538 539/539/539 540/540/540
f 541/541/541 542/542/542 543/543/543
f 544/544/544 545/545/545 546/546/546
f 547/547/547 548/548/548 549/549/549
f 550/550/550 551/551/551 552/552/552
f 553/553/553 554/554/554 555/555/555
f 556/556/556 557/557/557 558/558/558
f 559/559/559 560/560/560 561/561/561
f 562/562/562 563/563/563 564/564/564
f 565/565/565 566/566/566 567/567/567
f 568/568/568 569/569/569 570/570/570
f 571/571/571 572/572/572 573/573/573
f 574/574/574 575/575/575 576/576/576
f 577/577/577 578/578/578 579/579/579
f 580/580/580 581/581/581 582/582/582
f 583/583/583 584/584/584 585/585/585
f 586/586/586 587/587/587 588/588/588
f 589/589/589 590/590/590 591/591/591
f 592/592/592 593/593/593 594/594/594
f 595/595/595 596/596/596 597/597/597
f 598/598/598 599/599/599 600/600/600
f 601/601/601 602/602/602 603/603/603
f 604/604/604 605/605/605 606/606/606
f 607/607/607 608/608/608 609/609/609
f 610/610/610 611/611/611 612/612/612
f 613/613/613 614/614/614 615/615/615
f 616/616/616 617/617/617 618/618/618
f 619/619/619 620/620/620 621/621/621
f 622/622/622 623/623/623 624/624/624
f 625/625/625 626/626/626 627/627/627
f 628/628/628 629/629/629 630/630/630
f 631/631/631 632/632/632 633/633/633
f 634/634/634 635/635/635 636/636/636
f 637/637/637 638/638/638 639/639/639
f 640/640/640 641/641/641 642/642/642
f 643/643/643 644/644/644 645/645/645
f 646/646/646 647/647/647 648/648/648
f 649/649/649 650/650/650 651/651/651
f 652/652/652 653/653/653 654/654/654
f 655/655/655 656/656/656 657/657/657
f 658/658/658 659/659/659 660/660/660
f 661/661/661 662/662/662 663/663/663
f 664/664/664 665/665/665 666/666/666
f 667/667/667 668/668/668 669/669/669
f 670/670/670 671/671/671 672/672/672
f 673/673/673 674/674/674 675/675/675
f 676/676/676 677/677/677 678/678/678
f 679/679/679 680/680/680 681/681/681
f 682/682/682 683/683/683 684/684/684
f 685/685/685 686/686/686 687/687/687
f 688/688/688 689/689/689 690/690/690
f 691/691/691 692/692/692 693/693/693
f 694/694/694 695/695/695 696/696/696
f 697/697/697 698/698/698 699/699/699
f 700/700/700 701/701/701 702/702/702
f 703/703/703 704/704/704 705/705/705
f 706/706/706 707/707/707 708/708/708
f 709/709/709 710/710/710 711/711/711
f 712/712/712 713/713/713 714/714/714
f 715/715/715 716/716/716 717/717/717
f 718/718/718 719/719/719 720/720/720
f 721/721/721 722/722/722 723/723/723
f 724/724/724 725/725/725 726/726/726
f 727/727/727 728/728/728 729/729/729
f 730/730/730 731/731/731 732/732/732
f 733/733/733 734/734/734 735/735/735
f 736/736/736 737/737/737 738/738/738
f 739/739/739 740/740/740 741/741/741
f 742/742/742 743/743/743 744/744/744
f 745/745/745 746/746/746 747/747/747
f 748/748/748 749/749/749 750/750/750
f 751/751/751 752/752/752 753/753/753
f 754/754/754 755/755/755 756/756/756
f 757/757/757 758/758/758 759/759/759
f 760/760/760 761/761/761 762/762/762
f 763/763/763 764/764/764 765/765/765
f 766/766/766 767/767/767 768/768/768
f 769/769/769 770/770/770 771/771/771
f 772/772/772 773/773/773 774/774/774
f 775/775/775 776/776/776 777/777/777
f 778/778/778 779/779/779 780/780/780
f 781/781/781 782/782/782 783/783/783
f 784/784/784 785/785/785 786/786/786
f 787/787/787 788/788/788 789/789/789
f 790/790/790 791/791/791 792/792/792
f 793/793/793 794/794/794 795/795/795
f 796/796/796 797/797/797 798/798/798
f 799/799/799 800/800/800 801/801/801
f 802/802/802 803/803/803 804/804/804
f 805/805/805 806/806/806 807/807/807
f 808/808/808 809/809/809 810/810/810
f 811/811/811 812/812/812 813/813/813
f 814/814/814 815/815/815 816/816/816
f 817/817/817 818/818/818 819/819/819
f 820/820/820 821/821/821 822/822/822
f 823/823/823 824/824/824 825/825/825
f 826/826/826 827/827/827 828/828/828
f 829/829/829 830/830/830 831/831/831
f 832/832/832 833/833/833 834/834/834
f 835/835/835 836/836/836 837/837/837
f 838/838/838 839/839/839 840/840/840
f 841/841/841 842/842/842 843/843/843
f 844/844/844 845/845/845 846/846/846
f 847/847/847 848/848/848 849/849/849
f 850/850/850 851/851/851 852/852/852
f 853/853/853 854/854/854 855/855/855
f 856/856/856 857/857/857 858/858/858
f 859/859/859 860/860/860 861/861/861
f 862/862/862 863/863/863 864/864/864
f 865/865/865 866/866/866 867/867/867
f 868/868/868 869/869/869 870/870/870
f 871/871/871 872/872/872 873/873/873
f 874/874/874 875/875/875 876/876/876
f 877/877/877 878/878/878 879/879/879
f 880/880/880 881/881/881 882/882/882
f 883/883/883 884/884/884 885/885/885
f 886/886/886 887/887/887 888/888/888
f 889/889/889 890/890/890 891/891/891
f 892/892/892 893/893/893 894/894/894
f 895/895/895 896/896/896 897/897/897
f 898/898/898 899/899/899 900/900/900
f 901/901/901 902/902/902 903/903/903
f 904/904/904 905/905/905 906/906/906
f 907/907/907 908/908/908 909/909/909
f 910/910/910 911/911/911 912/912/912
f 913/913/913 914/914/914 915/915/915
f 916/916/916 917/917/917 918/918/918
f 919/919/919 920/920/920 921/921/921
f 922/922/922 923/923/923 924/924/924
f 925/925/925 926/926/926 927/927/927
f 928/928/928 929/929/929 930/930/930
f 931/931/931 932/932/932 933/933/933
f 934/934/934 935/935/935 936/936/936
f 937/937/937 938/938/938 939/939/939
f 940/940/940 941/941/941 942/942/942
f 943/943/943 944/944/944 945/945/945
f 946/946/946 947/947/947 948/948/948
f 949/949/949 950/950/950 951/951/951
f 952/952/952 953/953/953 954/954/954
f 955/955/955 956/956/956 957/957/957
f 958/958/958 959/959/959 960/960/960
f 961/961/961 962/962/962 963/963/963
f 964/964/964 965/965/965 966/966/966
f 967/967/967 968/968/968 969/969/969
f 970/970/970 971/971/971 972/972/972
f 973/973/973 974/974/974 975/975/975
f 976/976/976 977/977/977 978/978/978
f 979/979/979 980/980/980 981/981/981
f 982/982/982 983/983/983 984/984/984
f 985/985/985 986/986/986 987/987/987
f 988/988/988 989/989/989 990/990/990
f 991/991/991 992/992/992 993/993/993
f 994/994/994 995/995/995 996/996/996
f 997/997/997 998/998/998 999/999/999
f 1000/1000/1000 1001/1001/1001 1002/1002/1002
f 1003/1003/1003 1004/1004/1004 1005/1005/1005
f 1006/1006/1006 1007/1007/1007 1008/1008/1008
f 1009/1009/1009 1010/1010/1010 1011/1011/1011
f 1012/1012/1012 1013/1013/1013 1014/1014/1014
f 1015/1015/1015 1016/1016/1016 1017/1017/1017
f 1018/1018/1018 1019/1019/1019 1020/1020/1020
f 1021/1021/1021 1022/1022/1022 1023/1023/1023
f 1024/1024/1024 1025/1025/1025 1026/1026/1026
f 1027/1027/1027 1028/1028/1028 1029/1029/1029
f 1030/1030/1030 1031/1031/1031 1032/1032/1032
f 1033/1033/1033 1034/1034/1034 1035/1035/1035
f 1036/1036/1036 1037/1037/1037 1038/1038/1038
f 1039/1039/1039 1040/1040/1040 1041/1041/1041
f 1042/1042/1042 1043/1043/1043 1044/1044/1044
f 1045/1045/1045 1046/1046/1046 1047/1047/1047
f 1048/1048/1048 1049/1049/1049 1050/1050/1050
f 1051/1051/1051 1052/1052/1052 1053/1053/1053
f 1054/1054/1054 1055/1055/1055 1056/1056/1056
f 1057/1057/1057 1058/1058/1058 1059/1059/1059
f 1060/1060/1060 1061/1061/1061 1062/1062/1062
f 1063/1063/1063 1064/1064/1064 1065/1065/1065
f 1066/1066/1066 1067/1067/1067 1068/1068/1068
f 1069/1069/1069 1070/1070/1070 1071/1071/1071
f 1072/1072/1072 1073/1073/1073 1074/1074/1074
f 1075/1075/1075 1076/1076/1076 1077/1077/1077
f 1078/1078/1078 1079/1079/1079 1080/1080/1080
f 1081/1081/1081 1082/1082/1082 1083/1083/1083
f 1084/1084/1084 1085/1085/1085 1086/1086/1086
f 1087/1087/1087 1088/1088/1088 1089/1089/1089
f 1090/1090/1090 1091/1091/1091 1092/1092/1092
f 1093/1093/1093 1094/1094/1094 1095/1095/1095
f 1096/1096/1096 1097/1097/1097 1098/1098/1098
f 1099/1099/1099 1100/1100/1100 1101/1101/1101
f 1102/1102/1102 1103/1103/1103 1104/1104/1104
f 1105/1105/1105 1106/1106/1106 1107/1107/1107
f 1108/1108/1108 1109/1109/1109 1110/1110/1110
f 1111/1111/1111 1112/1112/1112 1113/1113/1113
f 1114/1114/1114 1115/1115/1115 1116/1116/1116
f 1117/1117/1117 1118/1118/1118 1119/1119/1119
f 1120/1120/1120 1121/1121/1121 1122/1122/1122
f 1123/1123/1123 1124/1124/1124 1125/1125/1125
f 1126/1126/1126 1127/1127/1127 1128/1128/1128
f 1129/1129/1129 1130/1130/1130 1131/1131/1131
f 1132/1132/1132 1133/1133/1133 1134/1134/1134
f 1135/1135/1135 1136/1136/1136 1137/1137/1137
f 1138/1138/1138 1139/1139/1139 1140/1140/1140
f 1141/1141/1141 1142/1142/1142 1143/1143/1143
f 1144/1144/1144 1145/1145/1145 1146/1146/1146
f 1147/1147/1147 1148/1148/1148 1149/1149/1149
f 1150/1150/1150 1151/1151/1151 1152/1152/1152
f 1153/1153/1153 1154/1154/1154 1155/1155/1155
f 1156/1156/1156 1157/1157/1157 1158/1158/1158
f 1159/1159/1159 1160/1160/1160 1161/1161/1161
f 1162/1162/1162 1163/1163/1163 1164/1164/1164
f 1165/1165/1165 1166/1166/1166 1167/1167/1167
f 1168/1168/1168 1169/1169/1169 1170/1170/1170
f 1171/1171/1171 1172/1172/1172 1173/1173/1173
f 1174/1174/1174 1175/1175/1175 1176/1176/1176
f 1177/1177/1177 1178/1178/1178 1179/1179/1179
f 1180/1180/1180 1181/1181/1181 1182/1182/1182
f 1183/1183/1183 1184/1184/1184 1185/1185/1185
f 1186/1186/1186 1187/1187/1187 1188/1188/1188
f 1189/1189/1189 1190/1190/1190 1191/1191/1191
f 1192/1192/1192 1193/1193/1193 1194/1194/1194
f 1195/1195/1195 1196/1196/1196 1197/1197/1197
f 1198/1198/1198 1199/1199/1199 1200/1200/1200
f 1201/1201/1201 1202/1202/1202 1203/1203/1203
f 1204/1204/1204 1205/1205/1205 1206/1206/1206
f 1207/1207/1207 1208/1208/1208 1209/1209/1209
f 1210/1210/1210 1211/1211/1211 1212/1212/1212
f 1213/1213/1213 1214/1214/1214 1215/1215/1215
f 1216/1216/1216 1217/1217/1217 1218/1218/1218
f 1219/1219/1219 1220/1220/1220 1221/1221/1221
f 1222/1222/1222 1223/1223/1223 1224/1224/1224
f 1225/1225/1225 1226/1226/1226 1227/1227/1227
f 1228/1228/1228 1229/1229/1229 1230/1230/1230
f 1231/1231/1231 1232/1232/1232 1233/1233/1233
f 1234/1234/1234 1235/1235/1235 1236/1236/1236
f 1237/1237/1237 1238/1238/1238 1239/1239/1239
f 1240/1240/1240 1241/1241/1241 1242/1242/1242
f 1243/1243/1243 1244/1244/1244 1245/1245/1245
f 1246/1246/1246 1247/1247/1247 1248/1248/1248
f 1249/1249/1249 1250/1250/1250 1251/1251/1251
f 1252/1252/1252 1253/1253/1253 1254/1254/1254
f 1255/1255/1255 1256/1256/1256 1257/1257/1257
f 1258/1258/1258 1259/1259/1259 1260/1260/1260
f 1261/1261/1261 1262/1262/1262 1263/1263/1263
f 1264/1264/1264 1265/1265/1265 1266/1266/1266
f 1267/1267/1267 1268/1268/1268 1269/1269/1269
f 1270/1270/1270 1271/1271/1271 1272/1272/1272
f 1273/1273/1273 1274/1274/1274 1275/1275/1275
f 1276/1276/1276 1277/1277/1277 1278/1278/1278
f 1279/1279/1279 1280/1280/1280 1281/1281/1281
f 1282/1282/1282 1283/1283/1283 1284/1284/1284
f 1285/1285/1285 1286/1286/1286 1287/1287/1287
f 1288/1288/1288 1289/1289/1289 1290/1290/1290
f 1291/1291/1291 1292/1292/1292 1293/1293/1293
f 1294/1294/1294 1295/1295/1295 1296/1296/1296
f 1297/1297/1297 1298/1298/1298 1299/1299/1299
f 1300/1300/1300 1301/1301/1301 1302/1302/1302
f 1303/1303/1303 1304/1304/1304 1305/1305/1305
f 1306/1306/1306 1307/1307/1307 1308/1308/1308
f 1309/1309/1309 1310/1310/1310 1311/1311/1311
f 1312/1312/1312 1313/1313/1313 1314/1314/1314
f 1315/1315/1315 1316/1316/1316 1317/1317/1317
f 1318/1318/1318 1319/1319/1319 1320/1320/1320
f 1321/1321/1321 1322/1322/1322 1323/1323/1323
f 1324/1324/1324 1325/1325/1325 1326/1326/1326
f 1327/1327/1327 1328/1328/1328 1329/1329/1329
f 1330/1330/1330 1331/1331/1331 1332/1332/1332
f 1333/1333/1333 1334/1334/1334 1335/1335/1335
f 1336/1336/1336 1337/1337/1337 1338/1338/1338
f 1339/1339/1339 1340/1340/1340 1341/1341/1341
f 1342/1342/1342 1343/1343/1343 1344/1344/1344
f 1345/1345/1345 1346/1346/1346 1347/1347/1347
f 1348/1348/1348 1349/1349/1349 1350/1350/1350
f 1351/1351/1351 1352/1352/1352 1353/1353/1353
f 1354/1354/1354 1355/1355/1355 1356/1356/1356
f 1357/1357/1357 1358/1358/1358 1359/1359/1359
f 1360/1360/1360 1361/1361/1361 1362/1362/1362
f 1363/1363/1363 1364/1364/1364 1365/1365/1365
f 1366/1366/1366 1367/1367/1367 1368/1368/1368
f 1369/1369/1369 1370/1370/1370 1371/1371/1371
f 1372/1372/1372 1373/1373/1373 1374/1374/1374
f 1375/1375/1375 1376/1376/1376 1377/1377/1377
f 1378/1378/1378 1379/1379/1379 1380/1380/1380
f 1381/1381/1381 1382/1382/1382 1383/1383/1383
f 1384/1384/1384 1385/1385/1385 1386/1386/1386
f 1387/1387/1387 1388/1388/1388 1389/1389/1389
f 1390/1390/1390 1391/1391/1391 1392/1392/1392
f 1393/1393/1393 1394/1394/1394 1395/1395/1395
f 1396/1396/1396 1397/1397/1397 1398/1398/1398
f 1399/1399/1399 1400/1400/1400 1401/1401/1401
f 1402/1402/1402 1403/1403/1403 1404/1404/1404
f 1405/1405/1405 1406/1406/1406 1407/1407/1407
f 1408/1408/1408 1409/1409/1409 1410/1410/1410
f 1411/1411/1411 1412/1412/1412 1413/1413/1413
f 1414/1414/1414 1415/1415/1415 1416/1416/1416
f 1417/1417/1417 1418/1418/1418 1419/1419/1419
f 1420/1420/1420 1421/1421/1421 1422/1422/1422
f 1423/1423/1423 1424/1424/1424 1425/1425/1425
f 1426/1426/1426 1427/1427/1427 1428/1428/1428
f 1429/1429/1429 1430/1430/1430 1431/1431/1431
f 1432/1432/1432 1433/1433/1433 1434/1434/1434
f 1435/1435/1435 1436/1436/1436 1437/1437/1437
f 1438/1438/1438 1439/1439/1439 1440/1440/1440
f 1441/1441/1441 1442/1442/1442 1443/1443/1443
f 1444/1444/1444 1445/1445/1445 1446/1446/1446
f 1447/1447/1447 1448/1448/1448 1449/1449/1449
f 1450/1450/1450 1451/1451/1451 1452/1452/1452
f 1453/1453/1453 1454/1454/1454 1455/1455/1455
f 1456/1456/1456 1457/1457/1457 1458/1458/1458
f 1459/1459/1459 1460/1460/1460 1461/1461/1461
f 1462/1462/1462 1463/1463/1463 1464/1464/1464
f 1465/1465/1465 1466/1466/1466 1467/1467/1467
f 1468/1468/1468 1469/1469/1469 1470/1470/1470
f 1471/1471/1471 1472/1472/1472 1473/1473/1473
f 1474/1474/1474 1475/1475/1475 1476/1476/1476
f 1477/1477/1477 1478/1478/1478 1479/1479/1479
f 1480/1480/1480 1481/1481/1481 1482/1482/1482
f 1483/1483/1483 1484/1484/1484 1485/1485/1485
f 1486/1486/1486 1487/1487/1487 1488/1488/1488
f 1489/1489/1489 1490/1490/1490 1491/1491/1491
f 1492/1492/1492 1493/1493/1493 1494/1494/1494
f 1495/1495/1495 1496/1496/1496 1497/1497/1497
f 1498/1498/1498 1499/1499/1499 1500/1500/1500
f 1501/1501/1501 1502/1502/1502 1503/1503/1503
f 1504/1504/1504 1505/1505/1505 1506/1506/1506
f 1507/1507/1507 1508/1508/1508 1509/1509/1509
f 1510/1510/1510 1511/1511/1511 1512/1512/1512
f 1513/1513/1513 1514/1514/1514 1515/1515/1515
f 1516/1516/1516 1517/1517/1517 1518/1518/1518
f 1519/1519/1519 1520/1520/1520 1521/1521/1521
f 1522/1522/1522 1523/1523/1523 1524/1524/1524
f 1525/1525/1525 1526/1526/1526 1527/1527/1527
f 1528/1528/1528 1529/1529/1529 1530/1530/1530
f 1531/1531/1531 1532/1532/1532 1533/1533/1533
f 1534/1534/1534 1535/1535/1535 1536/1536/1536
f 1537/1537/1537 1538/1538/1538 1539/1539/1539
f 1540/1540/1540 1541/1541/1541 1542/1542/1542
f 1543/1543/1543 1544/1544/1544 1545/1545/1545
f 1546/1546/1546 1547/1547/1547 1548/1548/1548
f 1549/1549/1549 1550/1550/1550 1551/1551/1551
f 1552/1552/1552 1553/1553/1553 1554/1554/1554
f 1555/1555/1555 1556/1556/1556 1557/1557/1557
f 1558/1558/1558 1559/1559/1559 1560/1560/1560
f 1561/1561/1561 1562/1562/1562 1563/1563/1563
f 1564/1564/1564 1565/1565/1565 1566/1566/1566
f 1567/1567/1567 1568/1568/1568 1569/1569/1569
f 1570/1570/1570 1571/1571/1571 1572/1572/1572
f 1573/1573/1573 1574/1574/1574 1575/1575/1575
f 1576/1576/1576 1577/1577/1577 1578/1578/1578
f 1579/1579/1579 1580/1580/1580 1581/1581/1581
f 1582/1582/1582 1583/1583/1583 1584/1584/1584
f 1585/1585/1585 1586/1586/1586 1587/1587/1587
f 1588/1588/1588 1589/1589/1589 1590/1590/1590
f 1591/1591/1591 1592/1592/1592 1593/1593/1593
f 1594/1594/1594 1595/1595/1595 1596/1596/1596
f 1597/1597/1597 1598/1598/1598 1599/1599/1599
f 1600/1600/1600 1601/1601/1601 1602/1602/1602
f 1603/1603/1603 1604/1604/1604 1605/1605/1605
f 1606/1606/1606 1607/1607/1607 1608/1608/1608
f 1609/1609/1609 1610/1610/1610 1611/1611/1611
f 1612/1612/1612 1613/1613/1613 1614/1614/1614
f 1615/1615/1615 1616/1616/1616 1617/1617/1617
f 1618/1618/1618 1619/1619/1619 1620/1620/1620
f 1621/1621/1621 1622/1622/1622 1623/1623/1623
f 1624/1624/1624 1625/1625/1625 1626/1626/1626
f 1627/1627/1627 1628/1628/1628 1629/1629/1629
f 1630/1630/1630 1631/1631/1631 1632/1632/1632
f 1633/1633/1633 1634/1634/1634 1635/1635/1635
f 1636/1636/1636 1637/1637/1637 1638/1638/1638
f 1639/1639/1639 1640/1640/1640 1641/1641/1641
f 1642/1642/1642 1643/1643/1643 1644/1644/1644
f 1645/1645/1645 1646/1646/1646 1647/1647/1647
f 1648/1648/1648 1649/1649/1649 1650/1650/1650
f 1651/1651/1651 1652/1652/1652 1653/1653/1653
f 1654/1654/1654 1655/1655/1655 1656/1656/1656
f 1657/1657/1657 1658/1658/1658 1659/1659/1659
f 1660/1660/1660 1661/1661/1661 1662/1662/1662
f 1663/1663/1663 1664/1664/1664 1665/1665/1665
f 1666/1666/1666 1667/1667/1667 1668/1668/1668
f 1669/1669/1669 1670/1670/1670 1671/1671/1671
f 1672/1672/1672 1673/1673/1673 1674/1674/1674
f 1675/1675/1675 1676/1676/1676 1677/1677/1677
f 1678/1678/1678 1679/1679/1679 1680/1680/1680
f 1681/1681/1681 1682/1682/1682 1683/1683/1683
f 1684/1684/1684 1685/1685/1685 1686/1686/1686
f 1687/1687/1687 1688/1688/1688 1689/1689/1689
f 1690/1690/1690 1691/1691/1691 1692/1692/1692
f 1693/1693/1693 1694/1694/1694 1695/1695/1695
f 1696/1696/1696 1697/1697/1697 1698/1698/1698
f 1699/1699/1699 1700/1700/1700 1701/1701/1701
f 1702/1702/1702 1703/1703/1703 1704/1704/1704
f 1705/1705/1705 1706/1706/1706 1707/1707/1707
f 1708/1708/1708 1709/1709/1709 1710/1710/1710
f 1711/1711/1711 1712/1712/1712 1713/1713/1713
f 1714/1714/1714 1715/1715/1715 1716/1716/1716
f 1717/1717/1717 1718/1718/1718 1719/1719/1719
f 1720/1720/1720 1721/1721/1721 1722/1722/1722
f 1723/1723/1723 1724/1724/1724 1725/1725/1725
f 1726/1726/1726 1727/1727/1727 1728/1728/1728
f 1729/1729/1729 1730/1730/1730 1731/1731/1731
f 1732/1732/1732 1733/1733/1733 1734/1734/1734
f 1735/1735/1735 1736/1736/1736 1737/1737/1737
f 1738/1738/1738 1739/1739/1739 1740/1740/1740
f 1741/1741/1741 1742/1742/1742 1743/1743/1743
f 1744/1744/1744 1745/1745/1745 1746/1746/1746
f 1747/1747/1747 1748/1748/1748 1749/1749/1749
f 1750/1750/1750 1751/1751/1751 1752/1752/1752
f 1753/1753/1753 1754/1754/1754 1755/1755/1755
f 1756/1756/1756 1757/1757/1757 1758/1758/1758
f 1759/1759/1759 1760/1760/1760 1761/1761/1761
f 1762/1762/1762 1763/1763/1763 1764/1764/1764
f 1765/1765/1765 1766/1766/1766 1767/1767/1767
f 1768/1768/1768 1769/1769/1769 1770/1770/1770
f 1771/1771/1771 1772/1772/1772 1773/1773/1773
f 1774/1774/1774 1775/1775/1775 1776/1776/1776
f 1777/1777/1777 1778/1778/1778 1779/1779/1779
f 1780/1780/1780 1781/1781/1781 1782/1782/1782
f 1783/1783/1783 1784/1784/1784 1785/1785/1785
f 1786/1786/1786 1787/1787/1787 1788/1788/1788
f 1789/1789/1789 1790/1790/1790 1791/1791/1791
f 1792/1792/1792 1793/1793/1793 1794/1794/1794
f 1795/1795/1795 1796/1796/1796 1797/1797/1797
f 1798/1798/1798 1799/1799/1799 1800/1800/1800
f 1801/1801/1801 1802/1802/1802 1803/1803/1803
f 1804/1804/1804 1805/1805/1805 1806/1806/1806
f 1807/1807/1807 1808/1808/1808 1809/1809/1809
f 1810/1810/1810 1811/1811/1811 1812/1812/1812
f 1813/1813/1813 1814/1814/1814 1815/1815/1815
f 1816/1816/1816 1817/1817/1817 1818/1818/1818
f 1819/1819/1819 1820/1820/1820 1821/1821/1821
f 1822/1822/1822 1823/1823/1823 1824/1824/1824
f 1825/1825/1825 1826/1826/1826 1827/1827/1827
f 1828/1828/1828 1829/1829/1829 1830/1830/1830
