mtllib transition_seal_cylinder_005.mtl
usemtl Texture
v 3.326973 -0.372225 4.027387
v 3.079430 -0.372225 4.154864
v 2.801795 -0.372225 4.133728
v 3.326973 -0.166666 4.027387
v 3.490454 -0.166666 3.801994
v 3.511590 -0.166666 3.524358
v -0.332338 -0.372225 0.105846
v -0.198380 -0.372225 -0.275535
v 0.198884 -0.372225 -0.350215
v 3.326973 -0.372225 4.027387
v 3.490454 -0.166666 3.801994
v 3.326973 -0.166666 4.027387
v 3.490454 -0.372225 3.801994
v 3.511590 -0.166666 3.524358
v 3.490454 -0.166666 3.801994
v 3.511590 -0.166666 3.524358
v 3.384114 -0.372225 3.276814
v 3.384114 -0.166666 3.276814
v 3.326973 -0.166666 4.027387
v 3.079430 -0.372225 4.154864
v 3.326973 -0.372225 4.027387
v 3.079430 -0.166666 4.154864
v 2.801795 -0.372225 4.133728
v 3.079430 -0.372225 4.154864
v 2.801795 -0.372225 4.133728
v 2.576401 -0.166666 3.970247
v 2.576401 -0.372225 3.970247
v 0.479215 -0.372225 1.134284
v -0.241774 -0.166666 0.294474
v -0.241774 -0.372225 0.294474
v 2.576401 0.166666 3.970247
v 1.409917 0.166666 0.977262
v 3.384114 0.166666 3.276814
v 3.490454 0.166666 3.801994
v 3.326973 0.372225 4.027387
v 3.326973 0.166666 4.027387
v 3.511590 0.166666 3.524358
v 3.490454 0.372225 3.801994
v 3.490454 0.166666 3.801994
v 3.511590 0.166666 3.524358
v 3.384114 0.372225 3.276814
v 3.511590 0.372225 3.524358
v 3.079430 0.372225 4.154864
v 3.326973 0.166666 4.027387
v 3.326973 0.372225 4.027387
v 2.801795 0.372225 4.133728
v 3.079430 0.166666 4.154864
v 3.079430 0.372225 4.154864
v 2.801795 0.372225 4.133728
v 2.576401 0.166666 3.970247
v 2.801795 0.166666 4.133728
v 0.371628 0.372225 -0.232141
v -0.316454 0.372225 -0.102791
v -0.241774 0.372225 0.294474
v 2.980256 0.372225 3.221513
v 3.181265 0.415209 3.275374
v 3.181265 0.372225 3.275374
v 3.181265 0.372225 3.275374
v 3.328413 0.415208 3.422523
v 3.328413 0.372225 3.422523
v 3.328413 0.415208 3.422523
v 3.382275 0.372225 3.623531
v 3.328413 0.372225 3.422523
v 3.382275 0.415208 3.623531
v 3.328413 0.372225 3.824540
v 3.382275 0.372225 3.623531
v 3.328413 0.415208 3.824540
v 3.181265 0.372225 3.971689
v 3.328413 0.372225 3.824540
v 3.181265 0.415208 3.971689
v 2.980256 0.372225 4.025549
v 3.181265 0.372225 3.971689
v 2.980256 0.415208 4.025549
v 2.779248 0.372225 3.971689
v 2.980256 0.372225 4.025549
v 2.779248 0.415208 3.971689
v 2.632100 0.372225 3.824540
v 2.779248 0.372225 3.971689
v 2.632100 0.415208 3.824540
v 2.578238 0.372225 3.623532
v 2.632100 0.372225 3.824540
v 2.578238 0.415208 3.623532
v 2.632100 0.372225 3.422523
v 2.578238 0.372225 3.623532
v 3.283860 0.415208 3.448246
v 3.330828 0.455036 3.623531
v 3.330828 0.415208 3.623531
v 2.632100 0.415208 3.422523
v 2.779248 0.372225 3.275374
v 2.632100 0.372225 3.422523
v 2.779248 0.415209 3.275374
v 2.980256 0.372225 3.221513
v 2.779248 0.372225 3.275374
v 3.328413 0.372225 3.422523
v 3.140057 0.372225 3.346747
v 3.181265 0.372225 3.275374
v 2.632100 0.372225 3.422523
v 2.660655 0.372225 3.623532
v 2.578238 0.372225 3.623532
v 3.328413 0.372225 3.422523
v 3.299859 0.372225 3.623531
v 3.257040 0.372225 3.463730
v 2.632100 0.372225 3.422523
v 2.820456 0.372225 3.346748
v 2.703473 0.372225 3.463730
v 3.328413 0.372225 3.824540
v 3.299859 0.372225 3.623531
v 3.382275 0.372225 3.623531
v 2.779248 0.372225 3.275374
v 2.980256 0.372225 3.303929
v 2.820456 0.372225 3.346748
v 3.181265 0.372225 3.971689
v 3.257040 0.372225 3.783333
v 3.328413 0.372225 3.824540
v 3.140057 -0.372225 3.346747
v 2.980256 0.372225 3.303929
v 3.140057 0.372225 3.346747
v 2.703473 -0.372225 3.463730
v 2.660655 0.372225 3.623532
v 2.703473 0.372225 3.463730
v 2.660655 -0.372225 3.623532
v 2.703473 0.372225 3.783333
v 2.660655 0.372225 3.623532
v 2.703473 -0.372225 3.783333
v 2.820456 0.372225 3.900315
v 2.703473 0.372225 3.783333
v 2.820456 -0.372225 3.900315
v 2.980256 0.372225 3.943134
v 2.820456 0.372225 3.900315
v 2.980256 -0.372225 3.943134
v 3.140057 0.372225 3.900315
v 2.980256 0.372225 3.943134
v 3.140057 -0.372225 3.900315
v 3.257040 0.372225 3.783333
v 3.140057 0.372225 3.900315
v 3.257040 -0.372225 3.783333
v 3.299859 0.372225 3.623531
v 3.257040 0.372225 3.783333
v 3.299859 -0.372225 3.623531
v 3.257040 0.372225 3.463730
v 3.299859 0.372225 3.623531
v 3.257040 -0.372225 3.463730
v 3.140057 0.372225 3.346747
v 3.257040 0.372225 3.463730
v 2.980256 -0.372225 3.303929
v 2.820456 0.372225 3.346748
v 2.980256 0.372225 3.303929
v 2.632100 0.372225 3.824540
v 2.660655 0.372225 3.623532
v 2.703473 0.372225 3.783333
v 2.980256 0.372225 3.221513
v 3.140057 0.372225 3.346747
v 2.980256 0.372225 3.303929
v 2.632100 0.372225 3.824540
v 2.820456 0.372225 3.900315
v 2.779248 0.372225 3.971689
v 2.980256 0.372225 4.025549
v 2.820456 0.372225 3.900315
v 2.980256 0.372225 3.943134
v 2.980256 0.372225 4.025549
v 3.140057 0.372225 3.900315
v 3.181265 0.372225 3.971689
v 2.980256 0.415209 3.272960
v 3.181265 0.415209 3.275374
v 2.980256 0.415209 3.221513
v 3.155543 0.415209 3.319927
v 3.328413 0.415208 3.422523
v 3.181265 0.415209 3.275374
v 3.330828 0.415208 3.623531
v 3.328413 0.415208 3.422523
v 3.283860 0.415208 3.448246
v 3.330828 0.415208 3.623531
v 3.328413 0.415208 3.824540
v 3.382275 0.415208 3.623531
v 3.155543 0.415208 3.927135
v 3.328413 0.415208 3.824540
v 3.283860 0.415208 3.798817
v 2.980256 0.415208 3.974103
v 3.181265 0.415208 3.971689
v 3.155543 0.415208 3.927135
v 2.980256 0.415208 3.974103
v 2.779248 0.415208 3.971689
v 2.980256 0.415208 4.025549
v 2.804970 0.415208 3.927135
v 2.632100 0.415208 3.824540
v 2.779248 0.415208 3.971689
v 2.629685 0.415208 3.623532
v 2.632100 0.415208 3.824540
v 2.676653 0.415208 3.798817
v 2.629685 0.415208 3.623532
v 2.632100 0.415208 3.422523
v 2.578238 0.415208 3.623532
v 2.804970 0.415209 3.319928
v 2.632100 0.415208 3.422523
v 2.676653 0.415208 3.448246
v 2.980256 0.415209 3.272960
v 2.779248 0.415209 3.275374
v 2.804970 0.415209 3.319928
v 3.052258 0.455036 3.748241
v 2.980256 0.522060 3.767533
v 2.980256 0.455036 3.767533
v 2.629685 0.415208 3.623532
v 2.676653 0.455036 3.448246
v 2.676653 0.415208 3.448246
v 2.980256 0.415208 3.974103
v 2.804970 0.455036 3.927135
v 2.804970 0.415208 3.927135
v 3.330828 0.415208 3.623531
v 3.283860 0.455036 3.798817
v 3.283860 0.415208 3.798817
v 2.804970 0.415209 3.319928
v 2.676653 0.455036 3.448246
v 2.804970 0.455036 3.319928
v 2.980256 0.415209 3.272960
v 3.155543 0.455036 3.319927
v 3.155543 0.415209 3.319927
v 2.804970 0.415208 3.927135
v 2.676653 0.455036 3.798817
v 2.676653 0.415208 3.798817
v 3.283860 0.415208 3.798817
v 3.155543 0.455036 3.927135
v 3.155543 0.415208 3.927135
v 2.804970 0.415209 3.319928
v 2.980256 0.455036 3.272960
v 2.980256 0.415209 3.272960
v 3.155543 0.415209 3.319927
v 3.283860 0.455036 3.448246
v 3.283860 0.415208 3.448246
v 2.676653 0.415208 3.798817
v 2.629685 0.455036 3.623532
v 2.629685 0.415208 3.623532
v 3.155543 0.415208 3.927135
v 2.980256 0.455036 3.974103
v 2.980256 0.415208 3.974103
v 3.052258 0.455036 3.498822
v 2.980256 0.455036 3.272960
v 2.980256 0.455036 3.479529
v 3.052258 0.455036 3.498822
v 3.283860 0.455036 3.448246
v 3.155543 0.455036 3.319927
v 3.124258 0.455036 3.623531
v 3.283860 0.455036 3.448246
v 3.104966 0.455036 3.551530
v 3.124258 0.455036 3.623531
v 3.283860 0.455036 3.798817
v 3.330828 0.455036 3.623531
v 3.052258 0.455036 3.748241
v 3.283860 0.455036 3.798817
v 3.104966 0.455036 3.695532
v 3.052258 0.455036 3.748241
v 2.980256 0.455036 3.974103
v 3.155543 0.455036 3.927135
v 2.980256 0.455036 3.767533
v 2.804970 0.455036 3.927135
v 2.980256 0.455036 3.974103
v 2.908255 0.455036 3.748241
v 2.676653 0.455036 3.798817
v 2.804970 0.455036 3.927135
v 2.836255 0.455036 3.623532
v 2.676653 0.455036 3.798817
v 2.855547 0.455036 3.695532
v 2.836255 0.455036 3.623532
v 2.676653 0.455036 3.448246
v 2.629685 0.455036 3.623532
v 2.908255 0.455036 3.498822
v 2.676653 0.455036 3.448246
v 2.855547 0.455036 3.551530
v 2.980256 0.455036 3.479529
v 2.804970 0.455036 3.319928
v 2.908255 0.455036 3.498822
v 2.980256 0.522060 3.767533
v 3.104966 0.522060 3.695532
v 3.104966 0.522060 3.551530
v 3.104966 0.455036 3.551530
v 3.124258 0.522060 3.623531
v 3.124258 0.455036 3.623531
v 2.836255 0.455036 3.623532
v 2.855547 0.522060 3.551530
v 2.855547 0.455036 3.551530
v 2.980256 0.455036 3.767533
v 2.908255 0.522060 3.748241
v 2.908255 0.455036 3.748241
v 3.124258 0.455036 3.623531
v 3.104966 0.522060 3.695532
v 3.104966 0.455036 3.695532
v 2.908255 0.455036 3.498822
v 2.855547 0.522060 3.551530
v 2.908255 0.522060 3.498822
v 2.980256 0.455036 3.479529
v 3.052258 0.522060 3.498822
v 3.052258 0.455036 3.498822
v 2.908255 0.455036 3.748241
v 2.855547 0.522060 3.695532
v 2.855547 0.455036 3.695532
v 3.104966 0.455036 3.695532
v 3.052258 0.522060 3.748241
v 3.052258 0.455036 3.748241
v 2.908255 0.455036 3.498822
v 2.980256 0.522060 3.479529
v 2.980256 0.455036 3.479529
v 3.052258 0.455036 3.498822
v 3.104966 0.522060 3.551530
v 3.104966 0.455036 3.551530
v 2.855547 0.455036 3.695532
v 2.836255 0.522060 3.623532
v 2.836255 0.455036 3.623532
v 2.980256 -0.372225 3.221513
v 3.181265 -0.415209 3.275374
v 2.980256 -0.415209 3.221513
v 3.181265 -0.372225 3.275374
v 3.328413 -0.415208 3.422523
v 3.181265 -0.415209 3.275374
v 3.382275 -0.372225 3.623531
v 3.328413 -0.415208 3.422523
v 3.328413 -0.372225 3.422523
v 3.328413 -0.372225 3.824540
v 3.382275 -0.415208 3.623531
v 3.382275 -0.372225 3.623531
v 3.181265 -0.372225 3.971689
v 3.328413 -0.415208 3.824540
v 3.328413 -0.372225 3.824540
v 2.980256 -0.372225 4.025549
v 3.181265 -0.415208 3.971689
v 3.181265 -0.372225 3.971689
v 2.779248 -0.372225 3.971689
v 2.980256 -0.415208 4.025549
v 2.980256 -0.372225 4.025549
v 2.632100 -0.372225 3.824540
v 2.779248 -0.415208 3.971689
v 2.779248 -0.372225 3.971689
v 2.578238 -0.372225 3.623532
v 2.632100 -0.415208 3.824540
v 2.632100 -0.372225 3.824540
v 2.632100 -0.372225 3.422523
v 2.578238 -0.415208 3.623532
v 2.578238 -0.372225 3.623532
v 3.330828 -0.455036 3.623531
v 3.283860 -0.415208 3.448246
v 3.330828 -0.415208 3.623531
v 2.779248 -0.372225 3.275374
v 2.632100 -0.415208 3.422523
v 2.632100 -0.372225 3.422523
v 2.980256 -0.372225 3.221513
v 2.779248 -0.415209 3.275374
v 2.779248 -0.372225 3.275374
v 3.140057 -0.372225 3.346747
v 3.328413 -0.372225 3.422523
v 3.181265 -0.372225 3.275374
v 2.660655 -0.372225 3.623532
v 2.632100 -0.372225 3.422523
v 2.578238 -0.372225 3.623532
v 3.328413 -0.372225 3.422523
v 3.299859 -0.372225 3.623531
v 3.382275 -0.372225 3.623531
v 2.632100 -0.372225 3.422523
v 2.820456 -0.372225 3.346748
v 2.779248 -0.372225 3.275374
v 3.299859 -0.372225 3.623531
v 3.328413 -0.372225 3.824540
v 3.382275 -0.372225 3.623531
v 2.779248 -0.372225 3.275374
v 2.980256 -0.372225 3.303929
v 2.980256 -0.372225 3.221513
v 3.257040 -0.372225 3.783333
v 3.181265 -0.372225 3.971689
v 3.328413 -0.372225 3.824540
v 2.632100 -0.372225 3.824540
v 2.660655 -0.372225 3.623532
v 2.578238 -0.372225 3.623532
v 2.980256 -0.372225 3.221513
v 3.140057 -0.372225 3.346747
v 3.181265 -0.372225 3.275374
v 2.820456 -0.372225 3.900315
v 2.632100 -0.372225 3.824540
v 2.779248 -0.372225 3.971689
v 2.980256 -0.372225 4.025549
v 2.820456 -0.372225 3.900315
v 2.779248 -0.372225 3.971689
v 3.140057 -0.372225 3.900315
v 2.980256 -0.372225 4.025549
v 3.181265 -0.372225 3.971689
v 2.980256 -0.415209 3.272960
v 3.181265 -0.415209 3.275374
v 3.155543 -0.415209 3.319927
v 3.155543 -0.415209 3.319927
v 3.328413 -0.415208 3.422523
v 3.283860 -0.415208 3.448246
v 3.328413 -0.415208 3.422523
v 3.330828 -0.415208 3.623531
v 3.283860 -0.415208 3.448246
v 3.330828 -0.415208 3.623531
v 3.328413 -0.415208 3.824540
v 3.283860 -0.415208 3.798817
v 3.328413 -0.415208 3.824540
v 3.155543 -0.415208 3.927135
v 3.283860 -0.415208 3.798817
v 3.181265 -0.415208 3.971689
v 2.980256 -0.415208 3.974103
v 3.155543 -0.415208 3.927135
v 2.980256 -0.415208 3.974103
v 2.779248 -0.415208 3.971689
v 2.804970 -0.415208 3.927135
v 2.804970 -0.415208 3.927135
v 2.632100 -0.415208 3.824540
v 2.676653 -0.415208 3.798817
v 2.632100 -0.415208 3.824540
v 2.629685 -0.415208 3.623532
v 2.676653 -0.415208 3.798817
v 2.629685 -0.415208 3.623532
v 2.632100 -0.415208 3.422523
v 2.676653 -0.415208 3.448246
v 2.632100 -0.415208 3.422523
v 2.804970 -0.415209 3.319928
v 2.676653 -0.415208 3.448246
v 2.779248 -0.415209 3.275374
v 2.980256 -0.415209 3.272960
v 2.804970 -0.415209 3.319928
v 2.980256 -0.522060 3.767533
v 3.052258 -0.455036 3.748241
v 2.980256 -0.455036 3.767533
v 2.676653 -0.455036 3.448246
v 2.629685 -0.415208 3.623532
v 2.676653 -0.415208 3.448246
v 2.804970 -0.455036 3.927135
v 2.980256 -0.415208 3.974103
v 2.804970 -0.415208 3.927135
v 3.283860 -0.455036 3.798817
v 3.330828 -0.415208 3.623531
v 3.283860 -0.415208 3.798817
v 2.804970 -0.415209 3.319928
v 2.676653 -0.455036 3.448246
v 2.676653 -0.415208 3.448246
v 3.155543 -0.455036 3.319927
v 2.980256 -0.415209 3.272960
v 3.155543 -0.415209 3.319927
v 2.676653 -0.455036 3.798817
v 2.804970 -0.415208 3.927135
v 2.676653 -0.415208 3.798817
v 3.155543 -0.455036 3.927135
v 3.283860 -0.415208 3.798817
v 3.155543 -0.415208 3.927135
v 2.980256 -0.455036 3.272960
v 2.804970 -0.415209 3.319928
v 2.980256 -0.415209 3.272960
v 3.283860 -0.455036 3.448246
v 3.155543 -0.415209 3.319927
v 3.283860 -0.415208 3.448246
v 2.629685 -0.455036 3.623532
v 2.676653 -0.415208 3.798817
v 2.629685 -0.415208 3.623532
v 2.980256 -0.455036 3.974103
v 3.155543 -0.415208 3.927135
v 2.980256 -0.415208 3.974103
v 2.980256 -0.455036 3.272960
v 3.052258 -0.455036 3.498822
v 2.980256 -0.455036 3.479529
v 3.052258 -0.455036 3.498822
v 3.283860 -0.455036 3.448246
v 3.104966 -0.455036 3.551530
v 3.283860 -0.455036 3.448246
v 3.124258 -0.455036 3.623531
v 3.104966 -0.455036 3.551530
v 3.124258 -0.455036 3.623531
v 3.283860 -0.455036 3.798817
v 3.104966 -0.455036 3.695532
v 3.283860 -0.455036 3.798817
v 3.052258 -0.455036 3.748241
v 3.104966 -0.455036 3.695532
v 3.052258 -0.455036 3.748241
v 2.980256 -0.455036 3.974103
v 2.980256 -0.455036 3.767533
v 2.980256 -0.455036 3.767533
v 2.804970 -0.455036 3.927135
v 2.908255 -0.455036 3.748241
v 2.908255 -0.455036 3.748241
v 2.676653 -0.455036 3.798817
v 2.855547 -0.455036 3.695532
v 2.676653 -0.455036 3.798817
v 2.836255 -0.455036 3.623532
v 2.855547 -0.455036 3.695532
v 2.836255 -0.455036 3.623532
v 2.676653 -0.455036 3.448246
v 2.855547 -0.455036 3.551530
v 2.676653 -0.455036 3.448246
v 2.908255 -0.455036 3.498822
v 2.855547 -0.455036 3.551530
v 2.804970 -0.455036 3.319928
v 2.980256 -0.455036 3.479529
v 2.908255 -0.455036 3.498822
v 2.855547 -0.522060 3.551530
v 2.980256 -0.522060 3.479529
v 3.104966 -0.522060 3.695532
v 3.124258 -0.522060 3.623531
v 3.104966 -0.455036 3.551530
v 3.124258 -0.455036 3.623531
v 2.855547 -0.522060 3.551530
v 2.836255 -0.455036 3.623532
v 2.855547 -0.455036 3.551530
v 2.908255 -0.522060 3.748241
v 2.980256 -0.455036 3.767533
v 2.908255 -0.455036 3.748241
v 3.104966 -0.522060 3.695532
v 3.124258 -0.455036 3.623531
v 3.104966 -0.455036 3.695532
v 2.908255 -0.455036 3.498822
v 2.855547 -0.522060 3.551530
v 2.855547 -0.455036 3.551530
v 3.052258 -0.522060 3.498822
v 2.980256 -0.455036 3.479529
v 3.052258 -0.455036 3.498822
v 2.855547 -0.522060 3.695532
v 2.908255 -0.455036 3.748241
v 2.855547 -0.455036 3.695532
v 3.052258 -0.522060 3.748241
v 3.104966 -0.455036 3.695532
v 3.052258 -0.455036 3.748241
v 2.980256 -0.522060 3.479529
v 2.908255 -0.455036 3.498822
v 2.980256 -0.455036 3.479529
v 3.104966 -0.522060 3.551530
v 3.052258 -0.455036 3.498822
v 3.104966 -0.455036 3.551530
v 2.836255 -0.522060 3.623532
v 2.855547 -0.455036 3.695532
v 2.836255 -0.455036 3.623532
v 2.820456 -0.372225 3.346748
v 2.703473 0.372225 3.463730
v 2.820456 0.372225 3.346748
v 2.740404 0.124963 3.970954
v 2.636337 0.128138 3.798326
v 2.602042 0.125906 3.936670
v 2.889938 0.048296 3.879400
v 2.740404 0.124963 3.970954
v 2.740197 0.047178 3.969648
v 2.740197 0.047178 3.969648
v 2.601835 0.048122 3.935364
v 2.636130 0.050354 3.797019
v 2.636130 0.050354 3.797019
v 2.588645 0.127230 3.859929
v 2.636337 0.128138 3.798326
v 2.588645 0.127230 3.859929
v 2.601835 0.048122 3.935364
v 2.602042 0.125906 3.936670
v 2.740404 0.124963 3.970954
v 2.663445 0.047157 3.983046
v 2.740197 0.047178 3.969648
v 2.663651 0.124942 3.984352
v 2.601835 0.048122 3.935364
v 2.663445 0.047157 3.983046
v 2.785872 0.051472 3.706771
v 2.636337 0.128138 3.798326
v 2.786078 0.129256 3.708077
v 2.743372 -0.057807 3.969278
v 2.639306 -0.054632 3.796649
v 2.605010 -0.056864 3.934993
v 2.892908 -0.134474 3.877723
v 2.743372 -0.057807 3.969278
v 2.743166 -0.135592 3.967972
v 2.743166 -0.135592 3.967972
v 2.604804 -0.134649 3.933687
v 2.639100 -0.132417 3.795343
v 2.639306 -0.054632 3.796649
v 2.591408 -0.133324 3.856947
v 2.591615 -0.055540 3.858253
v 2.591615 -0.055540 3.858253
v 2.604804 -0.134649 3.933687
v 2.605010 -0.056864 3.934993
v 2.743372 -0.057807 3.969278
v 2.666415 -0.135613 3.981369
v 2.743166 -0.135592 3.967972
v 2.666621 -0.057828 3.982675
v 2.604804 -0.134649 3.933687
v 2.666415 -0.135613 3.981369
v 2.639100 -0.132417 3.795343
v 2.789048 -0.053514 3.706401
v 2.788841 -0.131299 3.705094
v 0.198884 -0.166666 -0.350215
v -0.198380 -0.166666 -0.275535
v -0.332338 -0.166666 0.105846
v 0.602204 -0.166666 1.670694
v 3.384114 -0.166666 3.276814
v 1.409916 -0.166666 0.977262
v 0.602204 0.166666 1.670694
v 2.576401 0.372225 3.970247
v 0.602204 0.372225 1.670694
v -0.241774 0.166666 0.294474
v -0.009753 0.166666 -0.366099
v 0.371628 0.166666 -0.232141
v 3.326973 0.372225 4.027387
v 3.490454 0.372225 3.801994
v 3.384114 0.372225 3.276814
v 3.511590 0.166666 3.524358
v 3.490454 0.166666 3.801994
v 3.326973 0.166666 4.027387
v 1.409917 0.372225 0.977262
v 3.384114 0.166666 3.276814
v 1.409917 0.166666 0.977262
v -0.241774 0.166666 0.294474
v 0.479215 0.372225 1.134285
v -0.241774 0.372225 0.294474
v 1.409917 0.372225 0.977262
v 2.576401 0.372225 3.970247
v 3.384114 0.372225 3.276814
v 0.371628 0.372225 -0.232141
v 1.092617 0.166666 0.607670
v 0.371628 0.166666 -0.232141
v 0.602204 -0.372225 1.670694
v 3.384114 -0.372225 3.276814
v 2.576401 -0.372225 3.970247
v 2.576401 -0.372225 3.970247
v 0.602204 -0.166666 1.670694
v 0.602204 -0.372225 1.670694
v 3.384114 -0.166666 3.276814
v 1.409916 -0.372225 0.977262
v 1.409916 -0.166666 0.977262
v 1.092617 -0.166666 0.607670
v 0.371628 -0.372225 -0.232141
v 0.371628 -0.166666 -0.232141
v 0.479215 0.166666 1.134285
v 1.409917 0.166666 0.977262
v 0.602204 0.166666 1.670694
v 0.479215 0.372225 1.134285
v 1.409917 0.372225 0.977262
v 1.092617 0.372225 0.607670
v 1.409917 0.166666 0.977262
v 1.092617 0.372225 0.607670
v 1.409917 0.372225 0.977262
v 0.602204 0.372225 1.670694
v 0.479215 0.166666 1.134285
v 0.602204 0.166666 1.670694
v 1.409916 -0.372225 0.977262
v 0.479215 -0.372225 1.134284
v 1.092617 -0.372225 0.607670
v 1.409916 -0.166666 0.977262
v 0.479215 -0.166666 1.134284
v 0.602204 -0.166666 1.670694
v 1.409916 -0.372225 0.977262
v 1.092617 -0.166666 0.607670
v 1.409916 -0.166666 0.977262
v 0.602204 -0.166666 1.670694
v 0.479215 -0.372225 1.134284
v 0.602204 -0.372225 1.670694
v 0.371628 -0.372225 -0.232141
v 0.198884 -0.166666 -0.350215
v 0.371628 -0.166666 -0.232141
v 0.198884 -0.372225 -0.350215
v -0.009753 -0.166666 -0.366099
v 0.198884 -0.166666 -0.350215
v -0.009753 -0.372225 -0.366099
v -0.198380 -0.166666 -0.275535
v -0.009753 -0.166666 -0.366099
v -0.241774 -0.166666 0.294474
v -0.332338 -0.372225 0.105846
v -0.241774 -0.372225 0.294474
v -0.332338 -0.166666 0.105846
v -0.316454 -0.372225 -0.102791
v -0.332338 -0.372225 0.105846
v -0.316454 -0.166666 -0.102791
v -0.198380 -0.372225 -0.275535
v -0.316454 -0.372225 -0.102791
v 0.371628 0.166666 -0.232141
v 0.198884 0.372225 -0.350215
v 0.371628 0.372225 -0.232141
v 0.198884 0.166666 -0.350215
v -0.009753 0.372225 -0.366099
v 0.198884 0.372225 -0.350215
v -0.009753 0.166666 -0.366099
v -0.198380 0.372225 -0.275535
v -0.009753 0.372225 -0.366099
v -0.241774 0.372225 0.294474
v -0.332338 0.166666 0.105846
v -0.241774 0.166666 0.294474
v -0.332338 0.372225 0.105846
v -0.316454 0.166666 -0.102791
v -0.332338 0.166666 0.105846
v -0.316454 0.372225 -0.102791
v -0.198380 0.166666 -0.275535
v -0.316454 0.166666 -0.102791
v -0.002642 0.436805 -0.318801
v 0.157471 0.690372 -0.276930
v 0.157472 0.436805 -0.276930
v 0.318994 0.690372 -0.001015
v 0.277124 0.436805 0.159098
v 0.318994 0.436805 -0.001015
v 0.277124 0.690372 0.159098
v 0.160805 0.436805 0.276825
v 0.277124 0.436805 0.159098
v 0.160805 0.690372 0.276825
v 0.001208 0.436805 0.320620
v 0.160805 0.436805 0.276825
v 0.001208 0.690372 0.320620
v -0.158906 0.436805 0.278750
v 0.001208 0.436805 0.320620
v -0.158906 0.690372 0.278750
v -0.276632 0.436805 0.162432
v -0.158906 0.436805 0.278750
v -0.276632 0.690372 0.162432
v -0.320427 0.436805 0.002835
v -0.276632 0.436805 0.162432
v -0.320427 0.690372 0.002835
v -0.278557 0.436805 -0.157278
v -0.320427 0.436805 0.002835
v -0.278557 0.690372 -0.157278
v -0.162240 0.436805 -0.275005
v -0.278557 0.436805 -0.157278
v -0.162240 0.690372 -0.275005
v -0.002642 0.436805 -0.318801
v -0.162240 0.436805 -0.275005
v 0.157472 0.436805 -0.276930
v 0.275199 0.690372 -0.160612
v 0.275199 0.436805 -0.160612
v 0.275199 0.690372 -0.160612
v 0.318994 0.436805 -0.001015
v 0.275199 0.436805 -0.160612
v 0.157471 0.690372 -0.276930
v 0.212659 0.760899 -0.124002
v 0.275199 0.690372 -0.160612
v 0.318994 0.690372 -0.001015
v 0.212659 0.760899 -0.124002
v 0.246528 0.760899 -0.000579
v 0.277124 0.690372 0.159098
v 0.246528 0.760899 -0.000579
v 0.214147 0.760899 0.123243
v 0.160805 0.690372 0.276825
v 0.214147 0.760899 0.123243
v 0.124195 0.760899 0.214286
v 0.160805 0.690372 0.276825
v 0.000772 0.760899 0.248154
v 0.001208 0.690372 0.320620
v 0.001208 0.690372 0.320620
v -0.123050 0.760899 0.215774
v -0.158906 0.690372 0.278750
v -0.276632 0.690372 0.162432
v -0.123050 0.760899 0.215774
v -0.214093 0.760899 0.125821
v -0.320427 0.690372 0.002835
v -0.214093 0.760899 0.125821
v -0.247962 0.760899 0.002398
v -0.320427 0.690372 0.002835
v -0.215581 0.760899 -0.121423
v -0.278557 0.690372 -0.157278
v -0.162240 0.690372 -0.275005
v -0.215581 0.760899 -0.121423
v -0.125628 0.760899 -0.212466
v -0.002642 0.690372 -0.318801
v -0.125628 0.760899 -0.212466
v -0.002205 0.760899 -0.246335
v 0.157471 0.690372 -0.276930
v -0.002205 0.760899 -0.246335
v 0.121616 0.760899 -0.213954
v 0.037953 0.760899 -0.067010
v 0.066732 0.879251 -0.038575
v 0.066732 0.760899 -0.038575
v 0.066732 0.760899 -0.038575
v 0.121616 0.760899 -0.213954
v 0.037953 0.760899 -0.067010
v 0.066732 0.760899 -0.038575
v 0.246528 0.760899 -0.000579
v 0.212659 0.760899 -0.124002
v 0.077438 0.760899 0.000439
v 0.214147 0.760899 0.123243
v 0.246528 0.760899 -0.000579
v 0.038768 0.760899 0.068359
v 0.214147 0.760899 0.123243
v 0.067203 0.760899 0.039580
v 0.038768 0.760899 0.068359
v 0.000772 0.760899 0.248154
v 0.124195 0.760899 0.214286
v -0.039387 0.760899 0.068829
v 0.000772 0.760899 0.248154
v -0.000247 0.760899 0.079065
v -0.068166 0.760899 0.040395
v -0.123050 0.760899 0.215774
v -0.039387 0.760899 0.068829
v -0.078872 0.760899 0.001380
v -0.214093 0.760899 0.125821
v -0.068166 0.760899 0.040395
v -0.078872 0.760899 0.001380
v -0.215581 0.760899 -0.121423
v -0.247962 0.760899 0.002398
v -0.068636 0.760899 -0.037760
v -0.125628 0.760899 -0.212466
v -0.215581 0.760899 -0.121423
v -0.001188 0.760899 -0.077245
v -0.125628 0.760899 -0.212466
v -0.040202 0.760899 -0.066539
v 0.037953 0.760899 -0.067010
v -0.002205 0.760899 -0.246335
v -0.001188 0.760899 -0.077245
v -0.040202 0.879251 -0.066539
v -0.039387 0.879251 0.068829
v 0.077438 0.879251 0.000439
v -0.068166 0.760899 0.040395
v -0.078872 0.879251 0.001380
v -0.078872 0.760899 0.001380
v 0.038768 0.760899 0.068359
v -0.000247 0.879251 0.079065
v -0.000247 0.760899 0.079065
v -0.001188 0.760899 -0.077245
v 0.037953 0.879251 -0.067010
v 0.037953 0.760899 -0.067010
v 0.066732 0.760899 -0.038575
v 0.077438 0.879251 0.000439
v 0.077438 0.760899 0.000439
v -0.078872 0.760899 0.001380
v -0.068636 0.879251 -0.037760
v -0.068636 0.760899 -0.037760
v -0.000247 0.760899 0.079065
v -0.039387 0.879251 0.068829
v -0.039387 0.760899 0.068829
v 0.077438 0.760899 0.000439
v 0.067203 0.879251 0.039580
v 0.067203 0.760899 0.039580
v -0.068636 0.760899 -0.037760
v -0.040202 0.879251 -0.066539
v -0.040202 0.760899 -0.066539
v -0.039387 0.760899 0.068829
v -0.068166 0.879251 0.040395
v -0.068166 0.760899 0.040395
v 0.067203 0.760899 0.039580
v 0.038768 0.879251 0.068359
v 0.038768 0.760899 0.068359
v -0.040202 0.760899 -0.066539
v -0.001188 0.879251 -0.077245
v -0.001188 0.760899 -0.077245
v -0.216565 0.372225 -0.367805
v -0.002786 0.371797 -0.220803
v -0.113922 0.372031 -0.190308
v 0.192040 0.372154 0.111988
v 0.215131 0.372225 0.369625
v 0.111043 0.372444 0.193965
v 0.108712 0.371680 -0.191643
v 0.367997 0.372225 -0.214938
v 0.190694 0.371713 -0.110643
v 0.111043 0.372444 0.193965
v 0.001855 0.372225 0.428150
v -0.000093 0.372679 0.224459
v -0.000093 0.372679 0.224459
v -0.212109 0.372225 0.372197
v -0.111591 0.372796 0.195300
v 0.190694 -0.371713 -0.110643
v 0.108712 0.371680 -0.191643
v 0.190694 0.371713 -0.110643
v -0.113922 -0.372031 -0.190308
v -0.194919 0.372322 -0.108331
v -0.113922 0.372031 -0.190308
v -0.194919 -0.372322 -0.108331
v -0.224073 0.372589 0.003163
v -0.194919 0.372322 -0.108331
v -0.224073 -0.372589 0.003163
v -0.193573 0.372763 0.114300
v -0.224073 0.372589 0.003163
v -0.193573 -0.372763 0.114300
v -0.111591 0.372796 0.195300
v -0.193573 0.372763 0.114300
v -0.111591 -0.372796 0.195300
v -0.000093 0.372679 0.224459
v -0.111591 0.372796 0.195300
v -0.000093 -0.372679 0.224459
v 0.111043 0.372444 0.193965
v -0.000093 0.372679 0.224459
v 0.111043 -0.372444 0.193965
v 0.192040 0.372154 0.111988
v 0.111043 0.372444 0.193965
v 0.192040 -0.372154 0.111988
v 0.221194 0.371887 0.000494
v 0.192040 0.372154 0.111988
v 0.221194 0.371887 0.000494
v 0.190694 -0.371713 -0.110643
v 0.190694 0.371713 -0.110643
v -0.002786 -0.371797 -0.220803
v -0.113922 0.372031 -0.190308
v -0.002786 0.371797 -0.220803
v 0.221194 0.371887 0.000494
v 0.370570 0.372225 0.212302
v 0.192040 0.372154 0.111988
v -0.372004 0.372225 -0.210482
v -0.113922 0.372031 -0.190308
v -0.194919 0.372322 -0.108331
v -0.003290 0.372225 -0.426330
v 0.108712 0.371680 -0.191643
v -0.002786 0.371797 -0.220803
v -0.427957 0.372225 0.003482
v -0.194919 0.372322 -0.108331
v -0.224073 0.372589 0.003163
v 0.426523 -0.372225 -0.001662
v 0.190694 -0.371713 -0.110643
v 0.221194 -0.371887 0.000494
v -0.369432 0.372225 0.216757
v -0.224073 0.372589 0.003163
v -0.193573 0.372763 0.114300
v -0.212109 0.372225 0.372197
v -0.193573 0.372763 0.114300
v -0.111591 0.372796 0.195300
v -0.002642 0.436805 -0.318801
v 0.210675 0.436805 -0.370377
v -0.003290 0.436805 -0.426330
v -0.162240 0.436805 -0.275005
v -0.372004 0.436805 -0.210482
v -0.278557 0.436805 -0.157278
v 0.277124 0.436805 0.159098
v 0.426523 0.436805 -0.001662
v 0.318994 0.436805 -0.001015
v -0.002642 0.436805 -0.318801
v -0.216565 0.436805 -0.367805
v -0.162240 0.436805 -0.275005
v 0.277124 0.436805 0.159098
v 0.215131 0.436805 0.369625
v 0.370570 0.436805 0.212302
v 0.157472 0.436805 -0.276930
v 0.367997 0.436805 -0.214938
v 0.210675 0.436805 -0.370377
v 0.160805 0.436805 0.276825
v 0.001855 0.436805 0.428150
v 0.215131 0.436805 0.369625
v 0.367997 0.372225 -0.214938
v 0.426523 0.436805 -0.001662
v 0.426523 0.372225 -0.001662
v 0.210675 0.436805 -0.370377
v 0.367997 0.372225 -0.214938
v 0.210675 0.372225 -0.370377
v -0.216565 0.436805 -0.367805
v -0.003290 0.372225 -0.426330
v -0.216565 0.372225 -0.367805
v -0.372004 0.436805 -0.210482
v -0.216565 0.372225 -0.367805
v -0.372004 0.372225 -0.210482
v -0.427957 0.436805 0.003482
v -0.372004 0.372225 -0.210482
v -0.427957 0.372225 0.003482
v -0.369432 0.436805 0.216757
v -0.427957 0.372225 0.003482
v -0.369432 0.372225 0.216757
v -0.212109 0.372225 0.372197
v -0.369432 0.436805 0.216757
v -0.369432 0.372225 0.216757
v 0.001855 0.436805 0.428150
v -0.212109 0.372225 0.372197
v 0.001855 0.372225 0.428150
v 0.215131 0.436805 0.369625
v 0.001855 0.372225 0.428150
v 0.215131 0.372225 0.369625
v 0.370570 0.436805 0.212302
v 0.215131 0.372225 0.369625
v 0.370570 0.372225 0.212302
v 0.426523 0.436805 -0.001662
v 0.370570 0.372225 0.212302
v 0.426523 0.372225 -0.001662
v -0.003290 0.372225 -0.426330
v 0.210675 0.436805 -0.370377
v 0.210675 0.372225 -0.370377
v -0.278557 0.436805 -0.157278
v -0.427957 0.436805 0.003482
v -0.320427 0.436805 0.002835
v -0.320427 0.436805 0.002835
v -0.369432 0.436805 0.216757
v -0.276632 0.436805 0.162432
v -0.158906 0.436805 0.278750
v -0.369432 0.436805 0.216757
v -0.212109 0.436805 0.372197
v 0.001208 0.436805 0.320620
v -0.212109 0.436805 0.372197
v 0.001855 0.436805 0.428150
v 0.275199 0.436805 -0.160612
v 0.426523 0.436805 -0.001662
v 0.367997 0.436805 -0.214938
v -0.002642 -0.436805 -0.318801
v 0.157471 -0.690372 -0.276930
v -0.002642 -0.690372 -0.318801
v 0.277124 -0.436805 0.159098
v 0.318994 -0.690372 -0.001015
v 0.318994 -0.436805 -0.001015
v 0.160805 -0.436805 0.276825
v 0.277124 -0.690372 0.159098
v 0.277124 -0.436805 0.159098
v 0.001208 -0.436805 0.320620
v 0.160805 -0.690372 0.276825
v 0.160805 -0.436805 0.276825
v -0.158906 -0.436805 0.278750
v 0.001208 -0.690372 0.320620
v 0.001208 -0.436805 0.320620
v -0.276632 -0.436805 0.162432
v -0.158906 -0.690372 0.278750
v -0.158906 -0.436805 0.278750
v -0.320427 -0.436805 0.002835
v -0.276632 -0.690372 0.162432
v -0.276632 -0.436805 0.162432
v -0.278557 -0.436805 -0.157278
v -0.320427 -0.690372 0.002835
v -0.320427 -0.436805 0.002835
v -0.162240 -0.436805 -0.275005
v -0.278557 -0.690372 -0.157278
v -0.278557 -0.436805 -0.157278
v -0.002642 -0.436805 -0.318801
v -0.162240 -0.690372 -0.275005
v -0.162240 -0.436805 -0.275005
v 0.157472 -0.436805 -0.276930
v 0.275198 -0.690372 -0.160612
v 0.157471 -0.690372 -0.276930
v 0.275199 -0.436805 -0.160612
v 0.318994 -0.690372 -0.001015
v 0.275198 -0.690372 -0.160612
v 0.212659 -0.760899 -0.124002
v 0.157471 -0.690372 -0.276930
v 0.275198 -0.690372 -0.160612
v 0.318994 -0.690372 -0.001015
v 0.212659 -0.760899 -0.124002
v 0.275198 -0.690372 -0.160612
v 0.277124 -0.690372 0.159098
v 0.246528 -0.760899 -0.000579
v 0.318994 -0.690372 -0.001015
v 0.160805 -0.690372 0.276825
v 0.214147 -0.760899 0.123243
v 0.277124 -0.690372 0.159098
v 0.000772 -0.760899 0.248154
v 0.160805 -0.690372 0.276825
v 0.001208 -0.690372 0.320620
v -0.123050 -0.760899 0.215774
v 0.001208 -0.690372 0.320620
v -0.158906 -0.690372 0.278750
v -0.276632 -0.690372 0.162432
v -0.123050 -0.760899 0.215774
v -0.158906 -0.690372 0.278750
v -0.320427 -0.690372 0.002835
v -0.214093 -0.760899 0.125821
v -0.276632 -0.690372 0.162432
v -0.215581 -0.760899 -0.121423
v -0.320427 -0.690372 0.002835
v -0.278557 -0.690372 -0.157278
v -0.162240 -0.690372 -0.275005
v -0.215581 -0.760899 -0.121423
v -0.278557 -0.690372 -0.157278
v -0.002206 -0.760899 -0.246335
v -0.162240 -0.690372 -0.275005
v -0.002642 -0.690372 -0.318801
v 0.157471 -0.690372 -0.276930
v -0.002206 -0.760899 -0.246335
v -0.002642 -0.690372 -0.318801
v 0.066732 -0.793571 -0.038575
v 0.037953 -0.760899 -0.067010
v 0.066732 -0.760899 -0.038575
v 0.121616 -0.760899 -0.213954
v 0.066732 -0.760899 -0.038575
v 0.037953 -0.760899 -0.067010
v 0.066732 -0.760899 -0.038575
v 0.246528 -0.760899 -0.000579
v 0.077438 -0.760899 0.000439
v 0.077438 -0.760899 0.000439
v 0.214147 -0.760899 0.123243
v 0.067203 -0.760899 0.039580
v 0.214147 -0.760899 0.123243
v 0.038768 -0.760899 0.068359
v 0.067203 -0.760899 0.039580
v 0.038768 -0.760899 0.068359
v 0.000772 -0.760899 0.248154
v -0.000247 -0.760899 0.079065
v 0.000772 -0.760899 0.248154
v -0.039387 -0.760899 0.068829
v -0.000247 -0.760899 0.079065
v -0.039387 -0.760899 0.068829
v -0.214093 -0.760899 0.125821
v -0.068166 -0.760899 0.040395
v -0.214093 -0.760899 0.125821
v -0.078872 -0.760899 0.001380
v -0.068166 -0.760899 0.040395
v -0.078872 -0.760899 0.001380
v -0.215581 -0.760899 -0.121423
v -0.068636 -0.760899 -0.037760
v -0.068636 -0.760899 -0.037760
v -0.125628 -0.760899 -0.212466
v -0.040202 -0.760899 -0.066539
v -0.125628 -0.760899 -0.212466
v -0.001188 -0.760899 -0.077245
v -0.040202 -0.760899 -0.066539
v -0.002206 -0.760899 -0.246335
v 0.037953 -0.760899 -0.067010
v -0.001188 -0.760899 -0.077245
v -0.040202 -0.793571 -0.066539
v 0.037953 -0.793571 -0.067010
v 0.038768 -0.793571 0.068359
v -0.078872 -0.793571 0.001380
v -0.068166 -0.760899 0.040395
v -0.078872 -0.760899 0.001380
v -0.000247 -0.793571 0.079065
v 0.038768 -0.760899 0.068359
v -0.000247 -0.760899 0.079065
v 0.037953 -0.793571 -0.067010
v -0.001188 -0.760899 -0.077245
v 0.037953 -0.760899 -0.067010
v 0.077438 -0.793571 0.000439
v 0.066732 -0.760899 -0.038575
v 0.077438 -0.760899 0.000439
v -0.068636 -0.793571 -0.037760
v -0.078872 -0.760899 0.001380
v -0.068636 -0.760899 -0.037760
v -0.039387 -0.793571 0.068829
v -0.000247 -0.760899 0.079065
v -0.039387 -0.760899 0.068829
v 0.067203 -0.793571 0.039580
v 0.077438 -0.760899 0.000439
v 0.067203 -0.760899 0.039580
v -0.040202 -0.793571 -0.066539
v -0.068636 -0.760899 -0.037760
v -0.040202 -0.760899 -0.066539
v -0.068166 -0.793571 0.040395
v -0.039387 -0.760899 0.068829
v -0.068166 -0.760899 0.040395
v 0.038768 -0.793571 0.068359
v 0.067203 -0.760899 0.039580
v 0.038768 -0.760899 0.068359
v -0.001188 -0.793571 -0.077245
v -0.040202 -0.760899 -0.066539
v -0.001188 -0.760899 -0.077245
v -0.002786 -0.371797 -0.220803
v -0.216565 -0.372225 -0.367805
v -0.113922 -0.372031 -0.190308
v 0.215131 -0.372225 0.369625
v 0.192040 -0.372154 0.111988
v 0.111043 -0.372444 0.193965
v 0.367997 -0.372225 -0.214938
v 0.108712 -0.371680 -0.191643
v 0.190694 -0.371713 -0.110643
v 0.001855 -0.372225 0.428150
v 0.111043 -0.372444 0.193965
v -0.000093 -0.372679 0.224459
v -0.212109 -0.372225 0.372197
v -0.000093 -0.372679 0.224459
v -0.111591 -0.372796 0.195300
v 0.370570 -0.372225 0.212302
v 0.221194 -0.371887 0.000494
v 0.192040 -0.372154 0.111988
v -0.113922 -0.372031 -0.190308
v -0.372004 -0.372225 -0.210482
v -0.194919 -0.372322 -0.108331
v 0.108712 -0.371680 -0.191643
v -0.003290 -0.372225 -0.426330
v -0.002786 -0.371797 -0.220803
v -0.194919 -0.372322 -0.108331
v -0.427957 -0.372225 0.003482
v -0.224073 -0.372589 0.003163
v -0.224073 -0.372589 0.003163
v -0.369432 -0.372225 0.216757
v -0.193573 -0.372763 0.114300
v -0.193573 -0.372763 0.114300
v -0.212109 -0.372225 0.372197
v -0.111591 -0.372796 0.195300
v -0.002642 -0.436805 -0.318801
v 0.210675 -0.436805 -0.370377
v 0.157472 -0.436805 -0.276930
v -0.278557 -0.436805 -0.157278
v -0.216565 -0.436805 -0.367805
v -0.162240 -0.436805 -0.275005
v 0.426523 -0.436805 -0.001662
v 0.277124 -0.436805 0.159098
v 0.318994 -0.436805 -0.001015
v -0.216565 -0.436805 -0.367805
v -0.002642 -0.436805 -0.318801
v -0.162240 -0.436805 -0.275005
v 0.277124 -0.436805 0.159098
v 0.215131 -0.436805 0.369625
v 0.160805 -0.436805 0.276825
v 0.157472 -0.436805 -0.276930
v 0.367997 -0.436805 -0.214938
v 0.275199 -0.436805 -0.160612
v 0.160805 -0.436805 0.276825
v 0.001855 -0.436805 0.428150
v 0.001208 -0.436805 0.320620
v 0.367997 -0.372225 -0.214938
v 0.426523 -0.436805 -0.001662
v 0.367997 -0.436805 -0.214938
v 0.210675 -0.372225 -0.370377
v 0.367997 -0.436805 -0.214938
v 0.210675 -0.436805 -0.370377
v -0.003290 -0.372225 -0.426330
v -0.216565 -0.436805 -0.367805
v -0.216565 -0.372225 -0.367805
v -0.216565 -0.372225 -0.367805
v -0.372004 -0.436805 -0.210482
v -0.372004 -0.372225 -0.210482
v -0.372004 -0.372225 -0.210482
v -0.427957 -0.436805 0.003482
v -0.427957 -0.372225 0.003482
v -0.427957 -0.372225 0.003482
v -0.369432 -0.436805 0.216757
v -0.369432 -0.372225 0.216757
v -0.369432 -0.372225 0.216757
v -0.212109 -0.436805 0.372197
v -0.212109 -0.372225 0.372197
v 0.001855 -0.372225 0.428150
v -0.212109 -0.436805 0.372197
v 0.001855 -0.436805 0.428150
v 0.001855 -0.372225 0.428150
v 0.215131 -0.436805 0.369625
v 0.215131 -0.372225 0.369625
v 0.215131 -0.372225 0.369625
v 0.370570 -0.436805 0.212302
v 0.370570 -0.372225 0.212302
v 0.370570 -0.372225 0.212302
v 0.426523 -0.436805 -0.001662
v 0.426523 -0.372225 -0.001662
v 0.210675 -0.372225 -0.370377
v -0.003290 -0.436805 -0.426330
v -0.003290 -0.372225 -0.426330
v -0.427957 -0.436805 0.003482
v -0.278557 -0.436805 -0.157278
v -0.320427 -0.436805 0.002835
v -0.369432 -0.436805 0.216757
v -0.320427 -0.436805 0.002835
v -0.276632 -0.436805 0.162432
v -0.158906 -0.436805 0.278750
v -0.369432 -0.436805 0.216757
v -0.276632 -0.436805 0.162432
v 0.001208 -0.436805 0.320620
v -0.212109 -0.436805 0.372197
v -0.158906 -0.436805 0.278750
v 0.275199 -0.436805 -0.160612
v 0.426523 -0.436805 -0.001662
v 0.318994 -0.436805 -0.001015
v 0.108712 -0.371680 -0.191643
v -0.002786 0.371797 -0.220803
v 0.108712 0.371680 -0.191643
v 0.190694 0.371713 -0.110643
v 0.426523 0.372225 -0.001662
v 0.221194 0.371887 0.000494
v 2.801795 -0.372225 4.133728
v 2.576401 -0.372225 3.970247
v 3.326973 -0.372225 4.027387
v 2.576401 -0.372225 3.970247
v 3.384114 -0.372225 3.276814
v 3.326973 -0.372225 4.027387
v 3.384114 -0.372225 3.276814
v 3.511590 -0.372225 3.524358
v 3.490454 -0.372225 3.801994
v 3.490454 -0.372225 3.801994
v 3.326973 -0.372225 4.027387
v 3.384114 -0.372225 3.276814
v 3.511590 -0.166666 3.524358
v 3.384114 -0.166666 3.276814
v 3.326973 -0.166666 4.027387
v 3.384114 -0.166666 3.276814
v 2.576401 -0.166666 3.970247
v 3.326973 -0.166666 4.027387
v 2.576401 -0.166666 3.970247
v 2.801795 -0.166666 4.133728
v 3.079430 -0.166666 4.154864
v 3.079430 -0.166666 4.154864
v 3.326973 -0.166666 4.027387
v 2.576401 -0.166666 3.970247
v 0.479215 -0.372225 1.134284
v -0.241774 -0.372225 0.294474
v 1.092617 -0.372225 0.607670
v -0.241774 -0.372225 0.294474
v -0.332338 -0.372225 0.105846
v 0.371628 -0.372225 -0.232141
v 1.092617 -0.372225 0.607670
v -0.241774 -0.372225 0.294474
v 0.371628 -0.372225 -0.232141
v -0.332338 -0.372225 0.105846
v -0.316454 -0.372225 -0.102791
v -0.198380 -0.372225 -0.275535
v -0.198380 -0.372225 -0.275535
v -0.009753 -0.372225 -0.366099
v 0.198884 -0.372225 -0.350215
v 0.198884 -0.372225 -0.350215
v 0.371628 -0.372225 -0.232141
v -0.332338 -0.372225 0.105846
v 3.326973 -0.372225 4.027387
v 3.490454 -0.372225 3.801994
v 3.490454 -0.166666 3.801994
v 3.490454 -0.372225 3.801994
v 3.511590 -0.372225 3.524358
v 3.511590 -0.166666 3.524358
v 3.511590 -0.166666 3.524358
v 3.511590 -0.372225 3.524358
v 3.384114 -0.372225 3.276814
v 3.326973 -0.166666 4.027387
v 3.079430 -0.166666 4.154864
v 3.079430 -0.372225 4.154864
v 3.079430 -0.166666 4.154864
v 2.801795 -0.166666 4.133728
v 2.801795 -0.372225 4.133728
v 2.801795 -0.372225 4.133728
v 2.801795 -0.166666 4.133728
v 2.576401 -0.166666 3.970247
v 0.479215 -0.372225 1.134284
v 0.479215 -0.166666 1.134284
v -0.241774 -0.166666 0.294474
v 2.576401 0.166666 3.970247
v 0.602204 0.166666 1.670694
v 1.409917 0.166666 0.977262
v 3.490454 0.166666 3.801994
v 3.490454 0.372225 3.801994
v 3.326973 0.372225 4.027387
v 3.511590 0.166666 3.524358
v 3.511590 0.372225 3.524358
v 3.490454 0.372225 3.801994
v 3.511590 0.166666 3.524358
v 3.384114 0.166666 3.276814
v 3.384114 0.372225 3.276814
v 3.079430 0.372225 4.154864
v 3.079430 0.166666 4.154864
v 3.326973 0.166666 4.027387
v 2.801795 0.372225 4.133728
v 2.801795 0.166666 4.133728
v 3.079430 0.166666 4.154864
v 2.801795 0.372225 4.133728
v 2.576401 0.372225 3.970247
v 2.576401 0.166666 3.970247
v 0.479215 0.372225 1.134285
v 1.092617 0.372225 0.607670
v -0.241774 0.372225 0.294474
v 1.092617 0.372225 0.607670
v 0.371628 0.372225 -0.232141
v -0.241774 0.372225 0.294474
v 0.371628 0.372225 -0.232141
v 0.198884 0.372225 -0.350215
v -0.009753 0.372225 -0.366099
v -0.009753 0.372225 -0.366099
v -0.198380 0.372225 -0.275535
v 0.371628 0.372225 -0.232141
v -0.198380 0.372225 -0.275535
v -0.316454 0.372225 -0.102791
v 0.371628 0.372225 -0.232141
v -0.316454 0.372225 -0.102791
v -0.332338 0.372225 0.105846
v -0.241774 0.372225 0.294474
v 2.980256 0.372225 3.221513
v 2.980256 0.415209 3.221513
v 3.181265 0.415209 3.275374
v 3.181265 0.372225 3.275374
v 3.181265 0.415209 3.275374
v 3.328413 0.415208 3.422523
v 3.328413 0.415208 3.422523
v 3.382275 0.415208 3.623531
v 3.382275 0.372225 3.623531
v 3.382275 0.415208 3.623531
v 3.328413 0.415208 3.824540
v 3.328413 0.372225 3.824540
v 3.328413 0.415208 3.824540
v 3.181265 0.415208 3.971689
v 3.181265 0.372225 3.971689
v 3.181265 0.415208 3.971689
v 2.980256 0.415208 4.025549
v 2.980256 0.372225 4.025549
v 2.980256 0.415208 4.025549
v 2.779248 0.415208 3.971689
v 2.779248 0.372225 3.971689
v 2.779248 0.415208 3.971689
v 2.632100 0.415208 3.824540
v 2.632100 0.372225 3.824540
v 2.632100 0.415208 3.824540
v 2.578238 0.415208 3.623532
v 2.578238 0.372225 3.623532
v 2.578238 0.415208 3.623532
v 2.632100 0.415208 3.422523
v 2.632100 0.372225 3.422523
v 3.283860 0.415208 3.448246
v 3.283860 0.455036 3.448246
v 3.330828 0.455036 3.623531
v 2.632100 0.415208 3.422523
v 2.779248 0.415209 3.275374
v 2.779248 0.372225 3.275374
v 2.779248 0.415209 3.275374
v 2.980256 0.415209 3.221513
v 2.980256 0.372225 3.221513
v 3.328413 0.372225 3.422523
v 3.257040 0.372225 3.463730
v 3.140057 0.372225 3.346747
v 2.632100 0.372225 3.422523
v 2.703473 0.372225 3.463730
v 2.660655 0.372225 3.623532
v 3.328413 0.372225 3.422523
v 3.382275 0.372225 3.623531
v 3.299859 0.372225 3.623531
v 2.632100 0.372225 3.422523
v 2.779248 0.372225 3.275374
v 2.820456 0.372225 3.346748
v 3.328413 0.372225 3.824540
v 3.257040 0.372225 3.783333
v 3.299859 0.372225 3.623531
v 2.779248 0.372225 3.275374
v 2.980256 0.372225 3.221513
v 2.980256 0.372225 3.303929
v 3.181265 0.372225 3.971689
v 3.140057 0.372225 3.900315
v 3.257040 0.372225 3.783333
v 3.140057 -0.372225 3.346747
v 2.980256 -0.372225 3.303929
v 2.980256 0.372225 3.303929
v 2.703473 -0.372225 3.463730
v 2.660655 -0.372225 3.623532
v 2.660655 0.372225 3.623532
v 2.660655 -0.372225 3.623532
v 2.703473 -0.372225 3.783333
v 2.703473 0.372225 3.783333
v 2.703473 -0.372225 3.783333
v 2.820456 -0.372225 3.900315
v 2.820456 0.372225 3.900315
v 2.820456 -0.372225 3.900315
v 2.980256 -0.372225 3.943134
v 2.980256 0.372225 3.943134
v 2.980256 -0.372225 3.943134
v 3.140057 -0.372225 3.900315
v 3.140057 0.372225 3.900315
v 3.140057 -0.372225 3.900315
v 3.257040 -0.372225 3.783333
v 3.257040 0.372225 3.783333
v 3.257040 -0.372225 3.783333
v 3.299859 -0.372225 3.623531
v 3.299859 0.372225 3.623531
v 3.299859 -0.372225 3.623531
v 3.257040 -0.372225 3.463730
v 3.257040 0.372225 3.463730
v 3.257040 -0.372225 3.463730
v 3.140057 -0.372225 3.346747
v 3.140057 0.372225 3.346747
v 2.980256 -0.372225 3.303929
v 2.820456 -0.372225 3.346748
v 2.820456 0.372225 3.346748
v 2.632100 0.372225 3.824540
v 2.578238 0.372225 3.623532
v 2.660655 0.372225 3.623532
v 2.980256 0.372225 3.221513
v 3.181265 0.372225 3.275374
v 3.140057 0.372225 3.346747
v 2.632100 0.372225 3.824540
v 2.703473 0.372225 3.783333
v 2.820456 0.372225 3.900315
v 2.980256 0.372225 4.025549
v 2.779248 0.372225 3.971689
v 2.820456 0.372225 3.900315
v 2.980256 0.372225 4.025549
v 2.980256 0.372225 3.943134
v 3.140057 0.372225 3.900315
v 2.980256 0.415209 3.272960
v 3.155543 0.415209 3.319927
v 3.181265 0.415209 3.275374
v 3.155543 0.415209 3.319927
v 3.283860 0.415208 3.448246
v 3.328413 0.415208 3.422523
v 3.330828 0.415208 3.623531
v 3.382275 0.415208 3.623531
v 3.328413 0.415208 3.422523
v 3.330828 0.415208 3.623531
v 3.283860 0.415208 3.798817
v 3.328413 0.415208 3.824540
v 3.155543 0.415208 3.927135
v 3.181265 0.415208 3.971689
v 3.328413 0.415208 3.824540
v 2.980256 0.415208 3.974103
v 2.980256 0.415208 4.025549
v 3.181265 0.415208 3.971689
v 2.980256 0.415208 3.974103
v 2.804970 0.415208 3.927135
v 2.779248 0.415208 3.971689
v 2.804970 0.415208 3.927135
v 2.676653 0.415208 3.798817
v 2.632100 0.415208 3.824540
v 2.629685 0.415208 3.623532
v 2.578238 0.415208 3.623532
v 2.632100 0.415208 3.824540
v 2.629685 0.415208 3.623532
v 2.676653 0.415208 3.448246
v 2.632100 0.415208 3.422523
v 2.804970 0.415209 3.319928
v 2.779248 0.415209 3.275374
v 2.632100 0.415208 3.422523
v 2.980256 0.415209 3.272960
v 2.980256 0.415209 3.221513
v 2.779248 0.415209 3.275374
v 3.052258 0.455036 3.748241
v 3.052258 0.522060 3.748241
v 2.980256 0.522060 3.767533
v 2.629685 0.415208 3.623532
v 2.629685 0.455036 3.623532
v 2.676653 0.455036 3.448246
v 2.980256 0.415208 3.974103
v 2.980256 0.455036 3.974103
v 2.804970 0.455036 3.927135
v 3.330828 0.415208 3.623531
v 3.330828 0.455036 3.623531
v 3.283860 0.455036 3.798817
v 2.804970 0.415209 3.319928
v 2.676653 0.415208 3.448246
v 2.676653 0.455036 3.448246
v 2.980256 0.415209 3.272960
v 2.980256 0.455036 3.272960
v 3.155543 0.455036 3.319927
v 2.804970 0.415208 3.927135
v 2.804970 0.455036 3.927135
v 2.676653 0.455036 3.798817
v 3.283860 0.415208 3.798817
v 3.283860 0.455036 3.798817
v 3.155543 0.455036 3.927135
v 2.804970 0.415209 3.319928
v 2.804970 0.455036 3.319928
v 2.980256 0.455036 3.272960
v 3.155543 0.415209 3.319927
v 3.155543 0.455036 3.319927
v 3.283860 0.455036 3.448246
v 2.676653 0.415208 3.798817
v 2.676653 0.455036 3.798817
v 2.629685 0.455036 3.623532
v 3.155543 0.415208 3.927135
v 3.155543 0.455036 3.927135
v 2.980256 0.455036 3.974103
v 3.052258 0.455036 3.498822
v 3.155543 0.455036 3.319927
v 2.980256 0.455036 3.272960
v 3.052258 0.455036 3.498822
v 3.104966 0.455036 3.551530
v 3.283860 0.455036 3.448246
v 3.124258 0.455036 3.623531
v 3.330828 0.455036 3.623531
v 3.283860 0.455036 3.448246
v 3.124258 0.455036 3.623531
v 3.104966 0.455036 3.695532
v 3.283860 0.455036 3.798817
v 3.052258 0.455036 3.748241
v 3.155543 0.455036 3.927135
v 3.283860 0.455036 3.798817
v 3.052258 0.455036 3.748241
v 2.980256 0.455036 3.767533
v 2.980256 0.455036 3.974103
v 2.980256 0.455036 3.767533
v 2.908255 0.455036 3.748241
v 2.804970 0.455036 3.927135
v 2.908255 0.455036 3.748241
v 2.855547 0.455036 3.695532
v 2.676653 0.455036 3.798817
v 2.836255 0.455036 3.623532
v 2.629685 0.455036 3.623532
v 2.676653 0.455036 3.798817
v 2.836255 0.455036 3.623532
v 2.855547 0.455036 3.551530
v 2.676653 0.455036 3.448246
v 2.908255 0.455036 3.498822
v 2.804970 0.455036 3.319928
v 2.676653 0.455036 3.448246
v 2.980256 0.455036 3.479529
v 2.980256 0.455036 3.272960
v 2.804970 0.455036 3.319928
v 3.104966 0.522060 3.551530
v 3.052258 0.522060 3.498822
v 2.980256 0.522060 3.479529
v 2.980256 0.522060 3.479529
v 2.908255 0.522060 3.498822
v 2.855547 0.522060 3.551530
v 2.855547 0.522060 3.551530
v 2.836255 0.522060 3.623532
v 2.855547 0.522060 3.695532
v 2.855547 0.522060 3.695532
v 2.908255 0.522060 3.748241
v 2.980256 0.522060 3.767533
v 2.980256 0.522060 3.767533
v 3.052258 0.522060 3.748241
v 3.104966 0.522060 3.695532
v 3.104966 0.522060 3.695532
v 3.124258 0.522060 3.623531
v 3.104966 0.522060 3.551530
v 3.104966 0.522060 3.551530
v 2.980256 0.522060 3.479529
v 2.855547 0.522060 3.551530
v 2.855547 0.522060 3.551530
v 2.855547 0.522060 3.695532
v 3.104966 0.522060 3.551530
v 2.855547 0.522060 3.695532
v 2.980256 0.522060 3.767533
v 3.104966 0.522060 3.551530
v 3.104966 0.455036 3.551530
v 3.104966 0.522060 3.551530
v 3.124258 0.522060 3.623531
v 2.836255 0.455036 3.623532
v 2.836255 0.522060 3.623532
v 2.855547 0.522060 3.551530
v 2.980256 0.455036 3.767533
v 2.980256 0.522060 3.767533
v 2.908255 0.522060 3.748241
v 3.124258 0.455036 3.623531
v 3.124258 0.522060 3.623531
v 3.104966 0.522060 3.695532
v 2.908255 0.455036 3.498822
v 2.855547 0.455036 3.551530
v 2.855547 0.522060 3.551530
v 2.980256 0.455036 3.479529
v 2.980256 0.522060 3.479529
v 3.052258 0.522060 3.498822
v 2.908255 0.455036 3.748241
v 2.908255 0.522060 3.748241
v 2.855547 0.522060 3.695532
v 3.104966 0.455036 3.695532
v 3.104966 0.522060 3.695532
v 3.052258 0.522060 3.748241
v 2.908255 0.455036 3.498822
v 2.908255 0.522060 3.498822
v 2.980256 0.522060 3.479529
v 3.052258 0.455036 3.498822
v 3.052258 0.522060 3.498822
v 3.104966 0.522060 3.551530
v 2.855547 0.455036 3.695532
v 2.855547 0.522060 3.695532
v 2.836255 0.522060 3.623532
v 2.980256 -0.372225 3.221513
v 3.181265 -0.372225 3.275374
v 3.181265 -0.415209 3.275374
v 3.181265 -0.372225 3.275374
v 3.328413 -0.372225 3.422523
v 3.328413 -0.415208 3.422523
v 3.382275 -0.372225 3.623531
v 3.382275 -0.415208 3.623531
v 3.328413 -0.415208 3.422523
v 3.328413 -0.372225 3.824540
v 3.328413 -0.415208 3.824540
v 3.382275 -0.415208 3.623531
v 3.181265 -0.372225 3.971689
v 3.181265 -0.415208 3.971689
v 3.328413 -0.415208 3.824540
v 2.980256 -0.372225 4.025549
v 2.980256 -0.415208 4.025549
v 3.181265 -0.415208 3.971689
v 2.779248 -0.372225 3.971689
v 2.779248 -0.415208 3.971689
v 2.980256 -0.415208 4.025549
v 2.632100 -0.372225 3.824540
v 2.632100 -0.415208 3.824540
v 2.779248 -0.415208 3.971689
v 2.578238 -0.372225 3.623532
v 2.578238 -0.415208 3.623532
v 2.632100 -0.415208 3.824540
v 2.632100 -0.372225 3.422523
v 2.632100 -0.415208 3.422523
v 2.578238 -0.415208 3.623532
v 3.330828 -0.455036 3.623531
v 3.283860 -0.455036 3.448246
v 3.283860 -0.415208 3.448246
v 2.779248 -0.372225 3.275374
v 2.779248 -0.415209 3.275374
v 2.632100 -0.415208 3.422523
v 2.980256 -0.372225 3.221513
v 2.980256 -0.415209 3.221513
v 2.779248 -0.415209 3.275374
v 3.140057 -0.372225 3.346747
v 3.257040 -0.372225 3.463730
v 3.328413 -0.372225 3.422523
v 2.660655 -0.372225 3.623532
v 2.703473 -0.372225 3.463730
v 2.632100 -0.372225 3.422523
v 3.328413 -0.372225 3.422523
v 3.257040 -0.372225 3.463730
v 3.299859 -0.372225 3.623531
v 2.632100 -0.372225 3.422523
v 2.703473 -0.372225 3.463730
v 2.820456 -0.372225 3.346748
v 3.299859 -0.372225 3.623531
v 3.257040 -0.372225 3.783333
v 3.328413 -0.372225 3.824540
v 2.779248 -0.372225 3.275374
v 2.820456 -0.372225 3.346748
v 2.980256 -0.372225 3.303929
v 3.257040 -0.372225 3.783333
v 3.140057 -0.372225 3.900315
v 3.181265 -0.372225 3.971689
v 2.632100 -0.372225 3.824540
v 2.703473 -0.372225 3.783333
v 2.660655 -0.372225 3.623532
v 2.980256 -0.372225 3.221513
v 2.980256 -0.372225 3.303929
v 3.140057 -0.372225 3.346747
v 2.820456 -0.372225 3.900315
v 2.703473 -0.372225 3.783333
v 2.632100 -0.372225 3.824540
v 2.980256 -0.372225 4.025549
v 2.980256 -0.372225 3.943134
v 2.820456 -0.372225 3.900315
v 3.140057 -0.372225 3.900315
v 2.980256 -0.372225 3.943134
v 2.980256 -0.372225 4.025549
v 2.980256 -0.415209 3.272960
v 2.980256 -0.415209 3.221513
v 3.181265 -0.415209 3.275374
v 3.155543 -0.415209 3.319927
v 3.181265 -0.415209 3.275374
v 3.328413 -0.415208 3.422523
v 3.328413 -0.415208 3.422523
v 3.382275 -0.415208 3.623531
v 3.330828 -0.415208 3.623531
v 3.330828 -0.415208 3.623531
v 3.382275 -0.415208 3.623531
v 3.328413 -0.415208 3.824540
v 3.328413 -0.415208 3.824540
v 3.181265 -0.415208 3.971689
v 3.155543 -0.415208 3.927135
v 3.181265 -0.415208 3.971689
v 2.980256 -0.415208 4.025549
v 2.980256 -0.415208 3.974103
v 2.980256 -0.415208 3.974103
v 2.980256 -0.415208 4.025549
v 2.779248 -0.415208 3.971689
v 2.804970 -0.415208 3.927135
v 2.779248 -0.415208 3.971689
v 2.632100 -0.415208 3.824540
v 2.632100 -0.415208 3.824540
v 2.578238 -0.415208 3.623532
v 2.629685 -0.415208 3.623532
v 2.629685 -0.415208 3.623532
v 2.578238 -0.415208 3.623532
v 2.632100 -0.415208 3.422523
v 2.632100 -0.415208 3.422523
v 2.779248 -0.415209 3.275374
v 2.804970 -0.415209 3.319928
v 2.779248 -0.415209 3.275374
v 2.980256 -0.415209 3.221513
v 2.980256 -0.415209 3.272960
v 2.980256 -0.522060 3.767533
v 3.052258 -0.522060 3.748241
v 3.052258 -0.455036 3.748241
v 2.676653 -0.455036 3.448246
v 2.629685 -0.455036 3.623532
v 2.629685 -0.415208 3.623532
v 2.804970 -0.455036 3.927135
v 2.980256 -0.455036 3.974103
v 2.980256 -0.415208 3.974103
v 3.283860 -0.455036 3.798817
v 3.330828 -0.455036 3.623531
v 3.330828 -0.415208 3.623531
v 2.804970 -0.415209 3.319928
v 2.804970 -0.455036 3.319928
v 2.676653 -0.455036 3.448246
v 3.155543 -0.455036 3.319927
v 2.980256 -0.455036 3.272960
v 2.980256 -0.415209 3.272960
v 2.676653 -0.455036 3.798817
v 2.804970 -0.455036 3.927135
v 2.804970 -0.415208 3.927135
v 3.155543 -0.455036 3.927135
v 3.283860 -0.455036 3.798817
v 3.283860 -0.415208 3.798817
v 2.980256 -0.455036 3.272960
v 2.804970 -0.455036 3.319928
v 2.804970 -0.415209 3.319928
v 3.283860 -0.455036 3.448246
v 3.155543 -0.455036 3.319927
v 3.155543 -0.415209 3.319927
v 2.629685 -0.455036 3.623532
v 2.676653 -0.455036 3.798817
v 2.676653 -0.415208 3.798817
v 2.980256 -0.455036 3.974103
v 3.155543 -0.455036 3.927135
v 3.155543 -0.415208 3.927135
v 2.980256 -0.455036 3.272960
v 3.155543 -0.455036 3.319927
v 3.052258 -0.455036 3.498822
v 3.052258 -0.455036 3.498822
v 3.155543 -0.455036 3.319927
v 3.283860 -0.455036 3.448246
v 3.283860 -0.455036 3.448246
v 3.330828 -0.455036 3.623531
v 3.124258 -0.455036 3.623531
v 3.124258 -0.455036 3.623531
v 3.330828 -0.455036 3.623531
v 3.283860 -0.455036 3.798817
v 3.283860 -0.455036 3.798817
v 3.155543 -0.455036 3.927135
v 3.052258 -0.455036 3.748241
v 3.052258 -0.455036 3.748241
v 3.155543 -0.455036 3.927135
v 2.980256 -0.455036 3.974103
v 2.980256 -0.455036 3.767533
v 2.980256 -0.455036 3.974103
v 2.804970 -0.455036 3.927135
v 2.908255 -0.455036 3.748241
v 2.804970 -0.455036 3.927135
v 2.676653 -0.455036 3.798817
v 2.676653 -0.455036 3.798817
v 2.629685 -0.455036 3.623532
v 2.836255 -0.455036 3.623532
v 2.836255 -0.455036 3.623532
v 2.629685 -0.455036 3.623532
v 2.676653 -0.455036 3.448246
v 2.676653 -0.455036 3.448246
v 2.804970 -0.455036 3.319928
v 2.908255 -0.455036 3.498822
v 2.804970 -0.455036 3.319928
v 2.980256 -0.455036 3.272960
v 2.980256 -0.455036 3.479529
v 2.980256 -0.522060 3.479529
v 3.052258 -0.522060 3.498822
v 3.104966 -0.522060 3.551530
v 3.104966 -0.522060 3.551530
v 3.124258 -0.522060 3.623531
v 3.104966 -0.522060 3.695532
v 3.104966 -0.522060 3.695532
v 3.052258 -0.522060 3.748241
v 2.980256 -0.522060 3.767533
v 2.980256 -0.522060 3.767533
v 2.908255 -0.522060 3.748241
v 2.855547 -0.522060 3.695532
v 2.855547 -0.522060 3.695532
v 2.836255 -0.522060 3.623532
v 2.855547 -0.522060 3.551530
v 2.855547 -0.522060 3.551530
v 2.908255 -0.522060 3.498822
v 2.980256 -0.522060 3.479529
v 2.980256 -0.522060 3.479529
v 3.104966 -0.522060 3.551530
v 3.104966 -0.522060 3.695532
v 3.104966 -0.522060 3.695532
v 2.980256 -0.522060 3.767533
v 2.855547 -0.522060 3.695532
v 2.855547 -0.522060 3.695532
v 2.855547 -0.522060 3.551530
v 3.104966 -0.522060 3.695532
v 3.124258 -0.522060 3.623531
v 3.104966 -0.522060 3.551530
v 3.104966 -0.455036 3.551530
v 2.855547 -0.522060 3.551530
v 2.836255 -0.522060 3.623532
v 2.836255 -0.455036 3.623532
v 2.908255 -0.522060 3.748241
v 2.980256 -0.522060 3.767533
v 2.980256 -0.455036 3.767533
v 3.104966 -0.522060 3.695532
v 3.124258 -0.522060 3.623531
v 3.124258 -0.455036 3.623531
v 2.908255 -0.455036 3.498822
v 2.908255 -0.522060 3.498822
v 2.855547 -0.522060 3.551530
v 3.052258 -0.522060 3.498822
v 2.980256 -0.522060 3.479529
v 2.980256 -0.455036 3.479529
v 2.855547 -0.522060 3.695532
v 2.908255 -0.522060 3.748241
v 2.908255 -0.455036 3.748241
v 3.052258 -0.522060 3.748241
v 3.104966 -0.522060 3.695532
v 3.104966 -0.455036 3.695532
v 2.980256 -0.522060 3.479529
v 2.908255 -0.522060 3.498822
v 2.908255 -0.455036 3.498822
v 3.104966 -0.522060 3.551530
v 3.052258 -0.522060 3.498822
v 3.052258 -0.455036 3.498822
v 2.836255 -0.522060 3.623532
v 2.855547 -0.522060 3.695532
v 2.855547 -0.455036 3.695532
v 2.820456 -0.372225 3.346748
v 2.703473 -0.372225 3.463730
v 2.703473 0.372225 3.463730
v 2.786078 0.129256 3.708077
v 2.636337 0.128138 3.798326
v 2.890145 0.126081 3.880706
v 2.636337 0.128138 3.798326
v 2.588645 0.127230 3.859929
v 2.602042 0.125906 3.936670
v 2.890145 0.126081 3.880706
v 2.636337 0.128138 3.798326
v 2.740404 0.124963 3.970954
v 2.602042 0.125906 3.936670
v 2.663651 0.124942 3.984352
v 2.740404 0.124963 3.970954
v 2.889938 0.048296 3.879400
v 2.890145 0.126081 3.880706
v 2.740404 0.124963 3.970954
v 2.636130 0.050354 3.797019
v 2.785872 0.051472 3.706771
v 2.889938 0.048296 3.879400
v 2.889938 0.048296 3.879400
v 2.740197 0.047178 3.969648
v 2.636130 0.050354 3.797019
v 2.740197 0.047178 3.969648
v 2.663445 0.047157 3.983046
v 2.601835 0.048122 3.935364
v 2.636130 0.050354 3.797019
v 2.601835 0.048122 3.935364
v 2.588438 0.049446 3.858623
v 2.636130 0.050354 3.797019
v 2.588438 0.049446 3.858623
v 2.588645 0.127230 3.859929
v 2.588645 0.127230 3.859929
v 2.588438 0.049446 3.858623
v 2.601835 0.048122 3.935364
v 2.740404 0.124963 3.970954
v 2.663651 0.124942 3.984352
v 2.663445 0.047157 3.983046
v 2.663651 0.124942 3.984352
v 2.602042 0.125906 3.936670
v 2.601835 0.048122 3.935364
v 2.785872 0.051472 3.706771
v 2.636130 0.050354 3.797019
v 2.636337 0.128138 3.798326
v 2.789048 -0.053514 3.706401
v 2.639306 -0.054632 3.796649
v 2.893115 -0.056689 3.879029
v 2.639306 -0.054632 3.796649
v 2.591615 -0.055540 3.858253
v 2.605010 -0.056864 3.934993
v 2.893115 -0.056689 3.879029
v 2.639306 -0.054632 3.796649
v 2.743372 -0.057807 3.969278
v 2.605010 -0.056864 3.934993
v 2.666621 -0.057828 3.982675
v 2.743372 -0.057807 3.969278
v 2.892908 -0.134474 3.877723
v 2.893115 -0.056689 3.879029
v 2.743372 -0.057807 3.969278
v 2.639100 -0.132417 3.795343
v 2.788841 -0.131299 3.705094
v 2.892908 -0.134474 3.877723
v 2.892908 -0.134474 3.877723
v 2.743166 -0.135592 3.967972
v 2.639100 -0.132417 3.795343
v 2.743166 -0.135592 3.967972
v 2.666415 -0.135613 3.981369
v 2.604804 -0.134649 3.933687
v 2.639100 -0.132417 3.795343
v 2.604804 -0.134649 3.933687
v 2.591408 -0.133324 3.856947
v 2.639306 -0.054632 3.796649
v 2.639100 -0.132417 3.795343
v 2.591408 -0.133324 3.856947
v 2.591615 -0.055540 3.858253
v 2.591408 -0.133324 3.856947
v 2.604804 -0.134649 3.933687
v 2.743372 -0.057807 3.969278
v 2.666621 -0.057828 3.982675
v 2.666415 -0.135613 3.981369
v 2.666621 -0.057828 3.982675
v 2.605010 -0.056864 3.934993
v 2.604804 -0.134649 3.933687
v 2.639100 -0.132417 3.795343
v 2.639306 -0.054632 3.796649
v 2.789048 -0.053514 3.706401
v 1.092617 -0.166666 0.607670
v 0.371628 -0.166666 -0.232141
v 0.479215 -0.166666 1.134284
v 0.371628 -0.166666 -0.232141
v 0.198884 -0.166666 -0.350215
v -0.241774 -0.166666 0.294474
v 0.479215 -0.166666 1.134284
v 0.371628 -0.166666 -0.232141
v -0.241774 -0.166666 0.294474
v 0.198884 -0.166666 -0.350215
v -0.009753 -0.166666 -0.366099
v -0.198380 -0.166666 -0.275535
v -0.198380 -0.166666 -0.275535
v -0.316454 -0.166666 -0.102791
v -0.332338 -0.166666 0.105846
v -0.332338 -0.166666 0.105846
v -0.241774 -0.166666 0.294474
v 0.198884 -0.166666 -0.350215
v 0.602204 -0.166666 1.670694
v 2.576401 -0.166666 3.970247
v 3.384114 -0.166666 3.276814
v 0.602204 0.166666 1.670694
v 2.576401 0.166666 3.970247
v 2.576401 0.372225 3.970247
v 1.092617 0.166666 0.607670
v 0.479215 0.166666 1.134285
v -0.241774 0.166666 0.294474
v -0.241774 0.166666 0.294474
v -0.332338 0.166666 0.105846
v -0.316454 0.166666 -0.102791
v -0.316454 0.166666 -0.102791
v -0.198380 0.166666 -0.275535
v -0.241774 0.166666 0.294474
v -0.198380 0.166666 -0.275535
v -0.009753 0.166666 -0.366099
v -0.241774 0.166666 0.294474
v -0.009753 0.166666 -0.366099
v 0.198884 0.166666 -0.350215
v 0.371628 0.166666 -0.232141
v 0.371628 0.166666 -0.232141
v 1.092617 0.166666 0.607670
v -0.241774 0.166666 0.294474
v 3.490454 0.372225 3.801994
v 3.511590 0.372225 3.524358
v 3.384114 0.372225 3.276814
v 3.384114 0.372225 3.276814
v 2.576401 0.372225 3.970247
v 3.326973 0.372225 4.027387
v 2.576401 0.372225 3.970247
v 2.801795 0.372225 4.133728
v 3.326973 0.372225 4.027387
v 2.801795 0.372225 4.133728
v 3.079430 0.372225 4.154864
v 3.326973 0.372225 4.027387
v 3.079430 0.166666 4.154864
v 2.801795 0.166666 4.133728
v 3.326973 0.166666 4.027387
v 2.801795 0.166666 4.133728
v 2.576401 0.166666 3.970247
v 3.326973 0.166666 4.027387
v 2.576401 0.166666 3.970247
v 3.384114 0.166666 3.276814
v 3.326973 0.166666 4.027387
v 3.384114 0.166666 3.276814
v 3.511590 0.166666 3.524358
v 3.326973 0.166666 4.027387
v 1.409917 0.372225 0.977262
v 3.384114 0.372225 3.276814
v 3.384114 0.166666 3.276814
v -0.241774 0.166666 0.294474
v 0.479215 0.166666 1.134285
v 0.479215 0.372225 1.134285
v 1.409917 0.372225 0.977262
v 0.602204 0.372225 1.670694
v 2.576401 0.372225 3.970247
v 0.371628 0.372225 -0.232141
v 1.092617 0.372225 0.607670
v 1.092617 0.166666 0.607670
v 0.602204 -0.372225 1.670694
v 1.409916 -0.372225 0.977262
v 3.384114 -0.372225 3.276814
v 2.576401 -0.372225 3.970247
v 2.576401 -0.166666 3.970247
v 0.602204 -0.166666 1.670694
v 3.384114 -0.166666 3.276814
v 3.384114 -0.372225 3.276814
v 1.409916 -0.372225 0.977262
v 1.092617 -0.166666 0.607670
v 1.092617 -0.372225 0.607670
v 0.371628 -0.372225 -0.232141
v 0.479215 0.166666 1.134285
v 1.092617 0.166666 0.607670
v 1.409917 0.166666 0.977262
v 0.479215 0.372225 1.134285
v 0.602204 0.372225 1.670694
v 1.409917 0.372225 0.977262
v 1.409917 0.166666 0.977262
v 1.092617 0.166666 0.607670
v 1.092617 0.372225 0.607670
v 0.602204 0.372225 1.670694
v 0.479215 0.372225 1.134285
v 0.479215 0.166666 1.134285
v 1.409916 -0.372225 0.977262
v 0.602204 -0.372225 1.670694
v 0.479215 -0.372225 1.134284
v 1.409916 -0.166666 0.977262
v 1.092617 -0.166666 0.607670
v 0.479215 -0.166666 1.134284
v 1.409916 -0.372225 0.977262
v 1.092617 -0.372225 0.607670
v 1.092617 -0.166666 0.607670
v 0.602204 -0.166666 1.670694
v 0.479215 -0.166666 1.134284
v 0.479215 -0.372225 1.134284
v 0.371628 -0.372225 -0.232141
v 0.198884 -0.372225 -0.350215
v 0.198884 -0.166666 -0.350215
v 0.198884 -0.372225 -0.350215
v -0.009753 -0.372225 -0.366099
v -0.009753 -0.166666 -0.366099
v -0.009753 -0.372225 -0.366099
v -0.198380 -0.372225 -0.275535
v -0.198380 -0.166666 -0.275535
v -0.241774 -0.166666 0.294474
v -0.332338 -0.166666 0.105846
v -0.332338 -0.372225 0.105846
v -0.332338 -0.166666 0.105846
v -0.316454 -0.166666 -0.102791
v -0.316454 -0.372225 -0.102791
v -0.316454 -0.166666 -0.102791
v -0.198380 -0.166666 -0.275535
v -0.198380 -0.372225 -0.275535
v 0.371628 0.166666 -0.232141
v 0.198884 0.166666 -0.350215
v 0.198884 0.372225 -0.350215
v 0.198884 0.166666 -0.350215
v -0.009753 0.166666 -0.366099
v -0.009753 0.372225 -0.366099
v -0.009753 0.166666 -0.366099
v -0.198380 0.166666 -0.275535
v -0.198380 0.372225 -0.275535
v -0.241774 0.372225 0.294474
v -0.332338 0.372225 0.105846
v -0.332338 0.166666 0.105846
v -0.332338 0.372225 0.105846
v -0.316454 0.372225 -0.102791
v -0.316454 0.166666 -0.102791
v -0.316454 0.372225 -0.102791
v -0.198380 0.372225 -0.275535
v -0.198380 0.166666 -0.275535
v -0.002642 0.436805 -0.318801
v -0.002642 0.690372 -0.318801
v 0.157471 0.690372 -0.276930
v 0.318994 0.690372 -0.001015
v 0.277124 0.690372 0.159098
v 0.277124 0.436805 0.159098
v 0.277124 0.690372 0.159098
v 0.160805 0.690372 0.276825
v 0.160805 0.436805 0.276825
v 0.160805 0.690372 0.276825
v 0.001208 0.690372 0.320620
v 0.001208 0.436805 0.320620
v 0.001208 0.690372 0.320620
v -0.158906 0.690372 0.278750
v -0.158906 0.436805 0.278750
v -0.158906 0.690372 0.278750
v -0.276632 0.690372 0.162432
v -0.276632 0.436805 0.162432
v -0.276632 0.690372 0.162432
v -0.320427 0.690372 0.002835
v -0.320427 0.436805 0.002835
v -0.320427 0.690372 0.002835
v -0.278557 0.690372 -0.157278
v -0.278557 0.436805 -0.157278
v -0.278557 0.690372 -0.157278
v -0.162240 0.690372 -0.275005
v -0.162240 0.436805 -0.275005
v -0.162240 0.690372 -0.275005
v -0.002642 0.690372 -0.318801
v -0.002642 0.436805 -0.318801
v 0.157472 0.436805 -0.276930
v 0.157471 0.690372 -0.276930
v 0.275199 0.690372 -0.160612
v 0.275199 0.690372 -0.160612
v 0.318994 0.690372 -0.001015
v 0.318994 0.436805 -0.001015
v 0.157471 0.690372 -0.276930
v 0.121616 0.760899 -0.213954
v 0.212659 0.760899 -0.124002
v 0.318994 0.690372 -0.001015
v 0.275199 0.690372 -0.160612
v 0.212659 0.760899 -0.124002
v 0.277124 0.690372 0.159098
v 0.318994 0.690372 -0.001015
v 0.246528 0.760899 -0.000579
v 0.160805 0.690372 0.276825
v 0.277124 0.690372 0.159098
v 0.214147 0.760899 0.123243
v 0.160805 0.690372 0.276825
v 0.124195 0.760899 0.214286
v 0.000772 0.760899 0.248154
v 0.001208 0.690372 0.320620
v 0.000772 0.760899 0.248154
v -0.123050 0.760899 0.215774
v -0.276632 0.690372 0.162432
v -0.158906 0.690372 0.278750
v -0.123050 0.760899 0.215774
v -0.320427 0.690372 0.002835
v -0.276632 0.690372 0.162432
v -0.214093 0.760899 0.125821
v -0.320427 0.690372 0.002835
v -0.247962 0.760899 0.002398
v -0.215581 0.760899 -0.121423
v -0.162240 0.690372 -0.275005
v -0.278557 0.690372 -0.157278
v -0.215581 0.760899 -0.121423
v -0.002642 0.690372 -0.318801
v -0.162240 0.690372 -0.275005
v -0.125628 0.760899 -0.212466
v 0.157471 0.690372 -0.276930
v -0.002642 0.690372 -0.318801
v -0.002205 0.760899 -0.246335
v 0.037953 0.760899 -0.067010
v 0.037953 0.879251 -0.067010
v 0.066732 0.879251 -0.038575
v 0.066732 0.760899 -0.038575
v 0.212659 0.760899 -0.124002
v 0.121616 0.760899 -0.213954
v 0.066732 0.760899 -0.038575
v 0.077438 0.760899 0.000439
v 0.246528 0.760899 -0.000579
v 0.077438 0.760899 0.000439
v 0.067203 0.760899 0.039580
v 0.214147 0.760899 0.123243
v 0.038768 0.760899 0.068359
v 0.124195 0.760899 0.214286
v 0.214147 0.760899 0.123243
v 0.038768 0.760899 0.068359
v -0.000247 0.760899 0.079065
v 0.000772 0.760899 0.248154
v -0.039387 0.760899 0.068829
v -0.123050 0.760899 0.215774
v 0.000772 0.760899 0.248154
v -0.068166 0.760899 0.040395
v -0.214093 0.760899 0.125821
v -0.123050 0.760899 0.215774
v -0.078872 0.760899 0.001380
v -0.247962 0.760899 0.002398
v -0.214093 0.760899 0.125821
v -0.078872 0.760899 0.001380
v -0.068636 0.760899 -0.037760
v -0.215581 0.760899 -0.121423
v -0.068636 0.760899 -0.037760
v -0.040202 0.760899 -0.066539
v -0.125628 0.760899 -0.212466
v -0.001188 0.760899 -0.077245
v -0.002205 0.760899 -0.246335
v -0.125628 0.760899 -0.212466
v 0.037953 0.760899 -0.067010
v 0.121616 0.760899 -0.213954
v -0.002205 0.760899 -0.246335
v 0.077438 0.879251 0.000439
v 0.066732 0.879251 -0.038575
v 0.037953 0.879251 -0.067010
v 0.037953 0.879251 -0.067010
v -0.001188 0.879251 -0.077245
v -0.040202 0.879251 -0.066539
v -0.040202 0.879251 -0.066539
v -0.068636 0.879251 -0.037760
v -0.078872 0.879251 0.001380
v -0.078872 0.879251 0.001380
v -0.068166 0.879251 0.040395
v -0.040202 0.879251 -0.066539
v -0.068166 0.879251 0.040395
v -0.039387 0.879251 0.068829
v -0.040202 0.879251 -0.066539
v -0.039387 0.879251 0.068829
v -0.000247 0.879251 0.079065
v 0.038768 0.879251 0.068359
v 0.038768 0.879251 0.068359
v 0.067203 0.879251 0.039580
v 0.077438 0.879251 0.000439
v 0.077438 0.879251 0.000439
v 0.037953 0.879251 -0.067010
v -0.040202 0.879251 -0.066539
v -0.039387 0.879251 0.068829
v 0.038768 0.879251 0.068359
v 0.077438 0.879251 0.000439
v -0.068166 0.760899 0.040395
v -0.068166 0.879251 0.040395
v -0.078872 0.879251 0.001380
v 0.038768 0.760899 0.068359
v 0.038768 0.879251 0.068359
v -0.000247 0.879251 0.079065
v -0.001188 0.760899 -0.077245
v -0.001188 0.879251 -0.077245
v 0.037953 0.879251 -0.067010
v 0.066732 0.760899 -0.038575
v 0.066732 0.879251 -0.038575
v 0.077438 0.879251 0.000439
v -0.078872 0.760899 0.001380
v -0.078872 0.879251 0.001380
v -0.068636 0.879251 -0.037760
v -0.000247 0.760899 0.079065
v -0.000247 0.879251 0.079065
v -0.039387 0.879251 0.068829
v 0.077438 0.760899 0.000439
v 0.077438 0.879251 0.000439
v 0.067203 0.879251 0.039580
v -0.068636 0.760899 -0.037760
v -0.068636 0.879251 -0.037760
v -0.040202 0.879251 -0.066539
v -0.039387 0.760899 0.068829
v -0.039387 0.879251 0.068829
v -0.068166 0.879251 0.040395
v 0.067203 0.760899 0.039580
v 0.067203 0.879251 0.039580
v 0.038768 0.879251 0.068359
v -0.040202 0.760899 -0.066539
v -0.040202 0.879251 -0.066539
v -0.001188 0.879251 -0.077245
v -0.216565 0.372225 -0.367805
v -0.003290 0.372225 -0.426330
v -0.002786 0.371797 -0.220803
v 0.192040 0.372154 0.111988
v 0.370570 0.372225 0.212302
v 0.215131 0.372225 0.369625
v 0.108712 0.371680 -0.191643
v 0.210675 0.372225 -0.370377
v 0.367997 0.372225 -0.214938
v 0.111043 0.372444 0.193965
v 0.215131 0.372225 0.369625
v 0.001855 0.372225 0.428150
v -0.000093 0.372679 0.224459
v 0.001855 0.372225 0.428150
v -0.212109 0.372225 0.372197
v 0.190694 -0.371713 -0.110643
v 0.108712 -0.371680 -0.191643
v 0.108712 0.371680 -0.191643
v -0.113922 -0.372031 -0.190308
v -0.194919 -0.372322 -0.108331
v -0.194919 0.372322 -0.108331
v -0.194919 -0.372322 -0.108331
v -0.224073 -0.372589 0.003163
v -0.224073 0.372589 0.003163
v -0.224073 -0.372589 0.003163
v -0.193573 -0.372763 0.114300
v -0.193573 0.372763 0.114300
v -0.193573 -0.372763 0.114300
v -0.111591 -0.372796 0.195300
v -0.111591 0.372796 0.195300
v -0.111591 -0.372796 0.195300
v -0.000093 -0.372679 0.224459
v -0.000093 0.372679 0.224459
v -0.000093 -0.372679 0.224459
v 0.111043 -0.372444 0.193965
v 0.111043 0.372444 0.193965
v 0.111043 -0.372444 0.193965
v 0.192040 -0.372154 0.111988
v 0.192040 0.372154 0.111988
v 0.192040 -0.372154 0.111988
v 0.221194 -0.371887 0.000494
v 0.221194 0.371887 0.000494
v 0.221194 0.371887 0.000494
v 0.221194 -0.371887 0.000494
v 0.190694 -0.371713 -0.110643
v -0.002786 -0.371797 -0.220803
v -0.113922 -0.372031 -0.190308
v -0.113922 0.372031 -0.190308
v 0.221194 0.371887 0.000494
v 0.426523 0.372225 -0.001662
v 0.370570 0.372225 0.212302
v -0.372004 0.372225 -0.210482
v -0.216565 0.372225 -0.367805
v -0.113922 0.372031 -0.190308
v -0.003290 0.372225 -0.426330
v 0.210675 0.372225 -0.370377
v 0.108712 0.371680 -0.191643
v -0.427957 0.372225 0.003482
v -0.372004 0.372225 -0.210482
v -0.194919 0.372322 -0.108331
v 0.426523 -0.372225 -0.001662
v 0.367997 -0.372225 -0.214938
v 0.190694 -0.371713 -0.110643
v -0.369432 0.372225 0.216757
v -0.427957 0.372225 0.003482
v -0.224073 0.372589 0.003163
v -0.212109 0.372225 0.372197
v -0.369432 0.372225 0.216757
v -0.193573 0.372763 0.114300
v -0.002642 0.436805 -0.318801
v 0.157472 0.436805 -0.276930
v 0.210675 0.436805 -0.370377
v -0.162240 0.436805 -0.275005
v -0.216565 0.436805 -0.367805
v -0.372004 0.436805 -0.210482
v 0.277124 0.436805 0.159098
v 0.370570 0.436805 0.212302
v 0.426523 0.436805 -0.001662
v -0.002642 0.436805 -0.318801
v -0.003290 0.436805 -0.426330
v -0.216565 0.436805 -0.367805
v 0.277124 0.436805 0.159098
v 0.160805 0.436805 0.276825
v 0.215131 0.436805 0.369625
v 0.157472 0.436805 -0.276930
v 0.275199 0.436805 -0.160612
v 0.367997 0.436805 -0.214938
v 0.160805 0.436805 0.276825
v 0.001208 0.436805 0.320620
v 0.001855 0.436805 0.428150
v 0.367997 0.372225 -0.214938
v 0.367997 0.436805 -0.214938
v 0.426523 0.436805 -0.001662
v 0.210675 0.436805 -0.370377
v 0.367997 0.436805 -0.214938
v 0.367997 0.372225 -0.214938
v -0.216565 0.436805 -0.367805
v -0.003290 0.436805 -0.426330
v -0.003290 0.372225 -0.426330
v -0.372004 0.436805 -0.210482
v -0.216565 0.436805 -0.367805
v -0.216565 0.372225 -0.367805
v -0.427957 0.436805 0.003482
v -0.372004 0.436805 -0.210482
v -0.372004 0.372225 -0.210482
v -0.369432 0.436805 0.216757
v -0.427957 0.436805 0.003482
v -0.427957 0.372225 0.003482
v -0.212109 0.372225 0.372197
v -0.212109 0.436805 0.372197
v -0.369432 0.436805 0.216757
v 0.001855 0.436805 0.428150
v -0.212109 0.436805 0.372197
v -0.212109 0.372225 0.372197
v 0.215131 0.436805 0.369625
v 0.001855 0.436805 0.428150
v 0.001855 0.372225 0.428150
v 0.370570 0.436805 0.212302
v 0.215131 0.436805 0.369625
v 0.215131 0.372225 0.369625
v 0.426523 0.436805 -0.001662
v 0.370570 0.436805 0.212302
v 0.370570 0.372225 0.212302
v -0.003290 0.372225 -0.426330
v -0.003290 0.436805 -0.426330
v 0.210675 0.436805 -0.370377
v -0.278557 0.436805 -0.157278
v -0.372004 0.436805 -0.210482
v -0.427957 0.436805 0.003482
v -0.320427 0.436805 0.002835
v -0.427957 0.436805 0.003482
v -0.369432 0.436805 0.216757
v -0.158906 0.436805 0.278750
v -0.276632 0.436805 0.162432
v -0.369432 0.436805 0.216757
v 0.001208 0.436805 0.320620
v -0.158906 0.436805 0.278750
v -0.212109 0.436805 0.372197
v 0.275199 0.436805 -0.160612
v 0.318994 0.436805 -0.001015
v 0.426523 0.436805 -0.001662
v -0.002642 -0.436805 -0.318801
v 0.157472 -0.436805 -0.276930
v 0.157471 -0.690372 -0.276930
v 0.277124 -0.436805 0.159098
v 0.277124 -0.690372 0.159098
v 0.318994 -0.690372 -0.001015
v 0.160805 -0.436805 0.276825
v 0.160805 -0.690372 0.276825
v 0.277124 -0.690372 0.159098
v 0.001208 -0.436805 0.320620
v 0.001208 -0.690372 0.320620
v 0.160805 -0.690372 0.276825
v -0.158906 -0.436805 0.278750
v -0.158906 -0.690372 0.278750
v 0.001208 -0.690372 0.320620
v -0.276632 -0.436805 0.162432
v -0.276632 -0.690372 0.162432
v -0.158906 -0.690372 0.278750
v -0.320427 -0.436805 0.002835
v -0.320427 -0.690372 0.002835
v -0.276632 -0.690372 0.162432
v -0.278557 -0.436805 -0.157278
v -0.278557 -0.690372 -0.157278
v -0.320427 -0.690372 0.002835
v -0.162240 -0.436805 -0.275005
v -0.162240 -0.690372 -0.275005
v -0.278557 -0.690372 -0.157278
v -0.002642 -0.436805 -0.318801
v -0.002642 -0.690372 -0.318801
v -0.162240 -0.690372 -0.275005
v 0.157472 -0.436805 -0.276930
v 0.275199 -0.436805 -0.160612
v 0.275198 -0.690372 -0.160612
v 0.275199 -0.436805 -0.160612
v 0.318994 -0.436805 -0.001015
v 0.318994 -0.690372 -0.001015
v 0.212659 -0.760899 -0.124002
v 0.121616 -0.760899 -0.213954
v 0.157471 -0.690372 -0.276930
v 0.318994 -0.690372 -0.001015
v 0.246528 -0.760899 -0.000579
v 0.212659 -0.760899 -0.124002
v 0.277124 -0.690372 0.159098
v 0.214147 -0.760899 0.123243
v 0.246528 -0.760899 -0.000579
v 0.160805 -0.690372 0.276825
v 0.124195 -0.760899 0.214286
v 0.214147 -0.760899 0.123243
v 0.000772 -0.760899 0.248154
v 0.124195 -0.760899 0.214286
v 0.160805 -0.690372 0.276825
v -0.123050 -0.760899 0.215774
v 0.000772 -0.760899 0.248154
v 0.001208 -0.690372 0.320620
v -0.276632 -0.690372 0.162432
v -0.214093 -0.760899 0.125821
v -0.123050 -0.760899 0.215774
v -0.320427 -0.690372 0.002835
v -0.247962 -0.760899 0.002398
v -0.214093 -0.760899 0.125821
v -0.215581 -0.760899 -0.121423
v -0.247962 -0.760899 0.002398
v -0.320427 -0.690372 0.002835
v -0.162240 -0.690372 -0.275005
v -0.125628 -0.760899 -0.212466
v -0.215581 -0.760899 -0.121423
v -0.002206 -0.760899 -0.246335
v -0.125628 -0.760899 -0.212466
v -0.162240 -0.690372 -0.275005
v 0.157471 -0.690372 -0.276930
v 0.121616 -0.760899 -0.213954
v -0.002206 -0.760899 -0.246335
v 0.066732 -0.793571 -0.038575
v 0.037953 -0.793571 -0.067010
v 0.037953 -0.760899 -0.067010
v 0.121616 -0.760899 -0.213954
v 0.212659 -0.760899 -0.124002
v 0.066732 -0.760899 -0.038575
v 0.066732 -0.760899 -0.038575
v 0.212659 -0.760899 -0.124002
v 0.246528 -0.760899 -0.000579
v 0.077438 -0.760899 0.000439
v 0.246528 -0.760899 -0.000579
v 0.214147 -0.760899 0.123243
v 0.214147 -0.760899 0.123243
v 0.124195 -0.760899 0.214286
v 0.038768 -0.760899 0.068359
v 0.038768 -0.760899 0.068359
v 0.124195 -0.760899 0.214286
v 0.000772 -0.760899 0.248154
v 0.000772 -0.760899 0.248154
v -0.123050 -0.760899 0.215774
v -0.039387 -0.760899 0.068829
v -0.039387 -0.760899 0.068829
v -0.123050 -0.760899 0.215774
v -0.214093 -0.760899 0.125821
v -0.214093 -0.760899 0.125821
v -0.247962 -0.760899 0.002398
v -0.078872 -0.760899 0.001380
v -0.078872 -0.760899 0.001380
v -0.247962 -0.760899 0.002398
v -0.215581 -0.760899 -0.121423
v -0.068636 -0.760899 -0.037760
v -0.215581 -0.760899 -0.121423
v -0.125628 -0.760899 -0.212466
v -0.125628 -0.760899 -0.212466
v -0.002206 -0.760899 -0.246335
v -0.001188 -0.760899 -0.077245
v -0.002206 -0.760899 -0.246335
v 0.121616 -0.760899 -0.213954
v 0.037953 -0.760899 -0.067010
v 0.037953 -0.793571 -0.067010
v 0.066732 -0.793571 -0.038575
v 0.077438 -0.793571 0.000439
v 0.077438 -0.793571 0.000439
v 0.067203 -0.793571 0.039580
v 0.038768 -0.793571 0.068359
v 0.038768 -0.793571 0.068359
v -0.000247 -0.793571 0.079065
v -0.039387 -0.793571 0.068829
v -0.039387 -0.793571 0.068829
v -0.068166 -0.793571 0.040395
v 0.038768 -0.793571 0.068359
v -0.068166 -0.793571 0.040395
v -0.078872 -0.793571 0.001380
v 0.038768 -0.793571 0.068359
v -0.078872 -0.793571 0.001380
v -0.068636 -0.793571 -0.037760
v -0.040202 -0.793571 -0.066539
v -0.040202 -0.793571 -0.066539
v -0.001188 -0.793571 -0.077245
v 0.037953 -0.793571 -0.067010
v 0.037953 -0.793571 -0.067010
v 0.077438 -0.793571 0.000439
v 0.038768 -0.793571 0.068359
v -0.078872 -0.793571 0.001380
v -0.040202 -0.793571 -0.066539
v 0.038768 -0.793571 0.068359
v -0.078872 -0.793571 0.001380
v -0.068166 -0.793571 0.040395
v -0.068166 -0.760899 0.040395
v -0.000247 -0.793571 0.079065
v 0.038768 -0.793571 0.068359
v 0.038768 -0.760899 0.068359
v 0.037953 -0.793571 -0.067010
v -0.001188 -0.793571 -0.077245
v -0.001188 -0.760899 -0.077245
v 0.077438 -0.793571 0.000439
v 0.066732 -0.793571 -0.038575
v 0.066732 -0.760899 -0.038575
v -0.068636 -0.793571 -0.037760
v -0.078872 -0.793571 0.001380
v -0.078872 -0.760899 0.001380
v -0.039387 -0.793571 0.068829
v -0.000247 -0.793571 0.079065
v -0.000247 -0.760899 0.079065
v 0.067203 -0.793571 0.039580
v 0.077438 -0.793571 0.000439
v 0.077438 -0.760899 0.000439
v -0.040202 -0.793571 -0.066539
v -0.068636 -0.793571 -0.037760
v -0.068636 -0.760899 -0.037760
v -0.068166 -0.793571 0.040395
v -0.039387 -0.793571 0.068829
v -0.039387 -0.760899 0.068829
v 0.038768 -0.793571 0.068359
v 0.067203 -0.793571 0.039580
v 0.067203 -0.760899 0.039580
v -0.001188 -0.793571 -0.077245
v -0.040202 -0.793571 -0.066539
v -0.040202 -0.760899 -0.066539
v -0.002786 -0.371797 -0.220803
v -0.003290 -0.372225 -0.426330
v -0.216565 -0.372225 -0.367805
v 0.215131 -0.372225 0.369625
v 0.370570 -0.372225 0.212302
v 0.192040 -0.372154 0.111988
v 0.367997 -0.372225 -0.214938
v 0.210675 -0.372225 -0.370377
v 0.108712 -0.371680 -0.191643
v 0.001855 -0.372225 0.428150
v 0.215131 -0.372225 0.369625
v 0.111043 -0.372444 0.193965
v -0.212109 -0.372225 0.372197
v 0.001855 -0.372225 0.428150
v -0.000093 -0.372679 0.224459
v 0.370570 -0.372225 0.212302
v 0.426523 -0.372225 -0.001662
v 0.221194 -0.371887 0.000494
v -0.113922 -0.372031 -0.190308
v -0.216565 -0.372225 -0.367805
v -0.372004 -0.372225 -0.210482
v 0.108712 -0.371680 -0.191643
v 0.210675 -0.372225 -0.370377
v -0.003290 -0.372225 -0.426330
v -0.194919 -0.372322 -0.108331
v -0.372004 -0.372225 -0.210482
v -0.427957 -0.372225 0.003482
v -0.224073 -0.372589 0.003163
v -0.427957 -0.372225 0.003482
v -0.369432 -0.372225 0.216757
v -0.193573 -0.372763 0.114300
v -0.369432 -0.372225 0.216757
v -0.212109 -0.372225 0.372197
v -0.002642 -0.436805 -0.318801
v -0.003290 -0.436805 -0.426330
v 0.210675 -0.436805 -0.370377
v -0.278557 -0.436805 -0.157278
v -0.372004 -0.436805 -0.210482
v -0.216565 -0.436805 -0.367805
v 0.426523 -0.436805 -0.001662
v 0.370570 -0.436805 0.212302
v 0.277124 -0.436805 0.159098
v -0.216565 -0.436805 -0.367805
v -0.003290 -0.436805 -0.426330
v -0.002642 -0.436805 -0.318801
v 0.277124 -0.436805 0.159098
v 0.370570 -0.436805 0.212302
v 0.215131 -0.436805 0.369625
v 0.157472 -0.436805 -0.276930
v 0.210675 -0.436805 -0.370377
v 0.367997 -0.436805 -0.214938
v 0.160805 -0.436805 0.276825
v 0.215131 -0.436805 0.369625
v 0.001855 -0.436805 0.428150
v 0.367997 -0.372225 -0.214938
v 0.426523 -0.372225 -0.001662
v 0.426523 -0.436805 -0.001662
v 0.210675 -0.372225 -0.370377
v 0.367997 -0.372225 -0.214938
v 0.367997 -0.436805 -0.214938
v -0.003290 -0.372225 -0.426330
v -0.003290 -0.436805 -0.426330
v -0.216565 -0.436805 -0.367805
v -0.216565 -0.372225 -0.367805
v -0.216565 -0.436805 -0.367805
v -0.372004 -0.436805 -0.210482
v -0.372004 -0.372225 -0.210482
v -0.372004 -0.436805 -0.210482
v -0.427957 -0.436805 0.003482
v -0.427957 -0.372225 0.003482
v -0.427957 -0.436805 0.003482
v -0.369432 -0.436805 0.216757
v -0.369432 -0.372225 0.216757
v -0.369432 -0.436805 0.216757
v -0.212109 -0.436805 0.372197
v 0.001855 -0.372225 0.428150
v -0.212109 -0.372225 0.372197
v -0.212109 -0.436805 0.372197
v 0.001855 -0.372225 0.428150
v 0.001855 -0.436805 0.428150
v 0.215131 -0.436805 0.369625
v 0.215131 -0.372225 0.369625
v 0.215131 -0.436805 0.369625
v 0.370570 -0.436805 0.212302
v 0.370570 -0.372225 0.212302
v 0.370570 -0.436805 0.212302
v 0.426523 -0.436805 -0.001662
v 0.210675 -0.372225 -0.370377
v 0.210675 -0.436805 -0.370377
v -0.003290 -0.436805 -0.426330
v -0.427957 -0.436805 0.003482
v -0.372004 -0.436805 -0.210482
v -0.278557 -0.436805 -0.157278
v -0.369432 -0.436805 0.216757
v -0.427957 -0.436805 0.003482
v -0.320427 -0.436805 0.002835
v -0.158906 -0.436805 0.278750
v -0.212109 -0.436805 0.372197
v -0.369432 -0.436805 0.216757
v 0.001208 -0.436805 0.320620
v 0.001855 -0.436805 0.428150
v -0.212109 -0.436805 0.372197
v 0.275199 -0.436805 -0.160612
v 0.367997 -0.436805 -0.214938
v 0.426523 -0.436805 -0.001662
v 0.108712 -0.371680 -0.191643
v -0.002786 -0.371797 -0.220803
v -0.002786 0.371797 -0.220803
v 0.190694 0.371713 -0.110643
v 0.367997 0.372225 -0.214938
v 0.426523 0.372225 -0.001662
vt 0.912154 0.935756
vt 0.909220 0.936455
vt 0.907088 0.938588
vt 0.522518 0.146153
vt 0.525452 0.145454
vt 0.527585 0.143321
vt 0.909749 0.993804
vt 0.913541 0.995993
vt 0.917333 0.993804
vt 0.291465 0.331792
vt 0.293691 0.334807
vt 0.293691 0.331792
vt 0.291465 0.334807
vt 0.293691 0.337823
vt 0.293691 0.334807
vt 0.293691 0.337823
vt 0.291465 0.340839
vt 0.293691 0.340839
vt 0.293691 0.331792
vt 0.291465 0.328775
vt 0.291465 0.331792
vt 0.293691 0.328775
vt 0.291465 0.325759
vt 0.291465 0.328775
vt 0.291465 0.325759
vt 0.293691 0.322744
vt 0.291465 0.322744
vt 0.291465 0.283955
vt 0.293691 0.271966
vt 0.291465 0.271966
vt 0.898375 0.990228
vt 0.886844 0.957400
vt 0.886844 0.990228
vt 0.293691 0.201110
vt 0.291465 0.204126
vt 0.293691 0.204126
vt 0.293691 0.198094
vt 0.291465 0.201110
vt 0.293691 0.201110
vt 0.293691 0.198094
vt 0.291465 0.195078
vt 0.291465 0.198094
vt 0.291465 0.207142
vt 0.293691 0.204126
vt 0.291465 0.204126
vt 0.291465 0.210158
vt 0.293691 0.207142
vt 0.291465 0.207142
vt 0.291465 0.210158
vt 0.293691 0.213174
vt 0.293691 0.210158
vt 0.528283 0.158545
vt 0.521716 0.154753
vt 0.519527 0.158545
vt 0.976707 0.385787
vt 0.977173 0.383533
vt 0.976707 0.383533
vt 0.976707 0.383533
vt 0.977173 0.381279
vt 0.976707 0.381279
vt 0.977173 0.381279
vt 0.976707 0.379025
vt 0.976707 0.381279
vt 0.977173 0.379025
vt 0.976707 0.376771
vt 0.976707 0.379025
vt 0.977173 0.376771
vt 0.976707 0.374517
vt 0.976707 0.376771
vt 0.977173 0.374517
vt 0.976707 0.372263
vt 0.976707 0.374517
vt 0.977173 0.372263
vt 0.976707 0.370008
vt 0.976707 0.372263
vt 0.977173 0.370008
vt 0.976707 0.367754
vt 0.976707 0.370008
vt 0.977173 0.367754
vt 0.976707 0.365500
vt 0.976707 0.367754
vt 0.977173 0.392549
vt 0.976707 0.390295
vt 0.976707 0.392549
vt 0.976707 0.193047
vt 0.977139 0.191082
vt 0.976707 0.191082
vt 0.977173 0.390295
vt 0.976707 0.388041
vt 0.976707 0.390295
vt 0.977173 0.388041
vt 0.976707 0.385787
vt 0.976707 0.388041
vt 0.982040 0.289573
vt 0.980017 0.288710
vt 0.979786 0.289573
vt 0.976707 0.284239
vt 0.978465 0.282919
vt 0.977834 0.282287
vt 0.982040 0.289573
vt 0.983361 0.287814
vt 0.981809 0.288710
vt 0.976707 0.284239
vt 0.977570 0.286262
vt 0.977570 0.284470
vt 0.985120 0.286493
vt 0.983361 0.287814
vt 0.983993 0.288446
vt 0.976707 0.286493
vt 0.978465 0.287814
vt 0.977570 0.286262
vt 0.985120 0.284239
vt 0.984257 0.286262
vt 0.985120 0.286493
vt 0.963140 0.931584
vt 0.955076 0.929792
vt 0.955076 0.931584
vt 0.963140 0.926208
vt 0.955076 0.924416
vt 0.955076 0.926208
vt 0.963140 0.945920
vt 0.955076 0.944128
vt 0.955076 0.945920
vt 0.963140 0.944128
vt 0.955076 0.942336
vt 0.955076 0.944128
vt 0.963140 0.942336
vt 0.955076 0.940544
vt 0.955076 0.942336
vt 0.963140 0.940544
vt 0.955076 0.938752
vt 0.955076 0.940544
vt 0.963140 0.938752
vt 0.955076 0.936960
vt 0.955076 0.938752
vt 0.963140 0.936960
vt 0.955076 0.935168
vt 0.955076 0.936960
vt 0.963140 0.935168
vt 0.955076 0.933376
vt 0.955076 0.935168
vt 0.963140 0.933376
vt 0.955076 0.931584
vt 0.955076 0.933376
vt 0.963140 0.929792
vt 0.955076 0.928000
vt 0.955076 0.929792
vt 0.979786 0.281160
vt 0.978465 0.282919
vt 0.980017 0.282023
vt 0.977834 0.288446
vt 0.980017 0.288710
vt 0.978465 0.287814
vt 0.979786 0.281160
vt 0.981809 0.282023
vt 0.982040 0.281160
vt 0.983993 0.282287
vt 0.981809 0.282023
vt 0.983361 0.282919
vt 0.983993 0.282287
vt 0.984257 0.284470
vt 0.985120 0.284239
vt 0.983599 0.271626
vt 0.982040 0.273147
vt 0.983993 0.272020
vt 0.981896 0.272608
vt 0.979786 0.273147
vt 0.982040 0.273147
vt 0.978228 0.271626
vt 0.979786 0.273147
vt 0.979931 0.272608
vt 0.978228 0.271626
vt 0.976707 0.270068
vt 0.977834 0.272020
vt 0.977245 0.267958
vt 0.976707 0.270068
vt 0.977245 0.269923
vt 0.978228 0.266255
vt 0.976707 0.267814
vt 0.977245 0.267958
vt 0.978228 0.266255
vt 0.979786 0.264734
vt 0.977834 0.265861
vt 0.979931 0.265273
vt 0.982040 0.264734
vt 0.979786 0.264734
vt 0.983599 0.266255
vt 0.982040 0.264734
vt 0.981896 0.265273
vt 0.983599 0.266255
vt 0.985120 0.267814
vt 0.983993 0.265861
vt 0.984581 0.269923
vt 0.985120 0.267814
vt 0.984581 0.267958
vt 0.983599 0.271626
vt 0.985120 0.270068
vt 0.984581 0.269923
vt 0.202928 0.123870
vt 0.202121 0.123144
vt 0.202121 0.123870
vt 0.976707 0.202875
vt 0.977139 0.200910
vt 0.976707 0.200910
vt 0.976707 0.185185
vt 0.977139 0.183219
vt 0.976707 0.183219
vt 0.976707 0.191082
vt 0.977139 0.189116
vt 0.976707 0.189116
vt 0.976707 0.198944
vt 0.977139 0.200910
vt 0.977139 0.198944
vt 0.976707 0.196978
vt 0.977139 0.195013
vt 0.976707 0.195013
vt 0.976707 0.183219
vt 0.977139 0.181253
vt 0.976707 0.181253
vt 0.976707 0.189116
vt 0.977139 0.187150
vt 0.976707 0.187150
vt 0.976707 0.198944
vt 0.977139 0.196978
vt 0.976707 0.196978
vt 0.976707 0.195013
vt 0.977139 0.193047
vt 0.976707 0.193047
vt 0.976707 0.181253
vt 0.977139 0.179288
vt 0.976707 0.179288
vt 0.976707 0.187150
vt 0.977139 0.185185
vt 0.976707 0.185185
vt 0.006168 0.018236
vt 0.004007 0.019623
vt 0.006168 0.019044
vt 0.006168 0.018236
vt 0.004990 0.015955
vt 0.004007 0.017657
vt 0.007271 0.017133
vt 0.004990 0.015955
vt 0.006572 0.017537
vt 0.007271 0.017133
vt 0.008657 0.014972
vt 0.006692 0.014972
vt 0.008778 0.017537
vt 0.008657 0.014972
vt 0.008078 0.017133
vt 0.008778 0.017537
vt 0.011343 0.017657
vt 0.010360 0.015955
vt 0.009181 0.018236
vt 0.011343 0.019623
vt 0.011343 0.017657
vt 0.009181 0.019044
vt 0.010360 0.021325
vt 0.011343 0.019623
vt 0.008078 0.020146
vt 0.010360 0.021325
vt 0.008778 0.019743
vt 0.008078 0.020146
vt 0.006692 0.022308
vt 0.008657 0.022308
vt 0.006572 0.019743
vt 0.006692 0.022308
vt 0.007271 0.020146
vt 0.006168 0.019044
vt 0.004990 0.021325
vt 0.006572 0.019743
vt 0.994414 0.718275
vt 0.992908 0.718679
vt 0.992504 0.720185
vt 0.205350 0.123870
vt 0.204543 0.123144
vt 0.204543 0.123870
vt 0.209387 0.123870
vt 0.208580 0.123144
vt 0.208580 0.123870
vt 0.202121 0.123870
vt 0.201313 0.123144
vt 0.201313 0.123870
vt 0.204543 0.123870
vt 0.203736 0.123144
vt 0.203736 0.123870
vt 0.207773 0.123870
vt 0.208580 0.123144
vt 0.207773 0.123144
vt 0.206965 0.123870
vt 0.206158 0.123144
vt 0.206158 0.123870
vt 0.201313 0.123870
vt 0.200506 0.123144
vt 0.200506 0.123870
vt 0.203736 0.123870
vt 0.202928 0.123144
vt 0.202928 0.123870
vt 0.207773 0.123870
vt 0.206965 0.123144
vt 0.206965 0.123870
vt 0.206158 0.123870
vt 0.205350 0.123144
vt 0.205350 0.123870
vt 0.200506 0.123870
vt 0.199699 0.123144
vt 0.199699 0.123870
vt 0.976707 0.337200
vt 0.977173 0.339454
vt 0.977173 0.337200
vt 0.976707 0.339454
vt 0.977173 0.341708
vt 0.977173 0.339454
vt 0.976707 0.343962
vt 0.977173 0.341708
vt 0.976707 0.341708
vt 0.976707 0.346217
vt 0.977173 0.343962
vt 0.976707 0.343962
vt 0.976707 0.348471
vt 0.977173 0.346217
vt 0.976707 0.346217
vt 0.976707 0.350725
vt 0.977173 0.348471
vt 0.976707 0.348471
vt 0.976707 0.352979
vt 0.977173 0.350725
vt 0.976707 0.350725
vt 0.976707 0.355233
vt 0.977173 0.352979
vt 0.976707 0.352979
vt 0.976707 0.357487
vt 0.977173 0.355233
vt 0.976707 0.355233
vt 0.976707 0.332692
vt 0.977173 0.330438
vt 0.976707 0.330438
vt 0.506175 0.096769
vt 0.506606 0.098735
vt 0.506606 0.096769
vt 0.976707 0.334946
vt 0.977173 0.332692
vt 0.976707 0.332692
vt 0.976707 0.337200
vt 0.977173 0.334946
vt 0.976707 0.334946
vt 0.977570 0.302688
vt 0.976707 0.300665
vt 0.976707 0.302919
vt 0.983361 0.304240
vt 0.982040 0.305999
vt 0.983993 0.304871
vt 0.976707 0.300665
vt 0.978465 0.299345
vt 0.977834 0.298713
vt 0.982040 0.305999
vt 0.980017 0.305136
vt 0.979786 0.305999
vt 0.978465 0.299345
vt 0.979786 0.297586
vt 0.977834 0.298713
vt 0.979786 0.305999
vt 0.978465 0.304240
vt 0.977834 0.304871
vt 0.980017 0.298449
vt 0.982040 0.297586
vt 0.979786 0.297586
vt 0.985120 0.302919
vt 0.983361 0.304240
vt 0.983993 0.304871
vt 0.977834 0.304871
vt 0.977570 0.302688
vt 0.976707 0.302919
vt 0.984257 0.300896
vt 0.985120 0.302919
vt 0.985120 0.300665
vt 0.983993 0.298713
vt 0.984257 0.300896
vt 0.985120 0.300665
vt 0.981809 0.298449
vt 0.983993 0.298713
vt 0.982040 0.297586
vt 0.978228 0.315533
vt 0.976707 0.317091
vt 0.977245 0.317236
vt 0.977245 0.317236
vt 0.976707 0.319345
vt 0.977245 0.319201
vt 0.976707 0.319345
vt 0.978228 0.320903
vt 0.977245 0.319201
vt 0.978228 0.320903
vt 0.979786 0.322425
vt 0.979931 0.321886
vt 0.979786 0.322425
vt 0.981896 0.321886
vt 0.979931 0.321886
vt 0.982040 0.322425
vt 0.983599 0.320903
vt 0.981896 0.321886
vt 0.983599 0.320903
vt 0.985120 0.319345
vt 0.984581 0.319201
vt 0.984581 0.319201
vt 0.985120 0.317091
vt 0.984581 0.317236
vt 0.985120 0.317091
vt 0.983599 0.315533
vt 0.984581 0.317236
vt 0.983599 0.315533
vt 0.982040 0.314012
vt 0.981896 0.314550
vt 0.982040 0.314012
vt 0.979931 0.314550
vt 0.981896 0.314550
vt 0.979786 0.314012
vt 0.978228 0.315533
vt 0.979931 0.314550
vt 0.158162 0.015656
vt 0.157436 0.014849
vt 0.157436 0.015656
vt 0.506175 0.106597
vt 0.506606 0.108563
vt 0.506606 0.106597
vt 0.506175 0.088907
vt 0.506606 0.090872
vt 0.506606 0.088907
vt 0.506175 0.094804
vt 0.506606 0.096769
vt 0.506606 0.094804
vt 0.506606 0.104632
vt 0.506175 0.106597
vt 0.506606 0.106597
vt 0.506175 0.100700
vt 0.506606 0.102666
vt 0.506606 0.100700
vt 0.506175 0.086941
vt 0.506606 0.088907
vt 0.506606 0.086941
vt 0.506175 0.092838
vt 0.506606 0.094804
vt 0.506606 0.092838
vt 0.506175 0.102666
vt 0.506606 0.104632
vt 0.506606 0.102666
vt 0.506175 0.098735
vt 0.506606 0.100700
vt 0.506606 0.098735
vt 0.506175 0.084975
vt 0.506606 0.086941
vt 0.506606 0.084975
vt 0.506175 0.090872
vt 0.506606 0.092838
vt 0.506606 0.090872
vt 0.984894 0.858881
vt 0.982733 0.857495
vt 0.982733 0.858302
vt 0.982733 0.857495
vt 0.983911 0.855213
vt 0.982329 0.856795
vt 0.983911 0.855213
vt 0.981630 0.856392
vt 0.982329 0.856795
vt 0.981630 0.856392
vt 0.980243 0.854230
vt 0.980822 0.856392
vt 0.980243 0.854230
vt 0.980123 0.856795
vt 0.980822 0.856392
vt 0.980123 0.856795
vt 0.977558 0.856915
vt 0.979719 0.857495
vt 0.979719 0.857495
vt 0.977558 0.858881
vt 0.979719 0.858302
vt 0.979719 0.858302
vt 0.978541 0.860583
vt 0.980123 0.859001
vt 0.978541 0.860583
vt 0.980822 0.859405
vt 0.980123 0.859001
vt 0.980822 0.859405
vt 0.982209 0.861566
vt 0.981630 0.859405
vt 0.982209 0.861566
vt 0.982329 0.859001
vt 0.981630 0.859405
vt 0.983911 0.860583
vt 0.982733 0.858302
vt 0.982329 0.859001
vt 0.995517 0.730405
vt 0.994414 0.729302
vt 0.992504 0.731212
vt 0.158162 0.013234
vt 0.157436 0.012427
vt 0.157436 0.013234
vt 0.158162 0.009197
vt 0.157436 0.008390
vt 0.157436 0.009197
vt 0.158162 0.016463
vt 0.157436 0.015656
vt 0.157436 0.016463
vt 0.158162 0.014041
vt 0.157436 0.013234
vt 0.157436 0.014041
vt 0.157436 0.010004
vt 0.158162 0.009197
vt 0.157436 0.009197
vt 0.158162 0.011619
vt 0.157436 0.010812
vt 0.157436 0.011619
vt 0.158162 0.017271
vt 0.157436 0.016463
vt 0.157436 0.017271
vt 0.158162 0.014849
vt 0.157436 0.014041
vt 0.157436 0.014849
vt 0.158162 0.010812
vt 0.157436 0.010004
vt 0.157436 0.010812
vt 0.158162 0.012427
vt 0.157436 0.011619
vt 0.157436 0.012427
vt 0.158162 0.018078
vt 0.157436 0.017271
vt 0.157436 0.018078
vt 0.963140 0.928000
vt 0.955076 0.926208
vt 0.955076 0.928000
vt 0.989328 0.678990
vt 0.988987 0.681307
vt 0.989517 0.681332
vt 0.990065 0.677260
vt 0.989328 0.678990
vt 0.989471 0.679609
vt 0.989471 0.679609
vt 0.989845 0.681882
vt 0.989297 0.681908
vt 0.989297 0.681908
vt 0.989526 0.682351
vt 0.988987 0.681307
vt 0.989526 0.682351
vt 0.989845 0.681882
vt 0.989517 0.681332
vt 0.989328 0.678990
vt 0.989755 0.680567
vt 0.989471 0.679609
vt 0.989315 0.680314
vt 0.989845 0.681882
vt 0.989755 0.680567
vt 0.989374 0.680600
vt 0.988987 0.681307
vt 0.987267 0.679806
vt 0.988200 0.486955
vt 0.987860 0.489272
vt 0.988389 0.489297
vt 0.988938 0.485224
vt 0.988200 0.486955
vt 0.988344 0.487574
vt 0.988344 0.487574
vt 0.988717 0.489847
vt 0.988169 0.489873
vt 0.987860 0.489272
vt 0.988938 0.492522
vt 0.988398 0.490316
vt 0.988398 0.490316
vt 0.988717 0.489847
vt 0.988389 0.489297
vt 0.988200 0.486955
vt 0.988627 0.488532
vt 0.988344 0.487574
vt 0.988188 0.488279
vt 0.988717 0.489847
vt 0.988627 0.488532
vt 0.988169 0.489873
vt 0.986139 0.487770
vt 0.988247 0.488565
vt 0.527697 0.088105
vt 0.523905 0.085916
vt 0.520113 0.088105
vt 0.516753 0.107559
vt 0.528283 0.140387
vt 0.528283 0.107559
vt 0.293691 0.246002
vt 0.291465 0.213174
vt 0.291465 0.246002
vt 0.895601 0.940135
vt 0.889034 0.936343
vt 0.886844 0.940135
vt 0.522518 0.214403
vt 0.525452 0.213704
vt 0.528283 0.208638
vt 0.887543 0.993162
vt 0.889676 0.995294
vt 0.892610 0.995993
vt 0.944736 0.516499
vt 0.942509 0.483671
vt 0.942509 0.516499
vt 0.293691 0.263952
vt 0.291465 0.251963
vt 0.291465 0.263952
vt 0.528283 0.175810
vt 0.516753 0.208638
vt 0.528283 0.208638
vt 0.944736 0.533764
vt 0.942509 0.521775
vt 0.942509 0.533764
vt 0.906389 0.974350
vt 0.917919 0.941522
vt 0.906389 0.941522
vt 0.291465 0.322744
vt 0.293691 0.289916
vt 0.291465 0.289916
vt 0.946931 0.852711
vt 0.944704 0.885539
vt 0.946931 0.885539
vt 0.946931 0.890815
vt 0.944704 0.902804
vt 0.946931 0.902804
vt 0.895601 0.952124
vt 0.886844 0.957400
vt 0.898375 0.957400
vt 0.519527 0.170534
vt 0.528283 0.175810
vt 0.528283 0.170534
vt 0.942509 0.516499
vt 0.944736 0.521775
vt 0.944736 0.516499
vt 0.291465 0.246002
vt 0.293691 0.251963
vt 0.293691 0.246002
vt 0.917919 0.974350
vt 0.909163 0.979626
vt 0.917919 0.979626
vt 0.528283 0.107559
vt 0.519527 0.102283
vt 0.516753 0.107559
vt 0.944704 0.885539
vt 0.946931 0.890815
vt 0.946931 0.885539
vt 0.293691 0.289916
vt 0.291465 0.283955
vt 0.291465 0.289916
vt 0.944704 0.902804
vt 0.946931 0.905070
vt 0.946931 0.902804
vt 0.944704 0.905070
vt 0.946931 0.907337
vt 0.946931 0.905070
vt 0.944704 0.907337
vt 0.946931 0.909603
vt 0.946931 0.907337
vt 0.946931 0.916402
vt 0.944704 0.914136
vt 0.944704 0.916402
vt 0.946931 0.914136
vt 0.944704 0.911870
vt 0.944704 0.914136
vt 0.946931 0.911870
vt 0.944704 0.909603
vt 0.944704 0.911870
vt 0.942509 0.533764
vt 0.944736 0.536030
vt 0.944736 0.533764
vt 0.942509 0.536030
vt 0.944736 0.538297
vt 0.944736 0.536030
vt 0.942509 0.538297
vt 0.944736 0.540563
vt 0.944736 0.538297
vt 0.944736 0.547363
vt 0.942509 0.545096
vt 0.942509 0.547363
vt 0.944736 0.545096
vt 0.942509 0.542830
vt 0.942509 0.545096
vt 0.944736 0.542830
vt 0.942509 0.540563
vt 0.942509 0.542830
vt 0.317991 0.041156
vt 0.320738 0.039363
vt 0.317991 0.039363
vt 0.320738 0.035778
vt 0.317991 0.033985
vt 0.317991 0.035778
vt 0.320738 0.033985
vt 0.317991 0.032192
vt 0.317991 0.033985
vt 0.320738 0.032192
vt 0.317991 0.030400
vt 0.317991 0.032192
vt 0.320738 0.030400
vt 0.317991 0.028607
vt 0.317991 0.030400
vt 0.320738 0.028607
vt 0.317991 0.026815
vt 0.317991 0.028607
vt 0.320738 0.026815
vt 0.317991 0.025022
vt 0.317991 0.026815
vt 0.320738 0.025022
vt 0.317991 0.023229
vt 0.317991 0.025022
vt 0.320738 0.044741
vt 0.317991 0.042948
vt 0.317991 0.044741
vt 0.320738 0.042948
vt 0.317991 0.041156
vt 0.317991 0.042948
vt 0.317991 0.039363
vt 0.320738 0.037570
vt 0.317991 0.037570
vt 0.320738 0.037570
vt 0.317991 0.035778
vt 0.317991 0.037570
vt 0.884682 0.017761
vt 0.883601 0.019411
vt 0.884682 0.019694
vt 0.883736 0.021363
vt 0.883601 0.019411
vt 0.882917 0.020580
vt 0.882061 0.022353
vt 0.882917 0.020580
vt 0.881741 0.021250
vt 0.880085 0.022364
vt 0.881741 0.021250
vt 0.880391 0.021233
vt 0.880085 0.022364
vt 0.879217 0.020566
vt 0.878389 0.021357
vt 0.878389 0.021357
vt 0.878532 0.019392
vt 0.877443 0.019672
vt 0.877452 0.017725
vt 0.878532 0.019392
vt 0.878569 0.018040
vt 0.878459 0.016043
vt 0.878569 0.018040
vt 0.879237 0.016873
vt 0.878459 0.016043
vt 0.880408 0.016210
vt 0.880150 0.015116
vt 0.882048 0.015144
vt 0.880408 0.016210
vt 0.881756 0.016210
vt 0.883698 0.016088
vt 0.881756 0.016210
vt 0.882915 0.016898
vt 0.884682 0.017761
vt 0.882915 0.016898
vt 0.883571 0.018066
vt 0.731319 0.041285
vt 0.730037 0.041723
vt 0.731319 0.041723
vt 0.881876 0.018944
vt 0.883571 0.018066
vt 0.881877 0.018513
vt 0.881876 0.018944
vt 0.882917 0.020580
vt 0.883601 0.019411
vt 0.881660 0.019319
vt 0.881741 0.021250
vt 0.882917 0.020580
vt 0.880853 0.019533
vt 0.881741 0.021250
vt 0.881285 0.019534
vt 0.880853 0.019533
vt 0.879217 0.020566
vt 0.880391 0.021233
vt 0.880264 0.018941
vt 0.879217 0.020566
vt 0.880479 0.019316
vt 0.880266 0.018508
vt 0.878532 0.019392
vt 0.880264 0.018941
vt 0.880483 0.018135
vt 0.878569 0.018040
vt 0.880266 0.018508
vt 0.880483 0.018135
vt 0.880408 0.016210
vt 0.879237 0.016873
vt 0.880858 0.017921
vt 0.881756 0.016210
vt 0.880408 0.016210
vt 0.881662 0.018140
vt 0.881756 0.016210
vt 0.881290 0.017923
vt 0.881877 0.018513
vt 0.882915 0.016898
vt 0.881662 0.018140
vt 0.987865 0.666094
vt 0.988902 0.665057
vt 0.987486 0.664678
vt 0.731319 0.044352
vt 0.730037 0.044790
vt 0.731319 0.044790
vt 0.731319 0.043037
vt 0.730037 0.043476
vt 0.731319 0.043476
vt 0.731319 0.040847
vt 0.730037 0.041285
vt 0.731319 0.041285
vt 0.731319 0.041723
vt 0.730037 0.042161
vt 0.731319 0.042161
vt 0.731319 0.044790
vt 0.730037 0.045229
vt 0.731319 0.045229
vt 0.731319 0.043476
vt 0.730037 0.043914
vt 0.731319 0.043914
vt 0.731319 0.042161
vt 0.730037 0.042599
vt 0.731319 0.042599
vt 0.731319 0.039970
vt 0.730037 0.040408
vt 0.731319 0.040408
vt 0.731319 0.043914
vt 0.730037 0.044352
vt 0.731319 0.044352
vt 0.731319 0.042599
vt 0.730037 0.043037
vt 0.731319 0.043037
vt 0.731319 0.040408
vt 0.730037 0.040847
vt 0.731319 0.040847
vt 0.248758 0.022127
vt 0.251524 0.022622
vt 0.250900 0.021541
vt 0.255559 0.021541
vt 0.257698 0.019732
vt 0.255559 0.020293
vt 0.252605 0.023246
vt 0.254426 0.025400
vt 0.253854 0.023246
vt 0.255559 0.020293
vt 0.256501 0.017657
vt 0.254935 0.019212
vt 0.254935 0.019212
vt 0.254426 0.016459
vt 0.253854 0.018588
vt 0.846101 0.041383
vt 0.847349 0.033331
vt 0.846101 0.033331
vt 0.849846 0.041387
vt 0.851094 0.033324
vt 0.849846 0.033327
vt 0.836114 0.041390
vt 0.837362 0.033321
vt 0.836114 0.033324
vt 0.837362 0.041393
vt 0.838611 0.033319
vt 0.837362 0.033321
vt 0.838611 0.041395
vt 0.839859 0.033319
vt 0.838611 0.033319
vt 0.839859 0.041395
vt 0.841107 0.033320
vt 0.839859 0.033319
vt 0.841107 0.041394
vt 0.842356 0.033323
vt 0.841107 0.033320
vt 0.842356 0.041391
vt 0.843604 0.033326
vt 0.842356 0.033323
vt 0.843604 0.041388
vt 0.844852 0.033329
vt 0.843604 0.033326
vt 0.844852 0.033329
vt 0.846101 0.041383
vt 0.846101 0.033331
vt 0.848597 0.041384
vt 0.849846 0.033327
vt 0.848597 0.033330
vt 0.254935 0.022622
vt 0.257698 0.022127
vt 0.255559 0.021541
vt 0.248758 0.019732
vt 0.250900 0.021541
vt 0.250900 0.020293
vt 0.249956 0.024202
vt 0.252605 0.023246
vt 0.251524 0.022622
vt 0.249956 0.017657
vt 0.250900 0.020293
vt 0.251524 0.019212
vt 0.837312 0.017563
vt 0.838268 0.020210
vt 0.838892 0.019129
vt 0.252030 0.016459
vt 0.251524 0.019212
vt 0.252605 0.018588
vt 0.254426 0.016459
vt 0.252605 0.018588
vt 0.253854 0.018588
vt 0.190740 0.022843
vt 0.189489 0.024864
vt 0.191563 0.023667
vt 0.191636 0.021290
vt 0.192761 0.019197
vt 0.191636 0.019498
vt 0.184946 0.021291
vt 0.185019 0.023667
vt 0.185842 0.022843
vt 0.190740 0.022843
vt 0.192761 0.021592
vt 0.191636 0.021290
vt 0.184946 0.021291
vt 0.183821 0.019197
vt 0.183821 0.021592
vt 0.189187 0.023739
vt 0.187093 0.024864
vt 0.189489 0.024864
vt 0.184946 0.019498
vt 0.185019 0.017122
vt 0.183821 0.019197
vt 0.972606 0.713151
vt 0.971907 0.715547
vt 0.972606 0.715547
vt 0.971907 0.710756
vt 0.972606 0.713151
vt 0.972606 0.710756
vt 0.971907 0.705964
vt 0.972606 0.708360
vt 0.972606 0.705964
vt 0.971907 0.703569
vt 0.972606 0.705964
vt 0.972606 0.703569
vt 0.971907 0.729920
vt 0.972606 0.732315
vt 0.972606 0.729920
vt 0.971907 0.727524
vt 0.972606 0.729920
vt 0.972606 0.727524
vt 0.972606 0.725129
vt 0.971907 0.727524
vt 0.972606 0.727524
vt 0.971907 0.722733
vt 0.972606 0.725129
vt 0.972606 0.722733
vt 0.971907 0.720338
vt 0.972606 0.722733
vt 0.972606 0.720338
vt 0.971907 0.717942
vt 0.972606 0.720338
vt 0.972606 0.717942
vt 0.971907 0.715547
vt 0.972606 0.717942
vt 0.972606 0.715547
vt 0.972606 0.708360
vt 0.971907 0.710756
vt 0.972606 0.710756
vt 0.191636 0.019498
vt 0.191563 0.017122
vt 0.190740 0.017945
vt 0.190740 0.017945
vt 0.189489 0.015924
vt 0.189187 0.017049
vt 0.187395 0.017049
vt 0.189489 0.015924
vt 0.187093 0.015924
vt 0.185842 0.017945
vt 0.187093 0.015924
vt 0.185019 0.017122
vt 0.187395 0.023739
vt 0.185019 0.023667
vt 0.187093 0.024864
vt 0.972289 0.978067
vt 0.975036 0.979860
vt 0.975036 0.978067
vt 0.972289 0.985238
vt 0.975036 0.983445
vt 0.972289 0.983445
vt 0.972289 0.987030
vt 0.975036 0.985238
vt 0.972289 0.985238
vt 0.972289 0.988823
vt 0.975036 0.987030
vt 0.972289 0.987030
vt 0.972289 0.990615
vt 0.975036 0.988823
vt 0.972289 0.988823
vt 0.972289 0.992408
vt 0.975036 0.990615
vt 0.972289 0.990615
vt 0.972289 0.994201
vt 0.975036 0.992408
vt 0.972289 0.992408
vt 0.972289 0.995993
vt 0.975036 0.994201
vt 0.972289 0.994201
vt 0.972289 0.976274
vt 0.975036 0.974482
vt 0.972289 0.974482
vt 0.972289 0.978067
vt 0.975036 0.976275
vt 0.972289 0.976274
vt 0.972289 0.979860
vt 0.975036 0.981652
vt 0.975036 0.979860
vt 0.972289 0.981652
vt 0.975036 0.983445
vt 0.975036 0.981652
vt 0.897572 0.018048
vt 0.897439 0.016107
vt 0.896484 0.017771
vt 0.896474 0.019672
vt 0.897572 0.018048
vt 0.896484 0.017771
vt 0.897402 0.021344
vt 0.897546 0.019396
vt 0.896474 0.019672
vt 0.899079 0.022356
vt 0.898226 0.020563
vt 0.897402 0.021344
vt 0.900739 0.021262
vt 0.899079 0.022356
vt 0.901043 0.022363
vt 0.901929 0.020608
vt 0.901043 0.022363
vt 0.902720 0.021406
vt 0.903710 0.019726
vt 0.901929 0.020608
vt 0.902720 0.021406
vt 0.903710 0.017757
vt 0.902585 0.019425
vt 0.903710 0.019726
vt 0.901939 0.016900
vt 0.903710 0.017757
vt 0.902725 0.016074
vt 0.901037 0.015121
vt 0.901939 0.016900
vt 0.902725 0.016074
vt 0.899421 0.016221
vt 0.901037 0.015121
vt 0.899103 0.015134
vt 0.897439 0.016107
vt 0.899421 0.016221
vt 0.899103 0.015134
vt 0.488626 0.018530
vt 0.488272 0.018092
vt 0.488272 0.018530
vt 0.898253 0.016889
vt 0.899280 0.018515
vt 0.899498 0.018143
vt 0.899280 0.018515
vt 0.897546 0.019396
vt 0.899276 0.018946
vt 0.899276 0.018946
vt 0.898226 0.020563
vt 0.899489 0.019321
vt 0.898226 0.020563
vt 0.899861 0.019541
vt 0.899489 0.019321
vt 0.899861 0.019541
vt 0.900739 0.021262
vt 0.900293 0.019544
vt 0.900739 0.021262
vt 0.900669 0.019331
vt 0.900293 0.019544
vt 0.900669 0.019331
vt 0.902585 0.019425
vt 0.900886 0.018958
vt 0.902585 0.019425
vt 0.900890 0.018528
vt 0.900886 0.018958
vt 0.900890 0.018528
vt 0.901939 0.016900
vt 0.900676 0.018152
vt 0.900676 0.018152
vt 0.900770 0.016226
vt 0.900304 0.017934
vt 0.900770 0.016226
vt 0.899872 0.017931
vt 0.900304 0.017934
vt 0.899421 0.016221
vt 0.899498 0.018143
vt 0.899872 0.017931
vt 0.985152 0.180366
vt 0.985751 0.180964
vt 0.986788 0.179927
vt 0.488626 0.021597
vt 0.488272 0.021159
vt 0.488272 0.021597
vt 0.488626 0.020283
vt 0.488272 0.019845
vt 0.488272 0.020283
vt 0.488626 0.018092
vt 0.488272 0.017653
vt 0.488272 0.018092
vt 0.488626 0.018968
vt 0.488272 0.018530
vt 0.488272 0.018968
vt 0.488626 0.022035
vt 0.488272 0.021597
vt 0.488272 0.022035
vt 0.488626 0.020721
vt 0.488272 0.020283
vt 0.488272 0.020721
vt 0.488626 0.019406
vt 0.488272 0.018968
vt 0.488272 0.019406
vt 0.488626 0.017215
vt 0.488272 0.016777
vt 0.488272 0.017215
vt 0.488626 0.021159
vt 0.488272 0.020721
vt 0.488272 0.021159
vt 0.488626 0.019845
vt 0.488272 0.019406
vt 0.488272 0.019845
vt 0.488626 0.017653
vt 0.488272 0.017215
vt 0.488272 0.017653
vt 0.838892 0.022539
vt 0.839387 0.025305
vt 0.839973 0.023163
vt 0.841782 0.016365
vt 0.839973 0.018504
vt 0.841221 0.018504
vt 0.836114 0.019637
vt 0.838268 0.021458
vt 0.838268 0.020210
vt 0.843857 0.017563
vt 0.841221 0.018504
vt 0.842302 0.019129
vt 0.845055 0.019637
vt 0.842302 0.019129
vt 0.842926 0.020210
vt 0.839387 0.016365
vt 0.838892 0.019129
vt 0.839973 0.018504
vt 0.839973 0.023163
vt 0.841782 0.025305
vt 0.841221 0.023163
vt 0.838268 0.021458
vt 0.837312 0.024108
vt 0.838892 0.022539
vt 0.841221 0.023163
vt 0.843857 0.024108
vt 0.842302 0.022539
vt 0.842302 0.022539
vt 0.845055 0.022033
vt 0.842926 0.021458
vt 0.842926 0.021458
vt 0.845055 0.019637
vt 0.842926 0.020210
vt 0.660148 0.017855
vt 0.658897 0.015834
vt 0.658596 0.016959
vt 0.661044 0.021200
vt 0.662169 0.019106
vt 0.661044 0.019408
vt 0.654427 0.017032
vt 0.654354 0.019408
vt 0.655250 0.017855
vt 0.662169 0.019106
vt 0.660148 0.017855
vt 0.661044 0.019408
vt 0.654354 0.019408
vt 0.653229 0.021502
vt 0.654354 0.021200
vt 0.658596 0.016959
vt 0.656501 0.015834
vt 0.656803 0.016959
vt 0.654354 0.021200
vt 0.654427 0.023576
vt 0.655250 0.022753
vt 0.211839 0.068372
vt 0.212538 0.070768
vt 0.212538 0.068372
vt 0.211839 0.065977
vt 0.212538 0.068372
vt 0.212538 0.065977
vt 0.211839 0.063581
vt 0.212538 0.061186
vt 0.211839 0.061186
vt 0.211839 0.061186
vt 0.212538 0.058790
vt 0.211839 0.058790
vt 0.211839 0.087537
vt 0.212538 0.085141
vt 0.211839 0.085141
vt 0.211839 0.085141
vt 0.212538 0.082745
vt 0.211839 0.082745
vt 0.211839 0.082745
vt 0.212538 0.080350
vt 0.211839 0.080350
vt 0.211839 0.077954
vt 0.212538 0.080350
vt 0.212538 0.077954
vt 0.211839 0.077954
vt 0.212538 0.075559
vt 0.211839 0.075559
vt 0.211839 0.075559
vt 0.212538 0.073163
vt 0.211839 0.073163
vt 0.211839 0.073163
vt 0.212538 0.070768
vt 0.211839 0.070768
vt 0.211839 0.065977
vt 0.212538 0.063581
vt 0.211839 0.063581
vt 0.660972 0.023576
vt 0.661044 0.021200
vt 0.660148 0.022753
vt 0.658897 0.024774
vt 0.660148 0.022753
vt 0.658596 0.023649
vt 0.656803 0.023649
vt 0.658897 0.024774
vt 0.658596 0.023649
vt 0.655250 0.022753
vt 0.656501 0.024774
vt 0.656803 0.023649
vt 0.656803 0.016959
vt 0.654427 0.017032
vt 0.655250 0.017855
vt 0.847349 0.041383
vt 0.848597 0.033330
vt 0.847349 0.033331
vt 0.253854 0.023246
vt 0.256501 0.024202
vt 0.254935 0.022622
vt 0.907088 0.938588
vt 0.906389 0.941522
vt 0.912154 0.935756
vt 0.906389 0.941522
vt 0.917919 0.941522
vt 0.912154 0.935756
vt 0.917919 0.941522
vt 0.917220 0.938588
vt 0.915088 0.936455
vt 0.915088 0.936455
vt 0.912154 0.935756
vt 0.917919 0.941522
vt 0.527585 0.143321
vt 0.528283 0.140387
vt 0.522518 0.146153
vt 0.528283 0.140387
vt 0.516753 0.140387
vt 0.522518 0.146153
vt 0.516753 0.140387
vt 0.517452 0.143321
vt 0.519584 0.145454
vt 0.519584 0.145454
vt 0.522518 0.146153
vt 0.516753 0.140387
vt 0.909163 0.979626
vt 0.909163 0.991615
vt 0.917919 0.979626
vt 0.909163 0.991615
vt 0.909749 0.993804
vt 0.917919 0.991615
vt 0.917919 0.979626
vt 0.909163 0.991615
vt 0.917919 0.991615
vt 0.909749 0.993804
vt 0.911352 0.995407
vt 0.913541 0.995993
vt 0.913541 0.995993
vt 0.915730 0.995407
vt 0.917333 0.993804
vt 0.917333 0.993804
vt 0.917919 0.991615
vt 0.909749 0.993804
vt 0.291465 0.331792
vt 0.291465 0.334807
vt 0.293691 0.334807
vt 0.291465 0.334807
vt 0.291465 0.337823
vt 0.293691 0.337823
vt 0.293691 0.337823
vt 0.291465 0.337823
vt 0.291465 0.340839
vt 0.293691 0.331792
vt 0.293691 0.328775
vt 0.291465 0.328775
vt 0.293691 0.328775
vt 0.293691 0.325759
vt 0.291465 0.325759
vt 0.291465 0.325759
vt 0.293691 0.325759
vt 0.293691 0.322744
vt 0.291465 0.283955
vt 0.293691 0.283955
vt 0.293691 0.271966
vt 0.898375 0.990228
vt 0.898375 0.957400
vt 0.886844 0.957400
vt 0.293691 0.201110
vt 0.291465 0.201110
vt 0.291465 0.204126
vt 0.293691 0.198094
vt 0.291465 0.198094
vt 0.291465 0.201110
vt 0.293691 0.198094
vt 0.293691 0.195078
vt 0.291465 0.195078
vt 0.291465 0.207142
vt 0.293691 0.207142
vt 0.293691 0.204126
vt 0.291465 0.210158
vt 0.293691 0.210158
vt 0.293691 0.207142
vt 0.291465 0.210158
vt 0.291465 0.213174
vt 0.293691 0.213174
vt 0.519527 0.170534
vt 0.528283 0.170534
vt 0.519527 0.158545
vt 0.528283 0.170534
vt 0.528283 0.158545
vt 0.519527 0.158545
vt 0.528283 0.158545
vt 0.527697 0.156356
vt 0.526094 0.154753
vt 0.526094 0.154753
vt 0.523905 0.154166
vt 0.528283 0.158545
vt 0.523905 0.154166
vt 0.521716 0.154753
vt 0.528283 0.158545
vt 0.521716 0.154753
vt 0.520113 0.156356
vt 0.519527 0.158545
vt 0.976707 0.385787
vt 0.977173 0.385787
vt 0.977173 0.383533
vt 0.976707 0.383533
vt 0.977173 0.383533
vt 0.977173 0.381279
vt 0.977173 0.381279
vt 0.977173 0.379025
vt 0.976707 0.379025
vt 0.977173 0.379025
vt 0.977173 0.376771
vt 0.976707 0.376771
vt 0.977173 0.376771
vt 0.977173 0.374517
vt 0.976707 0.374517
vt 0.977173 0.374517
vt 0.977173 0.372263
vt 0.976707 0.372263
vt 0.977173 0.372263
vt 0.977173 0.370008
vt 0.976707 0.370008
vt 0.977173 0.370008
vt 0.977173 0.367754
vt 0.976707 0.367754
vt 0.977173 0.367754
vt 0.977173 0.365500
vt 0.976707 0.365500
vt 0.977173 0.392549
vt 0.977173 0.390295
vt 0.976707 0.390295
vt 0.976707 0.193047
vt 0.977139 0.193047
vt 0.977139 0.191082
vt 0.977173 0.390295
vt 0.977173 0.388041
vt 0.976707 0.388041
vt 0.977173 0.388041
vt 0.977173 0.385787
vt 0.976707 0.385787
vt 0.982040 0.289573
vt 0.981809 0.288710
vt 0.980017 0.288710
vt 0.976707 0.284239
vt 0.977570 0.284470
vt 0.978465 0.282919
vt 0.982040 0.289573
vt 0.983993 0.288446
vt 0.983361 0.287814
vt 0.976707 0.284239
vt 0.976707 0.286493
vt 0.977570 0.286262
vt 0.985120 0.286493
vt 0.984257 0.286262
vt 0.983361 0.287814
vt 0.976707 0.286493
vt 0.977834 0.288446
vt 0.978465 0.287814
vt 0.985120 0.284239
vt 0.984257 0.284470
vt 0.984257 0.286262
vt 0.963140 0.931584
vt 0.963140 0.929792
vt 0.955076 0.929792
vt 0.963140 0.926208
vt 0.963140 0.924416
vt 0.955076 0.924416
vt 0.963140 0.945920
vt 0.963140 0.944128
vt 0.955076 0.944128
vt 0.963140 0.944128
vt 0.963140 0.942336
vt 0.955076 0.942336
vt 0.963140 0.942336
vt 0.963140 0.940544
vt 0.955076 0.940544
vt 0.963140 0.940544
vt 0.963140 0.938752
vt 0.955076 0.938752
vt 0.963140 0.938752
vt 0.963140 0.936960
vt 0.955076 0.936960
vt 0.963140 0.936960
vt 0.963140 0.935168
vt 0.955076 0.935168
vt 0.963140 0.935168
vt 0.963140 0.933376
vt 0.955076 0.933376
vt 0.963140 0.933376
vt 0.963140 0.931584
vt 0.955076 0.931584
vt 0.963140 0.929792
vt 0.963140 0.928000
vt 0.955076 0.928000
vt 0.979786 0.281160
vt 0.977834 0.282287
vt 0.978465 0.282919
vt 0.977834 0.288446
vt 0.979786 0.289573
vt 0.980017 0.288710
vt 0.979786 0.281160
vt 0.980017 0.282023
vt 0.981809 0.282023
vt 0.983993 0.282287
vt 0.982040 0.281160
vt 0.981809 0.282023
vt 0.983993 0.282287
vt 0.983361 0.282919
vt 0.984257 0.284470
vt 0.983599 0.271626
vt 0.981896 0.272608
vt 0.982040 0.273147
vt 0.981896 0.272608
vt 0.979931 0.272608
vt 0.979786 0.273147
vt 0.978228 0.271626
vt 0.977834 0.272020
vt 0.979786 0.273147
vt 0.978228 0.271626
vt 0.977245 0.269923
vt 0.976707 0.270068
vt 0.977245 0.267958
vt 0.976707 0.267814
vt 0.976707 0.270068
vt 0.978228 0.266255
vt 0.977834 0.265861
vt 0.976707 0.267814
vt 0.978228 0.266255
vt 0.979931 0.265273
vt 0.979786 0.264734
vt 0.979931 0.265273
vt 0.981896 0.265273
vt 0.982040 0.264734
vt 0.983599 0.266255
vt 0.983993 0.265861
vt 0.982040 0.264734
vt 0.983599 0.266255
vt 0.984581 0.267958
vt 0.985120 0.267814
vt 0.984581 0.269923
vt 0.985120 0.270068
vt 0.985120 0.267814
vt 0.983599 0.271626
vt 0.983993 0.272020
vt 0.985120 0.270068
vt 0.202928 0.123870
vt 0.202928 0.123144
vt 0.202121 0.123144
vt 0.976707 0.202875
vt 0.977139 0.202875
vt 0.977139 0.200910
vt 0.976707 0.185185
vt 0.977139 0.185185
vt 0.977139 0.183219
vt 0.976707 0.191082
vt 0.977139 0.191082
vt 0.977139 0.189116
vt 0.976707 0.198944
vt 0.976707 0.200910
vt 0.977139 0.200910
vt 0.976707 0.196978
vt 0.977139 0.196978
vt 0.977139 0.195013
vt 0.976707 0.183219
vt 0.977139 0.183219
vt 0.977139 0.181253
vt 0.976707 0.189116
vt 0.977139 0.189116
vt 0.977139 0.187150
vt 0.976707 0.198944
vt 0.977139 0.198944
vt 0.977139 0.196978
vt 0.976707 0.195013
vt 0.977139 0.195013
vt 0.977139 0.193047
vt 0.976707 0.181253
vt 0.977139 0.181253
vt 0.977139 0.179288
vt 0.976707 0.187150
vt 0.977139 0.187150
vt 0.977139 0.185185
vt 0.006168 0.018236
vt 0.004007 0.017657
vt 0.004007 0.019623
vt 0.006168 0.018236
vt 0.006572 0.017537
vt 0.004990 0.015955
vt 0.007271 0.017133
vt 0.006692 0.014972
vt 0.004990 0.015955
vt 0.007271 0.017133
vt 0.008078 0.017133
vt 0.008657 0.014972
vt 0.008778 0.017537
vt 0.010360 0.015955
vt 0.008657 0.014972
vt 0.008778 0.017537
vt 0.009181 0.018236
vt 0.011343 0.017657
vt 0.009181 0.018236
vt 0.009181 0.019044
vt 0.011343 0.019623
vt 0.009181 0.019044
vt 0.008778 0.019743
vt 0.010360 0.021325
vt 0.008078 0.020146
vt 0.008657 0.022308
vt 0.010360 0.021325
vt 0.008078 0.020146
vt 0.007271 0.020146
vt 0.006692 0.022308
vt 0.006572 0.019743
vt 0.004990 0.021325
vt 0.006692 0.022308
vt 0.006168 0.019044
vt 0.004007 0.019623
vt 0.004990 0.021325
vt 0.992504 0.720185
vt 0.992908 0.720885
vt 0.993607 0.721288
vt 0.993607 0.721288
vt 0.994414 0.721288
vt 0.995114 0.720885
vt 0.995114 0.720885
vt 0.995517 0.720185
vt 0.995517 0.719378
vt 0.995517 0.719378
vt 0.995114 0.718679
vt 0.994414 0.718275
vt 0.994414 0.718275
vt 0.993607 0.718275
vt 0.992908 0.718679
vt 0.992908 0.718679
vt 0.992504 0.719378
vt 0.992504 0.720185
vt 0.992504 0.720185
vt 0.993607 0.721288
vt 0.995114 0.720885
vt 0.995114 0.720885
vt 0.995517 0.719378
vt 0.992504 0.720185
vt 0.995517 0.719378
vt 0.994414 0.718275
vt 0.992504 0.720185
vt 0.205350 0.123870
vt 0.205350 0.123144
vt 0.204543 0.123144
vt 0.209387 0.123870
vt 0.209387 0.123144
vt 0.208580 0.123144
vt 0.202121 0.123870
vt 0.202121 0.123144
vt 0.201313 0.123144
vt 0.204543 0.123870
vt 0.204543 0.123144
vt 0.203736 0.123144
vt 0.207773 0.123870
vt 0.208580 0.123870
vt 0.208580 0.123144
vt 0.206965 0.123870
vt 0.206965 0.123144
vt 0.206158 0.123144
vt 0.201313 0.123870
vt 0.201313 0.123144
vt 0.200506 0.123144
vt 0.203736 0.123870
vt 0.203736 0.123144
vt 0.202928 0.123144
vt 0.207773 0.123870
vt 0.207773 0.123144
vt 0.206965 0.123144
vt 0.206158 0.123870
vt 0.206158 0.123144
vt 0.205350 0.123144
vt 0.200506 0.123870
vt 0.200506 0.123144
vt 0.199699 0.123144
vt 0.976707 0.337200
vt 0.976707 0.339454
vt 0.977173 0.339454
vt 0.976707 0.339454
vt 0.976707 0.341708
vt 0.977173 0.341708
vt 0.976707 0.343962
vt 0.977173 0.343962
vt 0.977173 0.341708
vt 0.976707 0.346217
vt 0.977173 0.346217
vt 0.977173 0.343962
vt 0.976707 0.348471
vt 0.977173 0.348471
vt 0.977173 0.346217
vt 0.976707 0.350725
vt 0.977173 0.350725
vt 0.977173 0.348471
vt 0.976707 0.352979
vt 0.977173 0.352979
vt 0.977173 0.350725
vt 0.976707 0.355233
vt 0.977173 0.355233
vt 0.977173 0.352979
vt 0.976707 0.357487
vt 0.977173 0.357487
vt 0.977173 0.355233
vt 0.976707 0.332692
vt 0.977173 0.332692
vt 0.977173 0.330438
vt 0.506175 0.096769
vt 0.506175 0.098735
vt 0.506606 0.098735
vt 0.976707 0.334946
vt 0.977173 0.334946
vt 0.977173 0.332692
vt 0.976707 0.337200
vt 0.977173 0.337200
vt 0.977173 0.334946
vt 0.977570 0.302688
vt 0.977569 0.300896
vt 0.976707 0.300665
vt 0.983361 0.304240
vt 0.981809 0.305136
vt 0.982040 0.305999
vt 0.976707 0.300665
vt 0.977569 0.300896
vt 0.978465 0.299345
vt 0.982040 0.305999
vt 0.981809 0.305136
vt 0.980017 0.305136
vt 0.978465 0.299345
vt 0.980017 0.298449
vt 0.979786 0.297586
vt 0.979786 0.305999
vt 0.980017 0.305136
vt 0.978465 0.304240
vt 0.980017 0.298449
vt 0.981809 0.298449
vt 0.982040 0.297586
vt 0.985120 0.302919
vt 0.984257 0.302688
vt 0.983361 0.304240
vt 0.977834 0.304871
vt 0.978465 0.304240
vt 0.977570 0.302688
vt 0.984257 0.300896
vt 0.984257 0.302688
vt 0.985120 0.302919
vt 0.983993 0.298713
vt 0.983361 0.299345
vt 0.984257 0.300896
vt 0.981809 0.298449
vt 0.983361 0.299345
vt 0.983993 0.298713
vt 0.978228 0.315533
vt 0.977834 0.315139
vt 0.976707 0.317091
vt 0.977245 0.317236
vt 0.976707 0.317091
vt 0.976707 0.319345
vt 0.976707 0.319345
vt 0.977834 0.321298
vt 0.978228 0.320903
vt 0.978228 0.320903
vt 0.977834 0.321298
vt 0.979786 0.322425
vt 0.979786 0.322425
vt 0.982040 0.322425
vt 0.981896 0.321886
vt 0.982040 0.322425
vt 0.983993 0.321297
vt 0.983599 0.320903
vt 0.983599 0.320903
vt 0.983993 0.321297
vt 0.985120 0.319345
vt 0.984581 0.319201
vt 0.985120 0.319345
vt 0.985120 0.317091
vt 0.985120 0.317091
vt 0.983993 0.315139
vt 0.983599 0.315533
vt 0.983599 0.315533
vt 0.983993 0.315139
vt 0.982040 0.314012
vt 0.982040 0.314012
vt 0.979786 0.314012
vt 0.979931 0.314550
vt 0.979786 0.314012
vt 0.977834 0.315139
vt 0.978228 0.315533
vt 0.158162 0.015656
vt 0.158162 0.014849
vt 0.157436 0.014849
vt 0.506175 0.106597
vt 0.506175 0.108563
vt 0.506606 0.108563
vt 0.506175 0.088907
vt 0.506175 0.090872
vt 0.506606 0.090872
vt 0.506175 0.094804
vt 0.506175 0.096769
vt 0.506606 0.096769
vt 0.506606 0.104632
vt 0.506175 0.104632
vt 0.506175 0.106597
vt 0.506175 0.100700
vt 0.506175 0.102666
vt 0.506606 0.102666
vt 0.506175 0.086941
vt 0.506175 0.088907
vt 0.506606 0.088907
vt 0.506175 0.092838
vt 0.506175 0.094804
vt 0.506606 0.094804
vt 0.506175 0.102666
vt 0.506175 0.104632
vt 0.506606 0.104632
vt 0.506175 0.098735
vt 0.506175 0.100700
vt 0.506606 0.100700
vt 0.506175 0.084975
vt 0.506175 0.086941
vt 0.506606 0.086941
vt 0.506175 0.090872
vt 0.506175 0.092838
vt 0.506606 0.092838
vt 0.984894 0.858881
vt 0.984894 0.856915
vt 0.982733 0.857495
vt 0.982733 0.857495
vt 0.984894 0.856915
vt 0.983911 0.855213
vt 0.983911 0.855213
vt 0.982209 0.854230
vt 0.981630 0.856392
vt 0.981630 0.856392
vt 0.982209 0.854230
vt 0.980243 0.854230
vt 0.980243 0.854230
vt 0.978541 0.855213
vt 0.980123 0.856795
vt 0.980123 0.856795
vt 0.978541 0.855213
vt 0.977558 0.856915
vt 0.979719 0.857495
vt 0.977558 0.856915
vt 0.977558 0.858881
vt 0.979719 0.858302
vt 0.977558 0.858881
vt 0.978541 0.860583
vt 0.978541 0.860583
vt 0.980243 0.861566
vt 0.980822 0.859405
vt 0.980822 0.859405
vt 0.980243 0.861566
vt 0.982209 0.861566
vt 0.982209 0.861566
vt 0.983911 0.860583
vt 0.982329 0.859001
vt 0.983911 0.860583
vt 0.984894 0.858881
vt 0.982733 0.858302
vt 0.994414 0.729302
vt 0.993607 0.729302
vt 0.992908 0.729706
vt 0.992908 0.729706
vt 0.992504 0.730405
vt 0.992504 0.731212
vt 0.992504 0.731212
vt 0.992908 0.731912
vt 0.993607 0.732315
vt 0.993607 0.732315
vt 0.994414 0.732315
vt 0.995114 0.731912
vt 0.995114 0.731912
vt 0.995517 0.731212
vt 0.995517 0.730405
vt 0.995517 0.730405
vt 0.995114 0.729706
vt 0.994414 0.729302
vt 0.994414 0.729302
vt 0.992908 0.729706
vt 0.992504 0.731212
vt 0.992504 0.731212
vt 0.993607 0.732315
vt 0.995114 0.731912
vt 0.995114 0.731912
vt 0.995517 0.730405
vt 0.992504 0.731212
vt 0.158162 0.013234
vt 0.158162 0.012427
vt 0.157436 0.012427
vt 0.158162 0.009197
vt 0.158162 0.008390
vt 0.157436 0.008390
vt 0.158162 0.016463
vt 0.158162 0.015656
vt 0.157436 0.015656
vt 0.158162 0.014041
vt 0.158162 0.013234
vt 0.157436 0.013234
vt 0.157436 0.010004
vt 0.158162 0.010004
vt 0.158162 0.009197
vt 0.158162 0.011619
vt 0.158162 0.010812
vt 0.157436 0.010812
vt 0.158162 0.017271
vt 0.158162 0.016463
vt 0.157436 0.016463
vt 0.158162 0.014849
vt 0.158162 0.014041
vt 0.157436 0.014041
vt 0.158162 0.010812
vt 0.158162 0.010004
vt 0.157436 0.010004
vt 0.158162 0.012427
vt 0.158162 0.011619
vt 0.157436 0.011619
vt 0.158162 0.018078
vt 0.158162 0.017271
vt 0.157436 0.017271
vt 0.963140 0.928000
vt 0.963140 0.926208
vt 0.955076 0.926208
vt 0.987267 0.679806
vt 0.988987 0.681307
vt 0.987909 0.674108
vt 0.988987 0.681307
vt 0.989526 0.682351
vt 0.989517 0.681332
vt 0.987909 0.674108
vt 0.988987 0.681307
vt 0.989328 0.678990
vt 0.989517 0.681332
vt 0.989315 0.680314
vt 0.989328 0.678990
vt 0.990065 0.677260
vt 0.987909 0.674108
vt 0.989328 0.678990
vt 0.989297 0.681908
vt 0.989374 0.680600
vt 0.990065 0.677260
vt 0.990065 0.677260
vt 0.989471 0.679609
vt 0.989297 0.681908
vt 0.989471 0.679609
vt 0.989755 0.680567
vt 0.989845 0.681882
vt 0.989297 0.681908
vt 0.989845 0.681882
vt 0.990065 0.684557
vt 0.989297 0.681908
vt 0.990065 0.684557
vt 0.989526 0.682351
vt 0.989526 0.682351
vt 0.990065 0.684557
vt 0.989845 0.681882
vt 0.989328 0.678990
vt 0.989315 0.680314
vt 0.989755 0.680567
vt 0.989315 0.680314
vt 0.989517 0.681332
vt 0.989845 0.681882
vt 0.989374 0.680600
vt 0.989297 0.681908
vt 0.988987 0.681307
vt 0.986139 0.487770
vt 0.987860 0.489272
vt 0.986781 0.482073
vt 0.987860 0.489272
vt 0.988398 0.490316
vt 0.988389 0.489297
vt 0.986781 0.482073
vt 0.987860 0.489272
vt 0.988200 0.486955
vt 0.988389 0.489297
vt 0.988188 0.488279
vt 0.988200 0.486955
vt 0.988938 0.485224
vt 0.986781 0.482073
vt 0.988200 0.486955
vt 0.988169 0.489873
vt 0.988247 0.488565
vt 0.988938 0.485224
vt 0.988938 0.485224
vt 0.988344 0.487574
vt 0.988169 0.489873
vt 0.988344 0.487574
vt 0.988627 0.488532
vt 0.988717 0.489847
vt 0.988169 0.489873
vt 0.988717 0.489847
vt 0.988938 0.492522
vt 0.987860 0.489272
vt 0.988169 0.489873
vt 0.988938 0.492522
vt 0.988398 0.490316
vt 0.988938 0.492522
vt 0.988717 0.489847
vt 0.988200 0.486955
vt 0.988188 0.488279
vt 0.988627 0.488532
vt 0.988188 0.488279
vt 0.988389 0.489297
vt 0.988717 0.489847
vt 0.988169 0.489873
vt 0.987860 0.489272
vt 0.986139 0.487770
vt 0.528283 0.102283
vt 0.528283 0.090294
vt 0.519527 0.102283
vt 0.528283 0.090294
vt 0.527697 0.088105
vt 0.519527 0.090294
vt 0.519527 0.102283
vt 0.528283 0.090294
vt 0.519527 0.090294
vt 0.527697 0.088105
vt 0.526094 0.086502
vt 0.523905 0.085916
vt 0.523905 0.085916
vt 0.521716 0.086502
vt 0.520113 0.088105
vt 0.520113 0.088105
vt 0.519527 0.090294
vt 0.527697 0.088105
vt 0.516753 0.107559
vt 0.516753 0.140387
vt 0.528283 0.140387
vt 0.293691 0.246002
vt 0.293691 0.213174
vt 0.291465 0.213174
vt 0.886844 0.952124
vt 0.895601 0.952124
vt 0.895601 0.940135
vt 0.895601 0.940135
vt 0.895015 0.937945
vt 0.893412 0.936343
vt 0.893412 0.936343
vt 0.891223 0.935756
vt 0.895601 0.940135
vt 0.891223 0.935756
vt 0.889034 0.936343
vt 0.895601 0.940135
vt 0.889034 0.936343
vt 0.887431 0.937945
vt 0.886844 0.940135
vt 0.886844 0.940135
vt 0.886844 0.952124
vt 0.895601 0.940135
vt 0.525452 0.213704
vt 0.527585 0.211572
vt 0.528283 0.208638
vt 0.528283 0.208638
vt 0.516753 0.208638
vt 0.522518 0.214403
vt 0.516753 0.208638
vt 0.517452 0.211572
vt 0.522518 0.214403
vt 0.517452 0.211572
vt 0.519584 0.213704
vt 0.522518 0.214403
vt 0.895544 0.995294
vt 0.897676 0.993162
vt 0.892610 0.995993
vt 0.897676 0.993162
vt 0.898375 0.990228
vt 0.892610 0.995993
vt 0.898375 0.990228
vt 0.886844 0.990228
vt 0.892610 0.995993
vt 0.886844 0.990228
vt 0.887543 0.993162
vt 0.892610 0.995993
vt 0.944736 0.516499
vt 0.944736 0.483671
vt 0.942509 0.483671
vt 0.293691 0.263952
vt 0.293691 0.251963
vt 0.291465 0.251963
vt 0.528283 0.175810
vt 0.516753 0.175810
vt 0.516753 0.208638
vt 0.944736 0.533764
vt 0.944736 0.521775
vt 0.942509 0.521775
vt 0.906389 0.974350
vt 0.917919 0.974350
vt 0.917919 0.941522
vt 0.291465 0.322744
vt 0.293691 0.322744
vt 0.293691 0.289916
vt 0.946931 0.852711
vt 0.944704 0.852711
vt 0.944704 0.885539
vt 0.946931 0.890815
vt 0.944704 0.890815
vt 0.944704 0.902804
vt 0.895601 0.952124
vt 0.886844 0.952124
vt 0.886844 0.957400
vt 0.519527 0.170534
vt 0.516753 0.175810
vt 0.528283 0.175810
vt 0.942509 0.516499
vt 0.942509 0.521775
vt 0.944736 0.521775
vt 0.291465 0.246002
vt 0.291465 0.251963
vt 0.293691 0.251963
vt 0.917919 0.974350
vt 0.906389 0.974350
vt 0.909163 0.979626
vt 0.528283 0.107559
vt 0.528283 0.102283
vt 0.519527 0.102283
vt 0.944704 0.885539
vt 0.944704 0.890815
vt 0.946931 0.890815
vt 0.293691 0.289916
vt 0.293691 0.283955
vt 0.291465 0.283955
vt 0.944704 0.902804
vt 0.944704 0.905070
vt 0.946931 0.905070
vt 0.944704 0.905070
vt 0.944704 0.907337
vt 0.946931 0.907337
vt 0.944704 0.907337
vt 0.944704 0.909603
vt 0.946931 0.909603
vt 0.946931 0.916402
vt 0.946931 0.914136
vt 0.944704 0.914136
vt 0.946931 0.914136
vt 0.946931 0.911870
vt 0.944704 0.911870
vt 0.946931 0.911870
vt 0.946931 0.909603
vt 0.944704 0.909603
vt 0.942509 0.533764
vt 0.942509 0.536030
vt 0.944736 0.536030
vt 0.942509 0.536030
vt 0.942509 0.538297
vt 0.944736 0.538297
vt 0.942509 0.538297
vt 0.942509 0.540563
vt 0.944736 0.540563
vt 0.944736 0.547363
vt 0.944736 0.545096
vt 0.942509 0.545096
vt 0.944736 0.545096
vt 0.944736 0.542830
vt 0.942509 0.542830
vt 0.944736 0.542830
vt 0.944736 0.540563
vt 0.942509 0.540563
vt 0.317991 0.041156
vt 0.320738 0.041156
vt 0.320738 0.039363
vt 0.320738 0.035778
vt 0.320738 0.033985
vt 0.317991 0.033985
vt 0.320738 0.033985
vt 0.320738 0.032192
vt 0.317991 0.032192
vt 0.320738 0.032192
vt 0.320738 0.030400
vt 0.317991 0.030400
vt 0.320738 0.030400
vt 0.320738 0.028607
vt 0.317991 0.028607
vt 0.320738 0.028607
vt 0.320738 0.026815
vt 0.317991 0.026815
vt 0.320738 0.026815
vt 0.320738 0.025022
vt 0.317991 0.025022
vt 0.320738 0.025022
vt 0.320738 0.023229
vt 0.317991 0.023229
vt 0.320738 0.044741
vt 0.320738 0.042948
vt 0.317991 0.042948
vt 0.320738 0.042948
vt 0.320738 0.041156
vt 0.317991 0.041156
vt 0.317991 0.039363
vt 0.320738 0.039363
vt 0.320738 0.037570
vt 0.320738 0.037570
vt 0.320738 0.035778
vt 0.317991 0.035778
vt 0.884682 0.017761
vt 0.883571 0.018066
vt 0.883601 0.019411
vt 0.883736 0.021363
vt 0.884682 0.019694
vt 0.883601 0.019411
vt 0.882061 0.022353
vt 0.883736 0.021363
vt 0.882917 0.020580
vt 0.880085 0.022364
vt 0.882061 0.022353
vt 0.881741 0.021250
vt 0.880085 0.022364
vt 0.880391 0.021233
vt 0.879217 0.020566
vt 0.878389 0.021357
vt 0.879217 0.020566
vt 0.878532 0.019392
vt 0.877452 0.017725
vt 0.877443 0.019672
vt 0.878532 0.019392
vt 0.878459 0.016043
vt 0.877452 0.017725
vt 0.878569 0.018040
vt 0.878459 0.016043
vt 0.879237 0.016873
vt 0.880408 0.016210
vt 0.882048 0.015144
vt 0.880150 0.015116
vt 0.880408 0.016210
vt 0.883698 0.016088
vt 0.882048 0.015144
vt 0.881756 0.016210
vt 0.884682 0.017761
vt 0.883698 0.016088
vt 0.882915 0.016898
vt 0.731319 0.041285
vt 0.730037 0.041285
vt 0.730037 0.041723
vt 0.881876 0.018944
vt 0.883601 0.019411
vt 0.883571 0.018066
vt 0.881876 0.018944
vt 0.881660 0.019319
vt 0.882917 0.020580
vt 0.881660 0.019319
vt 0.881285 0.019534
vt 0.881741 0.021250
vt 0.880853 0.019533
vt 0.880391 0.021233
vt 0.881741 0.021250
vt 0.880853 0.019533
vt 0.880479 0.019316
vt 0.879217 0.020566
vt 0.880264 0.018941
vt 0.878532 0.019392
vt 0.879217 0.020566
vt 0.880266 0.018508
vt 0.878569 0.018040
vt 0.878532 0.019392
vt 0.880483 0.018135
vt 0.879237 0.016873
vt 0.878569 0.018040
vt 0.880483 0.018135
vt 0.880858 0.017921
vt 0.880408 0.016210
vt 0.880858 0.017921
vt 0.881290 0.017923
vt 0.881756 0.016210
vt 0.881662 0.018140
vt 0.882915 0.016898
vt 0.881756 0.016210
vt 0.881877 0.018513
vt 0.883571 0.018066
vt 0.882915 0.016898
vt 0.987486 0.664678
vt 0.987267 0.665057
vt 0.987267 0.665496
vt 0.987267 0.665496
vt 0.987486 0.665875
vt 0.987865 0.666094
vt 0.987865 0.666094
vt 0.988304 0.666094
vt 0.988683 0.665875
vt 0.988683 0.665875
vt 0.988902 0.665496
vt 0.987865 0.666094
vt 0.988902 0.665496
vt 0.988902 0.665057
vt 0.987865 0.666094
vt 0.988902 0.665057
vt 0.988683 0.664678
vt 0.988304 0.664459
vt 0.988304 0.664459
vt 0.987865 0.664459
vt 0.987486 0.664678
vt 0.987486 0.664678
vt 0.987267 0.665496
vt 0.987865 0.666094
vt 0.988902 0.665057
vt 0.988304 0.664459
vt 0.987486 0.664678
vt 0.731319 0.044352
vt 0.730037 0.044352
vt 0.730037 0.044790
vt 0.731319 0.043037
vt 0.730037 0.043037
vt 0.730037 0.043476
vt 0.731319 0.040847
vt 0.730037 0.040847
vt 0.730037 0.041285
vt 0.731319 0.041723
vt 0.730037 0.041723
vt 0.730037 0.042161
vt 0.731319 0.044790
vt 0.730037 0.044790
vt 0.730037 0.045229
vt 0.731319 0.043476
vt 0.730037 0.043476
vt 0.730037 0.043914
vt 0.731319 0.042161
vt 0.730037 0.042161
vt 0.730037 0.042599
vt 0.731319 0.039970
vt 0.730037 0.039970
vt 0.730037 0.040408
vt 0.731319 0.043914
vt 0.730037 0.043914
vt 0.730037 0.044352
vt 0.731319 0.042599
vt 0.730037 0.042599
vt 0.730037 0.043037
vt 0.731319 0.040408
vt 0.730037 0.040408
vt 0.730037 0.040847
vt 0.248758 0.022127
vt 0.249956 0.024202
vt 0.251524 0.022622
vt 0.255559 0.021541
vt 0.257698 0.022127
vt 0.257698 0.019732
vt 0.252605 0.023246
vt 0.252030 0.025400
vt 0.254426 0.025400
vt 0.255559 0.020293
vt 0.257698 0.019732
vt 0.256501 0.017657
vt 0.254935 0.019212
vt 0.256501 0.017657
vt 0.254426 0.016459
vt 0.846101 0.041383
vt 0.847349 0.041383
vt 0.847349 0.033331
vt 0.849846 0.041387
vt 0.851094 0.041390
vt 0.851094 0.033324
vt 0.836114 0.041390
vt 0.837362 0.041393
vt 0.837362 0.033321
vt 0.837362 0.041393
vt 0.838611 0.041395
vt 0.838611 0.033319
vt 0.838611 0.041395
vt 0.839859 0.041395
vt 0.839859 0.033319
vt 0.839859 0.041395
vt 0.841107 0.041394
vt 0.841107 0.033320
vt 0.841107 0.041394
vt 0.842356 0.041391
vt 0.842356 0.033323
vt 0.842356 0.041391
vt 0.843604 0.041388
vt 0.843604 0.033326
vt 0.843604 0.041388
vt 0.844852 0.041385
vt 0.844852 0.033329
vt 0.844852 0.033329
vt 0.844852 0.041385
vt 0.846101 0.041383
vt 0.848597 0.041384
vt 0.849846 0.041387
vt 0.849846 0.033327
vt 0.254935 0.022622
vt 0.256501 0.024202
vt 0.257698 0.022127
vt 0.248758 0.019732
vt 0.248758 0.022127
vt 0.250900 0.021541
vt 0.249956 0.024202
vt 0.252030 0.025400
vt 0.252605 0.023246
vt 0.249956 0.017657
vt 0.248758 0.019732
vt 0.250900 0.020293
vt 0.837312 0.017563
vt 0.836114 0.019637
vt 0.838268 0.020210
vt 0.252030 0.016459
vt 0.249956 0.017657
vt 0.251524 0.019212
vt 0.254426 0.016459
vt 0.252030 0.016459
vt 0.252605 0.018588
vt 0.190740 0.022843
vt 0.189187 0.023739
vt 0.189489 0.024864
vt 0.191636 0.021290
vt 0.192761 0.021592
vt 0.192761 0.019197
vt 0.184946 0.021291
vt 0.183821 0.021592
vt 0.185019 0.023667
vt 0.190740 0.022843
vt 0.191563 0.023667
vt 0.192761 0.021592
vt 0.184946 0.021291
vt 0.184946 0.019498
vt 0.183821 0.019197
vt 0.189187 0.023739
vt 0.187395 0.023739
vt 0.187093 0.024864
vt 0.184946 0.019498
vt 0.185842 0.017945
vt 0.185019 0.017122
vt 0.972606 0.713151
vt 0.971907 0.713151
vt 0.971907 0.715547
vt 0.971907 0.710756
vt 0.971907 0.713151
vt 0.972606 0.713151
vt 0.971907 0.705964
vt 0.971907 0.708360
vt 0.972606 0.708360
vt 0.971907 0.703569
vt 0.971907 0.705964
vt 0.972606 0.705964
vt 0.971907 0.729920
vt 0.971907 0.732315
vt 0.972606 0.732315
vt 0.971907 0.727524
vt 0.971907 0.729920
vt 0.972606 0.729920
vt 0.972606 0.725129
vt 0.971907 0.725129
vt 0.971907 0.727524
vt 0.971907 0.722733
vt 0.971907 0.725129
vt 0.972606 0.725129
vt 0.971907 0.720338
vt 0.971907 0.722733
vt 0.972606 0.722733
vt 0.971907 0.717942
vt 0.971907 0.720338
vt 0.972606 0.720338
vt 0.971907 0.715547
vt 0.971907 0.717942
vt 0.972606 0.717942
vt 0.972606 0.708360
vt 0.971907 0.708360
vt 0.971907 0.710756
vt 0.191636 0.019498
vt 0.192761 0.019197
vt 0.191563 0.017122
vt 0.190740 0.017945
vt 0.191563 0.017122
vt 0.189489 0.015924
vt 0.187395 0.017049
vt 0.189187 0.017049
vt 0.189489 0.015924
vt 0.185842 0.017945
vt 0.187395 0.017049
vt 0.187093 0.015924
vt 0.187395 0.023739
vt 0.185842 0.022843
vt 0.185019 0.023667
vt 0.972289 0.978067
vt 0.972289 0.979860
vt 0.975036 0.979860
vt 0.972289 0.985238
vt 0.975036 0.985238
vt 0.975036 0.983445
vt 0.972289 0.987030
vt 0.975036 0.987030
vt 0.975036 0.985238
vt 0.972289 0.988823
vt 0.975036 0.988823
vt 0.975036 0.987030
vt 0.972289 0.990615
vt 0.975036 0.990615
vt 0.975036 0.988823
vt 0.972289 0.992408
vt 0.975036 0.992408
vt 0.975036 0.990615
vt 0.972289 0.994201
vt 0.975036 0.994201
vt 0.975036 0.992408
vt 0.972289 0.995993
vt 0.975036 0.995993
vt 0.975036 0.994201
vt 0.972289 0.976274
vt 0.975036 0.976275
vt 0.975036 0.974482
vt 0.972289 0.978067
vt 0.975036 0.978067
vt 0.975036 0.976275
vt 0.972289 0.979860
vt 0.972289 0.981652
vt 0.975036 0.981652
vt 0.972289 0.981652
vt 0.972289 0.983445
vt 0.975036 0.983445
vt 0.897572 0.018048
vt 0.898253 0.016889
vt 0.897439 0.016107
vt 0.896474 0.019672
vt 0.897546 0.019396
vt 0.897572 0.018048
vt 0.897402 0.021344
vt 0.898226 0.020563
vt 0.897546 0.019396
vt 0.899079 0.022356
vt 0.899392 0.021234
vt 0.898226 0.020563
vt 0.900739 0.021262
vt 0.899392 0.021234
vt 0.899079 0.022356
vt 0.901929 0.020608
vt 0.900739 0.021262
vt 0.901043 0.022363
vt 0.903710 0.019726
vt 0.902585 0.019425
vt 0.901929 0.020608
vt 0.903710 0.017757
vt 0.902608 0.018075
vt 0.902585 0.019425
vt 0.901939 0.016900
vt 0.902608 0.018075
vt 0.903710 0.017757
vt 0.901037 0.015121
vt 0.900770 0.016226
vt 0.901939 0.016900
vt 0.899421 0.016221
vt 0.900770 0.016226
vt 0.901037 0.015121
vt 0.897439 0.016107
vt 0.898253 0.016889
vt 0.899421 0.016221
vt 0.488626 0.018530
vt 0.488626 0.018092
vt 0.488272 0.018092
vt 0.898253 0.016889
vt 0.897572 0.018048
vt 0.899280 0.018515
vt 0.899280 0.018515
vt 0.897572 0.018048
vt 0.897546 0.019396
vt 0.899276 0.018946
vt 0.897546 0.019396
vt 0.898226 0.020563
vt 0.898226 0.020563
vt 0.899392 0.021234
vt 0.899861 0.019541
vt 0.899861 0.019541
vt 0.899392 0.021234
vt 0.900739 0.021262
vt 0.900739 0.021262
vt 0.901929 0.020608
vt 0.900669 0.019331
vt 0.900669 0.019331
vt 0.901929 0.020608
vt 0.902585 0.019425
vt 0.902585 0.019425
vt 0.902608 0.018075
vt 0.900890 0.018528
vt 0.900890 0.018528
vt 0.902608 0.018075
vt 0.901939 0.016900
vt 0.900676 0.018152
vt 0.901939 0.016900
vt 0.900770 0.016226
vt 0.900770 0.016226
vt 0.899421 0.016221
vt 0.899872 0.017931
vt 0.899421 0.016221
vt 0.898253 0.016889
vt 0.899498 0.018143
vt 0.985751 0.180964
vt 0.986189 0.180964
vt 0.986569 0.180745
vt 0.986569 0.180745
vt 0.986788 0.180366
vt 0.986788 0.179927
vt 0.986788 0.179927
vt 0.986569 0.179548
vt 0.986189 0.179329
vt 0.986189 0.179329
vt 0.985751 0.179329
vt 0.986788 0.179927
vt 0.985751 0.179329
vt 0.985371 0.179548
vt 0.986788 0.179927
vt 0.985371 0.179548
vt 0.985152 0.179927
vt 0.985152 0.180366
vt 0.985152 0.180366
vt 0.985371 0.180745
vt 0.985751 0.180964
vt 0.985751 0.180964
vt 0.986569 0.180745
vt 0.986788 0.179927
vt 0.985371 0.179548
vt 0.985152 0.180366
vt 0.986788 0.179927
vt 0.488626 0.021597
vt 0.488626 0.021159
vt 0.488272 0.021159
vt 0.488626 0.020283
vt 0.488626 0.019845
vt 0.488272 0.019845
vt 0.488626 0.018092
vt 0.488626 0.017653
vt 0.488272 0.017653
vt 0.488626 0.018968
vt 0.488626 0.018530
vt 0.488272 0.018530
vt 0.488626 0.022035
vt 0.488626 0.021597
vt 0.488272 0.021597
vt 0.488626 0.020721
vt 0.488626 0.020283
vt 0.488272 0.020283
vt 0.488626 0.019406
vt 0.488626 0.018968
vt 0.488272 0.018968
vt 0.488626 0.017215
vt 0.488626 0.016777
vt 0.488272 0.016777
vt 0.488626 0.021159
vt 0.488626 0.020721
vt 0.488272 0.020721
vt 0.488626 0.019845
vt 0.488626 0.019406
vt 0.488272 0.019406
vt 0.488626 0.017653
vt 0.488626 0.017215
vt 0.488272 0.017215
vt 0.838892 0.022539
vt 0.837312 0.024108
vt 0.839387 0.025305
vt 0.841782 0.016365
vt 0.839387 0.016365
vt 0.839973 0.018504
vt 0.836114 0.019637
vt 0.836114 0.022033
vt 0.838268 0.021458
vt 0.843857 0.017563
vt 0.841782 0.016365
vt 0.841221 0.018504
vt 0.845055 0.019637
vt 0.843857 0.017563
vt 0.842302 0.019129
vt 0.839387 0.016365
vt 0.837312 0.017563
vt 0.838892 0.019129
vt 0.839973 0.023163
vt 0.839387 0.025305
vt 0.841782 0.025305
vt 0.838268 0.021458
vt 0.836114 0.022033
vt 0.837312 0.024108
vt 0.841221 0.023163
vt 0.841782 0.025305
vt 0.843857 0.024108
vt 0.842302 0.022539
vt 0.843857 0.024108
vt 0.845055 0.022033
vt 0.842926 0.021458
vt 0.845055 0.022033
vt 0.845055 0.019637
vt 0.660148 0.017855
vt 0.660972 0.017032
vt 0.658897 0.015834
vt 0.661044 0.021200
vt 0.662169 0.021502
vt 0.662169 0.019106
vt 0.654427 0.017032
vt 0.653229 0.019106
vt 0.654354 0.019408
vt 0.662169 0.019106
vt 0.660972 0.017032
vt 0.660148 0.017855
vt 0.654354 0.019408
vt 0.653229 0.019106
vt 0.653229 0.021502
vt 0.658596 0.016959
vt 0.658897 0.015834
vt 0.656501 0.015834
vt 0.654354 0.021200
vt 0.653229 0.021502
vt 0.654427 0.023576
vt 0.211839 0.068372
vt 0.211839 0.070768
vt 0.212538 0.070768
vt 0.211839 0.065977
vt 0.211839 0.068372
vt 0.212538 0.068372
vt 0.211839 0.063581
vt 0.212538 0.063581
vt 0.212538 0.061186
vt 0.211839 0.061186
vt 0.212538 0.061186
vt 0.212538 0.058790
vt 0.211839 0.087537
vt 0.212538 0.087537
vt 0.212538 0.085141
vt 0.211839 0.085141
vt 0.212538 0.085141
vt 0.212538 0.082745
vt 0.211839 0.082745
vt 0.212538 0.082745
vt 0.212538 0.080350
vt 0.211839 0.077954
vt 0.211839 0.080350
vt 0.212538 0.080350
vt 0.211839 0.077954
vt 0.212538 0.077954
vt 0.212538 0.075559
vt 0.211839 0.075559
vt 0.212538 0.075559
vt 0.212538 0.073163
vt 0.211839 0.073163
vt 0.212538 0.073163
vt 0.212538 0.070768
vt 0.211839 0.065977
vt 0.212538 0.065977
vt 0.212538 0.063581
vt 0.660972 0.023576
vt 0.662169 0.021502
vt 0.661044 0.021200
vt 0.658897 0.024774
vt 0.660972 0.023576
vt 0.660148 0.022753
vt 0.656803 0.023649
vt 0.656501 0.024774
vt 0.658897 0.024774
vt 0.655250 0.022753
vt 0.654427 0.023576
vt 0.656501 0.024774
vt 0.656803 0.016959
vt 0.656501 0.015834
vt 0.654427 0.017032
vt 0.847349 0.041383
vt 0.848597 0.041384
vt 0.848597 0.033330
vt 0.253854 0.023246
vt 0.254426 0.025400
vt 0.256501 0.024202
vn 0.000000 -1.000000 0.000000
vn 0.000000 -1.000000 0.000000
vn 0.000000 -1.000000 0.000000
vn 0.000000 1.000000 0.000000
vn 0.000000 1.000000 0.000000
vn 0.000000 1.000000 0.000000
vn 0.000000 -1.000000 0.000000
vn 0.000000 -1.000000 0.000000
vn 0.000000 -1.000000 0.000000
vn 0.651392 0.000000 0.758742
vn 0.938772 0.000000 0.344540
vn 0.651392 0.000000 0.758742
vn 0.938772 0.000000 0.344540
vn 0.980110 0.000000 -0.198456
vn 0.938772 0.000000 0.344540
vn 0.980110 0.000000 -0.198456
vn 0.829557 0.000000 -0.558422
vn 0.829557 0.000000 -0.558422
vn 0.651392 0.000000 0.758742
vn 0.198458 0.000000 0.980109
vn 0.651392 0.000000 0.758742
vn 0.198458 0.000000 0.980109
vn -0.344540 0.000000 0.938772
vn 0.198458 0.000000 0.980109
vn -0.344540 0.000000 0.938772
vn -0.677566 0.000000 0.735462
vn -0.677566 0.000000 0.735462
vn -0.892742 0.000000 0.450568
vn -0.837275 0.000000 0.546783
vn -0.837275 0.000000 0.546783
vn 0.000000 -1.000000 0.000000
vn 0.000000 -1.000000 0.000000
vn 0.000000 -1.000000 0.000000
vn 0.938772 0.000000 0.344539
vn 0.651392 0.000000 0.758742
vn 0.651391 0.000000 0.758742
vn 0.980110 0.000000 -0.198456
vn 0.938772 0.000000 0.344539
vn 0.938772 0.000000 0.344539
vn 0.980110 0.000000 -0.198456
vn 0.829557 0.000000 -0.558422
vn 0.980110 0.000000 -0.198456
vn 0.198458 0.000000 0.980109
vn 0.651391 0.000000 0.758742
vn 0.651392 0.000000 0.758742
vn -0.344540 0.000000 0.938772
vn 0.198458 0.000000 0.980109
vn 0.198458 0.000000 0.980109
vn -0.344540 0.000000 0.938772
vn -0.677566 0.000000 0.735462
vn -0.344540 0.000000 0.938772
vn 0.000000 1.000000 0.000000
vn 0.000000 1.000000 0.000000
vn 0.000000 1.000000 0.000000
vn -0.000002 0.000000 -1.000000
vn 0.500001 0.000000 -0.866025
vn 0.500001 0.000000 -0.866025
vn 0.500001 0.000000 -0.866025
vn 0.866025 0.000000 -0.500001
vn 0.866025 0.000000 -0.500001
vn 0.866025 0.000000 -0.500001
vn 1.000000 0.000000 0.000000
vn 0.866025 0.000000 -0.500001
vn 1.000000 0.000000 -0.000000
vn 0.866024 0.000000 0.500002
vn 1.000000 0.000000 0.000000
vn 0.866025 0.000000 0.500001
vn 0.500000 0.000000 0.866025
vn 0.866024 0.000000 0.500002
vn 0.500000 0.000000 0.866025
vn -0.000001 0.000000 1.000000
vn 0.500000 0.000000 0.866025
vn -0.000001 0.000000 1.000000
vn -0.500001 0.000000 0.866025
vn -0.000001 0.000000 1.000000
vn -0.500001 0.000000 0.866025
vn -0.866024 0.000000 0.500002
vn -0.500001 0.000000 0.866025
vn -0.866024 0.000000 0.500002
vn -1.000000 0.000000 0.000000
vn -0.866024 0.000000 0.500002
vn -1.000000 0.000000 0.000000
vn -0.866024 0.000000 -0.500002
vn -1.000000 0.000000 0.000000
vn 0.866025 0.000000 -0.500001
vn 1.000000 0.000000 0.000000
vn 1.000000 0.000000 0.000000
vn -0.866024 0.000000 -0.500002
vn -0.500002 0.000000 -0.866024
vn -0.866024 0.000000 -0.500002
vn -0.500002 0.000000 -0.866024
vn -0.000002 0.000000 -1.000000
vn -0.500002 0.000000 -0.866024
vn -0.000000 -1.000000 -0.000000
vn -0.000000 -1.000000 -0.000000
vn 0.000000 -1.000000 0.000000
vn 0.000000 -1.000000 -0.000000
vn 0.000000 -1.000000 0.000000
vn 0.000000 -1.000000 0.000000
vn -0.000000 -1.000000 -0.000000
vn 0.000000 -1.000000 0.000000
vn -0.000000 -1.000000 -0.000000
vn 0.000000 -1.000000 -0.000000
vn 0.000000 -1.000000 -0.000000
vn 0.000000 -1.000000 -0.000000
vn -0.000000 -1.000000 0.000000
vn 0.000000 -1.000000 0.000000
vn 0.000000 -1.000000 0.000000
vn 0.000000 -1.000000 0.000000
vn 0.000000 -1.000000 0.000000
vn 0.000000 -1.000000 -0.000000
vn 0.000000 -1.000000 0.000000
vn 0.000000 -1.000000 0.000000
vn -0.000000 -1.000000 0.000000
vn 0.499998 0.000000 -0.866027
vn -0.000003 0.000000 -1.000000
vn 0.499998 0.000000 -0.866027
vn -0.866025 0.000000 -0.500001
vn -1.000000 0.000000 0.000002
vn -0.866026 0.000000 -0.499999
vn -1.000000 0.000000 -0.000001
vn -0.866025 0.000000 0.500001
vn -1.000000 0.000000 0.000002
vn -0.866026 0.000000 0.499999
vn -0.499999 0.000000 0.866026
vn -0.866025 0.000000 0.500001
vn -0.500000 0.000000 0.866026
vn -0.000001 0.000000 1.000000
vn -0.499999 0.000000 0.866026
vn -0.000001 0.000000 1.000000
vn 0.499999 0.000000 0.866026
vn -0.000001 0.000000 1.000000
vn 0.499998 0.000000 0.866027
vn 0.866026 0.000000 0.499999
vn 0.499999 0.000000 0.866026
vn 0.866025 0.000000 0.500001
vn 1.000000 0.000000 -0.000002
vn 0.866026 0.000000 0.499999
vn 1.000000 0.000000 0.000002
vn 0.866025 0.000000 -0.500001
vn 1.000000 0.000000 -0.000002
vn 0.866026 0.000000 -0.499999
vn 0.499998 0.000000 -0.866027
vn 0.866025 0.000000 -0.500001
vn -0.000002 0.000000 -1.000000
vn -0.500000 0.000000 -0.866025
vn -0.000003 0.000000 -1.000000
vn 0.000000 -1.000000 0.000000
vn 0.000000 -1.000000 0.000000
vn 0.000000 -1.000000 0.000000
vn 0.000000 -1.000000 0.000000
vn -0.000000 -1.000000 -0.000000
vn 0.000000 -1.000000 0.000000
vn 0.000000 -1.000000 0.000000
vn 0.000000 -1.000000 0.000000
vn 0.000000 -1.000000 0.000000
vn 0.000000 -1.000000 0.000000
vn 0.000000 -1.000000 0.000000
vn 0.000000 -1.000000 0.000000
vn 0.000000 -1.000000 0.000000
vn 0.000000 -1.000000 0.000000
vn 0.000000 -1.000000 0.000000
vn -0.000000 1.000000 0.000000
vn 0.000000 1.000000 0.000000
vn -0.000000 1.000000 0.000000
vn 0.000000 1.000000 0.000000
vn 0.000000 1.000000 0.000000
vn 0.000000 1.000000 0.000000
vn 0.000000 1.000000 0.000000
vn 0.000000 1.000000 0.000000
vn 0.000000 1.000000 0.000000
vn 0.000000 1.000000 0.000000
vn 0.000000 1.000000 0.000000
vn 0.000000 1.000000 0.000000
vn 0.000000 1.000000 0.000000
vn 0.000000 1.000000 0.000000
vn 0.000000 1.000000 0.000000
vn 0.000000 1.000000 0.000000
vn 0.000000 1.000000 0.000000
vn 0.000000 1.000000 0.000000
vn 0.000000 1.000000 0.000000
vn 0.000000 1.000000 0.000000
vn 0.000000 1.000000 0.000000
vn 0.000000 1.000000 0.000000
vn -0.000000 1.000000 0.000000
vn 0.000000 1.000000 0.000000
vn 0.000000 1.000000 0.000000
vn -0.000000 1.000000 0.000000
vn -0.000000 1.000000 0.000000
vn 0.000000 1.000000 0.000000
vn -0.000000 1.000000 0.000000
vn 0.000000 1.000000 0.000000
vn 0.000000 1.000000 0.000000
vn -0.000000 1.000000 0.000000
vn -0.000000 1.000000 0.000000
vn -0.000000 1.000000 0.000000
vn 0.000000 1.000000 0.000000
vn 0.000000 1.000000 0.000000
vn 0.500002 0.000000 0.866024
vn -0.000003 0.000000 1.000000
vn -0.000003 0.000000 1.000000
vn -1.000000 0.000000 0.000000
vn -0.866026 0.000000 -0.499999
vn -0.866026 0.000000 -0.499999
vn -0.000002 0.000000 1.000000
vn -0.500003 0.000000 0.866024
vn -0.500003 0.000000 0.866024
vn 1.000000 0.000000 0.000000
vn 0.866025 0.000000 0.500001
vn 0.866025 0.000000 0.500001
vn -0.500003 0.000000 -0.866024
vn -0.866026 0.000000 -0.499999
vn -0.500003 0.000000 -0.866024
vn -0.000002 0.000000 -1.000000
vn 0.500002 0.000000 -0.866024
vn 0.500002 0.000000 -0.866024
vn -0.500003 0.000000 0.866024
vn -0.866026 0.000000 0.500000
vn -0.866026 0.000000 0.499999
vn 0.866025 0.000000 0.500001
vn 0.500002 0.000000 0.866025
vn 0.500002 0.000000 0.866025
vn -0.500003 0.000000 -0.866024
vn -0.000002 0.000000 -1.000000
vn -0.000002 0.000000 -1.000000
vn 0.500002 0.000000 -0.866024
vn 0.866025 0.000000 -0.500001
vn 0.866025 0.000000 -0.500001
vn -0.866026 0.000000 0.499999
vn -1.000000 0.000000 0.000000
vn -1.000000 0.000000 0.000000
vn 0.500002 0.000000 0.866025
vn -0.000002 0.000000 1.000000
vn -0.000002 0.000000 1.000000
vn 0.000000 1.000000 0.000000
vn 0.000000 1.000000 0.000000
vn 0.000000 1.000000 0.000000
vn 0.000000 1.000000 0.000000
vn 0.000000 1.000000 0.000000
vn 0.000000 1.000000 0.000000
vn 0.000000 1.000000 0.000000
vn 0.000000 1.000000 0.000000
vn 0.000000 1.000000 0.000000
vn 0.000000 1.000000 0.000000
vn 0.000000 1.000000 0.000000
vn 0.000000 1.000000 0.000000
vn 0.000000 1.000000 0.000000
vn 0.000000 1.000000 0.000000
vn 0.000000 1.000000 0.000000
vn 0.000000 1.000000 0.000000
vn 0.000000 1.000000 0.000000
vn 0.000000 1.000000 0.000000
vn 0.000000 1.000000 0.000000
vn 0.000000 1.000000 0.000000
vn 0.000000 1.000000 0.000000
vn -0.000000 1.000000 0.000000
vn 0.000000 1.000000 0.000000
vn 0.000000 1.000000 0.000000
vn 0.000000 1.000000 0.000000
vn 0.000000 1.000000 0.000000
vn 0.000000 1.000000 0.000000
vn 0.000000 1.000000 0.000000
vn -0.000000 1.000000 0.000000
vn 0.000000 1.000000 0.000000
vn 0.000000 1.000000 0.000000
vn -0.000000 1.000000 0.000000
vn -0.000001 1.000000 0.000000
vn 0.000000 1.000000 0.000000
vn 0.000000 1.000000 0.000000
vn 0.000000 1.000000 0.000000
vn 0.000000 1.000000 0.000000
vn 0.000000 1.000000 0.000000
vn 0.000000 1.000000 0.000000
vn 0.866026 0.000000 -0.499999
vn 1.000000 0.000000 0.000001
vn 1.000000 0.000000 -0.000001
vn -1.000000 0.000000 -0.000000
vn -0.866026 0.000000 -0.499999
vn -0.866025 0.000000 -0.500001
vn -0.000003 0.000000 1.000000
vn -0.500003 0.000000 0.866024
vn -0.500004 0.000000 0.866023
vn 1.000000 0.000000 -0.000001
vn 0.866026 0.000000 0.499999
vn 0.866027 0.000000 0.499997
vn -0.500004 0.000000 -0.866023
vn -0.866026 0.000000 -0.499999
vn -0.500005 0.000000 -0.866023
vn -0.000005 0.000000 -1.000000
vn 0.500001 0.000000 -0.866025
vn 0.500000 0.000000 -0.866025
vn -0.500004 0.000000 0.866023
vn -0.866026 0.000000 0.500000
vn -0.866027 0.000000 0.499998
vn 0.866027 0.000000 0.499997
vn 0.500000 0.000000 0.866025
vn 0.500002 0.000000 0.866024
vn -0.500004 0.000000 -0.866023
vn -0.000005 0.000000 -1.000000
vn -0.000005 0.000000 -1.000000
vn 0.500000 0.000000 -0.866025
vn 0.866027 0.000000 -0.499997
vn 0.866026 0.000000 -0.499999
vn -0.866027 0.000000 0.499998
vn -1.000000 0.000000 0.000002
vn -1.000000 0.000000 -0.000000
vn -0.000002 0.000000 -1.000000
vn 0.500001 0.000000 -0.866025
vn -0.000001 0.000000 -1.000000
vn 0.500001 0.000000 -0.866025
vn 0.866025 0.000000 -0.500001
vn 0.500001 0.000000 -0.866025
vn 1.000000 0.000000 0.000000
vn 0.866025 0.000000 -0.500001
vn 0.866025 0.000000 -0.500001
vn 0.866024 0.000000 0.500002
vn 1.000000 0.000000 -0.000000
vn 1.000000 0.000000 0.000000
vn 0.500000 0.000000 0.866025
vn 0.866025 0.000000 0.500001
vn 0.866024 0.000000 0.500002
vn -0.000001 0.000000 1.000000
vn 0.500000 0.000000 0.866025
vn 0.500000 0.000000 0.866025
vn -0.500001 0.000000 0.866025
vn -0.000001 0.000000 1.000000
vn -0.000001 0.000000 1.000000
vn -0.866024 0.000000 0.500002
vn -0.500001 0.000000 0.866025
vn -0.500001 0.000000 0.866025
vn -1.000000 0.000000 0.000000
vn -0.866024 0.000000 0.500002
vn -0.866024 0.000000 0.500002
vn -0.866024 0.000000 -0.500002
vn -1.000000 0.000000 0.000000
vn -1.000000 0.000000 0.000000
vn 1.000000 0.000000 0.000000
vn 0.866025 0.000000 -0.500001
vn 1.000000 0.000000 0.000000
vn -0.500002 0.000000 -0.866024
vn -0.866024 0.000000 -0.500002
vn -0.866024 0.000000 -0.500002
vn -0.000002 0.000000 -1.000000
vn -0.500002 0.000000 -0.866024
vn -0.500002 0.000000 -0.866024
vn -0.000000 1.000000 -0.000000
vn -0.000000 1.000000 -0.000000
vn -0.000000 1.000000 0.000000
vn 0.000000 1.000000 0.000000
vn 0.000000 1.000000 -0.000000
vn 0.000000 1.000000 0.000000
vn -0.000000 1.000000 -0.000000
vn 0.000000 1.000000 0.000000
vn 0.000000 1.000000 0.000000
vn 0.000000 1.000000 -0.000000
vn 0.000000 1.000000 -0.000000
vn 0.000000 1.000000 0.000000
vn 0.000000 1.000000 0.000000
vn -0.000000 1.000000 0.000000
vn 0.000000 1.000000 0.000000
vn 0.000000 1.000000 0.000000
vn 0.000000 1.000000 0.000000
vn 0.000000 1.000000 0.000000
vn -0.000000 1.000000 0.000000
vn 0.000000 1.000000 0.000000
vn -0.000000 1.000000 0.000000
vn 0.000000 1.000000 0.000000
vn 0.000000 1.000000 0.000000
vn 0.000000 1.000000 0.000000
vn 0.000000 1.000000 0.000000
vn -0.000000 1.000000 -0.000000
vn -0.000000 1.000000 0.000000
vn 0.000000 1.000000 0.000000
vn 0.000000 1.000000 0.000000
vn 0.000000 1.000000 0.000000
vn 0.000000 1.000000 0.000000
vn 0.000000 1.000000 0.000000
vn 0.000000 1.000000 0.000000
vn 0.000000 1.000000 0.000000
vn 0.000000 1.000000 0.000000
vn 0.000000 1.000000 0.000000
vn -0.000000 -1.000000 0.000000
vn 0.000000 -1.000000 0.000000
vn 0.000000 -1.000000 0.000000
vn 0.000000 -1.000000 0.000000
vn -0.000000 -1.000000 0.000000
vn -0.000000 -1.000000 0.000000
vn -0.000000 -1.000000 0.000000
vn 0.000000 -1.000000 0.000000
vn -0.000000 -1.000000 0.000000
vn 0.000000 -1.000000 0.000000
vn 0.000000 -1.000000 0.000000
vn 0.000000 -1.000000 0.000000
vn 0.000000 -1.000000 0.000000
vn 0.000000 -1.000000 0.000000
vn 0.000000 -1.000000 0.000000
vn 0.000000 -1.000000 0.000000
vn 0.000000 -1.000000 0.000000
vn 0.000000 -1.000000 0.000000
vn 0.000000 -1.000000 0.000000
vn 0.000000 -1.000000 0.000000
vn 0.000000 -1.000000 0.000000
vn 0.000000 -1.000000 0.000000
vn 0.000000 -1.000000 0.000000
vn 0.000000 -1.000000 0.000000
vn 0.000000 -1.000000 0.000000
vn 0.000000 -1.000000 0.000000
vn 0.000000 -1.000000 0.000000
vn 0.000000 -1.000000 0.000000
vn -0.000000 -1.000000 0.000000
vn -0.000000 -1.000000 0.000000
vn -0.000000 -1.000000 0.000000
vn 0.000000 -1.000000 0.000000
vn -0.000000 -1.000000 0.000000
vn 0.000000 -1.000000 0.000000
vn -0.000000 -1.000000 0.000000
vn 0.000000 -1.000000 0.000000
vn -0.000003 0.000000 1.000000
vn 0.500002 0.000000 0.866024
vn -0.000003 0.000000 1.000000
vn -0.866026 0.000000 -0.499999
vn -1.000000 0.000000 0.000000
vn -0.866026 0.000000 -0.499999
vn -0.500003 0.000000 0.866024
vn -0.000002 0.000000 1.000000
vn -0.500003 0.000000 0.866024
vn 0.866025 0.000000 0.500001
vn 1.000000 0.000000 0.000000
vn 0.866025 0.000000 0.500001
vn -0.500003 0.000000 -0.866024
vn -0.866026 0.000000 -0.499999
vn -0.866026 0.000000 -0.499999
vn 0.500003 0.000000 -0.866024
vn -0.000002 0.000000 -1.000000
vn 0.500003 0.000000 -0.866024
vn -0.866026 0.000000 0.500000
vn -0.500003 0.000000 0.866024
vn -0.866026 0.000000 0.500000
vn 0.500002 0.000000 0.866025
vn 0.866025 0.000000 0.500001
vn 0.500001 0.000000 0.866025
vn -0.000002 0.000000 -1.000000
vn -0.500003 0.000000 -0.866024
vn -0.000002 0.000000 -1.000000
vn 0.866025 0.000000 -0.500001
vn 0.500003 0.000000 -0.866024
vn 0.866025 0.000000 -0.500001
vn -1.000000 0.000000 0.000000
vn -0.866026 0.000000 0.500000
vn -1.000000 0.000000 0.000000
vn -0.000002 0.000000 1.000000
vn 0.500001 0.000000 0.866025
vn -0.000002 0.000000 1.000000
vn -0.000000 -1.000000 0.000000
vn 0.000000 -1.000000 0.000000
vn 0.000000 -1.000000 0.000000
vn 0.000000 -1.000000 0.000000
vn 0.000000 -1.000000 0.000000
vn 0.000000 -1.000000 0.000000
vn 0.000000 -1.000000 0.000000
vn 0.000000 -1.000000 0.000000
vn 0.000000 -1.000000 0.000000
vn 0.000000 -1.000000 0.000000
vn 0.000000 -1.000000 0.000000
vn 0.000000 -1.000000 0.000000
vn 0.000000 -1.000000 0.000000
vn 0.000000 -1.000000 0.000000
vn 0.000000 -1.000000 0.000000
vn 0.000000 -1.000000 0.000000
vn 0.000000 -1.000000 0.000000
vn 0.000000 -1.000000 0.000000
vn 0.000000 -1.000000 0.000000
vn 0.000000 -1.000000 0.000000
vn -0.000000 -1.000000 0.000000
vn -0.000000 -1.000000 0.000000
vn 0.000000 -1.000000 0.000000
vn 0.000000 -1.000000 0.000000
vn 0.000000 -1.000000 0.000000
vn 0.000000 -1.000000 0.000000
vn 0.000000 -1.000000 0.000000
vn 0.000000 -1.000000 0.000000
vn 0.000000 -1.000000 0.000000
vn -0.000000 -1.000000 0.000000
vn 0.000000 -1.000000 0.000000
vn 0.000000 -1.000000 0.000000
vn -0.000000 -1.000000 0.000000
vn 0.000000 -1.000000 0.000000
vn 0.000000 -1.000000 0.000000
vn 0.000000 -1.000000 0.000000
vn 0.000000 -1.000000 0.000000
vn 0.000000 -1.000000 0.000001
vn 0.000000 -1.000000 0.000000
vn 1.000000 0.000000 0.000001
vn 0.866026 0.000000 -0.499999
vn 1.000000 0.000000 -0.000001
vn -0.866026 0.000000 -0.499999
vn -1.000000 0.000000 -0.000000
vn -0.866025 0.000000 -0.500001
vn -0.500003 0.000000 0.866024
vn -0.000003 0.000000 1.000000
vn -0.500004 0.000000 0.866023
vn 0.866026 0.000000 0.499999
vn 1.000000 0.000000 -0.000001
vn 0.866027 0.000000 0.499997
vn -0.500004 0.000000 -0.866023
vn -0.866026 0.000000 -0.499999
vn -0.866025 0.000000 -0.500001
vn 0.500002 0.000000 -0.866024
vn -0.000005 0.000000 -1.000000
vn 0.500001 0.000000 -0.866025
vn -0.866026 0.000000 0.500000
vn -0.500004 0.000000 0.866023
vn -0.866027 0.000000 0.499998
vn 0.500000 0.000000 0.866025
vn 0.866027 0.000000 0.499997
vn 0.500002 0.000000 0.866024
vn -0.000005 0.000000 -1.000000
vn -0.500004 0.000000 -0.866023
vn -0.000005 0.000000 -1.000000
vn 0.866027 0.000000 -0.499997
vn 0.500001 0.000000 -0.866025
vn 0.866026 0.000000 -0.499999
vn -1.000000 0.000000 0.000002
vn -0.866027 0.000000 0.499998
vn -1.000000 0.000000 -0.000000
vn -0.500000 0.000000 -0.866026
vn -0.866026 0.000000 -0.499999
vn -0.500000 0.000000 -0.866025
vn 0.002655 0.999856 0.016790
vn 0.002655 0.999856 0.016790
vn 0.002655 0.999856 0.016790
vn 0.516215 -0.015745 0.856314
vn 0.350036 -0.016657 0.936588
vn 0.350036 -0.016659 0.936588
vn -0.002655 -0.999856 -0.016790
vn -0.002655 -0.999856 -0.016790
vn -0.002655 -0.999856 -0.016790
vn -0.664810 0.014311 -0.746875
vn -0.970625 0.006620 -0.240508
vn -0.664809 0.014309 -0.746876
vn -0.970625 0.006620 -0.240508
vn -0.856456 -0.006391 0.516181
vn -0.856455 -0.006393 0.516182
vn 0.350036 -0.016657 0.936588
vn -0.240587 -0.015655 0.970502
vn 0.350036 -0.016659 0.936588
vn -0.240593 -0.015657 0.970500
vn -0.856456 -0.006391 0.516181
vn -0.240587 -0.015655 0.970502
vn -0.516216 0.015744 -0.856314
vn -0.664809 0.014309 -0.746876
vn -0.516217 0.015741 -0.856313
vn 0.002655 0.999856 0.016790
vn 0.002655 0.999856 0.016790
vn 0.002655 0.999856 0.016790
vn 0.516214 -0.015748 0.856315
vn 0.350035 -0.016655 0.936589
vn 0.350036 -0.016653 0.936588
vn -0.002655 -0.999856 -0.016790
vn -0.002655 -0.999856 -0.016790
vn -0.002655 -0.999856 -0.016790
vn -0.664813 0.014307 -0.746873
vn -0.970624 0.006619 -0.240510
vn -0.970625 0.006625 -0.240507
vn -0.970625 0.006625 -0.240507
vn -0.856455 -0.006391 0.516183
vn -0.856454 -0.006388 0.516184
vn 0.350035 -0.016655 0.936589
vn -0.240582 -0.015661 0.970502
vn 0.350036 -0.016653 0.936588
vn -0.240586 -0.015661 0.970502
vn -0.856455 -0.006391 0.516183
vn -0.240582 -0.015661 0.970502
vn -0.664811 0.014302 -0.746875
vn -0.516215 0.015754 -0.856314
vn -0.516215 0.015755 -0.856314
vn 0.000000 1.000000 0.000000
vn 0.000000 1.000000 0.000000
vn 0.000000 1.000000 0.000000
vn 0.000000 1.000000 0.000000
vn 0.000000 1.000000 0.000000
vn 0.000000 1.000000 0.000000
vn -0.892742 0.000000 0.450568
vn -0.677566 0.000000 0.735463
vn -0.892742 0.000000 0.450568
vn 0.000000 -1.000000 0.000000
vn 0.000000 -1.000000 0.000000
vn 0.000000 -1.000000 0.000000
vn 0.000000 1.000000 0.000000
vn 0.000000 1.000000 0.000000
vn 0.000000 1.000000 0.000000
vn 0.000000 -1.000000 0.000000
vn 0.000000 -1.000000 0.000000
vn 0.000000 -1.000000 0.000000
vn 0.758743 0.000000 -0.651391
vn 0.829557 0.000000 -0.558422
vn 0.758742 0.000000 -0.651391
vn -0.837275 0.000000 0.546783
vn -0.892742 0.000000 0.450568
vn -0.837275 0.000000 0.546783
vn 0.000000 1.000000 0.000000
vn 0.000000 1.000000 0.000000
vn 0.000000 1.000000 0.000000
vn 0.667228 0.000000 -0.744854
vn 0.758742 0.000000 -0.651391
vn 0.667228 0.000000 -0.744854
vn 0.000000 -1.000000 0.000000
vn 0.000000 -1.000000 0.000000
vn 0.000000 -1.000000 0.000000
vn -0.677566 0.000000 0.735462
vn -0.892742 0.000000 0.450568
vn -0.892742 0.000000 0.450568
vn 0.829557 0.000000 -0.558422
vn 0.758743 0.000000 -0.651391
vn 0.758743 0.000000 -0.651390
vn 0.758743 0.000000 -0.651390
vn 0.667228 0.000000 -0.744854
vn 0.667228 0.000000 -0.744854
vn 0.000000 -1.000000 0.000000
vn 0.000000 -1.000000 0.000000
vn 0.000000 -1.000000 0.000000
vn 0.000000 1.000000 0.000000
vn 0.000000 1.000000 0.000000
vn 0.000000 1.000000 0.000000
vn 0.758742 0.000000 -0.651391
vn 0.758743 0.000000 -0.651391
vn 0.758743 0.000000 -0.651391
vn -0.892742 0.000000 0.450568
vn -0.892742 0.000000 0.450568
vn -0.892742 0.000000 0.450568
vn 0.000000 -1.000000 0.000000
vn 0.000000 -1.000000 0.000000
vn 0.000000 -1.000000 0.000000
vn 0.000000 1.000000 0.000000
vn 0.000000 1.000000 0.000000
vn 0.000000 1.000000 0.000000
vn 0.758743 0.000000 -0.651391
vn 0.758743 0.000000 -0.651390
vn 0.758743 0.000000 -0.651390
vn -0.892742 0.000000 0.450568
vn -0.892742 0.000000 0.450568
vn -0.892742 0.000000 0.450568
vn 0.667228 0.000000 -0.744854
vn 0.331395 0.000000 -0.943492
vn 0.667228 0.000000 -0.744854
vn 0.331395 0.000000 -0.943492
vn -0.184749 0.000000 -0.982786
vn 0.331395 0.000000 -0.943492
vn -0.184749 0.000000 -0.982786
vn -0.651390 0.000000 -0.758743
vn -0.184749 0.000000 -0.982786
vn -0.837275 0.000000 0.546783
vn -0.982786 0.000000 0.184750
vn -0.837275 0.000000 0.546783
vn -0.982786 0.000000 0.184750
vn -0.943492 0.000000 -0.331396
vn -0.982786 0.000000 0.184750
vn -0.943492 0.000000 -0.331396
vn -0.651390 0.000000 -0.758743
vn -0.943492 0.000000 -0.331396
vn 0.667228 0.000000 -0.744854
vn 0.331395 0.000000 -0.943492
vn 0.667228 0.000000 -0.744854
vn 0.331395 0.000000 -0.943492
vn -0.184749 0.000000 -0.982786
vn 0.331395 0.000000 -0.943492
vn -0.184749 0.000000 -0.982786
vn -0.651390 0.000000 -0.758743
vn -0.184749 0.000000 -0.982786
vn -0.837275 0.000000 0.546783
vn -0.982786 0.000000 0.184750
vn -0.837275 0.000000 0.546783
vn -0.982786 0.000000 0.184750
vn -0.943492 0.000000 -0.331396
vn -0.982786 0.000000 0.184750
vn -0.943492 0.000000 -0.331396
vn -0.651390 0.000000 -0.758743
vn -0.943492 0.000000 -0.331396
vn -0.006021 0.000000 -0.999982
vn 0.494775 0.000001 -0.869021
vn 0.494775 0.000001 -0.869021
vn 0.999982 0.000000 -0.006020
vn 0.869020 0.000000 0.494777
vn 0.999982 0.000000 -0.006019
vn 0.869020 0.000000 0.494777
vn 0.505204 0.000000 0.863000
vn 0.869020 0.000000 0.494777
vn 0.505204 0.000000 0.863000
vn 0.006021 0.000000 0.999982
vn 0.505204 0.000000 0.863000
vn 0.006021 0.000000 0.999982
vn -0.494778 0.000000 0.869020
vn 0.006021 0.000000 0.999982
vn -0.494778 0.000000 0.869020
vn -0.863000 0.000000 0.505204
vn -0.494778 0.000000 0.869020
vn -0.863000 0.000000 0.505204
vn -0.999982 0.000000 0.006022
vn -0.863000 0.000000 0.505204
vn -0.999982 0.000000 0.006022
vn -0.869021 0.000000 -0.494776
vn -0.999982 0.000000 0.006022
vn -0.869021 0.000000 -0.494775
vn -0.505205 0.000000 -0.863000
vn -0.869021 0.000000 -0.494776
vn -0.505205 0.000000 -0.862999
vn -0.006021 0.000000 -0.999982
vn -0.505205 0.000000 -0.863000
vn 0.494775 0.000001 -0.869021
vn 0.863000 0.000001 -0.505204
vn 0.863000 0.000000 -0.505204
vn 0.863000 0.000001 -0.505204
vn 0.999982 0.000000 -0.006019
vn 0.863000 0.000000 -0.505204
vn 0.345080 0.716638 -0.606095
vn 0.601894 0.716639 -0.352352
vn 0.601893 0.716641 -0.352351
vn 0.697434 0.716637 -0.004199
vn 0.601894 0.716639 -0.352352
vn 0.697433 0.716638 -0.004199
vn 0.606090 0.716642 0.345079
vn 0.697433 0.716638 -0.004199
vn 0.606089 0.716642 0.345081
vn 0.352353 0.716638 0.601894
vn 0.606089 0.716642 0.345081
vn 0.352356 0.716637 0.601895
vn 0.352353 0.716638 0.601894
vn 0.004199 0.716639 0.697432
vn 0.004199 0.716639 0.697432
vn 0.004199 0.716639 0.697432
vn -0.345080 0.716638 0.606093
vn -0.345080 0.716639 0.606093
vn -0.601896 0.716637 0.352353
vn -0.345080 0.716638 0.606093
vn -0.601896 0.716637 0.352354
vn -0.697434 0.716637 0.004200
vn -0.601896 0.716637 0.352354
vn -0.697434 0.716637 0.004199
vn -0.697434 0.716637 0.004200
vn -0.606094 0.716639 -0.345079
vn -0.606094 0.716639 -0.345079
vn -0.352352 0.716639 -0.601894
vn -0.606094 0.716639 -0.345079
vn -0.352352 0.716639 -0.601894
vn -0.004199 0.716639 -0.697432
vn -0.352352 0.716639 -0.601894
vn -0.004198 0.716639 -0.697432
vn 0.345080 0.716638 -0.606095
vn -0.004198 0.716639 -0.697432
vn 0.345081 0.716637 -0.606095
vn 0.494777 0.000000 -0.869020
vn 0.863000 0.000000 -0.505204
vn 0.863000 0.000000 -0.505204
vn -0.000001 1.000000 0.000000
vn 0.000000 1.000000 0.000000
vn -0.000001 1.000000 0.000000
vn -0.000001 1.000000 0.000000
vn 0.000000 1.000000 0.000000
vn 0.000000 1.000000 0.000000
vn 0.000000 1.000000 0.000000
vn -0.000000 1.000000 0.000000
vn 0.000000 1.000000 0.000000
vn 0.000000 1.000000 0.000000
vn -0.000000 1.000000 0.000000
vn 0.000000 1.000000 0.000000
vn 0.000000 1.000000 0.000000
vn 0.000001 1.000000 0.000000
vn 0.000000 1.000000 0.000000
vn 0.000001 1.000000 0.000000
vn 0.000001 1.000000 0.000000
vn 0.000000 1.000000 0.000000
vn 0.000001 1.000000 0.000000
vn 0.000000 1.000000 0.000000
vn 0.000001 1.000000 0.000000
vn 0.000000 1.000000 0.000000
vn -0.000000 1.000000 0.000000
vn 0.000001 1.000000 0.000000
vn 0.000000 1.000000 0.000000
vn -0.000000 1.000000 0.000000
vn 0.000000 1.000000 0.000000
vn 0.000001 1.000000 0.000000
vn 0.000000 1.000000 0.000000
vn -0.000000 1.000000 0.000000
vn 0.000000 1.000000 0.000000
vn 0.000000 1.000000 0.000000
vn 0.000001 1.000000 0.000000
vn -0.000001 1.000000 0.000000
vn -0.000000 1.000000 0.000000
vn 0.000000 1.000000 0.000000
vn 0.000001 1.000000 0.000000
vn -0.000000 1.000000 0.000000
vn -0.000000 1.000000 0.000000
vn -0.862997 0.000000 0.505209
vn -0.999982 0.000000 0.006022
vn -0.999982 0.000000 0.006023
vn 0.505206 0.000000 0.862999
vn 0.006019 0.000000 0.999982
vn 0.006020 0.000000 0.999982
vn -0.006024 0.000000 -0.999982
vn 0.494776 0.000000 -0.869020
vn 0.494777 0.000000 -0.869020
vn 0.863000 0.000000 -0.505204
vn 0.999982 0.000000 -0.006021
vn 0.999982 0.000000 -0.006021
vn -0.999982 0.000000 0.006023
vn -0.869017 0.000000 -0.494783
vn -0.869017 0.000000 -0.494783
vn 0.006020 0.000000 0.999982
vn -0.494778 0.000000 0.869020
vn -0.494778 0.000000 0.869019
vn 0.999982 0.000000 -0.006021
vn 0.869021 0.000000 0.494775
vn 0.869021 0.000000 0.494775
vn -0.869017 0.000000 -0.494783
vn -0.505204 0.000000 -0.863000
vn -0.505205 0.000000 -0.862999
vn -0.494778 0.000000 0.869019
vn -0.862997 0.000000 0.505209
vn -0.862997 0.000000 0.505209
vn 0.869021 0.000000 0.494775
vn 0.505205 0.000000 0.862999
vn 0.505206 0.000000 0.862999
vn -0.505205 0.000000 -0.862999
vn -0.006024 0.000000 -0.999982
vn -0.006024 0.000000 -0.999982
vn 0.000060 -1.000000 -0.000560
vn -0.000890 -0.999993 -0.003529
vn -0.001859 -0.999998 -0.000269
vn -0.000623 -0.999999 0.001476
vn 0.000431 -1.000000 0.000198
vn -0.002749 -0.999995 -0.001504
vn 0.002320 -0.999988 -0.004328
vn 0.000120 -1.000000 -0.000297
vn 0.004094 -0.999990 -0.001925
vn -0.002749 -0.999995 -0.001504
vn 0.000131 -1.000000 0.000178
vn -0.001224 -0.999988 -0.004679
vn -0.001224 -0.999988 -0.004679
vn -0.000011 -1.000000 0.000023
vn 0.002443 -0.999984 -0.005032
vn 0.863237 -0.005615 -0.504768
vn 0.494591 0.006057 -0.869105
vn 0.863241 0.005794 -0.504758
vn -0.506343 -0.002265 -0.862329
vn -0.869665 -0.000812 -0.493641
vn -0.506343 0.002265 -0.862329
vn -0.869666 0.000812 -0.493641
vn -0.999967 -0.003835 0.007168
vn -0.869665 -0.000812 -0.493641
vn -0.999967 0.003835 0.007169
vn -0.862713 -0.005681 0.505662
vn -0.999967 -0.003835 0.007168
vn -0.862714 0.005681 0.505661
vn -0.494960 -0.006057 0.868895
vn -0.862713 -0.005681 0.505662
vn -0.494959 0.006057 0.868895
vn 0.005101 -0.004816 0.999975
vn -0.494960 -0.006057 0.868895
vn 0.005102 0.004816 0.999976
vn 0.504033 -0.002264 0.863681
vn 0.005101 -0.004816 0.999975
vn 0.504034 0.002264 0.863681
vn 0.868358 0.000840 0.495938
vn 0.504033 -0.002264 0.863681
vn 0.868281 -0.000981 0.496072
vn 0.999981 0.003792 -0.004939
vn 0.868358 0.000840 0.495938
vn 0.999981 0.003792 -0.004939
vn 0.863237 -0.005615 -0.504768
vn 0.863241 0.005794 -0.504758
vn -0.006878 -0.004765 -0.999965
vn -0.506343 0.002265 -0.862329
vn -0.006879 0.004765 -0.999965
vn 0.002554 -0.999996 0.001154
vn 0.000568 -1.000000 -0.000126
vn -0.000623 -0.999999 0.001476
vn -0.000225 -1.000000 -0.000490
vn -0.001859 -0.999998 -0.000269
vn 0.000378 -0.999998 0.002146
vn 0.000267 -1.000000 -0.000350
vn 0.002320 -0.999988 -0.004328
vn -0.000890 -0.999993 -0.003529
vn -0.000305 -1.000000 -0.000201
vn 0.000378 -0.999998 0.002146
vn 0.003850 -0.999992 0.001402
vn 0.000379 1.000000 -0.000319
vn 0.004093 0.999990 -0.001925
vn 0.002602 0.999996 0.001153
vn -0.000041 -1.000000 -0.000017
vn 0.003850 -0.999992 0.001402
vn 0.005023 -0.999985 -0.002005
vn -0.000011 -1.000000 0.000023
vn 0.005023 -0.999985 -0.002005
vn 0.002443 -0.999984 -0.005032
vn 0.000000 1.000000 0.000000
vn 0.000000 1.000000 -0.000000
vn 0.000000 1.000000 0.000000
vn 0.000000 1.000000 0.000000
vn 0.000000 1.000000 0.000000
vn -0.000000 1.000000 0.000000
vn 0.000000 1.000000 0.000000
vn 0.000000 1.000000 0.000000
vn 0.000000 1.000000 0.000000
vn 0.000000 1.000000 0.000000
vn 0.000000 1.000000 0.000000
vn 0.000000 1.000000 0.000000
vn 0.000000 1.000000 0.000000
vn -0.000000 1.000000 0.000000
vn 0.000000 1.000000 0.000000
vn -0.000000 1.000000 -0.000000
vn -0.000000 1.000000 0.000000
vn 0.000000 1.000000 -0.000000
vn 0.000000 1.000000 0.000000
vn 0.000000 1.000000 0.000000
vn -0.000000 1.000000 0.000000
vn 0.862999 0.000000 -0.505205
vn 0.999982 0.000000 -0.006022
vn 0.999982 0.000000 -0.006022
vn 0.494777 0.000000 -0.869020
vn 0.862999 0.000000 -0.505205
vn 0.494777 0.000000 -0.869020
vn -0.505205 0.000000 -0.862999
vn -0.006021 0.000000 -0.999982
vn -0.505205 0.000000 -0.862999
vn -0.869020 0.000000 -0.494777
vn -0.505205 0.000000 -0.862999
vn -0.869020 0.000000 -0.494777
vn -0.999982 0.000000 0.006021
vn -0.869020 0.000000 -0.494777
vn -0.999982 0.000000 0.006021
vn -0.862999 0.000000 0.505205
vn -0.999982 0.000000 0.006021
vn -0.862999 0.000000 0.505205
vn -0.494777 0.000000 0.869020
vn -0.862999 0.000000 0.505205
vn -0.862999 0.000000 0.505205
vn 0.006020 0.000000 0.999982
vn -0.494777 0.000000 0.869020
vn 0.006020 0.000000 0.999982
vn 0.505205 0.000000 0.863000
vn 0.006020 0.000000 0.999982
vn 0.505205 0.000000 0.863000
vn 0.869020 0.000000 0.494777
vn 0.505205 0.000000 0.863000
vn 0.869020 0.000000 0.494777
vn 0.999982 0.000000 -0.006022
vn 0.869020 0.000000 0.494777
vn 0.999982 0.000000 -0.006022
vn -0.006021 0.000000 -0.999982
vn 0.494777 0.000000 -0.869020
vn 0.494777 0.000000 -0.869020
vn -0.000000 1.000000 0.000000
vn -0.000000 1.000000 0.000000
vn -0.000000 1.000000 0.000000
vn -0.000000 1.000000 0.000000
vn -0.000000 1.000000 0.000000
vn -0.000000 1.000000 0.000000
vn 0.000000 1.000000 -0.000000
vn -0.000000 1.000000 0.000000
vn 0.000000 1.000000 -0.000000
vn 0.000000 1.000000 0.000000
vn 0.000000 1.000000 -0.000000
vn 0.000000 1.000000 0.000000
vn -0.000000 1.000000 0.000000
vn 0.000000 1.000000 0.000000
vn -0.000000 1.000000 0.000000
vn -0.006021 -0.000000 -0.999982
vn 0.494777 -0.000001 -0.869020
vn -0.006020 0.000000 -0.999982
vn 0.869020 0.000000 0.494777
vn 0.999982 -0.000001 -0.006021
vn 0.999982 0.000000 -0.006019
vn 0.505204 0.000000 0.863000
vn 0.869020 0.000000 0.494777
vn 0.869020 0.000000 0.494777
vn 0.006021 0.000000 0.999982
vn 0.505204 0.000000 0.863000
vn 0.505204 0.000000 0.863000
vn -0.494778 0.000000 0.869020
vn 0.006021 0.000000 0.999982
vn 0.006021 0.000000 0.999982
vn -0.863000 0.000000 0.505204
vn -0.494778 0.000000 0.869020
vn -0.494778 0.000000 0.869020
vn -0.999982 0.000000 0.006022
vn -0.863000 0.000000 0.505204
vn -0.863000 0.000000 0.505204
vn -0.869021 0.000000 -0.494776
vn -0.999982 0.000000 0.006022
vn -0.999982 0.000000 0.006022
vn -0.505205 0.000000 -0.863000
vn -0.869021 0.000000 -0.494775
vn -0.869021 0.000000 -0.494776
vn -0.006021 -0.000000 -0.999982
vn -0.505205 0.000000 -0.862999
vn -0.505205 0.000000 -0.863000
vn 0.494776 -0.000002 -0.869020
vn 0.862999 -0.000003 -0.505205
vn 0.494777 -0.000001 -0.869020
vn 0.863000 -0.000002 -0.505204
vn 0.999982 -0.000001 -0.006021
vn 0.862999 -0.000003 -0.505205
vn 0.601896 -0.716637 -0.352354
vn 0.345080 -0.716638 -0.606094
vn 0.601896 -0.716637 -0.352354
vn 0.697434 -0.716637 -0.004200
vn 0.601896 -0.716637 -0.352354
vn 0.601896 -0.716637 -0.352354
vn 0.606090 -0.716642 0.345079
vn 0.697433 -0.716638 -0.004199
vn 0.697434 -0.716637 -0.004200
vn 0.352352 -0.716638 0.601895
vn 0.606089 -0.716642 0.345081
vn 0.606090 -0.716642 0.345079
vn 0.004199 -0.716638 0.697432
vn 0.352352 -0.716638 0.601895
vn 0.004199 -0.716639 0.697432
vn -0.345080 -0.716638 0.606093
vn 0.004199 -0.716639 0.697432
vn -0.345080 -0.716639 0.606093
vn -0.601896 -0.716637 0.352353
vn -0.345080 -0.716638 0.606093
vn -0.345080 -0.716639 0.606093
vn -0.697434 -0.716637 0.004200
vn -0.601896 -0.716637 0.352354
vn -0.601896 -0.716637 0.352353
vn -0.606094 -0.716639 -0.345079
vn -0.697434 -0.716637 0.004200
vn -0.606094 -0.716639 -0.345079
vn -0.352352 -0.716639 -0.601894
vn -0.606094 -0.716639 -0.345079
vn -0.606094 -0.716639 -0.345079
vn -0.004199 -0.716639 -0.697432
vn -0.352352 -0.716639 -0.601894
vn -0.004199 -0.716639 -0.697432
vn 0.345080 -0.716638 -0.606094
vn -0.004199 -0.716639 -0.697432
vn -0.004199 -0.716639 -0.697432
vn 0.863000 0.000000 -0.505204
vn 0.494776 0.000000 -0.869021
vn 0.863000 0.000000 -0.505204
vn 0.000000 -1.000000 0.000000
vn -0.000001 -1.000000 0.000000
vn -0.000001 -1.000000 0.000000
vn -0.000001 -1.000000 0.000000
vn 0.000000 -1.000000 0.000000
vn 0.000001 -1.000000 0.000000
vn 0.000001 -1.000000 0.000000
vn -0.000000 -1.000000 0.000000
vn 0.000001 -1.000000 0.000000
vn -0.000000 -1.000000 0.000000
vn -0.000000 -1.000000 0.000000
vn 0.000001 -1.000000 0.000000
vn -0.000000 -1.000000 0.000000
vn 0.000000 -1.000000 0.000000
vn -0.000001 -1.000000 0.000000
vn 0.000000 -1.000000 0.000000
vn -0.000000 -1.000000 0.000000
vn -0.000001 -1.000000 0.000000
vn -0.000000 -1.000000 0.000000
vn 0.000000 -1.000000 0.000000
vn 0.000000 -1.000000 0.000000
vn 0.000000 -1.000000 0.000000
vn -0.000001 -1.000000 0.000000
vn 0.000000 -1.000000 0.000000
vn -0.000001 -1.000000 0.000000
vn -0.000000 -1.000000 0.000000
vn -0.000001 -1.000000 0.000000
vn -0.000001 -1.000000 0.000000
vn 0.000000 -1.000000 0.000000
vn -0.000000 -1.000000 0.000000
vn 0.000000 -1.000000 0.000000
vn 0.000001 -1.000000 0.000000
vn -0.000000 -1.000000 0.000000
vn 0.000000 -1.000000 0.000000
vn -0.000001 -1.000000 0.000000
vn 0.000001 -1.000000 0.000000
vn -0.000001 -1.000000 0.000000
vn 0.000000 -1.000000 0.000000
vn -0.000000 -1.000000 0.000000
vn -0.999982 0.000000 0.006022
vn -0.862999 0.000000 0.505206
vn -0.999982 0.000000 0.006022
vn 0.006021 0.000000 0.999982
vn 0.505206 0.000000 0.862999
vn 0.006021 0.000000 0.999982
vn 0.494776 0.000000 -0.869020
vn -0.006024 0.000000 -0.999982
vn 0.494776 0.000000 -0.869021
vn 0.999982 0.000000 -0.006021
vn 0.863000 0.000000 -0.505204
vn 0.999982 0.000000 -0.006021
vn -0.869018 0.000000 -0.494781
vn -0.999982 0.000000 0.006022
vn -0.869017 0.000000 -0.494782
vn -0.494780 0.000000 0.869018
vn 0.006021 0.000000 0.999982
vn -0.494780 0.000000 0.869019
vn 0.869022 0.000000 0.494775
vn 0.999982 0.000000 -0.006021
vn 0.869022 0.000000 0.494774
vn -0.505206 0.000000 -0.862999
vn -0.869017 0.000000 -0.494782
vn -0.505206 0.000000 -0.862999
vn -0.862999 0.000000 0.505206
vn -0.494780 0.000000 0.869019
vn -0.862999 0.000000 0.505206
vn 0.505206 0.000000 0.862999
vn 0.869022 0.000000 0.494774
vn 0.505206 0.000000 0.862999
vn -0.006024 0.000000 -0.999982
vn -0.505206 0.000000 -0.862999
vn -0.006024 0.000000 -0.999982
vn -0.000890 0.999993 -0.003529
vn 0.000103 1.000000 -0.000539
vn -0.001859 0.999998 -0.000269
vn 0.000431 1.000000 0.000198
vn -0.000623 0.999999 0.001476
vn -0.002749 0.999995 -0.001504
vn 0.000120 1.000000 -0.000297
vn 0.002320 0.999988 -0.004328
vn 0.004093 0.999990 -0.001925
vn 0.000131 1.000000 0.000178
vn -0.002749 0.999995 -0.001504
vn -0.001224 0.999988 -0.004679
vn -0.000011 1.000000 0.000023
vn -0.001224 0.999988 -0.004679
vn 0.002443 0.999985 -0.005032
vn 0.000568 1.000000 -0.000126
vn 0.002602 0.999996 0.001153
vn -0.000623 0.999999 0.001476
vn -0.001859 0.999998 -0.000269
vn -0.000217 1.000000 -0.000394
vn 0.000378 0.999998 0.002146
vn 0.002320 0.999988 -0.004328
vn 0.000257 1.000000 -0.000397
vn -0.000890 0.999993 -0.003529
vn 0.000378 0.999998 0.002146
vn -0.000305 1.000000 -0.000201
vn 0.003849 0.999992 0.001402
vn 0.003849 0.999992 0.001402
vn -0.000041 1.000000 -0.000018
vn 0.004981 0.999986 -0.001980
vn 0.004981 0.999986 -0.001980
vn -0.000011 1.000000 0.000023
vn 0.002443 0.999985 -0.005032
vn 0.000000 -1.000000 0.000000
vn 0.000000 -1.000000 0.000000
vn -0.000000 -1.000000 0.000000
vn 0.000000 -1.000000 0.000000
vn 0.000000 -1.000000 0.000000
vn 0.000000 -1.000000 0.000000
vn 0.000000 -1.000000 0.000000
vn 0.000000 -1.000000 0.000000
vn 0.000001 -1.000000 0.000000
vn 0.000000 -1.000000 0.000000
vn 0.000000 -1.000000 0.000000
vn 0.000000 -1.000000 0.000000
vn 0.000000 -1.000000 0.000000
vn -0.000000 -1.000000 0.000000
vn 0.000000 -1.000000 0.000000
vn -0.000000 -1.000000 0.000000
vn -0.000000 -1.000000 0.000000
vn -0.000000 -1.000000 0.000000
vn 0.000000 -1.000000 0.000000
vn -0.000000 -1.000000 0.000000
vn 0.000000 -1.000000 0.000000
vn 0.862999 0.000000 -0.505206
vn 0.999982 0.000000 -0.006022
vn 0.862999 0.000000 -0.505206
vn 0.494777 0.000000 -0.869020
vn 0.862999 0.000000 -0.505206
vn 0.494777 0.000000 -0.869020
vn -0.006022 0.000000 -0.999982
vn -0.505205 0.000000 -0.862999
vn -0.505205 0.000000 -0.862999
vn -0.505205 0.000000 -0.862999
vn -0.869020 0.000000 -0.494777
vn -0.869020 0.000000 -0.494777
vn -0.869020 0.000000 -0.494777
vn -0.999982 0.000000 0.006021
vn -0.999982 0.000000 0.006021
vn -0.999982 0.000000 0.006021
vn -0.862999 0.000000 0.505205
vn -0.862999 0.000000 0.505206
vn -0.862999 0.000000 0.505206
vn -0.494777 0.000000 0.869020
vn -0.494777 0.000000 0.869020
vn 0.006020 0.000000 0.999982
vn -0.494777 0.000000 0.869020
vn 0.006020 0.000000 0.999982
vn 0.006020 0.000000 0.999982
vn 0.505205 0.000000 0.863000
vn 0.505205 0.000000 0.863000
vn 0.505205 0.000000 0.863000
vn 0.869020 0.000000 0.494777
vn 0.869020 0.000000 0.494777
vn 0.869020 0.000000 0.494777
vn 0.999982 0.000000 -0.006022
vn 0.999982 0.000000 -0.006022
vn 0.494777 0.000000 -0.869020
vn -0.006022 0.000000 -0.999982
vn -0.006022 0.000000 -0.999982
vn -0.000000 -1.000000 0.000000
vn 0.000000 -1.000000 0.000000
vn -0.000001 -1.000000 0.000000
vn 0.000000 -1.000000 0.000000
vn -0.000001 -1.000000 0.000000
vn 0.000000 -1.000000 0.000000
vn 0.000000 -1.000000 0.000000
vn 0.000000 -1.000000 0.000000
vn 0.000000 -1.000000 0.000000
vn 0.000000 -1.000000 0.000000
vn 0.000000 -1.000000 0.000000
vn 0.000000 -1.000000 0.000000
vn -0.000000 -1.000000 0.000000
vn 0.000000 -1.000000 0.000000
vn 0.000001 -1.000000 0.000000
vn 0.494592 -0.006057 -0.869104
vn -0.006879 0.004765 -0.999965
vn 0.494591 0.006057 -0.869105
vn 0.004094 -0.999990 -0.001925
vn 0.000379 -1.000000 -0.000319
vn 0.002554 -0.999996 0.001154
vn 0.000000 -1.000000 0.000000
vn 0.000000 -1.000000 0.000000
vn 0.000000 -1.000000 0.000000
vn 0.000000 -1.000000 0.000000
vn 0.000000 -1.000000 0.000000
vn 0.000000 -1.000000 0.000000
vn 0.000000 -1.000000 0.000000
vn 0.000000 -1.000000 0.000000
vn 0.000000 -1.000000 0.000000
vn 0.000000 -1.000000 0.000000
vn 0.000000 -1.000000 0.000000
vn 0.000000 -1.000000 0.000000
vn 0.000000 1.000000 0.000000
vn 0.000000 1.000000 0.000000
vn 0.000000 1.000000 0.000000
vn 0.000000 1.000000 0.000000
vn 0.000000 1.000000 0.000000
vn 0.000000 1.000000 0.000000
vn 0.000000 1.000000 0.000000
vn 0.000000 1.000000 0.000000
vn 0.000000 1.000000 0.000000
vn 0.000000 1.000000 0.000000
vn 0.000000 1.000000 0.000000
vn 0.000000 1.000000 0.000000
vn 0.000000 -1.000000 0.000000
vn 0.000000 -1.000000 0.000000
vn 0.000000 -1.000000 0.000000
vn 0.000000 -1.000000 0.000000
vn 0.000000 -1.000000 0.000000
vn 0.000000 -1.000000 0.000000
vn 0.000000 -1.000000 0.000000
vn 0.000000 -1.000000 0.000000
vn 0.000000 -1.000000 0.000000
vn 0.000000 -1.000000 0.000000
vn 0.000000 -1.000000 0.000000
vn 0.000000 -1.000000 0.000000
vn 0.000000 -1.000000 0.000000
vn -0.000000 -1.000000 0.000000
vn 0.000000 -1.000000 0.000000
vn 0.000000 -1.000000 0.000000
vn 0.000000 -1.000000 0.000000
vn 0.000000 -1.000000 0.000000
vn 0.651392 0.000000 0.758742
vn 0.938772 0.000000 0.344540
vn 0.938772 0.000000 0.344540
vn 0.938772 0.000000 0.344540
vn 0.980110 0.000000 -0.198456
vn 0.980110 0.000000 -0.198456
vn 0.980110 0.000000 -0.198456
vn 0.980110 0.000000 -0.198456
vn 0.829557 0.000000 -0.558422
vn 0.651392 0.000000 0.758742
vn 0.198458 0.000000 0.980109
vn 0.198458 0.000000 0.980109
vn 0.198458 0.000000 0.980109
vn -0.344540 0.000000 0.938772
vn -0.344540 0.000000 0.938772
vn -0.344540 0.000000 0.938772
vn -0.344540 0.000000 0.938772
vn -0.677566 0.000000 0.735462
vn -0.892742 0.000000 0.450568
vn -0.892742 0.000000 0.450568
vn -0.837275 0.000000 0.546783
vn 0.000000 -1.000000 0.000000
vn 0.000000 -1.000000 0.000000
vn 0.000000 -1.000000 0.000000
vn 0.938772 0.000000 0.344539
vn 0.938772 0.000000 0.344539
vn 0.651392 0.000000 0.758742
vn 0.980110 0.000000 -0.198456
vn 0.980110 0.000000 -0.198456
vn 0.938772 0.000000 0.344539
vn 0.980110 0.000000 -0.198456
vn 0.829557 0.000000 -0.558422
vn 0.829557 0.000000 -0.558422
vn 0.198458 0.000000 0.980109
vn 0.198458 0.000000 0.980109
vn 0.651391 0.000000 0.758742
vn -0.344540 0.000000 0.938772
vn -0.344540 0.000000 0.938772
vn 0.198458 0.000000 0.980109
vn -0.344540 0.000000 0.938772
vn -0.677566 0.000000 0.735463
vn -0.677566 0.000000 0.735462
vn 0.000000 1.000000 0.000000
vn 0.000000 1.000000 0.000000
vn 0.000000 1.000000 0.000000
vn 0.000000 1.000000 0.000000
vn 0.000000 1.000000 0.000000
vn 0.000000 1.000000 0.000000
vn 0.000000 1.000000 0.000000
vn 0.000000 1.000000 0.000000
vn 0.000000 1.000000 0.000000
vn 0.000000 1.000000 0.000000
vn 0.000000 1.000000 0.000000
vn 0.000000 1.000000 0.000000
vn 0.000000 1.000000 0.000000
vn 0.000000 1.000000 0.000000
vn 0.000000 1.000000 0.000000
vn 0.000000 1.000000 0.000000
vn 0.000001 1.000000 0.000000
vn 0.000000 1.000000 0.000000
vn -0.000002 0.000000 -1.000000
vn -0.000001 0.000000 -1.000000
vn 0.500001 0.000000 -0.866025
vn 0.500001 0.000000 -0.866025
vn 0.500001 0.000000 -0.866025
vn 0.866025 0.000000 -0.500001
vn 0.866025 0.000000 -0.500001
vn 1.000000 0.000000 -0.000000
vn 1.000000 0.000000 0.000000
vn 1.000000 0.000000 -0.000000
vn 0.866025 0.000000 0.500001
vn 0.866024 0.000000 0.500002
vn 0.866025 0.000000 0.500001
vn 0.500000 0.000000 0.866025
vn 0.500000 0.000000 0.866025
vn 0.500000 0.000000 0.866025
vn -0.000001 0.000000 1.000000
vn -0.000001 0.000000 1.000000
vn -0.000001 0.000000 1.000000
vn -0.500001 0.000000 0.866025
vn -0.500001 0.000000 0.866025
vn -0.500001 0.000000 0.866025
vn -0.866024 0.000000 0.500002
vn -0.866024 0.000000 0.500002
vn -0.866024 0.000000 0.500002
vn -1.000000 0.000000 0.000000
vn -1.000000 0.000000 0.000000
vn -1.000000 0.000000 0.000000
vn -0.866024 0.000000 -0.500002
vn -0.866024 0.000000 -0.500002
vn 0.866025 0.000000 -0.500001
vn 0.866025 0.000000 -0.500001
vn 1.000000 0.000000 0.000000
vn -0.866024 0.000000 -0.500002
vn -0.500002 0.000000 -0.866024
vn -0.500002 0.000000 -0.866024
vn -0.500002 0.000000 -0.866024
vn -0.000001 0.000000 -1.000000
vn -0.000002 0.000000 -1.000000
vn -0.000000 -1.000000 -0.000000
vn -0.000000 -1.000000 -0.000000
vn -0.000000 -1.000000 -0.000000
vn 0.000000 -1.000000 -0.000000
vn 0.000000 -1.000000 -0.000000
vn 0.000000 -1.000000 0.000000
vn -0.000000 -1.000000 -0.000000
vn 0.000000 -1.000000 0.000000
vn 0.000000 -1.000000 0.000000
vn 0.000000 -1.000000 -0.000000
vn 0.000000 -1.000000 0.000000
vn 0.000000 -1.000000 -0.000000
vn -0.000000 -1.000000 0.000000
vn 0.000000 -1.000000 0.000000
vn 0.000000 -1.000000 0.000000
vn 0.000000 -1.000000 0.000000
vn 0.000000 -1.000000 0.000000
vn 0.000000 -1.000000 0.000000
vn 0.000000 -1.000000 0.000000
vn 0.000000 -1.000000 0.000000
vn 0.000000 -1.000000 0.000000
vn 0.499998 0.000000 -0.866027
vn -0.000002 0.000000 -1.000000
vn -0.000003 0.000000 -1.000000
vn -0.866025 0.000000 -0.500001
vn -1.000000 0.000000 -0.000001
vn -1.000000 0.000000 0.000002
vn -1.000000 0.000000 -0.000001
vn -0.866026 0.000000 0.499999
vn -0.866025 0.000000 0.500001
vn -0.866026 0.000000 0.499999
vn -0.500000 0.000000 0.866026
vn -0.499999 0.000000 0.866026
vn -0.500000 0.000000 0.866026
vn -0.000001 0.000000 1.000000
vn -0.000001 0.000000 1.000000
vn -0.000001 0.000000 1.000000
vn 0.499998 0.000000 0.866027
vn 0.499999 0.000000 0.866026
vn 0.499998 0.000000 0.866027
vn 0.866025 0.000000 0.500001
vn 0.866026 0.000000 0.499999
vn 0.866025 0.000000 0.500001
vn 1.000000 0.000000 0.000002
vn 1.000000 0.000000 -0.000002
vn 1.000000 0.000000 0.000002
vn 0.866026 0.000000 -0.499999
vn 0.866025 0.000000 -0.500001
vn 0.866026 0.000000 -0.499999
vn 0.499998 0.000000 -0.866027
vn 0.499998 0.000000 -0.866027
vn -0.000002 0.000000 -1.000000
vn -0.500000 0.000000 -0.866026
vn -0.500000 0.000000 -0.866025
vn 0.000000 -1.000000 0.000000
vn 0.000000 -1.000000 0.000000
vn 0.000000 -1.000000 0.000000
vn 0.000000 -1.000000 0.000000
vn 0.000000 -1.000000 0.000000
vn -0.000000 -1.000000 -0.000000
vn 0.000000 -1.000000 0.000000
vn 0.000000 -1.000000 0.000000
vn 0.000000 -1.000000 0.000000
vn 0.000000 -1.000000 0.000000
vn 0.000000 -1.000000 0.000000
vn 0.000000 -1.000000 0.000000
vn 0.000000 -1.000000 0.000000
vn 0.000000 -1.000000 0.000000
vn 0.000000 -1.000000 0.000000
vn -0.000000 1.000000 0.000000
vn 0.000000 1.000000 0.000000
vn 0.000000 1.000000 0.000000
vn 0.000000 1.000000 0.000000
vn 0.000000 1.000000 0.000000
vn 0.000000 1.000000 0.000000
vn 0.000000 1.000000 0.000000
vn 0.000000 1.000000 0.000000
vn 0.000000 1.000000 0.000000
vn 0.000000 1.000000 0.000000
vn 0.000000 1.000000 0.000000
vn 0.000000 1.000000 0.000000
vn 0.000000 1.000000 0.000000
vn 0.000000 1.000000 0.000000
vn 0.000000 1.000000 0.000000
vn 0.000000 1.000000 0.000000
vn 0.000000 1.000000 0.000000
vn 0.000000 1.000000 0.000000
vn 0.000000 1.000000 0.000000
vn 0.000000 1.000000 0.000000
vn 0.000000 1.000000 0.000000
vn 0.000000 1.000000 0.000000
vn -0.000000 1.000000 0.000000
vn -0.000000 1.000000 0.000000
vn 0.000000 1.000000 0.000000
vn 0.000000 1.000000 0.000000
vn -0.000000 1.000000 0.000000
vn 0.000000 1.000000 0.000000
vn -0.000000 1.000000 0.000000
vn -0.000000 1.000000 0.000000
vn 0.000000 1.000000 0.000000
vn 0.000000 1.000000 0.000000
vn -0.000000 1.000000 0.000000
vn -0.000000 1.000000 0.000000
vn -0.000000 1.000000 0.000000
vn 0.000000 1.000000 0.000000
vn 0.500002 0.000000 0.866024
vn 0.500000 0.000000 0.866025
vn -0.000003 0.000000 1.000000
vn -1.000000 0.000000 0.000000
vn -1.000000 0.000000 0.000000
vn -0.866026 0.000000 -0.499999
vn -0.000002 0.000000 1.000000
vn -0.000002 0.000000 1.000000
vn -0.500003 0.000000 0.866024
vn 1.000000 0.000000 0.000000
vn 1.000000 0.000000 0.000000
vn 0.866025 0.000000 0.500001
vn -0.500003 0.000000 -0.866024
vn -0.866026 0.000000 -0.499999
vn -0.866026 0.000000 -0.499999
vn -0.000002 0.000000 -1.000000
vn -0.000002 0.000000 -1.000000
vn 0.500002 0.000000 -0.866024
vn -0.500003 0.000000 0.866024
vn -0.500003 0.000000 0.866024
vn -0.866026 0.000000 0.500000
vn 0.866025 0.000000 0.500001
vn 0.866025 0.000000 0.500001
vn 0.500002 0.000000 0.866025
vn -0.500003 0.000000 -0.866024
vn -0.500003 0.000000 -0.866024
vn -0.000002 0.000000 -1.000000
vn 0.500002 0.000000 -0.866024
vn 0.500002 0.000000 -0.866024
vn 0.866025 0.000000 -0.500001
vn -0.866026 0.000000 0.499999
vn -0.866026 0.000000 0.500000
vn -1.000000 0.000000 0.000000
vn 0.500002 0.000000 0.866025
vn 0.500002 0.000000 0.866025
vn -0.000002 0.000000 1.000000
vn 0.000000 1.000000 0.000000
vn 0.000000 1.000000 0.000000
vn 0.000000 1.000000 0.000000
vn 0.000000 1.000000 0.000000
vn 0.000000 1.000000 0.000000
vn 0.000000 1.000000 0.000000
vn 0.000000 1.000000 0.000000
vn 0.000000 1.000000 0.000000
vn 0.000000 1.000000 0.000000
vn 0.000000 1.000000 0.000000
vn 0.000000 1.000000 0.000000
vn 0.000000 1.000000 0.000000
vn 0.000000 1.000000 0.000000
vn 0.000000 1.000000 0.000000
vn 0.000000 1.000000 0.000000
vn 0.000000 1.000000 0.000000
vn 0.000000 1.000000 0.000000
vn 0.000000 1.000000 0.000000
vn 0.000000 1.000000 0.000000
vn -0.000000 1.000000 0.000000
vn 0.000000 1.000000 0.000000
vn -0.000000 1.000000 0.000000
vn 0.000000 1.000000 0.000000
vn 0.000000 1.000000 0.000000
vn 0.000000 1.000000 0.000000
vn 0.000000 1.000000 0.000000
vn 0.000000 1.000000 0.000000
vn 0.000000 1.000000 0.000000
vn -0.000001 1.000000 0.000000
vn -0.000000 1.000000 0.000000
vn 0.000000 1.000000 0.000000
vn 0.000000 1.000000 0.000000
vn -0.000000 1.000000 0.000000
vn 0.000000 1.000000 0.000000
vn 0.000000 1.000000 0.000000
vn 0.000000 1.000000 0.000000
vn 0.000000 1.000000 0.000000
vn -0.000001 1.000000 0.000002
vn 0.000000 1.000000 0.000001
vn 0.000000 1.000000 0.000001
vn 0.000001 1.000000 0.000002
vn 0.000000 1.000000 0.000000
vn 0.000000 1.000000 0.000000
vn 0.000003 1.000000 0.000000
vn 0.000000 1.000000 0.000000
vn 0.000000 1.000000 0.000000
vn 0.000001 1.000000 0.000000
vn 0.000000 1.000000 0.000000
vn 0.000000 1.000000 0.000000
vn 0.000000 1.000000 0.000000
vn 0.000000 1.000000 0.000000
vn 0.000000 1.000000 0.000000
vn 0.000000 1.000000 0.000000
vn 0.000000 1.000000 0.000000
vn 0.000000 1.000000 0.000000
vn 0.000000 1.000000 0.000001
vn 0.000000 1.000000 0.000000
vn 0.000000 1.000000 0.000000
vn 0.000000 1.000000 0.000000
vn 0.000000 1.000000 0.000000
vn 0.000000 1.000000 0.000000
vn 0.000000 1.000000 0.000000
vn 0.000000 1.000000 0.000000
vn 0.866026 0.000000 -0.499999
vn 0.866027 0.000000 -0.499997
vn 1.000000 0.000000 0.000001
vn -1.000000 0.000000 -0.000000
vn -1.000000 0.000000 0.000002
vn -0.866026 0.000000 -0.499999
vn -0.000003 0.000000 1.000000
vn -0.000003 0.000000 1.000000
vn -0.500003 0.000000 0.866024
vn 1.000000 0.000000 -0.000001
vn 1.000000 0.000000 0.000001
vn 0.866026 0.000000 0.499999
vn -0.500004 0.000000 -0.866023
vn -0.866025 0.000000 -0.500001
vn -0.866026 0.000000 -0.499999
vn -0.000005 0.000000 -1.000000
vn -0.000005 0.000000 -1.000000
vn 0.500001 0.000000 -0.866025
vn -0.500004 0.000000 0.866023
vn -0.500003 0.000000 0.866024
vn -0.866026 0.000000 0.500000
vn 0.866027 0.000000 0.499997
vn 0.866026 0.000000 0.499999
vn 0.500000 0.000000 0.866025
vn -0.500004 0.000000 -0.866023
vn -0.500005 0.000000 -0.866023
vn -0.000005 0.000000 -1.000000
vn 0.500000 0.000000 -0.866025
vn 0.500001 0.000000 -0.866025
vn 0.866027 0.000000 -0.499997
vn -0.866027 0.000000 0.499998
vn -0.866026 0.000000 0.500000
vn -1.000000 0.000000 0.000002
vn -0.000002 0.000000 -1.000000
vn 0.500001 0.000000 -0.866025
vn 0.500001 0.000000 -0.866025
vn 0.500001 0.000000 -0.866025
vn 0.866025 0.000000 -0.500001
vn 0.866025 0.000000 -0.500001
vn 1.000000 0.000000 0.000000
vn 1.000000 0.000000 -0.000000
vn 0.866025 0.000000 -0.500001
vn 0.866024 0.000000 0.500002
vn 0.866025 0.000000 0.500001
vn 1.000000 0.000000 -0.000000
vn 0.500000 0.000000 0.866025
vn 0.500000 0.000000 0.866025
vn 0.866025 0.000000 0.500001
vn -0.000001 0.000000 1.000000
vn -0.000001 0.000000 1.000000
vn 0.500000 0.000000 0.866025
vn -0.500001 0.000000 0.866025
vn -0.500001 0.000000 0.866025
vn -0.000001 0.000000 1.000000
vn -0.866024 0.000000 0.500002
vn -0.866024 0.000000 0.500002
vn -0.500001 0.000000 0.866025
vn -1.000000 0.000000 0.000000
vn -1.000000 0.000000 0.000000
vn -0.866024 0.000000 0.500002
vn -0.866024 0.000000 -0.500002
vn -0.866024 0.000000 -0.500002
vn -1.000000 0.000000 0.000000
vn 1.000000 0.000000 0.000000
vn 0.866025 0.000000 -0.500001
vn 0.866025 0.000000 -0.500001
vn -0.500002 0.000000 -0.866024
vn -0.500002 0.000000 -0.866024
vn -0.866024 0.000000 -0.500002
vn -0.000002 0.000000 -1.000000
vn -0.000001 0.000000 -1.000000
vn -0.500002 0.000000 -0.866024
vn -0.000000 1.000000 -0.000000
vn -0.000000 1.000000 -0.000000
vn -0.000000 1.000000 -0.000000
vn 0.000000 1.000000 0.000000
vn 0.000000 1.000000 -0.000000
vn 0.000000 1.000000 -0.000000
vn -0.000000 1.000000 -0.000000
vn -0.000000 1.000000 -0.000000
vn 0.000000 1.000000 0.000000
vn 0.000000 1.000000 -0.000000
vn 0.000000 1.000000 -0.000000
vn 0.000000 1.000000 -0.000000
vn 0.000000 1.000000 0.000000
vn -0.000000 1.000000 0.000000
vn -0.000000 1.000000 0.000000
vn 0.000000 1.000000 0.000000
vn 0.000000 1.000000 -0.000000
vn 0.000000 1.000000 0.000000
vn -0.000000 1.000000 0.000000
vn 0.000000 1.000000 0.000000
vn 0.000000 1.000000 0.000000
vn 0.000000 1.000000 0.000000
vn 0.000000 1.000000 0.000000
vn 0.000000 1.000000 0.000000
vn 0.000000 1.000000 0.000000
vn 0.000000 1.000000 0.000000
vn -0.000000 1.000000 -0.000000
vn 0.000000 1.000000 0.000000
vn 0.000000 1.000000 0.000000
vn 0.000000 1.000000 0.000000
vn 0.000000 1.000000 0.000000
vn 0.000000 1.000000 0.000000
vn 0.000000 1.000000 0.000000
vn 0.000000 1.000000 0.000000
vn 0.000000 1.000000 0.000000
vn 0.000000 1.000000 0.000000
vn -0.000000 -1.000000 0.000000
vn -0.000000 -1.000000 0.000000
vn 0.000000 -1.000000 0.000000
vn 0.000000 -1.000000 0.000000
vn 0.000000 -1.000000 0.000000
vn -0.000000 -1.000000 0.000000
vn -0.000000 -1.000000 0.000000
vn 0.000000 -1.000000 0.000000
vn 0.000000 -1.000000 0.000000
vn 0.000000 -1.000000 0.000000
vn 0.000000 -1.000000 0.000000
vn 0.000000 -1.000000 0.000000
vn 0.000000 -1.000000 0.000000
vn 0.000000 -1.000000 0.000000
vn 0.000000 -1.000000 0.000000
vn 0.000000 -1.000000 0.000000
vn 0.000000 -1.000000 0.000000
vn 0.000000 -1.000000 0.000000
vn 0.000000 -1.000000 0.000000
vn 0.000000 -1.000000 0.000000
vn 0.000000 -1.000000 0.000000
vn 0.000000 -1.000000 0.000000
vn 0.000000 -1.000000 0.000000
vn 0.000000 -1.000000 0.000000
vn 0.000000 -1.000000 0.000000
vn 0.000000 -1.000000 0.000000
vn 0.000000 -1.000000 0.000000
vn 0.000000 -1.000000 0.000000
vn 0.000000 -1.000000 0.000000
vn -0.000000 -1.000000 0.000000
vn -0.000000 -1.000000 0.000000
vn 0.000000 -1.000000 0.000000
vn 0.000000 -1.000000 0.000000
vn 0.000000 -1.000000 0.000000
vn -0.000000 -1.000000 0.000000
vn -0.000000 -1.000000 0.000000
vn -0.000003 0.000000 1.000000
vn 0.500000 0.000000 0.866025
vn 0.500002 0.000000 0.866024
vn -0.866026 0.000000 -0.499999
vn -1.000000 0.000000 0.000000
vn -1.000000 0.000000 0.000000
vn -0.500003 0.000000 0.866024
vn -0.000002 0.000000 1.000000
vn -0.000002 0.000000 1.000000
vn 0.866025 0.000000 0.500001
vn 1.000000 0.000000 0.000000
vn 1.000000 0.000000 0.000000
vn -0.500003 0.000000 -0.866024
vn -0.500003 0.000000 -0.866024
vn -0.866026 0.000000 -0.499999
vn 0.500003 0.000000 -0.866024
vn -0.000002 0.000000 -1.000000
vn -0.000002 0.000000 -1.000000
vn -0.866026 0.000000 0.500000
vn -0.500003 0.000000 0.866024
vn -0.500003 0.000000 0.866024
vn 0.500002 0.000000 0.866025
vn 0.866025 0.000000 0.500001
vn 0.866025 0.000000 0.500001
vn -0.000002 0.000000 -1.000000
vn -0.500003 0.000000 -0.866024
vn -0.500003 0.000000 -0.866024
vn 0.866025 0.000000 -0.500001
vn 0.500003 0.000000 -0.866024
vn 0.500003 0.000000 -0.866024
vn -1.000000 0.000000 0.000000
vn -0.866026 0.000000 0.500000
vn -0.866026 0.000000 0.500000
vn -0.000002 0.000000 1.000000
vn 0.500002 0.000000 0.866025
vn 0.500001 0.000000 0.866025
vn -0.000000 -1.000000 0.000000
vn 0.000000 -1.000000 0.000000
vn 0.000000 -1.000000 0.000000
vn 0.000000 -1.000000 0.000000
vn 0.000000 -1.000000 0.000000
vn 0.000000 -1.000000 0.000000
vn 0.000000 -1.000000 0.000000
vn 0.000000 -1.000000 0.000000
vn 0.000000 -1.000000 0.000000
vn 0.000000 -1.000000 0.000000
vn 0.000000 -1.000000 0.000000
vn 0.000000 -1.000000 0.000000
vn 0.000000 -1.000000 0.000000
vn 0.000000 -1.000000 0.000000
vn 0.000000 -1.000000 0.000000
vn 0.000000 -1.000000 0.000000
vn 0.000000 -1.000000 0.000000
vn 0.000000 -1.000000 0.000000
vn 0.000000 -1.000000 0.000000
vn 0.000000 -1.000000 0.000000
vn 0.000000 -1.000000 0.000000
vn -0.000000 -1.000000 0.000000
vn 0.000000 -1.000000 0.000000
vn 0.000000 -1.000000 0.000000
vn 0.000000 -1.000000 0.000000
vn 0.000000 -1.000000 0.000000
vn 0.000000 -1.000000 0.000000
vn 0.000000 -1.000000 0.000000
vn 0.000000 -1.000000 0.000000
vn 0.000000 -1.000000 0.000000
vn 0.000000 -1.000000 0.000000
vn 0.000000 -1.000000 0.000000
vn 0.000000 -1.000000 0.000000
vn 0.000000 -1.000000 0.000000
vn -0.000000 -1.000000 0.000000
vn 0.000000 -1.000000 0.000000
vn 0.000000 -1.000000 0.000001
vn -0.000001 -1.000000 0.000002
vn 0.000001 -1.000000 0.000000
vn 0.000001 -1.000000 0.000000
vn 0.000000 -1.000000 0.000000
vn 0.000000 -1.000000 0.000000
vn 0.000000 -1.000000 0.000000
vn -0.000001 -1.000000 0.000000
vn 0.000000 -1.000000 0.000000
vn 0.000000 -1.000000 0.000000
vn 0.000000 -1.000000 0.000000
vn 0.000000 -1.000000 0.000000
vn 0.000000 -1.000000 0.000000
vn 0.000003 -1.000000 0.000000
vn 0.000000 -1.000000 0.000000
vn 0.000000 -1.000000 0.000000
vn 0.000001 -1.000000 0.000002
vn 0.000000 -1.000000 0.000001
vn 0.000000 -1.000000 0.000001
vn 0.000001 -1.000000 0.000000
vn 0.000000 -1.000000 0.000000
vn 0.000000 -1.000000 0.000000
vn 0.000000 -1.000000 0.000000
vn 0.000000 -1.000000 0.000000
vn 0.000000 -1.000000 0.000000
vn 0.000000 -1.000000 0.000000
vn 0.000000 -1.000000 0.000000
vn 1.000000 0.000000 0.000001
vn 0.866027 0.000000 -0.499997
vn 0.866026 0.000000 -0.499999
vn -0.866026 0.000000 -0.499999
vn -1.000000 0.000000 0.000002
vn -1.000000 0.000000 -0.000000
vn -0.500003 0.000000 0.866024
vn -0.000003 0.000000 1.000000
vn -0.000003 0.000000 1.000000
vn 0.866026 0.000000 0.499999
vn 1.000000 0.000000 0.000001
vn 1.000000 0.000000 -0.000001
vn -0.500004 0.000000 -0.866023
vn -0.500005 0.000000 -0.866023
vn -0.866026 0.000000 -0.499999
vn 0.500002 0.000000 -0.866024
vn -0.000005 0.000000 -1.000000
vn -0.000005 0.000000 -1.000000
vn -0.866026 0.000000 0.500000
vn -0.500003 0.000000 0.866024
vn -0.500004 0.000000 0.866023
vn 0.500000 0.000000 0.866025
vn 0.866026 0.000000 0.499999
vn 0.866027 0.000000 0.499997
vn -0.000005 0.000000 -1.000000
vn -0.500005 0.000000 -0.866023
vn -0.500004 0.000000 -0.866023
vn 0.866027 0.000000 -0.499997
vn 0.500002 0.000000 -0.866024
vn 0.500001 0.000000 -0.866025
vn -1.000000 0.000000 0.000002
vn -0.866026 0.000000 0.500000
vn -0.866027 0.000000 0.499998
vn -0.500000 0.000000 -0.866026
vn -0.866025 0.000000 -0.500001
vn -0.866026 0.000000 -0.499999
vn 0.002655 0.999856 0.016790
vn 0.002655 0.999856 0.016790
vn 0.002655 0.999856 0.016790
vn 0.002655 0.999856 0.016790
vn 0.002655 0.999856 0.016790
vn 0.002655 0.999856 0.016790
vn 0.002655 0.999856 0.016790
vn 0.002655 0.999856 0.016790
vn 0.002655 0.999856 0.016790
vn 0.002655 0.999856 0.016790
vn 0.002655 0.999856 0.016789
vn 0.002655 0.999856 0.016790
vn 0.516215 -0.015745 0.856314
vn 0.516215 -0.015741 0.856314
vn 0.350036 -0.016657 0.936588
vn -0.002655 -0.999856 -0.016790
vn -0.002655 -0.999856 -0.016790
vn -0.002655 -0.999856 -0.016790
vn -0.002655 -0.999856 -0.016790
vn -0.002655 -0.999856 -0.016790
vn -0.002655 -0.999856 -0.016790
vn -0.002655 -0.999856 -0.016790
vn -0.002655 -0.999856 -0.016789
vn -0.002655 -0.999856 -0.016790
vn -0.002655 -0.999856 -0.016790
vn -0.002655 -0.999856 -0.016790
vn -0.002654 -0.999856 -0.016790
vn -0.664810 0.014311 -0.746875
vn -0.970625 0.006619 -0.240506
vn -0.970625 0.006620 -0.240508
vn -0.970625 0.006620 -0.240508
vn -0.970625 0.006619 -0.240506
vn -0.856456 -0.006391 0.516181
vn 0.350036 -0.016657 0.936588
vn -0.240593 -0.015657 0.970500
vn -0.240587 -0.015655 0.970502
vn -0.240593 -0.015657 0.970500
vn -0.856455 -0.006393 0.516182
vn -0.856456 -0.006391 0.516181
vn -0.516216 0.015744 -0.856314
vn -0.664810 0.014311 -0.746875
vn -0.664809 0.014309 -0.746876
vn 0.002655 0.999856 0.016790
vn 0.002655 0.999856 0.016790
vn 0.002655 0.999856 0.016790
vn 0.002655 0.999856 0.016790
vn 0.002655 0.999856 0.016790
vn 0.002655 0.999856 0.016790
vn 0.002655 0.999856 0.016790
vn 0.002655 0.999856 0.016790
vn 0.002655 0.999856 0.016790
vn 0.002655 0.999856 0.016790
vn 0.002655 0.999856 0.016790
vn 0.002655 0.999856 0.016790
vn 0.516214 -0.015748 0.856315
vn 0.516213 -0.015749 0.856316
vn 0.350035 -0.016655 0.936589
vn -0.002655 -0.999856 -0.016790
vn -0.002655 -0.999856 -0.016790
vn -0.002655 -0.999856 -0.016790
vn -0.002655 -0.999856 -0.016790
vn -0.002655 -0.999856 -0.016790
vn -0.002655 -0.999856 -0.016790
vn -0.002655 -0.999856 -0.016790
vn -0.002654 -0.999856 -0.016790
vn -0.002655 -0.999856 -0.016790
vn -0.002655 -0.999856 -0.016790
vn -0.002655 -0.999856 -0.016790
vn -0.002655 -0.999856 -0.016790
vn -0.664813 0.014307 -0.746873
vn -0.664811 0.014302 -0.746875
vn -0.970624 0.006619 -0.240510
vn -0.970625 0.006625 -0.240507
vn -0.970624 0.006619 -0.240510
vn -0.856455 -0.006391 0.516183
vn 0.350035 -0.016655 0.936589
vn -0.240586 -0.015661 0.970502
vn -0.240582 -0.015661 0.970502
vn -0.240586 -0.015661 0.970502
vn -0.856454 -0.006388 0.516184
vn -0.856455 -0.006391 0.516183
vn -0.664811 0.014302 -0.746875
vn -0.664813 0.014307 -0.746873
vn -0.516215 0.015754 -0.856314
vn 0.000000 1.000000 0.000000
vn 0.000000 1.000000 0.000000
vn 0.000000 1.000000 0.000000
vn 0.000000 1.000000 0.000000
vn 0.000000 1.000000 0.000000
vn 0.000000 1.000000 0.000000
vn 0.000000 1.000000 0.000000
vn 0.000000 1.000000 0.000000
vn 0.000000 1.000000 0.000000
vn 0.000000 1.000000 0.000000
vn 0.000000 1.000000 0.000000
vn 0.000000 1.000000 0.000000
vn 0.000000 1.000000 0.000000
vn 0.000000 1.000000 0.000000
vn 0.000000 1.000000 0.000000
vn 0.000000 1.000000 0.000000
vn 0.000000 1.000000 0.000000
vn 0.000000 1.000000 0.000000
vn 0.000000 1.000000 0.000000
vn 0.000000 1.000000 0.000000
vn 0.000000 1.000000 0.000000
vn -0.892742 0.000000 0.450568
vn -0.677566 0.000000 0.735462
vn -0.677566 0.000000 0.735463
vn 0.000000 -1.000000 0.000000
vn 0.000000 -1.000000 0.000000
vn 0.000000 -1.000000 0.000000
vn 0.000000 -1.000000 0.000000
vn 0.000000 -1.000000 0.000000
vn 0.000000 -1.000000 0.000000
vn 0.000000 -1.000000 0.000000
vn 0.000000 -1.000000 0.000000
vn 0.000000 -1.000000 0.000000
vn 0.000000 -1.000000 0.000000
vn 0.000000 -1.000000 0.000000
vn 0.000000 -1.000000 0.000000
vn 0.000000 -1.000000 0.000000
vn 0.000000 -1.000000 0.000000
vn 0.000000 -1.000000 0.000000
vn 0.000000 -1.000000 0.000000
vn 0.000000 -1.000000 0.000000
vn 0.000000 -1.000000 0.000000
vn 0.000000 1.000000 0.000000
vn -0.000000 1.000000 0.000000
vn 0.000000 1.000000 0.000000
vn 0.000000 1.000000 0.000000
vn 0.000000 1.000000 0.000000
vn 0.000000 1.000000 0.000000
vn 0.000000 1.000000 0.000000
vn 0.000000 1.000000 0.000000
vn 0.000000 1.000000 0.000000
vn 0.000000 1.000000 0.000000
vn 0.000000 1.000000 0.000000
vn 0.000000 1.000000 0.000000
vn 0.000000 -1.000000 0.000000
vn 0.000000 -1.000000 0.000000
vn 0.000000 -1.000000 0.000000
vn 0.000000 -1.000000 0.000000
vn 0.000000 -1.000000 0.000000
vn 0.000000 -1.000000 0.000000
vn 0.000000 -1.000000 0.000000
vn 0.000000 -1.000000 0.000000
vn 0.000000 -1.000000 0.000000
vn 0.000000 -1.000000 0.000000
vn 0.000000 -1.000000 0.000000
vn 0.000000 -1.000000 0.000000
vn 0.758743 0.000000 -0.651391
vn 0.829557 0.000000 -0.558422
vn 0.829557 0.000000 -0.558422
vn -0.837275 0.000000 0.546783
vn -0.892742 0.000000 0.450568
vn -0.892742 0.000000 0.450568
vn 0.000000 1.000000 0.000000
vn 0.000000 1.000000 0.000000
vn 0.000000 1.000000 0.000000
vn 0.667228 0.000000 -0.744854
vn 0.758743 0.000000 -0.651391
vn 0.758742 0.000000 -0.651391
vn 0.000000 -1.000000 0.000000
vn 0.000000 -1.000000 0.000000
vn 0.000000 -1.000000 0.000000
vn -0.677566 0.000000 0.735462
vn -0.677566 0.000000 0.735462
vn -0.892742 0.000000 0.450568
vn 0.829557 0.000000 -0.558422
vn 0.829557 0.000000 -0.558422
vn 0.758743 0.000000 -0.651391
vn 0.758743 0.000000 -0.651390
vn 0.758743 0.000000 -0.651390
vn 0.667228 0.000000 -0.744854
vn 0.000000 -1.000000 0.000000
vn 0.000000 -1.000000 0.000000
vn 0.000000 -1.000000 0.000000
vn 0.000000 1.000000 0.000000
vn 0.000000 1.000000 0.000000
vn 0.000000 1.000000 0.000000
vn 0.758742 0.000000 -0.651391
vn 0.758742 0.000000 -0.651391
vn 0.758743 0.000000 -0.651391
vn -0.892742 0.000000 0.450568
vn -0.892742 0.000000 0.450568
vn -0.892742 0.000000 0.450568
vn 0.000000 -1.000000 0.000000
vn 0.000000 -1.000000 0.000000
vn 0.000000 -1.000000 0.000000
vn 0.000000 1.000000 0.000000
vn 0.000000 1.000000 0.000000
vn 0.000000 1.000000 0.000000
vn 0.758743 0.000000 -0.651391
vn 0.758743 0.000000 -0.651390
vn 0.758743 0.000000 -0.651390
vn -0.892742 0.000000 0.450568
vn -0.892742 0.000000 0.450568
vn -0.892742 0.000000 0.450568
vn 0.667228 0.000000 -0.744854
vn 0.331395 0.000000 -0.943492
vn 0.331395 0.000000 -0.943492
vn 0.331395 0.000000 -0.943492
vn -0.184749 0.000000 -0.982786
vn -0.184749 0.000000 -0.982786
vn -0.184749 0.000000 -0.982786
vn -0.651390 0.000000 -0.758743
vn -0.651390 0.000000 -0.758743
vn -0.837275 0.000000 0.546783
vn -0.982786 0.000000 0.184750
vn -0.982786 0.000000 0.184750
vn -0.982786 0.000000 0.184750
vn -0.943492 0.000000 -0.331396
vn -0.943492 0.000000 -0.331396
vn -0.943492 0.000000 -0.331396
vn -0.651390 0.000000 -0.758743
vn -0.651390 0.000000 -0.758743
vn 0.667228 0.000000 -0.744854
vn 0.331395 0.000000 -0.943492
vn 0.331395 0.000000 -0.943492
vn 0.331395 0.000000 -0.943492
vn -0.184749 0.000000 -0.982786
vn -0.184749 0.000000 -0.982786
vn -0.184749 0.000000 -0.982786
vn -0.651390 0.000000 -0.758743
vn -0.651390 0.000000 -0.758743
vn -0.837275 0.000000 0.546783
vn -0.982786 0.000000 0.184750
vn -0.982786 0.000000 0.184750
vn -0.982786 0.000000 0.184750
vn -0.943492 0.000000 -0.331396
vn -0.943492 0.000000 -0.331396
vn -0.943492 0.000000 -0.331396
vn -0.651390 0.000000 -0.758743
vn -0.651390 0.000000 -0.758743
vn -0.006021 0.000000 -0.999982
vn -0.006020 0.000000 -0.999982
vn 0.494775 0.000001 -0.869021
vn 0.999982 0.000000 -0.006020
vn 0.869020 0.000000 0.494777
vn 0.869020 0.000000 0.494777
vn 0.869020 0.000000 0.494777
vn 0.505204 0.000000 0.863000
vn 0.505204 0.000000 0.863000
vn 0.505204 0.000000 0.863000
vn 0.006021 0.000000 0.999982
vn 0.006021 0.000000 0.999982
vn 0.006021 0.000000 0.999982
vn -0.494778 0.000000 0.869020
vn -0.494778 0.000000 0.869020
vn -0.494778 0.000000 0.869020
vn -0.863000 0.000000 0.505204
vn -0.863000 0.000000 0.505204
vn -0.863000 0.000000 0.505204
vn -0.999982 0.000000 0.006022
vn -0.999982 0.000000 0.006022
vn -0.999982 0.000000 0.006022
vn -0.869021 0.000000 -0.494775
vn -0.869021 0.000000 -0.494776
vn -0.869021 0.000000 -0.494775
vn -0.505205 0.000000 -0.862999
vn -0.505205 0.000000 -0.863000
vn -0.505205 0.000000 -0.862999
vn -0.006020 0.000000 -0.999982
vn -0.006021 0.000000 -0.999982
vn 0.494775 0.000001 -0.869021
vn 0.494775 0.000001 -0.869021
vn 0.863000 0.000001 -0.505204
vn 0.863000 0.000001 -0.505204
vn 0.999982 0.000000 -0.006020
vn 0.999982 0.000000 -0.006019
vn 0.345080 0.716638 -0.606095
vn 0.345081 0.716637 -0.606095
vn 0.601894 0.716639 -0.352352
vn 0.697434 0.716637 -0.004199
vn 0.601893 0.716641 -0.352351
vn 0.601894 0.716639 -0.352352
vn 0.606090 0.716642 0.345079
vn 0.697434 0.716637 -0.004199
vn 0.697433 0.716638 -0.004199
vn 0.352353 0.716638 0.601894
vn 0.606090 0.716642 0.345079
vn 0.606089 0.716642 0.345081
vn 0.352353 0.716638 0.601894
vn 0.352356 0.716637 0.601895
vn 0.004199 0.716639 0.697432
vn 0.004199 0.716639 0.697432
vn 0.004199 0.716639 0.697432
vn -0.345080 0.716638 0.606093
vn -0.601896 0.716637 0.352353
vn -0.345080 0.716639 0.606093
vn -0.345080 0.716638 0.606093
vn -0.697434 0.716637 0.004200
vn -0.601896 0.716637 0.352353
vn -0.601896 0.716637 0.352354
vn -0.697434 0.716637 0.004200
vn -0.697434 0.716637 0.004199
vn -0.606094 0.716639 -0.345079
vn -0.352352 0.716639 -0.601894
vn -0.606094 0.716639 -0.345079
vn -0.606094 0.716639 -0.345079
vn -0.004199 0.716639 -0.697432
vn -0.352352 0.716639 -0.601894
vn -0.352352 0.716639 -0.601894
vn 0.345080 0.716638 -0.606095
vn -0.004199 0.716639 -0.697432
vn -0.004198 0.716639 -0.697432
vn 0.494777 0.000000 -0.869020
vn 0.494776 0.000000 -0.869020
vn 0.863000 0.000000 -0.505204
vn -0.000001 1.000000 0.000000
vn 0.000000 1.000000 0.000000
vn 0.000000 1.000000 0.000000
vn -0.000001 1.000000 0.000000
vn 0.000000 1.000000 0.000000
vn 0.000000 1.000000 0.000000
vn 0.000000 1.000000 0.000000
vn 0.000000 1.000000 0.000000
vn -0.000000 1.000000 0.000000
vn 0.000000 1.000000 0.000000
vn 0.000000 1.000000 0.000000
vn -0.000000 1.000000 0.000000
vn 0.000000 1.000000 0.000000
vn 0.000000 1.000000 0.000000
vn 0.000001 1.000000 0.000000
vn 0.000001 1.000000 0.000000
vn 0.000000 1.000000 0.000000
vn 0.000001 1.000000 0.000000
vn 0.000001 1.000000 0.000000
vn -0.000000 1.000000 0.000000
vn 0.000000 1.000000 0.000000
vn 0.000000 1.000000 0.000000
vn 0.000000 1.000000 0.000000
vn -0.000000 1.000000 0.000000
vn 0.000000 1.000000 0.000000
vn 0.000001 1.000000 0.000000
vn -0.000000 1.000000 0.000000
vn 0.000001 1.000000 0.000000
vn 0.000001 1.000000 0.000000
vn 0.000000 1.000000 0.000000
vn 0.000000 1.000000 0.000000
vn -0.000000 1.000000 0.000000
vn 0.000000 1.000000 0.000000
vn -0.000001 1.000000 0.000000
vn 0.000000 1.000000 0.000000
vn -0.000000 1.000000 0.000000
vn -0.000000 1.000000 0.000000
vn 0.000000 1.000000 0.000000
vn 0.000000 1.000000 0.000000
vn 0.000000 1.000000 0.000000
vn 0.000000 1.000000 0.000000
vn 0.000001 1.000000 0.000000
vn 0.000001 1.000000 0.000000
vn 0.000000 1.000000 0.000000
vn 0.000006 1.000000 0.000000
vn 0.000006 1.000000 0.000000
vn 0.000001 1.000000 0.000000
vn 0.000001 1.000000 0.000000
vn 0.000001 1.000000 0.000000
vn -0.000000 1.000000 0.000000
vn 0.000001 1.000000 0.000000
vn -0.000000 1.000000 0.000000
vn 0.000000 1.000000 0.000000
vn 0.000000 1.000000 0.000000
vn 0.000000 1.000000 0.000000
vn 0.000000 1.000000 0.000000
vn -0.000000 1.000000 0.000000
vn -0.000000 1.000000 0.000000
vn 0.000000 1.000000 0.000000
vn 0.000001 1.000000 0.000000
vn -0.000000 1.000000 0.000000
vn 0.000000 1.000000 0.000000
vn -0.000000 1.000000 0.000000
vn -0.862997 0.000000 0.505209
vn -0.862997 0.000000 0.505209
vn -0.999982 0.000000 0.006022
vn 0.505206 0.000000 0.862999
vn 0.505205 0.000000 0.862999
vn 0.006019 0.000000 0.999982
vn -0.006024 0.000000 -0.999982
vn -0.006024 0.000000 -0.999982
vn 0.494776 0.000000 -0.869020
vn 0.863000 0.000000 -0.505204
vn 0.863000 0.000000 -0.505204
vn 0.999982 0.000000 -0.006021
vn -0.999982 0.000000 0.006023
vn -0.999982 0.000000 0.006022
vn -0.869017 0.000000 -0.494783
vn 0.006020 0.000000 0.999982
vn 0.006019 0.000000 0.999982
vn -0.494778 0.000000 0.869020
vn 0.999982 0.000000 -0.006021
vn 0.999982 0.000000 -0.006021
vn 0.869021 0.000000 0.494775
vn -0.869017 0.000000 -0.494783
vn -0.869017 0.000000 -0.494783
vn -0.505204 0.000000 -0.863000
vn -0.494778 0.000000 0.869019
vn -0.494778 0.000000 0.869020
vn -0.862997 0.000000 0.505209
vn 0.869021 0.000000 0.494775
vn 0.869021 0.000000 0.494775
vn 0.505205 0.000000 0.862999
vn -0.505205 0.000000 -0.862999
vn -0.505204 0.000000 -0.863000
vn -0.006024 0.000000 -0.999982
vn 0.000060 -1.000000 -0.000560
vn 0.000267 -1.000000 -0.000350
vn -0.000890 -0.999993 -0.003529
vn -0.000623 -0.999999 0.001476
vn 0.000568 -1.000000 -0.000126
vn 0.000431 -1.000000 0.000198
vn 0.002320 -0.999988 -0.004328
vn 0.000206 -1.000000 -0.000175
vn 0.000120 -1.000000 -0.000297
vn -0.002749 -0.999995 -0.001504
vn 0.000431 -1.000000 0.000198
vn 0.000131 -1.000000 0.000178
vn -0.001224 -0.999988 -0.004679
vn 0.000131 -1.000000 0.000178
vn -0.000011 -1.000000 0.000023
vn 0.863237 -0.005615 -0.504768
vn 0.494592 -0.006057 -0.869104
vn 0.494591 0.006057 -0.869105
vn -0.506343 -0.002265 -0.862329
vn -0.869666 0.000812 -0.493641
vn -0.869665 -0.000812 -0.493641
vn -0.869666 0.000812 -0.493641
vn -0.999967 0.003835 0.007169
vn -0.999967 -0.003835 0.007168
vn -0.999967 0.003835 0.007169
vn -0.862714 0.005681 0.505661
vn -0.862713 -0.005681 0.505662
vn -0.862714 0.005681 0.505661
vn -0.494959 0.006057 0.868895
vn -0.494960 -0.006057 0.868895
vn -0.494959 0.006057 0.868895
vn 0.005102 0.004816 0.999976
vn 0.005101 -0.004816 0.999975
vn 0.005102 0.004816 0.999976
vn 0.504034 0.002264 0.863681
vn 0.504033 -0.002264 0.863681
vn 0.504034 0.002264 0.863681
vn 0.868281 -0.000981 0.496072
vn 0.868358 0.000840 0.495938
vn 0.868281 -0.000981 0.496072
vn 0.999981 -0.003861 -0.004926
vn 0.999981 0.003792 -0.004939
vn 0.999981 0.003792 -0.004939
vn 0.999981 -0.003861 -0.004926
vn 0.863237 -0.005615 -0.504768
vn -0.006878 -0.004765 -0.999965
vn -0.506343 -0.002265 -0.862329
vn -0.506343 0.002265 -0.862329
vn 0.002554 -0.999996 0.001154
vn 0.000379 -1.000000 -0.000319
vn 0.000568 -1.000000 -0.000126
vn -0.000225 -1.000000 -0.000490
vn 0.000060 -1.000000 -0.000560
vn -0.001859 -0.999998 -0.000269
vn 0.000267 -1.000000 -0.000350
vn 0.000206 -1.000000 -0.000175
vn 0.002320 -0.999988 -0.004328
vn -0.000305 -1.000000 -0.000201
vn -0.000225 -1.000000 -0.000490
vn 0.000378 -0.999998 0.002146
vn 0.000379 1.000000 -0.000319
vn 0.000120 1.000000 -0.000297
vn 0.004093 0.999990 -0.001925
vn -0.000041 -1.000000 -0.000017
vn -0.000305 -1.000000 -0.000201
vn 0.003850 -0.999992 0.001402
vn -0.000011 -1.000000 0.000023
vn -0.000041 -1.000000 -0.000017
vn 0.005023 -0.999985 -0.002005
vn 0.000000 1.000000 0.000000
vn -0.000000 1.000000 -0.000000
vn 0.000000 1.000000 -0.000000
vn 0.000000 1.000000 0.000000
vn 0.000000 1.000000 0.000000
vn 0.000000 1.000000 0.000000
vn 0.000000 1.000000 0.000000
vn 0.000000 1.000000 0.000000
vn 0.000000 1.000000 0.000000
vn 0.000000 1.000000 0.000000
vn 0.000000 1.000000 0.000000
vn 0.000000 1.000000 0.000000
vn 0.000000 1.000000 0.000000
vn 0.000000 1.000000 0.000000
vn -0.000000 1.000000 0.000000
vn -0.000000 1.000000 -0.000000
vn -0.000000 1.000000 0.000000
vn -0.000000 1.000000 0.000000
vn 0.000000 1.000000 0.000000
vn 0.000000 1.000000 0.000000
vn 0.000000 1.000000 0.000000
vn 0.862999 0.000000 -0.505205
vn 0.862999 0.000000 -0.505205
vn 0.999982 0.000000 -0.006022
vn 0.494777 0.000000 -0.869020
vn 0.862999 0.000000 -0.505205
vn 0.862999 0.000000 -0.505205
vn -0.505205 0.000000 -0.862999
vn -0.006021 0.000000 -0.999982
vn -0.006021 0.000000 -0.999982
vn -0.869020 0.000000 -0.494777
vn -0.505205 0.000000 -0.862999
vn -0.505205 0.000000 -0.862999
vn -0.999982 0.000000 0.006021
vn -0.869020 0.000000 -0.494777
vn -0.869020 0.000000 -0.494777
vn -0.862999 0.000000 0.505205
vn -0.999982 0.000000 0.006021
vn -0.999982 0.000000 0.006021
vn -0.494777 0.000000 0.869020
vn -0.494777 0.000000 0.869020
vn -0.862999 0.000000 0.505205
vn 0.006020 0.000000 0.999982
vn -0.494777 0.000000 0.869020
vn -0.494777 0.000000 0.869020
vn 0.505205 0.000000 0.863000
vn 0.006020 0.000000 0.999982
vn 0.006020 0.000000 0.999982
vn 0.869020 0.000000 0.494777
vn 0.505205 0.000000 0.863000
vn 0.505205 0.000000 0.863000
vn 0.999982 0.000000 -0.006022
vn 0.869020 0.000000 0.494777
vn 0.869020 0.000000 0.494777
vn -0.006021 0.000000 -0.999982
vn -0.006021 0.000000 -0.999982
vn 0.494777 0.000000 -0.869020
vn -0.000000 1.000000 0.000000
vn 0.000000 1.000000 0.000000
vn -0.000000 1.000000 0.000000
vn -0.000000 1.000000 0.000000
vn -0.000000 1.000000 0.000000
vn -0.000000 1.000000 0.000000
vn 0.000000 1.000000 -0.000000
vn -0.000000 1.000000 0.000000
vn -0.000000 1.000000 0.000000
vn 0.000000 1.000000 0.000000
vn 0.000000 1.000000 -0.000000
vn 0.000000 1.000000 -0.000000
vn -0.000000 1.000000 0.000000
vn 0.000000 1.000000 0.000000
vn 0.000000 1.000000 0.000000
vn -0.006021 -0.000000 -0.999982
vn 0.494776 -0.000002 -0.869020
vn 0.494777 -0.000001 -0.869020
vn 0.869020 0.000000 0.494777
vn 0.869020 0.000000 0.494777
vn 0.999982 -0.000001 -0.006021
vn 0.505204 0.000000 0.863000
vn 0.505204 0.000000 0.863000
vn 0.869020 0.000000 0.494777
vn 0.006021 0.000000 0.999982
vn 0.006021 0.000000 0.999982
vn 0.505204 0.000000 0.863000
vn -0.494778 0.000000 0.869020
vn -0.494778 0.000000 0.869020
vn 0.006021 0.000000 0.999982
vn -0.863000 0.000000 0.505204
vn -0.863000 0.000000 0.505204
vn -0.494778 0.000000 0.869020
vn -0.999982 0.000000 0.006022
vn -0.999982 0.000000 0.006022
vn -0.863000 0.000000 0.505204
vn -0.869021 0.000000 -0.494776
vn -0.869021 0.000000 -0.494775
vn -0.999982 0.000000 0.006022
vn -0.505205 0.000000 -0.863000
vn -0.505205 0.000000 -0.862999
vn -0.869021 0.000000 -0.494775
vn -0.006021 -0.000000 -0.999982
vn -0.006020 0.000000 -0.999982
vn -0.505205 0.000000 -0.862999
vn 0.494776 -0.000002 -0.869020
vn 0.863000 -0.000002 -0.505204
vn 0.862999 -0.000003 -0.505205
vn 0.863000 -0.000002 -0.505204
vn 0.999982 0.000000 -0.006019
vn 0.999982 -0.000001 -0.006021
vn 0.601896 -0.716637 -0.352354
vn 0.345079 -0.716638 -0.606095
vn 0.345080 -0.716638 -0.606094
vn 0.697434 -0.716637 -0.004200
vn 0.697433 -0.716638 -0.004199
vn 0.601896 -0.716637 -0.352354
vn 0.606090 -0.716642 0.345079
vn 0.606089 -0.716642 0.345081
vn 0.697433 -0.716638 -0.004199
vn 0.352352 -0.716638 0.601895
vn 0.352354 -0.716637 0.601895
vn 0.606089 -0.716642 0.345081
vn 0.004199 -0.716638 0.697432
vn 0.352354 -0.716637 0.601895
vn 0.352352 -0.716638 0.601895
vn -0.345080 -0.716638 0.606093
vn 0.004199 -0.716638 0.697432
vn 0.004199 -0.716639 0.697432
vn -0.601896 -0.716637 0.352353
vn -0.601896 -0.716637 0.352354
vn -0.345080 -0.716638 0.606093
vn -0.697434 -0.716637 0.004200
vn -0.697434 -0.716636 0.004199
vn -0.601896 -0.716637 0.352354
vn -0.606094 -0.716639 -0.345079
vn -0.697434 -0.716636 0.004199
vn -0.697434 -0.716637 0.004200
vn -0.352352 -0.716639 -0.601894
vn -0.352352 -0.716639 -0.601894
vn -0.606094 -0.716639 -0.345079
vn -0.004199 -0.716639 -0.697432
vn -0.352352 -0.716639 -0.601894
vn -0.352352 -0.716639 -0.601894
vn 0.345080 -0.716638 -0.606094
vn 0.345079 -0.716638 -0.606095
vn -0.004199 -0.716639 -0.697432
vn 0.863000 0.000000 -0.505204
vn 0.494776 0.000000 -0.869020
vn 0.494776 0.000000 -0.869021
vn 0.000000 -1.000000 0.000000
vn 0.000000 -1.000000 0.000000
vn -0.000001 -1.000000 0.000000
vn -0.000001 -1.000000 0.000000
vn 0.000000 -1.000000 0.000000
vn 0.000000 -1.000000 0.000000
vn 0.000001 -1.000000 0.000000
vn 0.000000 -1.000000 0.000000
vn -0.000000 -1.000000 0.000000
vn -0.000000 -1.000000 0.000000
vn 0.000000 -1.000000 0.000000
vn -0.000000 -1.000000 0.000000
vn -0.000000 -1.000000 0.000000
vn 0.000000 -1.000000 0.000000
vn 0.000000 -1.000000 0.000000
vn 0.000000 -1.000000 0.000000
vn 0.000000 -1.000000 0.000000
vn -0.000000 -1.000000 0.000000
vn -0.000000 -1.000000 0.000000
vn 0.000000 -1.000000 0.000000
vn 0.000000 -1.000000 0.000000
vn 0.000000 -1.000000 0.000000
vn 0.000000 -1.000000 0.000000
vn -0.000001 -1.000000 0.000000
vn -0.000001 -1.000000 0.000000
vn 0.000000 -1.000000 0.000000
vn -0.000000 -1.000000 0.000000
vn -0.000001 -1.000000 0.000000
vn -0.000000 -1.000000 0.000000
vn 0.000000 -1.000000 0.000000
vn 0.000000 -1.000000 0.000000
vn 0.000000 -1.000000 0.000000
vn 0.000001 -1.000000 0.000000
vn 0.000000 -1.000000 0.000000
vn 0.000000 -1.000000 0.000000
vn -0.000001 -1.000000 0.000000
vn 0.000000 -1.000000 0.000000
vn 0.000000 -1.000000 0.000000
vn 0.000001 -1.000000 0.000000
vn 0.000001 -1.000000 0.000000
vn -0.000005 -1.000000 0.000000
vn -0.000000 -1.000000 0.000000
vn -0.000000 -1.000000 0.000000
vn 0.000000 -1.000000 0.000000
vn 0.000000 -1.000000 0.000000
vn 0.000000 -1.000000 0.000000
vn 0.000000 -1.000000 0.000000
vn -0.000000 -1.000000 0.000000
vn 0.000000 -1.000000 0.000000
vn -0.000001 -1.000000 0.000000
vn -0.000000 -1.000000 0.000000
vn -0.000001 -1.000000 0.000000
vn 0.000000 -1.000000 0.000000
vn -0.000001 -1.000000 0.000000
vn -0.000001 -1.000000 0.000000
vn 0.000000 -1.000000 0.000000
vn 0.000000 -1.000000 0.000000
vn 0.000000 -1.000000 0.000000
vn 0.000001 -1.000000 0.000000
vn -0.000000 -1.000000 0.000000
vn -0.000001 -1.000000 0.000000
vn -0.000001 -1.000000 0.000000
vn -0.000000 -1.000000 0.000000
vn -0.999982 0.000000 0.006022
vn -0.862999 0.000000 0.505206
vn -0.862999 0.000000 0.505206
vn 0.006021 0.000000 0.999982
vn 0.505206 0.000000 0.862999
vn 0.505206 0.000000 0.862999
vn 0.494776 0.000000 -0.869020
vn -0.006024 0.000000 -0.999982
vn -0.006024 0.000000 -0.999982
vn 0.999982 0.000000 -0.006021
vn 0.863000 0.000000 -0.505204
vn 0.863000 0.000000 -0.505204
vn -0.869018 0.000000 -0.494781
vn -0.999982 0.000000 0.006022
vn -0.999982 0.000000 0.006022
vn -0.494780 0.000000 0.869018
vn 0.006021 0.000000 0.999982
vn 0.006021 0.000000 0.999982
vn 0.869022 0.000000 0.494775
vn 0.999982 0.000000 -0.006021
vn 0.999982 0.000000 -0.006021
vn -0.505206 0.000000 -0.862999
vn -0.869018 0.000000 -0.494781
vn -0.869017 0.000000 -0.494782
vn -0.862999 0.000000 0.505206
vn -0.494780 0.000000 0.869018
vn -0.494780 0.000000 0.869019
vn 0.505206 0.000000 0.862999
vn 0.869022 0.000000 0.494775
vn 0.869022 0.000000 0.494774
vn -0.006024 0.000000 -0.999982
vn -0.505206 0.000000 -0.862999
vn -0.505206 0.000000 -0.862999
vn -0.000890 0.999993 -0.003529
vn 0.000257 1.000000 -0.000397
vn 0.000103 1.000000 -0.000539
vn 0.000431 1.000000 0.000198
vn 0.000568 1.000000 -0.000126
vn -0.000623 0.999999 0.001476
vn 0.000120 1.000000 -0.000297
vn 0.000206 1.000000 -0.000175
vn 0.002320 0.999988 -0.004328
vn 0.000131 1.000000 0.000178
vn 0.000431 1.000000 0.000198
vn -0.002749 0.999995 -0.001504
vn -0.000011 1.000000 0.000023
vn 0.000131 1.000000 0.000178
vn -0.001224 0.999988 -0.004679
vn 0.000568 1.000000 -0.000126
vn 0.000379 1.000000 -0.000319
vn 0.002602 0.999996 0.001153
vn -0.001859 0.999998 -0.000269
vn 0.000103 1.000000 -0.000539
vn -0.000217 1.000000 -0.000394
vn 0.002320 0.999988 -0.004328
vn 0.000206 1.000000 -0.000175
vn 0.000257 1.000000 -0.000397
vn 0.000378 0.999998 0.002146
vn -0.000217 1.000000 -0.000394
vn -0.000305 1.000000 -0.000201
vn 0.003849 0.999992 0.001402
vn -0.000305 1.000000 -0.000201
vn -0.000041 1.000000 -0.000018
vn 0.004981 0.999986 -0.001980
vn -0.000041 1.000000 -0.000018
vn -0.000011 1.000000 0.000023
vn 0.000000 -1.000000 0.000000
vn 0.000000 -1.000000 0.000000
vn 0.000000 -1.000000 0.000000
vn 0.000000 -1.000000 0.000000
vn 0.000000 -1.000000 0.000000
vn 0.000000 -1.000000 0.000000
vn 0.000000 -1.000000 0.000000
vn 0.000000 -1.000000 0.000000
vn 0.000000 -1.000000 0.000000
vn 0.000000 -1.000000 0.000000
vn 0.000000 -1.000000 0.000000
vn 0.000000 -1.000000 0.000000
vn 0.000000 -1.000000 0.000000
vn 0.000000 -1.000000 0.000000
vn -0.000000 -1.000000 0.000000
vn -0.000000 -1.000000 0.000000
vn 0.000000 -1.000000 0.000000
vn -0.000000 -1.000000 0.000000
vn 0.000000 -1.000000 0.000000
vn -0.000000 -1.000000 0.000000
vn -0.000000 -1.000000 0.000000
vn 0.862999 0.000000 -0.505206
vn 0.999982 0.000000 -0.006022
vn 0.999982 0.000000 -0.006022
vn 0.494777 0.000000 -0.869020
vn 0.862999 0.000000 -0.505206
vn 0.862999 0.000000 -0.505206
vn -0.006022 0.000000 -0.999982
vn -0.006022 0.000000 -0.999982
vn -0.505205 0.000000 -0.862999
vn -0.505205 0.000000 -0.862999
vn -0.505205 0.000000 -0.862999
vn -0.869020 0.000000 -0.494777
vn -0.869020 0.000000 -0.494777
vn -0.869020 0.000000 -0.494777
vn -0.999982 0.000000 0.006021
vn -0.999982 0.000000 0.006021
vn -0.999982 0.000000 0.006021
vn -0.862999 0.000000 0.505205
vn -0.862999 0.000000 0.505206
vn -0.862999 0.000000 0.505205
vn -0.494777 0.000000 0.869020
vn 0.006020 0.000000 0.999982
vn -0.494777 0.000000 0.869020
vn -0.494777 0.000000 0.869020
vn 0.006020 0.000000 0.999982
vn 0.006020 0.000000 0.999982
vn 0.505205 0.000000 0.863000
vn 0.505205 0.000000 0.863000
vn 0.505205 0.000000 0.863000
vn 0.869020 0.000000 0.494777
vn 0.869020 0.000000 0.494777
vn 0.869020 0.000000 0.494777
vn 0.999982 0.000000 -0.006022
vn 0.494777 0.000000 -0.869020
vn 0.494777 0.000000 -0.869020
vn -0.006022 0.000000 -0.999982
vn -0.000000 -1.000000 0.000000
vn 0.000000 -1.000000 0.000000
vn 0.000000 -1.000000 0.000000
vn 0.000000 -1.000000 0.000000
vn -0.000000 -1.000000 0.000000
vn -0.000001 -1.000000 0.000000
vn 0.000000 -1.000000 0.000000
vn 0.000000 -1.000000 0.000000
vn 0.000000 -1.000000 0.000000
vn 0.000000 -1.000000 0.000000
vn -0.000000 -1.000000 0.000000
vn 0.000000 -1.000000 0.000000
vn -0.000000 -1.000000 0.000000
vn -0.000000 -1.000000 0.000000
vn 0.000000 -1.000000 0.000000
vn 0.494592 -0.006057 -0.869104
vn -0.006878 -0.004765 -0.999965
vn -0.006879 0.004765 -0.999965
vn 0.004094 -0.999990 -0.001925
vn 0.000120 -1.000000 -0.000297
vn 0.000379 -1.000000 -0.000319
f 1/1/1 2/2/2 3/3/3
f 4/4/4 5/5/5 6/6/6
f 7/7/7 8/8/8 9/9/9
f 10/10/10 11/11/11 12/12/12
f 13/13/13 14/14/14 15/15/15
f 16/16/16 17/17/17 18/18/18
f 19/19/19 20/20/20 21/21/21
f 22/22/22 23/23/23 24/24/24
f 25/25/25 26/26/26 27/27/27
f 28/28/28 29/29/29 30/30/30
f 31/31/31 32/32/32 33/33/33
f 34/34/34 35/35/35 36/36/36
f 37/37/37 38/38/38 39/39/39
f 40/40/40 41/41/41 42/42/42
f 43/43/43 44/44/44 45/45/45
f 46/46/46 47/47/47 48/48/48
f 49/49/49 50/50/50 51/51/51
f 52/52/52 53/53/53 54/54/54
f 55/55/55 56/56/56 57/57/57
f 58/58/58 59/59/59 60/60/60
f 61/61/61 62/62/62 63/63/63
f 64/64/64 65/65/65 66/66/66
f 67/67/67 68/68/68 69/69/69
f 70/70/70 71/71/71 72/72/72
f 73/73/73 74/74/74 75/75/75
f 76/76/76 77/77/77 78/78/78
f 79/79/79 80/80/80 81/81/81
f 82/82/82 83/83/83 84/84/84
f 85/85/85 86/86/86 87/87/87
f 88/88/88 89/89/89 90/90/90
f 91/91/91 92/92/92 93/93/93
f 94/94/94 95/95/95 96/96/96
f 97/97/97 98/98/98 99/99/99
f 100/100/100 101/101/101 102/102/102
f 103/103/103 104/104/104 105/105/105
f 106/106/106 107/107/107 108/108/108
f 109/109/109 110/110/110 111/111/111
f 112/112/112 113/113/113 114/114/114
f 115/115/115 116/116/116 117/117/117
f 118/118/118 119/119/119 120/120/120
f 121/121/121 122/122/122 123/123/123
f 124/124/124 125/125/125 126/126/126
f 127/127/127 128/128/128 129/129/129
f 130/130/130 131/131/131 132/132/132
f 133/133/133 134/134/134 135/135/135
f 136/136/136 137/137/137 138/138/138
f 139/139/139 140/140/140 141/141/141
f 142/142/142 143/143/143 144/144/144
f 145/145/145 146/146/146 147/147/147
f 148/148/148 149/149/149 150/150/150
f 151/151/151 152/152/152 153/153/153
f 154/154/154 155/155/155 156/156/156
f 157/157/157 158/158/158 159/159/159
f 160/160/160 161/161/161 162/162/162
f 163/163/163 164/164/164 165/165/165
f 166/166/166 167/167/167 168/168/168
f 169/169/169 170/170/170 171/171/171
f 172/172/172 173/173/173 174/174/174
f 175/175/175 176/176/176 177/177/177
f 178/178/178 179/179/179 180/180/180
f 181/181/181 182/182/182 183/183/183
f 184/184/184 185/185/185 186/186/186
f 187/187/187 188/188/188 189/189/189
f 190/190/190 191/191/191 192/192/192
f 193/193/193 194/194/194 195/195/195
f 196/196/196 197/197/197 198/198/198
f 199/199/199 200/200/200 201/201/201
f 202/202/202 203/203/203 204/204/204
f 205/205/205 206/206/206 207/207/207
f 208/208/208 209/209/209 210/210/210
f 211/211/211 212/212/212 213/213/213
f 214/214/214 215/215/215 216/216/216
f 217/217/217 218/218/218 219/219/219
f 220/220/220 221/221/221 222/222/222
f 223/223/223 224/224/224 225/225/225
f 226/226/226 227/227/227 228/228/228
f 229/229/229 230/230/230 231/231/231
f 232/232/232 233/233/233 234/234/234
f 235/235/235 236/236/236 237/237/237
f 238/238/238 239/239/239 240/240/240
f 241/241/241 242/242/242 243/243/243
f 244/244/244 245/245/245 246/246/246
f 247/247/247 248/248/248 249/249/249
f 250/250/250 251/251/251 252/252/252
f 253/253/253 254/254/254 255/255/255
f 256/256/256 257/257/257 258/258/258
f 259/259/259 260/260/260 261/261/261
f 262/262/262 263/263/263 264/264/264
f 265/265/265 266/266/266 267/267/267
f 268/268/268 269/269/269 270/270/270
f 271/271/271 272/272/272 273/273/273
f 274/274/274 275/275/275 276/276/276
f 277/277/277 278/278/278 279/279/279
f 280/280/280 281/281/281 282/282/282
f 283/283/283 284/284/284 285/285/285
f 286/286/286 287/287/287 288/288/288
f 289/289/289 290/290/290 291/291/291
f 292/292/292 293/293/293 294/294/294
f 295/295/295 296/296/296 297/297/297
f 298/298/298 299/299/299 300/300/300
f 301/301/301 302/302/302 303/303/303
f 304/304/304 305/305/305 306/306/306
f 307/307/307 308/308/308 309/309/309
f 310/310/310 311/311/311 312/312/312
f 313/313/313 314/314/314 315/315/315
f 316/316/316 317/317/317 318/318/318
f 319/319/319 320/320/320 321/321/321
f 322/322/322 323/323/323 324/324/324
f 325/325/325 326/326/326 327/327/327
f 328/328/328 329/329/329 330/330/330
f 331/331/331 332/332/332 333/333/333
f 334/334/334 335/335/335 336/336/336
f 337/337/337 338/338/338 339/339/339
f 340/340/340 341/341/341 342/342/342
f 343/343/343 344/344/344 345/345/345
f 346/346/346 347/347/347 348/348/348
f 349/349/349 350/350/350 351/351/351
f 352/352/352 353/353/353 354/354/354
f 355/355/355 356/356/356 357/357/357
f 358/358/358 359/359/359 360/360/360
f 361/361/361 362/362/362 363/363/363
f 364/364/364 365/365/365 366/366/366
f 367/367/367 368/368/368 369/369/369
f 370/370/370 371/371/371 372/372/372
f 373/373/373 374/374/374 375/375/375
f 376/376/376 377/377/377 378/378/378
f 379/379/379 380/380/380 381/381/381
f 382/382/382 383/383/383 384/384/384
f 385/385/385 386/386/386 387/387/387
f 388/388/388 389/389/389 390/390/390
f 391/391/391 392/392/392 393/393/393
f 394/394/394 395/395/395 396/396/396
f 397/397/397 398/398/398 399/399/399
f 400/400/400 401/401/401 402/402/402
f 403/403/403 404/404/404 405/405/405
f 406/406/406 407/407/407 408/408/408
f 409/409/409 410/410/410 411/411/411
f 412/412/412 413/413/413 414/414/414
f 415/415/415 416/416/416 417/417/417
f 418/418/418 419/419/419 420/420/420
f 421/421/421 422/422/422 423/423/423
f 424/424/424 425/425/425 426/426/426
f 427/427/427 428/428/428 429/429/429
f 430/430/430 431/431/431 432/432/432
f 433/433/433 434/434/434 435/435/435
f 436/436/436 437/437/437 438/438/438
f 439/439/439 440/440/440 441/441/441
f 442/442/442 443/443/443 444/444/444
f 445/445/445 446/446/446 447/447/447
f 448/448/448 449/449/449 450/450/450
f 451/451/451 452/452/452 453/453/453
f 454/454/454 455/455/455 456/456/456
f 457/457/457 458/458/458 459/459/459
f 460/460/460 461/461/461 462/462/462
f 463/463/463 464/464/464 465/465/465
f 466/466/466 467/467/467 468/468/468
f 469/469/469 470/470/470 471/471/471
f 472/472/472 473/473/473 474/474/474
f 475/475/475 476/476/476 477/477/477
f 478/478/478 479/479/479 480/480/480
f 481/481/481 482/482/482 483/483/483
f 484/484/484 485/485/485 486/486/486
f 487/487/487 488/488/488 489/489/489
f 490/490/490 491/491/491 492/492/492
f 493/493/493 494/494/494 495/495/495
f 496/496/496 497/497/497 498/498/498
f 499/499/499 500/500/500 501/501/501
f 502/502/502 503/503/503 504/504/504
f 505/505/505 506/506/506 507/507/507
f 508/508/508 509/509/509 510/510/510
f 511/511/511 512/512/512 513/513/513
f 514/514/514 515/515/515 516/516/516
f 517/517/517 518/518/518 519/519/519
f 520/520/520 521/521/521 522/522/522
f 523/523/523 524/524/524 525/525/525
f 526/526/526 527/527/527 528/528/528
f 529/529/529 530/530/530 531/531/531
f 532/532/532 533/533/533 534/534/534
f 535/535/535 536/536/536 537/537/537
f 538/538/538 539/539/539 540/540/540
f 541/541/541 542/542/542 543/543/543
f 544/544/544 545/545/545 546/546/546
f 547/547/547 548/548/548 549/549/549
f 550/550/550 551/551/551 552/552/552
f 553/553/553 554/554/554 555/555/555
f 556/556/556 557/557/557 558/558/558
f 559/559/559 560/560/560 561/561/561
f 562/562/562 563/563/563 564/564/564
f 565/565/565 566/566/566 567/567/567
f 568/568/568 569/569/569 570/570/570
f 571/571/571 572/572/572 573/573/573
f 574/574/574 575/575/575 576/576/576
f 577/577/577 578/578/578 579/579/579
f 580/580/580 581/581/581 582/582/582
f 583/583/583 584/584/584 585/585/585
f 586/586/586 587/587/587 588/588/588
f 589/589/589 590/590/590 591/591/591
f 592/592/592 593/593/593 594/594/594
f 595/595/595 596/596/596 597/597/597
f 598/598/598 599/599/599 600/600/600
f 601/601/601 602/602/602 603/603/603
f 604/604/604 605/605/605 606/606/606
f 607/607/607 608/608/608 609/609/609
f 610/610/610 611/611/611 612/612/612
f 613/613/613 614/614/614 615/615/615
f 616/616/616 617/617/617 618/618/618
f 619/619/619 620/620/620 621/621/621
f 622/622/622 623/623/623 624/624/624
f 625/625/625 626/626/626 627/627/627
f 628/628/628 629/629/629 630/630/630
f 631/631/631 632/632/632 633/633/633
f 634/634/634 635/635/635 636/636/636
f 637/637/637 638/638/638 639/639/639
f 640/640/640 641/641/641 642/642/642
f 643/643/643 644/644/644 645/645/645
f 646/646/646 647/647/647 648/648/648
f 649/649/649 650/650/650 651/651/651
f 652/652/652 653/653/653 654/654/654
f 655/655/655 656/656/656 657/657/657
f 658/658/658 659/659/659 660/660/660
f 661/661/661 662/662/662 663/663/663
f 664/664/664 665/665/665 666/666/666
f 667/667/667 668/668/668 669/669/669
f 670/670/670 671/671/671 672/672/672
f 673/673/673 674/674/674 675/675/675
f 676/676/676 677/677/677 678/678/678
f 679/679/679 680/680/680 681/681/681
f 682/682/682 683/683/683 684/684/684
f 685/685/685 686/686/686 687/687/687
f 688/688/688 689/689/689 690/690/690
f 691/691/691 692/692/692 693/693/693
f 694/694/694 695/695/695 696/696/696
f 697/697/697 698/698/698 699/699/699
f 700/700/700 701/701/701 702/702/702
f 703/703/703 704/704/704 705/705/705
f 706/706/706 707/707/707 708/708/708
f 709/709/709 710/710/710 711/711/711
f 712/712/712 713/713/713 714/714/714
f 715/715/715 716/716/716 717/717/717
f 718/718/718 719/719/719 720/720/720
f 721/721/721 722/722/722 723/723/723
f 724/724/724 725/725/725 726/726/726
f 727/727/727 728/728/728 729/729/729
f 730/730/730 731/731/731 732/732/732
f 733/733/733 734/734/734 735/735/735
f 736/736/736 737/737/737 738/738/738
f 739/739/739 740/740/740 741/741/741
f 742/742/742 743/743/743 744/744/744
f 745/745/745 746/746/746 747/747/747
f 748/748/748 749/749/749 750/750/750
f 751/751/751 752/752/752 753/753/753
f 754/754/754 755/755/755 756/756/756
f 757/757/757 758/758/758 759/759/759
f 760/760/760 761/761/761 762/762/762
f 763/763/763 764/764/764 765/765/765
f 766/766/766 767/767/767 768/768/768
f 769/769/769 770/770/770 771/771/771
f 772/772/772 773/773/773 774/774/774
f 775/775/775 776/776/776 777/777/777
f 778/778/778 779/779/779 780/780/780
f 781/781/781 782/782/782 783/783/783
f 784/784/784 785/785/785 786/786/786
f 787/787/787 788/788/788 789/789/789
f 790/790/790 791/791/791 792/792/792
f 793/793/793 794/794/794 795/795/795
f 796/796/796 797/797/797 798/798/798
f 799/799/799 800/800/800 801/801/801
f 802/802/802 803/803/803 804/804/804
f 805/805/805 806/806/806 807/807/807
f 808/808/808 809/809/809 810/810/810
f 811/811/811 812/812/812 813/813/813
f 814/814/814 815/815/815 816/816/816
f 817/817/817 818/818/818 819/819/819
f 820/820/820 821/821/821 822/822/822
f 823/823/823 824/824/824 825/825/825
f 826/826/826 827/827/827 828/828/828
f 829/829/829 830/830/830 831/831/831
f 832/832/832 833/833/833 834/834/834
f 835/835/835 836/836/836 837/837/837
f 838/838/838 839/839/839 840/840/840
f 841/841/841 842/842/842 843/843/843
f 844/844/844 845/845/845 846/846/846
f 847/847/847 848/848/848 849/849/849
f 850/850/850 851/851/851 852/852/852
f 853/853/853 854/854/854 855/855/855
f 856/856/856 857/857/857 858/858/858
f 859/859/859 860/860/860 861/861/861
f 862/862/862 863/863/863 864/864/864
f 865/865/865 866/866/866 867/867/867
f 868/868/868 869/869/869 870/870/870
f 871/871/871 872/872/872 873/873/873
f 874/874/874 875/875/875 876/876/876
f 877/877/877 878/878/878 879/879/879
f 880/880/880 881/881/881 882/882/882
f 883/883/883 884/884/884 885/885/885
f 886/886/886 887/887/887 888/888/888
f 889/889/889 890/890/890 891/891/891
f 892/892/892 893/893/893 894/894/894
f 895/895/895 896/896/896 897/897/897
f 898/898/898 899/899/899 900/900/900
f 901/901/901 902/902/902 903/903/903
f 904/904/904 905/905/905 906/906/906
f 907/907/907 908/908/908 909/909/909
f 910/910/910 911/911/911 912/912/912
f 913/913/913 914/914/914 915/915/915
f 916/916/916 917/917/917 918/918/918
f 919/919/919 920/920/920 921/921/921
f 922/922/922 923/923/923 924/924/924
f 925/925/925 926/926/926 927/927/927
f 928/928/928 929/929/929 930/930/930
f 931/931/931 932/932/932 933/933/933
f 934/934/934 935/935/935 936/936/936
f 937/937/937 938/938/938 939/939/939
f 940/940/940 941/941/941 942/942/942
f 943/943/943 944/944/944 945/945/945
f 946/946/946 947/947/947 948/948/948
f 949/949/949 950/950/950 951/951/951
f 952/952/952 953/953/953 954/954/954
f 955/955/955 956/956/956 957/957/957
f 958/958/958 959/959/959 960/960/960
f 961/961/961 962/962/962 963/963/963
f 964/964/964 965/965/965 966/966/966
f 967/967/967 968/968/968 969/969/969
f 970/970/970 971/971/971 972/972/972
f 973/973/973 974/974/974 975/975/975
f 976/976/976 977/977/977 978/978/978
f 979/979/979 980/980/980 981/981/981
f 982/982/982 983/983/983 984/984/984
f 985/985/985 986/986/986 987/987/987
f 988/988/988 989/989/989 990/990/990
f 991/991/991 992/992/992 993/993/993
f 994/994/994 995/995/995 996/996/996
f 997/997/997 998/998/998 999/999/999
f 1000/1000/1000 1001/1001/1001 1002/1002/1002
f 1003/1003/1003 1004/1004/1004 1005/1005/1005
f 1006/1006/1006 1007/1007/1007 1008/1008/1008
f 1009/1009/1009 1010/1010/1010 1011/1011/1011
f 1012/1012/1012 1013/1013/1013 1014/1014/1014
f 1015/1015/1015 1016/1016/1016 1017/1017/1017
f 1018/1018/1018 1019/1019/1019 1020/1020/1020
f 1021/1021/1021 1022/1022/1022 1023/1023/1023
f 1024/1024/1024 1025/1025/1025 1026/1026/1026
f 1027/1027/1027 1028/1028/1028 1029/1029/1029
f 1030/1030/1030 1031/1031/1031 1032/1032/1032
f 1033/1033/1033 1034/1034/1034 1035/1035/1035
f 1036/1036/1036 1037/1037/1037 1038/1038/1038
f 1039/1039/1039 1040/1040/1040 1041/1041/1041
f 1042/1042/1042 1043/1043/1043 1044/1044/1044
f 1045/1045/1045 1046/1046/1046 1047/1047/1047
f 1048/1048/1048 1049/1049/1049 1050/1050/1050
f 1051/1051/1051 1052/1052/1052 1053/1053/1053
f 1054/1054/1054 1055/1055/1055 1056/1056/1056
f 1057/1057/1057 1058/1058/1058 1059/1059/1059
f 1060/1060/1060 1061/1061/1061 1062/1062/1062
f 1063/1063/1063 1064/1064/1064 1065/1065/1065
f 1066/1066/1066 1067/1067/1067 1068/1068/1068
f 1069/1069/1069 1070/1070/1070 1071/1071/1071
f 1072/1072/1072 1073/1073/1073 1074/1074/1074
f 1075/1075/1075 1076/1076/1076 1077/1077/1077
f 1078/1078/1078 1079/1079/1079 1080/1080/1080
f 1081/1081/1081 1082/1082/1082 1083/1083/1083
f 1084/1084/1084 1085/1085/1085 1086/1086/1086
f 1087/1087/1087 1088/1088/1088 1089/1089/1089
f 1090/1090/1090 1091/1091/1091 1092/1092/1092
f 1093/1093/1093 1094/1094/1094 1095/1095/1095
f 1096/1096/1096 1097/1097/1097 1098/1098/1098
f 1099/1099/1099 1100/1100/1100 1101/1101/1101
f 1102/1102/1102 1103/1103/1103 1104/1104/1104
f 1105/1105/1105 1106/1106/1106 1107/1107/1107
f 1108/1108/1108 1109/1109/1109 1110/1110/1110
f 1111/1111/1111 1112/1112/1112 1113/1113/1113
f 1114/1114/1114 1115/1115/1115 1116/1116/1116
f 1117/1117/1117 1118/1118/1118 1119/1119/1119
f 1120/1120/1120 1121/1121/1121 1122/1122/1122
f 1123/1123/1123 1124/1124/1124 1125/1125/1125
f 1126/1126/1126 1127/1127/1127 1128/1128/1128
f 1129/1129/1129 1130/1130/1130 1131/1131/1131
f 1132/1132/1132 1133/1133/1133 1134/1134/1134
f 1135/1135/1135 1136/1136/1136 1137/1137/1137
f 1138/1138/1138 1139/1139/1139 1140/1140/1140
f 1141/1141/1141 1142/1142/1142 1143/1143/1143
f 1144/1144/1144 1145/1145/1145 1146/1146/1146
f 1147/1147/1147 1148/1148/1148 1149/1149/1149
f 1150/1150/1150 1151/1151/1151 1152/1152/1152
f 1153/1153/1153 1154/1154/1154 1155/1155/1155
f 1156/1156/1156 1157/1157/1157 1158/1158/1158
f 1159/1159/1159 1160/1160/1160 1161/1161/1161
f 1162/1162/1162 1163/1163/1163 1164/1164/1164
f 1165/1165/1165 1166/1166/1166 1167/1167/1167
f 1168/1168/1168 1169/1169/1169 1170/1170/1170
f 1171/1171/1171 1172/1172/1172 1173/1173/1173
f 1174/1174/1174 1175/1175/1175 1176/1176/1176
f 1177/1177/1177 1178/1178/1178 1179/1179/1179
f 1180/1180/1180 1181/1181/1181 1182/1182/1182
f 1183/1183/1183 1184/1184/1184 1185/1185/1185
f 1186/1186/1186 1187/1187/1187 1188/1188/1188
f 1189/1189/1189 1190/1190/1190 1191/1191/1191
f 1192/1192/1192 1193/1193/1193 1194/1194/1194
f 1195/1195/1195 1196/1196/1196 1197/1197/1197
f 1198/1198/1198 1199/1199/1199 1200/1200/1200
f 1201/1201/1201 1202/1202/1202 1203/1203/1203
f 1204/1204/1204 1205/1205/1205 1206/1206/1206
f 1207/1207/1207 1208/1208/1208 1209/1209/1209
f 1210/1210/1210 1211/1211/1211 1212/1212/1212
f 1213/1213/1213 1214/1214/1214 1215/1215/1215
f 1216/1216/1216 1217/1217/1217 1218/1218/1218
f 1219/1219/1219 1220/1220/1220 1221/1221/1221
f 1222/1222/1222 1223/1223/1223 1224/1224/1224
f 1225/1225/1225 1226/1226/1226 1227/1227/1227
f 1228/1228/1228 1229/1229/1229 1230/1230/1230
f 1231/1231/1231 1232/1232/1232 1233/1233/1233
f 1234/1234/1234 1235/1235/1235 1236/1236/1236
f 1237/1237/1237 1238/1238/1238 1239/1239/1239
f 1240/1240/1240 1241/1241/1241 1242/1242/1242
f 1243/1243/1243 1244/1244/1244 1245/1245/1245
f 1246/1246/1246 1247/1247/1247 1248/1248/1248
f 1249/1249/1249 1250/1250/1250 1251/1251/1251
f 1252/1252/1252 1253/1253/1253 1254/1254/1254
f 1255/1255/1255 1256/1256/1256 1257/1257/1257
f 1258/1258/1258 1259/1259/1259 1260/1260/1260
f 1261/1261/1261 1262/1262/1262 1263/1263/1263
f 1264/1264/1264 1265/1265/1265 1266/1266/1266
f 1267/1267/1267 1268/1268/1268 1269/1269/1269
f 1270/1270/1270 1271/1271/1271 1272/1272/1272
f 1273/1273/1273 1274/1274/1274 1275/1275/1275
f 1276/1276/1276 1277/1277/1277 1278/1278/1278
f 1279/1279/1279 1280/1280/1280 1281/1281/1281
f 1282/1282/1282 1283/1283/1283 1284/1284/1284
f 1285/1285/1285 1286/1286/1286 1287/1287/1287
f 1288/1288/1288 1289/1289/1289 1290/1290/1290
f 1291/1291/1291 1292/1292/1292 1293/1293/1293
f 1294/1294/1294 1295/1295/1295 1296/1296/1296
f 1297/1297/1297 1298/1298/1298 1299/1299/1299
f 1300/1300/1300 1301/1301/1301 1302/1302/1302
f 1303/1303/1303 1304/1304/1304 1305/1305/1305
f 1306/1306/1306 1307/1307/1307 1308/1308/1308
f 1309/1309/1309 1310/1310/1310 1311/1311/1311
f 1312/1312/1312 1313/1313/1313 1314/1314/1314
f 1315/1315/1315 1316/1316/1316 1317/1317/1317
f 1318/1318/1318 1319/1319/1319 1320/1320/1320
f 1321/1321/1321 1322/1322/1322 1323/1323/1323
f 1324/1324/1324 1325/1325/1325 1326/1326/1326
f 1327/1327/1327 1328/1328/1328 1329/1329/1329
f 1330/1330/1330 1331/1331/1331 1332/1332/1332
f 1333/1333/1333 1334/1334/1334 1335/1335/1335
f 1336/1336/1336 1337/1337/1337 1338/1338/1338
f 1339/1339/1339 1340/1340/1340 1341/1341/1341
f 1342/1342/1342 1343/1343/1343 1344/1344/1344
f 1345/1345/1345 1346/1346/1346 1347/1347/1347
f 1348/1348/1348 1349/1349/1349 1350/1350/1350
f 1351/1351/1351 1352/1352/1352 1353/1353/1353
f 1354/1354/1354 1355/1355/1355 1356/1356/1356
f 1357/1357/1357 1358/1358/1358 1359/1359/1359
f 1360/1360/1360 1361/1361/1361 1362/1362/1362
f 1363/1363/1363 1364/1364/1364 1365/1365/1365
f 1366/1366/1366 1367/1367/1367 1368/1368/1368
f 1369/1369/1369 1370/1370/1370 1371/1371/1371
f 1372/1372/1372 1373/1373/1373 1374/1374/1374
f 1375/1375/1375 1376/1376/1376 1377/1377/1377
f 1378/1378/1378 1379/1379/1379 1380/1380/1380
f 1381/1381/1381 1382/1382/1382 1383/1383/1383
f 1384/1384/1384 1385/1385/1385 1386/1386/1386
f 1387/1387/1387 1388/1388/1388 1389/1389/1389
f 1390/1390/1390 1391/1391/1391 1392/1392/1392
f 1393/1393/1393 1394/1394/1394 1395/1395/1395
f 1396/1396/1396 1397/1397/1397 1398/1398/1398
f 1399/1399/1399 1400/1400/1400 1401/1401/1401
f 1402/1402/1402 1403/1403/1403 1404/1404/1404
f 1405/1405/1405 1406/1406/1406 1407/1407/1407
f 1408/1408/1408 1409/1409/1409 1410/1410/1410
f 1411/1411/1411 1412/1412/1412 1413/1413/1413
f 1414/1414/1414 1415/1415/1415 1416/1416/1416
f 1417/1417/1417 1418/1418/1418 1419/1419/1419
f 1420/1420/1420 1421/1421/1421 1422/1422/1422
f 1423/1423/1423 1424/1424/1424 1425/1425/1425
f 1426/1426/1426 1427/1427/1427 1428/1428/1428
f 1429/1429/1429 1430/1430/1430 1431/1431/1431
f 1432/1432/1432 1433/1433/1433 1434/1434/1434
f 1435/1435/1435 1436/1436/1436 1437/1437/1437
f 1438/1438/1438 1439/1439/1439 1440/1440/1440
f 1441/1441/1441 1442/1442/1442 1443/1443/1443
f 1444/1444/1444 1445/1445/1445 1446/1446/1446
f 1447/1447/1447 1448/1448/1448 1449/1449/1449
f 1450/1450/1450 1451/1451/1451 1452/1452/1452
f 1453/1453/1453 1454/1454/1454 1455/1455/1455
f 1456/1456/1456 1457/1457/1457 1458/1458/1458
f 1459/1459/1459 1460/1460/1460 1461/1461/1461
f 1462/1462/1462 1463/1463/1463 1464/1464/1464
f 1465/1465/1465 1466/1466/1466 1467/1467/1467
f 1468/1468/1468 1469/1469/1469 1470/1470/1470
f 1471/1471/1471 1472/1472/1472 1473/1473/1473
f 1474/1474/1474 1475/1475/1475 1476/1476/1476
f 1477/1477/1477 1478/1478/1478 1479/1479/1479
f 1480/1480/1480 1481/1481/1481 1482/1482/1482
f 1483/1483/1483 1484/1484/1484 1485/1485/1485
f 1486/1486/1486 1487/1487/1487 1488/1488/1488
f 1489/1489/1489 1490/1490/1490 1491/1491/1491
f 1492/1492/1492 1493/1493/1493 1494/1494/1494
f 1495/1495/1495 1496/1496/1496 1497/1497/1497
f 1498/1498/1498 1499/1499/1499 1500/1500/1500
f 1501/1501/1501 1502/1502/1502 1503/1503/1503
f 1504/1504/1504 1505/1505/1505 1506/1506/1506
f 1507/1507/1507 1508/1508/1508 1509/1509/1509
f 1510/1510/1510 1511/1511/1511 1512/1512/1512
f 1513/1513/1513 1514/1514/1514 1515/1515/1515
f 1516/1516/1516 1517/1517/1517 1518/1518/1518
f 1519/1519/1519 1520/1520/1520 1521/1521/1521
f 1522/1522/1522 1523/1523/1523 1524/1524/1524
f 1525/1525/1525 1526/1526/1526 1527/1527/1527
f 1528/1528/1528 1529/1529/1529 1530/1530/1530
f 1531/1531/1531 1532/1532/1532 1533/1533/1533
f 1534/1534/1534 1535/1535/1535 1536/1536/1536
f 1537/1537/1537 1538/1538/1538 1539/1539/1539
f 1540/1540/1540 1541/1541/1541 1542/1542/1542
f 1543/1543/1543 1544/1544/1544 1545/1545/1545
f 1546/1546/1546 1547/1547/1547 1548/1548/1548
f 1549/1549/1549 1550/1550/1550 1551/1551/1551
f 1552/1552/1552 1553/1553/1553 1554/1554/1554
f 1555/1555/1555 1556/1556/1556 1557/1557/1557
f 1558/1558/1558 1559/1559/1559 1560/1560/1560
f 1561/1561/1561 1562/1562/1562 1563/1563/1563
f 1564/1564/1564 1565/1565/1565 1566/1566/1566
f 1567/1567/1567 1568/1568/1568 1569/1569/1569
f 1570/1570/1570 1571/1571/1571 1572/1572/1572
f 1573/1573/1573 1574/1574/1574 1575/1575/1575
f 1576/1576/1576 1577/1577/1577 1578/1578/1578
f 1579/1579/1579 1580/1580/1580 1581/1581/1581
f 1582/1582/1582 1583/1583/1583 1584/1584/1584
f 1585/1585/1585 1586/1586/1586 1587/1587/1587
f 1588/1588/1588 1589/1589/1589 1590/1590/1590
f 1591/1591/1591 1592/1592/1592 1593/1593/1593
f 1594/1594/1594 1595/1595/1595 1596/1596/1596
f 1597/1597/1597 1598/1598/1598 1599/1599/1599
f 1600/1600/1600 1601/1601/1601 1602/1602/1602
f 1603/1603/1603 1604/1604/1604 1605/1605/1605
f 1606/1606/1606 1607/1607/1607 1608/1608/1608
f 1609/1609/1609 1610/1610/1610 1611/1611/1611
f 1612/1612/1612 1613/1613/1613 1614/1614/1614
f 1615/1615/1615 1616/1616/1616 1617/1617/1617
f 1618/1618/1618 1619/1619/1619 1620/1620/1620
f 1621/1621/1621 1622/1622/1622 1623/1623/1623
f 1624/1624/1624 1625/1625/1625 1626/1626/1626
f 1627/1627/1627 1628/1628/1628 1629/1629/1629
f 1630/1630/1630 1631/1631/1631 1632/1632/1632
f 1633/1633/1633 1634/1634/1634 1635/1635/1635
f 1636/1636/1636 1637/1637/1637 1638/1638/1638
f 1639/1639/1639 1640/1640/1640 1641/1641/1641
f 1642/1642/1642 1643/1643/1643 1644/1644/1644
f 1645/1645/1645 1646/1646/1646 1647/1647/1647
f 1648/1648/1648 1649/1649/1649 1650/1650/1650
f 1651/1651/1651 1652/1652/1652 1653/1653/1653
f 1654/1654/1654 1655/1655/1655 1656/1656/1656
f 1657/1657/1657 1658/1658/1658 1659/1659/1659
f 1660/1660/1660 1661/1661/1661 1662/1662/1662
f 1663/1663/1663 1664/1664/1664 1665/1665/1665
f 1666/1666/1666 1667/1667/1667 1668/1668/1668
f 1669/1669/1669 1670/1670/1670 1671/1671/1671
f 1672/1672/1672 1673/1673/1673 1674/1674/1674
f 1675/1675/1675 1676/1676/1676 1677/1677/1677
f 1678/1678/1678 1679/1679/1679 1680/1680/1680
f 1681/1681/1681 1682/1682/1682 1683/1683/1683
f 1684/1684/1684 1685/1685/1685 1686/1686/1686
f 1687/1687/1687 1688/1688/1688 1689/1689/1689
f 1690/1690/1690 1691/1691/1691 1692/1692/1692
f 1693/1693/1693 1694/1694/1694 1695/1695/1695
f 1696/1696/1696 1697/1697/1697 1698/1698/1698
f 1699/1699/1699 1700/1700/1700 1701/1701/1701
f 1702/1702/1702 1703/1703/1703 1704/1704/1704
f 1705/1705/1705 1706/1706/1706 1707/1707/1707
f 1708/1708/1708 1709/1709/1709 1710/1710/1710
f 1711/1711/1711 1712/1712/1712 1713/1713/1713
f 1714/1714/1714 1715/1715/1715 1716/1716/1716
f 1717/1717/1717 1718/1718/1718 1719/1719/1719
f 1720/1720/1720 1721/1721/1721 1722/1722/1722
f 1723/1723/1723 1724/1724/1724 1725/1725/1725
f 1726/1726/1726 1727/1727/1727 1728/1728/1728
f 1729/1729/1729 1730/1730/1730 1731/1731/1731
f 1732/1732/1732 1733/1733/1733 1734/1734/1734
f 1735/1735/1735 1736/1736/1736 1737/1737/1737
f 1738/1738/1738 1739/1739/1739 1740/1740/1740
f 1741/1741/1741 1742/1742/1742 1743/1743/1743
f 1744/1744/1744 1745/1745/1745 1746/1746/1746
f 1747/1747/1747 1748/1748/1748 1749/1749/1749
f 1750/1750/1750 1751/1751/1751 1752/1752/1752
f 1753/1753/1753 1754/1754/1754 1755/1755/1755
f 1756/1756/1756 1757/1757/1757 1758/1758/1758
f 1759/1759/1759 1760/1760/1760 1761/1761/1761
f 1762/1762/1762 1763/1763/1763 1764/1764/1764
f 1765/1765/1765 1766/1766/1766 1767/1767/1767
f 1768/1768/1768 1769/1769/1769 1770/1770/1770
f 1771/1771/1771 1772/1772/1772 1773/1773/1773
f 1774/1774/1774 1775/1775/1775 1776/1776/1776
f 1777/1777/1777 1778/1778/1778 1779/1779/1779
f 1780/1780/1780 1781/1781/1781 1782/1782/1782
f 1783/1783/1783 1784/1784/1784 1785/1785/1785
f 1786/1786/1786 1787/1787/1787 1788/1788/1788
f 1789/1789/1789 1790/1790/1790 1791/1791/1791
f 1792/1792/1792 1793/1793/1793 1794/1794/1794
f 1795/1795/1795 1796/1796/1796 1797/1797/1797
f 1798/1798/1798 1799/1799/1799 1800/1800/1800
f 1801/1801/1801 1802/1802/1802 1803/1803/1803
f 1804/1804/1804 1805/1805/1805 1806/1806/1806
f 1807/1807/1807 1808/1808/1808 1809/1809/1809
f 1810/1810/1810 1811/1811/1811 1812/1812/1812
f 1813/1813/1813 1814/1814/1814 1815/1815/1815
f 1816/1816/1816 1817/1817/1817 1818/1818/1818
f 1819/1819/1819 1820/1820/1820 1821/1821/1821
f 1822/1822/1822 1823/1823/1823 1824/1824/1824
f 1825/1825/1825 1826/1826/1826 1827/1827/1827
f 1828/1828/1828 1829/1829/1829 1830/1830/1830
f 1831/1831/1831 1832/1832/1832 1833/1833/1833
f 1834/1834/1834 1835/1835/1835 1836/1836/1836
f 1837/1837/1837 1838/1838/1838 1839/1839/1839
f 1840/1840/1840 1841/1841/1841 1842/1842/1842
f 1843/1843/1843 1844/1844/1844 1845/1845/1845
f 1846/1846/1846 1847/1847/1847 1848/1848/1848
f 1849/1849/1849 1850/1850/1850 1851/1851/1851
f 1852/1852/1852 1853/1853/1853 1854/1854/1854
f 1855/1855/1855 1856/1856/1856 1857/1857/1857
f 1858/1858/1858 1859/1859/1859 1860/1860/1860
f 1861/1861/1861 1862/1862/1862 1863/1863/1863
f 1864/1864/1864 1865/1865/1865 1866/1866/1866
f 1867/1867/1867 1868/1868/1868 1869/1869/1869
f 1870/1870/1870 1871/1871/1871 1872/1872/1872
f 1873/1873/1873 1874/1874/1874 1875/1875/1875
f 1876/1876/1876 1877/1877/1877 1878/1878/1878
f 1879/1879/1879 1880/1880/1880 1881/1881/1881
f 1882/1882/1882 1883/1883/1883 1884/1884/1884
f 1885/1885/1885 1886/1886/1886 1887/1887/1887
f 1888/1888/1888 1889/1889/1889 1890/1890/1890
f 1891/1891/1891 1892/1892/1892 1893/1893/1893
f 1894/1894/1894 1895/1895/1895 1896/1896/1896
f 1897/1897/1897 1898/1898/1898 1899/1899/1899
f 1900/1900/1900 1901/1901/1901 1902/1902/1902
f 1903/1903/1903 1904/1904/1904 1905/1905/1905
f 1906/1906/1906 1907/1907/1907 1908/1908/1908
f 1909/1909/1909 1910/1910/1910 1911/1911/1911
f 1912/1912/1912 1913/1913/1913 1914/1914/1914
f 1915/1915/1915 1916/1916/1916 1917/1917/1917
f 1918/1918/1918 1919/1919/1919 1920/1920/1920
f 1921/1921/1921 1922/1922/1922 1923/1923/1923
f 1924/1924/1924 1925/1925/1925 1926/1926/1926
f 1927/1927/1927 1928/1928/1928 1929/1929/1929
f 1930/1930/1930 1931/1931/1931 1932/1932/1932
f 1933/1933/1933 1934/1934/1934 1935/1935/1935
f 1936/1936/1936 1937/1937/1937 1938/1938/1938
f 1939/1939/1939 1940/1940/1940 1941/1941/1941
f 1942/1942/1942 1943/1943/1943 1944/1944/1944
f 1945/1945/1945 1946/1946/1946 1947/1947/1947
f 1948/1948/1948 1949/1949/1949 1950/1950/1950
f 1951/1951/1951 1952/1952/1952 1953/1953/1953
f 1954/1954/1954 1955/1955/1955 1956/1956/1956
f 1957/1957/1957 1958/1958/1958 1959/1959/1959
f 1960/1960/1960 1961/1961/1961 1962/1962/1962
f 1963/1963/1963 1964/1964/1964 1965/1965/1965
f 1966/1966/1966 1967/1967/1967 1968/1968/1968
f 1969/1969/1969 1970/1970/1970 1971/1971/1971
f 1972/1972/1972 1973/1973/1973 1974/1974/1974
f 1975/1975/1975 1976/1976/1976 1977/1977/1977
f 1978/1978/1978 1979/1979/1979 1980/1980/1980
f 1981/1981/1981 1982/1982/1982 1983/1983/1983
f 1984/1984/1984 1985/1985/1985 1986/1986/1986
f 1987/1987/1987 1988/1988/1988 1989/1989/1989
f 1990/1990/1990 1991/1991/1991 1992/1992/1992
f 1993/1993/1993 1994/1994/1994 1995/1995/1995
f 1996/1996/1996 1997/1997/1997 1998/1998/1998
f 1999/1999/1999 2000/2000/2000 2001/2001/2001
f 2002/2002/2002 2003/2003/2003 2004/2004/2004
f 2005/2005/2005 2006/2006/2006 2007/2007/2007
f 2008/2008/2008 2009/2009/2009 2010/2010/2010
f 2011/2011/2011 2012/2012/2012 2013/2013/2013
f 2014/2014/2014 2015/2015/2015 2016/2016/2016
f 2017/2017/2017 2018/2018/2018 2019/2019/2019
f 2020/2020/2020 2021/2021/2021 2022/2022/2022
f 2023/2023/2023 2024/2024/2024 2025/2025/2025
f 2026/2026/2026 2027/2027/2027 2028/2028/2028
f 2029/2029/2029 2030/2030/2030 2031/2031/2031
f 2032/2032/2032 2033/2033/2033 2034/2034/2034
f 2035/2035/2035 2036/2036/2036 2037/2037/2037
f 2038/2038/2038 2039/2039/2039 2040/2040/2040
f 2041/2041/2041 2042/2042/2042 2043/2043/2043
f 2044/2044/2044 2045/2045/2045 2046/2046/2046
f 2047/2047/2047 2048/2048/2048 2049/2049/2049
f 2050/2050/2050 2051/2051/2051 2052/2052/2052
f 2053/2053/2053 2054/2054/2054 2055/2055/2055
f 2056/2056/2056 2057/2057/2057 2058/2058/2058
f 2059/2059/2059 2060/2060/2060 2061/2061/2061
f 2062/2062/2062 2063/2063/2063 2064/2064/2064
f 2065/2065/2065 2066/2066/2066 2067/2067/2067
f 2068/2068/2068 2069/2069/2069 2070/2070/2070
f 2071/2071/2071 2072/2072/2072 2073/2073/2073
f 2074/2074/2074 2075/2075/2075 2076/2076/2076
f 2077/2077/2077 2078/2078/2078 2079/2079/2079
f 2080/2080/2080 2081/2081/2081 2082/2082/2082
f 2083/2083/2083 2084/2084/2084 2085/2085/2085
f 2086/2086/2086 2087/2087/2087 2088/2088/2088
f 2089/2089/2089 2090/2090/2090 2091/2091/2091
f 2092/2092/2092 2093/2093/2093 2094/2094/2094
f 2095/2095/2095 2096/2096/2096 2097/2097/2097
f 2098/2098/2098 2099/2099/2099 2100/2100/2100
f 2101/2101/2101 2102/2102/2102 2103/2103/2103
f 2104/2104/2104 2105/2105/2105 2106/2106/2106
f 2107/2107/2107 2108/2108/2108 2109/2109/2109
f 2110/2110/2110 2111/2111/2111 2112/2112/2112
f 2113/2113/2113 2114/2114/2114 2115/2115/2115
f 2116/2116/2116 2117/2117/2117 2118/2118/2118
f 2119/2119/2119 2120/2120/2120 2121/2121/2121
f 2122/2122/2122 2123/2123/2123 2124/2124/2124
f 2125/2125/2125 2126/2126/2126 2127/2127/2127
f 2128/2128/2128 2129/2129/2129 2130/2130/2130
f 2131/2131/2131 2132/2132/2132 2133/2133/2133
f 2134/2134/2134 2135/2135/2135 2136/2136/2136
f 2137/2137/2137 2138/2138/2138 2139/2139/2139
f 2140/2140/2140 2141/2141/2141 2142/2142/2142
f 2143/2143/2143 2144/2144/2144 2145/2145/2145
f 2146/2146/2146 2147/2147/2147 2148/2148/2148
f 2149/2149/2149 2150/2150/2150 2151/2151/2151
f 2152/2152/2152 2153/2153/2153 2154/2154/2154
f 2155/2155/2155 2156/2156/2156 2157/2157/2157
f 2158/2158/2158 2159/2159/2159 2160/2160/2160
f 2161/2161/2161 2162/2162/2162 2163/2163/2163
f 2164/2164/2164 2165/2165/2165 2166/2166/2166
f 2167/2167/2167 2168/2168/2168 2169/2169/2169
f 2170/2170/2170 2171/2171/2171 2172/2172/2172
f 2173/2173/2173 2174/2174/2174 2175/2175/2175
f 2176/2176/2176 2177/2177/2177 2178/2178/2178
f 2179/2179/2179 2180/2180/2180 2181/2181/2181
f 2182/2182/2182 2183/2183/2183 2184/2184/2184
f 2185/2185/2185 2186/2186/2186 2187/2187/2187
f 2188/2188/2188 2189/2189/2189 2190/2190/2190
f 2191/2191/2191 2192/2192/2192 2193/2193/2193
f 2194/2194/2194 2195/2195/2195 2196/2196/2196
f 2197/2197/2197 2198/2198/2198 2199/2199/2199
f 2200/2200/2200 2201/2201/2201 2202/2202/2202
f 2203/2203/2203 2204/2204/2204 2205/2205/2205
f 2206/2206/2206 2207/2207/2207 2208/2208/2208
f 2209/2209/2209 2210/2210/2210 2211/2211/2211
f 2212/2212/2212 2213/2213/2213 2214/2214/2214
f 2215/2215/2215 2216/2216/2216 2217/2217/2217
f 2218/2218/2218 2219/2219/2219 2220/2220/2220
f 2221/2221/2221 2222/2222/2222 2223/2223/2223
f 2224/2224/2224 2225/2225/2225 2226/2226/2226
f 2227/2227/2227 2228/2228/2228 2229/2229/2229
f 2230/2230/2230 2231/2231/2231 2232/2232/2232
f 2233/2233/2233 2234/2234/2234 2235/2235/2235
f 2236/2236/2236 2237/2237/2237 2238/2238/2238
f 2239/2239/2239 2240/2240/2240 2241/2241/2241
f 2242/2242/2242 2243/2243/2243 2244/2244/2244
f 2245/2245/2245 2246/2246/2246 2247/2247/2247
f 2248/2248/2248 2249/2249/2249 2250/2250/2250
f 2251/2251/2251 2252/2252/2252 2253/2253/2253
f 2254/2254/2254 2255/2255/2255 2256/2256/2256
f 2257/2257/2257 2258/2258/2258 2259/2259/2259
f 2260/2260/2260 2261/2261/2261 2262/2262/2262
f 2263/2263/2263 2264/2264/2264 2265/2265/2265
f 2266/2266/2266 2267/2267/2267 2268/2268/2268
f 2269/2269/2269 2270/2270/2270 2271/2271/2271
f 2272/2272/2272 2273/2273/2273 2274/2274/2274
f 2275/2275/2275 2276/2276/2276 2277/2277/2277
f 2278/2278/2278 2279/2279/2279 2280/2280/2280
f 2281/2281/2281 2282/2282/2282 2283/2283/2283
f 2284/2284/2284 2285/2285/2285 2286/2286/2286
f 2287/2287/2287 2288/2288/2288 2289/2289/2289
f 2290/2290/2290 2291/2291/2291 2292/2292/2292
f 2293/2293/2293 2294/2294/2294 2295/2295/2295
f 2296/2296/2296 2297/2297/2297 2298/2298/2298
f 2299/2299/2299 2300/2300/2300 2301/2301/2301
f 2302/2302/2302 2303/2303/2303 2304/2304/2304
f 2305/2305/2305 2306/2306/2306 2307/2307/2307
f 2308/2308/2308 2309/2309/2309 2310/2310/2310
f 2311/2311/2311 2312/2312/2312 2313/2313/2313
f 2314/2314/2314 2315/2315/2315 2316/2316/2316
f 2317/2317/2317 2318/2318/2318 2319/2319/2319
f 2320/2320/2320 2321/2321/2321 2322/2322/2322
f 2323/2323/2323 2324/2324/2324 2325/2325/2325
f 2326/2326/2326 2327/2327/2327 2328/2328/2328
f 2329/2329/2329 2330/2330/2330 2331/2331/2331
f 2332/2332/2332 2333/2333/2333 2334/2334/2334
f 2335/2335/2335 2336/2336/2336 2337/2337/2337
f 2338/2338/2338 2339/2339/2339 2340/2340/2340
f 2341/2341/2341 2342/2342/2342 2343/2343/2343
f 2344/2344/2344 2345/2345/2345 2346/2346/2346
f 2347/2347/2347 2348/2348/2348 2349/2349/2349
f 2350/2350/2350 2351/2351/2351 2352/2352/2352
f 2353/2353/2353 2354/2354/2354 2355/2355/2355
f 2356/2356/2356 2357/2357/2357 2358/2358/2358
f 2359/2359/2359 2360/2360/2360 2361/2361/2361
f 2362/2362/2362 2363/2363/2363 2364/2364/2364
f 2365/2365/2365 2366/2366/2366 2367/2367/2367
f 2368/2368/2368 2369/2369/2369 2370/2370/2370
f 2371/2371/2371 2372/2372/2372 2373/2373/2373
f 2374/2374/2374 2375/2375/2375 2376/2376/2376
f 2377/2377/2377 2378/2378/2378 2379/2379/2379
f 2380/2380/2380 2381/2381/2381 2382/2382/2382
f 2383/2383/2383 2384/2384/2384 2385/2385/2385
f 2386/2386/2386 2387/2387/2387 2388/2388/2388
f 2389/2389/2389 2390/2390/2390 2391/2391/2391
f 2392/2392/2392 2393/2393/2393 2394/2394/2394
f 2395/2395/2395 2396/2396/2396 2397/2397/2397
f 2398/2398/2398 2399/2399/2399 2400/2400/2400
f 2401/2401/2401 2402/2402/2402 2403/2403/2403
f 2404/2404/2404 2405/2405/2405 2406/2406/2406
f 2407/2407/2407 2408/2408/2408 2409/2409/2409
f 2410/2410/2410 2411/2411/2411 2412/2412/2412
f 2413/2413/2413 2414/2414/2414 2415/2415/2415
f 2416/2416/2416 2417/2417/2417 2418/2418/2418
f 2419/2419/2419 2420/2420/2420 2421/2421/2421
f 2422/2422/2422 2423/2423/2423 2424/2424/2424
f 2425/2425/2425 2426/2426/2426 2427/2427/2427
f 2428/2428/2428 2429/2429/2429 2430/2430/2430
f 2431/2431/2431 2432/2432/2432 2433/2433/2433
f 2434/2434/2434 2435/2435/2435 2436/2436/2436
f 2437/2437/2437 2438/2438/2438 2439/2439/2439
f 2440/2440/2440 2441/2441/2441 2442/2442/2442
f 2443/2443/2443 2444/2444/2444 2445/2445/2445
f 2446/2446/2446 2447/2447/2447 2448/2448/2448
f 2449/2449/2449 2450/2450/2450 2451/2451/2451
f 2452/2452/2452 2453/2453/2453 2454/2454/2454
f 2455/2455/2455 2456/2456/2456 2457/2457/2457
f 2458/2458/2458 2459/2459/2459 2460/2460/2460
f 2461/2461/2461 2462/2462/2462 2463/2463/2463
f 2464/2464/2464 2465/2465/2465 2466/2466/2466
f 2467/2467/2467 2468/2468/2468 2469/2469/2469
f 2470/2470/2470 2471/2471/2471 2472/2472/2472
f 2473/2473/2473 2474/2474/2474 2475/2475/2475
f 2476/2476/2476 2477/2477/2477 2478/2478/2478
f 2479/2479/2479 2480/2480/2480 2481/2481/2481
f 2482/2482/2482 2483/2483/2483 2484/2484/2484
f 2485/2485/2485 2486/2486/2486 2487/2487/2487
f 2488/2488/2488 2489/2489/2489 2490/2490/2490
f 2491/2491/2491 2492/2492/2492 2493/2493/2493
f 2494/2494/2494 2495/2495/2495 2496/2496/2496
f 2497/2497/2497 2498/2498/2498 2499/2499/2499
f 2500/2500/2500 2501/2501/2501 2502/2502/2502
f 2503/2503/2503 2504/2504/2504 2505/2505/2505
f 2506/2506/2506 2507/2507/2507 2508/2508/2508
f 2509/2509/2509 2510/2510/2510 2511/2511/2511
f 2512/2512/2512 2513/2513/2513 2514/2514/2514
f 2515/2515/2515 2516/2516/2516 2517/2517/2517
f 2518/2518/2518 2519/2519/2519 2520/2520/2520
f 2521/2521/2521 2522/2522/2522 2523/2523/2523
f 2524/2524/2524 2525/2525/2525 2526/2526/2526
f 2527/2527/2527 2528/2528/2528 2529/2529/2529
f 2530/2530/2530 2531/2531/2531 2532/2532/2532
f 2533/2533/2533 2534/2534/2534 2535/2535/2535
f 2536/2536/2536 2537/2537/2537 2538/2538/2538
f 2539/2539/2539 2540/2540/2540 2541/2541/2541
f 2542/2542/2542 2543/2543/2543 2544/2544/2544
f 2545/2545/2545 2546/2546/2546 2547/2547/2547
f 2548/2548/2548 2549/2549/2549 2550/2550/2550
f 2551/2551/2551 2552/2552/2552 2553/2553/2553
f 2554/2554/2554 2555/2555/2555 2556/2556/2556
f 2557/2557/2557 2558/2558/2558 2559/2559/2559
f 2560/2560/2560 2561/2561/2561 2562/2562/2562
f 2563/2563/2563 2564/2564/2564 2565/2565/2565
f 2566/2566/2566 2567/2567/2567 2568/2568/2568
f 2569/2569/2569 2570/2570/2570 2571/2571/2571
f 2572/2572/2572 2573/2573/2573 2574/2574/2574
f 2575/2575/2575 2576/2576/2576 2577/2577/2577
f 2578/2578/2578 2579/2579/2579 2580/2580/2580
f 2581/2581/2581 2582/2582/2582 2583/2583/2583
f 2584/2584/2584 2585/2585/2585 2586/2586/2586
f 2587/2587/2587 2588/2588/2588 2589/2589/2589
f 2590/2590/2590 2591/2591/2591 2592/2592/2592
f 2593/2593/2593 2594/2594/2594 2595/2595/2595
f 2596/2596/2596 2597/2597/2597 2598/2598/2598
f 2599/2599/2599 2600/2600/2600 2601/2601/2601
f 2602/2602/2602 2603/2603/2603 2604/2604/2604
f 2605/2605/2605 2606/2606/2606 2607/2607/2607
f 2608/2608/2608 2609/2609/2609 2610/2610/2610
f 2611/2611/2611 2612/2612/2612 2613/2613/2613
f 2614/2614/2614 2615/2615/2615 2616/2616/2616
f 2617/2617/2617 2618/2618/2618 2619/2619/2619
f 2620/2620/2620 2621/2621/2621 2622/2622/2622
f 2623/2623/2623 2624/2624/2624 2625/2625/2625
f 2626/2626/2626 2627/2627/2627 2628/2628/2628
f 2629/2629/2629 2630/2630/2630 2631/2631/2631
f 2632/2632/2632 2633/2633/2633 2634/2634/2634
f 2635/2635/2635 2636/2636/2636 2637/2637/2637
f 2638/2638/2638 2639/2639/2639 2640/2640/2640
f 2641/2641/2641 2642/2642/2642 2643/2643/2643
f 2644/2644/2644 2645/2645/2645 2646/2646/2646
f 2647/2647/2647 2648/2648/2648 2649/2649/2649
f 2650/2650/2650 2651/2651/2651 2652/2652/2652
f 2653/2653/2653 2654/2654/2654 2655/2655/2655
f 2656/2656/2656 2657/2657/2657 2658/2658/2658
f 2659/2659/2659 2660/2660/2660 2661/2661/2661
f 2662/2662/2662 2663/2663/2663 2664/2664/2664
f 2665/2665/2665 2666/2666/2666 2667/2667/2667
f 2668/2668/2668 2669/2669/2669 2670/2670/2670
f 2671/2671/2671 2672/2672/2672 2673/2673/2673
f 2674/2674/2674 2675/2675/2675 2676/2676/2676
