mtllib transition_seal_door.mtl
usemtl Texture
v -1.802177 -4.607593 -0.001671
v -1.485314 -4.703203 -0.972402
v -1.802177 -4.703203 -0.972402
v -2.650597 -15.943940 6.358872
v -1.722722 -17.062610 4.995776
v -2.650597 -17.062610 4.995776
v -2.650597 -14.580840 7.477536
v -1.722722 -15.943940 6.358872
v -2.650597 -15.943940 6.358872
v -2.650597 -13.025700 8.308779
v -1.722722 -14.580840 7.477536
v -2.650597 -14.580840 7.477536
v -2.650597 -11.338270 8.820654
v -1.722722 -13.025700 8.308779
v -2.650597 -13.025700 8.308779
v -2.650597 -9.583397 8.993493
v -1.722722 -11.338270 8.820654
v -2.650597 -11.338270 8.820654
v -2.650597 -7.828527 8.820653
v -1.722722 -9.583397 8.993493
v -2.650597 -9.583397 8.993493
v -2.650597 -6.141098 8.308776
v -1.722722 -7.828527 8.820653
v -2.650597 -7.828527 8.820653
v -2.650597 -4.585953 7.477533
v -1.722722 -6.141098 8.308776
v -2.650597 -6.141098 8.308776
v -2.650597 -3.222857 6.358868
v -1.722722 -4.585953 7.477533
v -2.650597 -4.585953 7.477533
v -2.650597 -2.104194 4.995771
v -1.722722 -3.222857 6.358868
v -2.650597 -3.222857 6.358868
v -2.650597 -1.272953 3.440625
v -1.722722 -2.104194 4.995771
v -2.650597 -2.104194 4.995771
v -2.650597 -0.761077 1.753194
v -1.722722 -1.272953 3.440625
v -2.650597 -1.272953 3.440625
v -2.650597 -0.588239 -0.001676
v -1.722722 -0.761077 1.753194
v -2.650597 -0.761077 1.753194
v -2.650597 -0.761081 -1.756545
v -1.722722 -0.588239 -0.001676
v -2.650597 -0.588239 -0.001676
v -1.722722 -9.583401 -10.001670
v -1.722722 -11.338270 -8.823988
v -1.722722 -11.534300 -9.809519
v -1.722722 -7.632512 -9.809523
v -1.722722 -9.583400 -8.996829
v -1.722722 -9.583401 -10.001670
v -1.722722 -7.632512 -9.809523
v -1.722722 -6.141114 -8.312118
v -1.722722 -7.828545 -8.823992
v -1.722722 -4.027709 -8.316370
v -1.722722 -6.141114 -8.312118
v -1.722722 -5.756580 -9.240468
v -1.722722 -2.512342 -7.072743
v -1.722722 -4.585967 -7.480876
v -1.722722 -4.027709 -8.316370
v -1.722722 -2.512342 -7.072743
v -1.722722 -2.104203 -4.999120
v -1.722722 -3.222869 -6.362214
v -1.722722 -0.344610 -3.828511
v -1.722722 -2.104203 -4.999120
v -1.722722 -1.268711 -5.557379
v -1.722722 -0.344610 -3.828511
v -1.722722 -0.761081 -1.756545
v -1.722722 -1.272960 -3.443975
v -1.722722 0.416599 -0.001677
v -1.722722 -0.761081 -1.756545
v -1.722722 0.224450 -1.952581
v -1.722722 0.224454 1.949227
v -1.722722 -0.588239 -0.001676
v -1.722722 0.416599 -0.001677
v -1.722722 -0.344603 3.825160
v -1.722722 -0.761077 1.753194
v -1.722722 0.224454 1.949227
v -1.722722 -1.268701 5.554028
v -1.722722 -1.272953 3.440625
v -1.722722 -0.344603 3.825160
v -1.722722 -2.512328 7.069396
v -1.722722 -2.104194 4.995771
v -1.722722 -1.268701 5.554028
v -1.722722 -4.027694 8.313026
v -1.722722 -3.222857 6.358868
v -1.722722 -2.512328 7.069396
v -1.722722 -5.756562 9.237126
v -1.722722 -4.585953 7.477533
v -1.722722 -4.027694 8.313026
v -1.722722 -5.756562 9.237126
v -1.722722 -7.828527 8.820653
v -1.722722 -6.141098 8.308776
v -1.722722 -9.583397 9.998332
v -1.722722 -7.828527 8.820653
v -1.722722 -7.632493 9.806184
v -1.722722 -9.583397 9.998332
v -1.722722 -11.338270 8.820654
v -1.722722 -9.583397 8.993493
v -1.722722 -11.534300 9.806185
v -1.722722 -13.025700 8.308779
v -1.722722 -11.338270 8.820654
v -1.722722 -13.410230 9.237129
v -1.722722 -14.580840 7.477536
v -1.722722 -13.025700 8.308779
v -1.722722 -15.139100 8.313029
v -1.722722 -15.943940 6.358872
v -1.722722 -14.580840 7.477536
v -1.722722 -17.898100 5.554034
v -1.722722 -15.943940 6.358872
v -1.722722 -16.654470 7.069400
v -1.722722 -18.822200 3.825165
v -1.722722 -17.062610 4.995776
v -1.722722 -17.898100 5.554034
v -1.722722 -19.391260 1.949234
v -1.722722 -17.893850 3.440630
v -1.722722 -18.822200 3.825165
v -1.722722 -19.391260 1.949234
v -1.722722 -18.578560 -0.001668
v -1.722722 -18.405720 1.753200
v -1.722722 -19.583400 -0.001668
v -1.722722 -18.405720 -1.756536
v -1.722722 -18.578560 -0.001668
v -1.722722 -18.822200 -3.828501
v -1.722722 -18.405720 -1.756536
v -1.722722 -19.391260 -1.952571
v -1.722722 -17.898100 -5.557368
v -1.722722 -17.893850 -3.443966
v -1.722722 -18.822200 -3.828501
v -1.722722 -17.898100 -5.557368
v -1.722722 -15.943940 -6.362206
v -1.722722 -17.062610 -4.999110
v -1.722722 -16.654470 -7.072734
v -1.722722 -14.580840 -7.480869
v -1.722722 -15.943940 -6.362206
v -1.722722 -15.139100 -8.316363
v -1.722722 -13.025700 -8.312112
v -1.722722 -14.580840 -7.480869
v -1.722722 -11.534300 -9.809519
v -1.722722 -13.025700 -8.312112
v -1.722722 -13.410230 -9.240462
v -2.650597 -17.062610 4.995776
v -1.722722 -17.893850 3.440630
v -2.650597 -17.893850 3.440630
v -2.650597 -17.893850 3.440630
v -1.722722 -18.405720 1.753200
v -2.650597 -18.405720 1.753200
v -2.650597 -18.405720 1.753200
v -1.722722 -18.578560 -0.001668
v -2.650597 -18.578560 -0.001668
v -2.650597 -18.578560 -0.001668
v -1.722722 -18.405720 -1.756536
v -2.650597 -18.405720 -1.756536
v -2.650597 -11.338270 -8.823988
v -1.722722 -9.583400 -8.996829
v -2.650597 -9.583400 -8.996829
v -2.650597 -18.405720 -1.756536
v -1.722722 -17.893850 -3.443966
v -2.650597 -17.893850 -3.443966
v -2.650597 -13.025700 -8.312112
v -1.722722 -11.338270 -8.823988
v -2.650597 -11.338270 -8.823988
v -2.650597 -17.893850 -3.443966
v -1.722722 -17.062610 -4.999110
v -2.650597 -17.062610 -4.999110
v -2.650597 -9.583400 -8.996829
v -1.722722 -7.828545 -8.823992
v -2.650597 -7.828545 -8.823992
v -2.650597 -17.062610 -4.999110
v -1.722722 -15.943940 -6.362206
v -2.650597 -15.943940 -6.362206
v -2.650597 -7.828545 -8.823992
v -1.722722 -6.141114 -8.312118
v -2.650597 -6.141114 -8.312118
v -2.650597 -15.943940 -6.362206
v -1.722722 -14.580840 -7.480869
v -2.650597 -14.580840 -7.480869
v -2.650597 -6.141114 -8.312118
v -1.722722 -4.585967 -7.480876
v -2.650597 -4.585967 -7.480876
v -2.650597 -14.580840 -7.480869
v -1.722722 -13.025700 -8.312112
v -2.650597 -13.025700 -8.312112
v -2.650597 -4.585967 -7.480876
v -1.722722 -3.222869 -6.362214
v -2.650597 -3.222869 -6.362214
v -2.650597 -3.222869 -6.362214
v -1.722722 -2.104203 -4.999120
v -2.650597 -2.104203 -4.999120
v -2.650597 -2.104203 -4.999120
v -1.722722 -1.272960 -3.443975
v -2.650597 -1.272960 -3.443975
v -2.650597 -1.272960 -3.443975
v -1.722722 -0.761081 -1.756545
v -2.650597 -0.761081 -1.756545
v -1.881416 -10.815510 -6.195905
v -1.802177 -9.583397 -4.977474
v -1.802177 -10.554130 -4.881864
v -1.881416 -8.351301 -6.195908
v -1.802177 -9.583397 -4.977474
v -1.881416 -9.583398 -6.317258
v -1.881416 -8.351301 -6.195908
v -1.802177 -7.679250 -4.598716
v -1.802177 -8.612678 -4.881867
v -1.881416 -6.074654 -5.252893
v -1.802177 -7.679250 -4.598716
v -1.881416 -7.166538 -5.836516
v -1.881416 -6.074654 -5.252893
v -1.802177 -6.064978 -3.520097
v -1.802177 -6.818996 -4.138902
v -1.881416 -4.332182 -3.510428
v -1.802177 -6.064978 -3.520097
v -1.881416 -5.117608 -4.467470
v -1.881416 -3.748558 -2.418546
v -1.802177 -5.446172 -2.766082
v -1.881416 -4.332182 -3.510428
v -1.881416 -3.389163 -1.233783
v -1.802177 -4.986357 -1.905831
v -1.881416 -3.748558 -2.418546
v -1.881416 -3.389163 -1.233783
v -1.802177 -4.607593 -0.001671
v -1.802177 -4.703203 -0.972402
v -1.881416 -3.389159 1.230437
v -1.802177 -4.607593 -0.001671
v -1.881416 -3.267808 -0.001673
v -1.881416 -3.748553 2.415200
v -1.802177 -4.703201 0.969059
v -1.881416 -3.389159 1.230437
v -1.881416 -3.748553 2.415200
v -1.802177 -5.446166 2.762740
v -1.802177 -4.986353 1.902488
v -1.881416 -5.117600 4.464128
v -1.802177 -5.446166 2.762740
v -1.881416 -4.332175 3.507084
v -1.881416 -6.074643 5.249553
v -1.802177 -6.064972 3.516757
v -1.881416 -5.117600 4.464128
v -1.881416 -6.074643 5.249553
v -1.802177 -7.679239 4.595378
v -1.802177 -6.818988 4.135563
v -1.881416 -7.166525 5.833177
v -1.802177 -8.612666 4.878530
v -1.802177 -7.679239 4.595378
v -1.881416 -9.583398 6.313923
v -1.802177 -8.612666 4.878530
v -1.881416 -8.351286 6.192571
v -1.881416 -10.815510 6.192571
v -1.802177 -9.583399 4.974139
v -1.881416 -9.583398 6.313923
v -1.881416 -10.815510 6.192571
v -1.802177 -11.487560 4.595379
v -1.802177 -10.554130 4.878530
v -1.881416 -12.000270 5.833179
v -1.802177 -12.347810 4.135566
v -1.802177 -11.487560 4.595379
v -1.881416 -13.092150 5.249556
v -1.802177 -13.101830 3.516759
v -1.802177 -12.347810 4.135566
v -1.881416 -14.049200 4.464130
v -1.802177 -13.720630 2.762742
v -1.802177 -13.101830 3.516759
v -1.881416 -15.418250 2.415203
v -1.802177 -13.720630 2.762742
v -1.881416 -14.834620 3.507086
v -1.881416 -15.777640 1.230443
v -1.802177 -14.180450 1.902490
v -1.881416 -15.418250 2.415203
v -1.881416 -15.777640 1.230443
v -1.802177 -14.559210 -0.001667
v -1.802177 -14.463600 0.969064
v -1.881416 -15.898990 -0.001667
v -1.802177 -14.463600 -0.972399
v -1.802177 -14.559210 -0.001667
v -1.881416 -15.418250 -2.418539
v -1.802177 -14.463600 -0.972399
v -1.881416 -15.777640 -1.233778
v -1.881416 -14.834620 -3.510421
v -1.802177 -14.180450 -1.905825
v -1.881416 -15.418250 -2.418539
v -1.881416 -14.834620 -3.510421
v -1.802177 -13.101830 -3.520093
v -1.802177 -13.720630 -2.766076
v -1.881416 -14.049200 -4.467464
v -1.802177 -12.347810 -4.138898
v -1.802177 -13.101830 -3.520093
v -1.881416 -13.092160 -5.252889
v -1.802177 -11.487560 -4.598712
v -1.802177 -12.347810 -4.138898
v -1.881416 -10.815510 -6.195905
v -1.802177 -11.487560 -4.598712
v -1.881416 -12.000270 -5.836512
v -1.485314 -12.568930 2.983863
v -1.892117 -11.929120 3.508946
v -1.485314 -11.929120 3.508946
v -1.802177 -14.180450 1.902490
v -1.485314 -13.720630 2.762742
v -1.802177 -13.720630 2.762742
v -1.802177 -4.703201 0.969059
v -1.485314 -4.607593 -0.001671
v -1.802177 -4.607593 -0.001671
v -1.802177 -14.463600 0.969064
v -1.485314 -14.180450 1.902490
v -1.802177 -14.180450 1.902490
v -1.802177 -4.986353 1.902488
v -1.485314 -4.703201 0.969059
v -1.802177 -4.703201 0.969059
v -1.802177 -14.559210 -0.001667
v -1.485314 -14.463600 0.969064
v -1.802177 -14.463600 0.969064
v -1.802177 -5.446166 2.762740
v -1.485314 -4.986353 1.902488
v -1.802177 -4.986353 1.902488
v -1.802177 -14.463600 -0.972399
v -1.485314 -14.559210 -0.001667
v -1.802177 -14.559210 -0.001667
v -1.802177 -6.064972 3.516757
v -1.485314 -5.446166 2.762740
v -1.802177 -5.446166 2.762740
v -1.802177 -9.583397 -4.977474
v -1.485314 -10.554130 -4.881864
v -1.802177 -10.554130 -4.881864
v -1.802177 -14.180450 -1.905825
v -1.485314 -14.463600 -0.972399
v -1.802177 -14.463600 -0.972399
v -1.802177 -6.818988 4.135563
v -1.485314 -6.064972 3.516757
v -1.802177 -6.064972 3.516757
v -1.802177 -10.554130 -4.881864
v -1.485314 -11.487560 -4.598712
v -1.802177 -11.487560 -4.598712
v -1.802177 -13.720630 -2.766076
v -1.485314 -14.180450 -1.905825
v -1.802177 -14.180450 -1.905825
v -1.802177 -7.679239 4.595378
v -1.485314 -6.818988 4.135563
v -1.802177 -6.818988 4.135563
v -1.802177 -8.612678 -4.881867
v -1.485314 -9.583397 -4.977474
v -1.802177 -9.583397 -4.977474
v -1.802177 -13.101830 -3.520093
v -1.485314 -13.720630 -2.766076
v -1.802177 -13.720630 -2.766076
v -1.802177 -8.612666 4.878530
v -1.485314 -7.679239 4.595378
v -1.802177 -7.679239 4.595378
v -1.802177 -7.679250 -4.598716
v -1.485314 -8.612678 -4.881867
v -1.802177 -8.612678 -4.881867
v -1.802177 -12.347810 -4.138898
v -1.485314 -13.101830 -3.520093
v -1.802177 -13.101830 -3.520093
v -1.802177 -8.612666 4.878530
v -1.485315 -9.583399 4.974139
v -1.485314 -8.612666 4.878530
v -1.802177 -6.818996 -4.138902
v -1.485314 -7.679250 -4.598716
v -1.802177 -7.679250 -4.598716
v -1.802177 -11.487560 -4.598712
v -1.485314 -12.347810 -4.138898
v -1.802177 -12.347810 -4.138898
v -1.802177 -10.554130 4.878530
v -1.485315 -9.583399 4.974139
v -1.802177 -9.583399 4.974139
v -1.802177 -6.064978 -3.520097
v -1.485314 -6.818996 -4.138902
v -1.802177 -6.818996 -4.138902
v -1.802177 -11.487560 4.595379
v -1.485314 -10.554130 4.878530
v -1.802177 -10.554130 4.878530
v -1.802177 -5.446172 -2.766082
v -1.485314 -6.064978 -3.520097
v -1.802177 -6.064978 -3.520097
v -1.802177 -12.347810 4.135566
v -1.485314 -11.487560 4.595379
v -1.802177 -11.487560 4.595379
v -1.802177 -4.986357 -1.905831
v -1.485314 -5.446172 -2.766082
v -1.802177 -5.446172 -2.766082
v -1.802177 -13.101830 3.516759
v -1.485314 -12.347810 4.135566
v -1.802177 -12.347810 4.135566
v -1.802177 -4.703203 -0.972402
v -1.485314 -4.986357 -1.905831
v -1.802177 -4.986357 -1.905831
v -1.802177 -13.720630 2.762742
v -1.485314 -13.101830 3.516759
v -1.802177 -13.101830 3.516759
v -2.650597 -11.338270 -8.823988
v -2.102550 -12.512990 -7.074312
v -2.650597 -13.025700 -8.312112
v -2.102550 -11.076890 -7.509946
v -1.881416 -12.000270 -5.836512
v -2.102550 -12.512990 -7.074312
v -2.650597 -13.025700 -8.312112
v -2.102550 -13.836500 -6.366879
v -2.650597 -14.580840 -7.480869
v -2.102550 -12.512990 -7.074312
v -1.881416 -13.092160 -5.252889
v -2.102550 -13.836500 -6.366879
v -2.650597 -14.580840 -7.480869
v -2.102550 -14.996570 -5.414835
v -2.650597 -15.943940 -6.362206
v -2.102550 -14.996570 -5.414835
v -1.881416 -13.092160 -5.252889
v -1.881416 -14.049200 -4.467464
v -2.650597 -17.062610 -4.999110
v -2.102550 -14.996570 -5.414835
v -2.102550 -15.948610 -4.254765
v -2.102550 -14.996570 -5.414835
v -1.881416 -14.834620 -3.510421
v -2.102550 -15.948610 -4.254765
v -2.650597 -17.062610 -4.999110
v -2.102550 -16.656050 -2.931252
v -2.650597 -17.893850 -3.443966
v -2.102550 -15.948610 -4.254765
v -1.881416 -15.418250 -2.418539
v -2.102550 -16.656050 -2.931252
v -2.650597 -17.893850 -3.443966
v -2.102550 -17.091680 -1.495157
v -2.650597 -18.405720 -1.756536
v -2.102550 -16.656050 -2.931252
v -1.881416 -15.777640 -1.233778
v -2.102550 -17.091680 -1.495157
v -2.650597 -18.578560 -0.001668
v -2.102550 -17.091680 -1.495157
v -2.102550 -17.238780 -0.001667
v -2.102550 -17.238780 -0.001667
v -1.881416 -15.777640 -1.233778
v -1.881416 -15.898990 -0.001667
v -2.650597 -18.405720 1.753200
v -2.102550 -17.238780 -0.001667
v -2.102550 -17.091680 1.491822
v -2.102550 -17.238780 -0.001667
v -1.881416 -15.777640 1.230443
v -2.102550 -17.091680 1.491822
v -2.650597 -18.405720 1.753200
v -2.102550 -16.656050 2.927917
v -2.650597 -17.893850 3.440630
v -2.102550 -17.091680 1.491822
v -1.881416 -15.418250 2.415203
v -2.102550 -16.656050 2.927917
v -2.650597 -17.062610 4.995776
v -2.102550 -16.656050 2.927917
v -2.102550 -15.948610 4.251431
v -2.102550 -15.948610 4.251431
v -1.881416 -15.418250 2.415203
v -1.881416 -14.834620 3.507086
v -2.650597 -17.062610 4.995776
v -2.102550 -14.996570 5.411501
v -2.650597 -15.943940 6.358872
v -2.102550 -15.948610 4.251431
v -1.881416 -14.049200 4.464130
v -2.102550 -14.996570 5.411501
v -2.650597 -14.580840 7.477536
v -2.102550 -14.996570 5.411501
v -2.102550 -13.836500 6.363546
v -2.102550 -13.836500 6.363546
v -1.881416 -14.049200 4.464130
v -1.881416 -13.092150 5.249556
v -2.650597 -14.580840 7.477536
v -2.102550 -12.512980 7.070979
v -2.650597 -13.025700 8.308779
v -2.102550 -13.836500 6.363546
v -1.881416 -12.000270 5.833179
v -2.102550 -12.512980 7.070979
v -2.650597 -11.338270 8.820654
v -2.102550 -12.512980 7.070979
v -2.102550 -11.076890 7.506613
v -2.102550 -12.512980 7.070979
v -1.881416 -10.815510 6.192571
v -2.102550 -11.076890 7.506613
v -2.650597 -9.583397 8.993493
v -2.102550 -11.076890 7.506613
v -2.102550 -9.583398 7.653708
v -2.102550 -11.076890 7.506613
v -1.881416 -9.583398 6.313923
v -2.102550 -9.583398 7.653708
v -2.650597 -9.583397 8.993493
v -2.102550 -8.089907 7.506612
v -2.650597 -7.828527 8.820653
v -2.102550 -9.583398 7.653708
v -1.881416 -8.351286 6.192571
v -2.102550 -8.089907 7.506612
v -2.650597 -6.141098 8.308776
v -2.102550 -8.089907 7.506612
v -2.102550 -6.653811 7.070977
v -2.102550 -6.653811 7.070977
v -1.881416 -8.351286 6.192571
v -1.881416 -7.166525 5.833177
v -2.650597 -6.141098 8.308776
v -2.102550 -5.330298 6.363543
v -2.650597 -4.585953 7.477533
v -2.102550 -5.330298 6.363543
v -1.881416 -7.166525 5.833177
v -1.881416 -6.074643 5.249553
v -2.650597 -4.585953 7.477533
v -2.102550 -4.170228 5.411498
v -2.650597 -3.222857 6.358868
v -2.102550 -5.330298 6.363543
v -1.881416 -5.117600 4.464128
v -2.102550 -4.170228 5.411498
v -2.650597 -2.104194 4.995771
v -2.102550 -4.170228 5.411498
v -2.102550 -3.218184 4.251427
v -2.102550 -4.170228 5.411498
v -1.881416 -4.332175 3.507084
v -2.102550 -3.218184 4.251427
v -2.650597 -1.272953 3.440625
v -2.102550 -3.218184 4.251427
v -2.102550 -2.510753 2.927913
v -2.102550 -2.510753 2.927913
v -1.881416 -4.332175 3.507084
v -1.881416 -3.748553 2.415200
v -2.650597 -1.272953 3.440625
v -2.102550 -2.075118 1.491815
v -2.650597 -0.761077 1.753194
v -2.102550 -2.510753 2.927913
v -1.881416 -3.389159 1.230437
v -2.102550 -2.075118 1.491815
v -2.650597 -0.761077 1.753194
v -2.102550 -1.928023 -0.001674
v -2.650597 -0.588239 -0.001676
v -2.102550 -2.075118 1.491815
v -1.881416 -3.267808 -0.001673
v -2.102550 -1.928023 -0.001674
v -2.650597 -0.761081 -1.756545
v -2.102550 -1.928023 -0.001674
v -2.102550 -2.075122 -1.495164
v -2.102550 -2.075122 -1.495164
v -1.881416 -3.267808 -0.001673
v -1.881416 -3.389163 -1.233783
v -2.650597 -1.272960 -3.443975
v -2.102550 -2.075122 -1.495164
v -2.102550 -2.510759 -2.931261
v -2.102550 -2.075122 -1.495164
v -1.881416 -3.748558 -2.418546
v -2.102550 -2.510759 -2.931261
v -2.650597 -1.272960 -3.443975
v -2.102550 -3.218193 -4.254774
v -2.650597 -2.104203 -4.999120
v -2.102550 -2.510759 -2.931261
v -1.881416 -4.332182 -3.510428
v -2.102550 -3.218193 -4.254774
v -2.650597 -3.222869 -6.362214
v -2.102550 -3.218193 -4.254774
v -2.102550 -4.170238 -5.414842
v -2.102550 -4.170238 -5.414842
v -1.881416 -4.332182 -3.510428
v -1.881416 -5.117608 -4.467470
v -2.650597 -4.585967 -7.480876
v -2.102550 -4.170238 -5.414842
v -2.102550 -5.330310 -6.366885
v -2.102550 -5.330310 -6.366885
v -1.881416 -5.117608 -4.467470
v -1.881416 -6.074654 -5.252893
v -2.650597 -4.585967 -7.480876
v -2.102550 -6.653826 -7.074316
v -2.650597 -6.141114 -8.312118
v -2.102550 -5.330310 -6.366885
v -1.881416 -7.166538 -5.836516
v -2.102550 -6.653826 -7.074316
v -2.650597 -7.828545 -8.823992
v -2.102550 -6.653826 -7.074316
v -2.102550 -8.089923 -7.509950
v -2.102550 -8.089923 -7.509950
v -1.881416 -7.166538 -5.836516
v -1.881416 -8.351301 -6.195908
v -2.650597 -9.583400 -8.996829
v -2.102550 -8.089923 -7.509950
v -2.102550 -9.583399 -7.657043
v -2.102550 -8.089923 -7.509950
v -1.881416 -9.583398 -6.317258
v -2.102550 -9.583399 -7.657043
v -2.650597 -9.583400 -8.996829
v -2.102550 -11.076890 -7.509946
v -2.650597 -11.338270 -8.823988
v -2.102550 -9.583399 -7.657043
v -1.881416 -10.815510 -6.195905
v -2.102550 -11.076890 -7.509946
v -1.485314 -10.554130 -4.881864
v -1.485314 -9.583397 -4.223845
v -1.485314 -10.407110 -4.142716
v -1.485314 -9.583397 -4.977474
v -1.485314 -8.759703 -4.142719
v -1.485314 -9.583397 -4.223845
v -1.485314 -8.612678 -4.881867
v -1.485314 -7.967650 -3.902453
v -1.485314 -8.759703 -4.142719
v -1.485314 -6.818996 -4.138902
v -1.485314 -7.967650 -3.902453
v -1.485314 -7.679250 -4.598716
v -1.485314 -6.818996 -4.138902
v -1.485314 -6.597873 -2.987200
v -1.485314 -7.237689 -3.512282
v -1.485314 -5.446172 -2.766082
v -1.485314 -6.597873 -2.987200
v -1.485314 -6.064978 -3.520097
v -1.485314 -5.446172 -2.766082
v -1.485314 -5.682619 -1.617429
v -1.485314 -6.072791 -2.347388
v -1.485314 -4.703203 -0.972402
v -1.485314 -5.682619 -1.617429
v -1.485314 -4.986357 -1.905831
v -1.485314 -4.703203 -0.972402
v -1.485314 -5.361221 -0.001671
v -1.485314 -5.442351 -0.825376
v -1.485314 -4.703201 0.969059
v -1.485314 -5.361221 -0.001671
v -1.485314 -4.607593 -0.001671
v -1.485314 -4.986353 1.902488
v -1.485314 -5.442349 0.822033
v -1.485314 -4.703201 0.969059
v -1.485314 -4.986353 1.902488
v -1.485314 -6.072786 2.344047
v -1.485314 -5.682615 1.614087
v -1.485314 -6.064972 3.516757
v -1.485314 -6.072786 2.344047
v -1.485314 -5.446166 2.762740
v -1.485314 -6.064972 3.516757
v -1.485314 -7.237682 3.508944
v -1.485314 -6.597868 2.983861
v -1.485314 -7.679239 4.595378
v -1.485314 -7.237682 3.508944
v -1.485314 -6.818988 4.135563
v -1.485314 -8.612666 4.878530
v -1.485314 -7.967641 3.899116
v -1.485314 -7.679239 4.595378
v -1.485315 -9.583399 4.974139
v -1.485314 -8.759692 4.139382
v -1.485314 -8.612666 4.878530
v -1.485314 -10.554130 4.878530
v -1.485315 -9.583399 4.220510
v -1.485315 -9.583399 4.974139
v -1.485314 -10.554130 4.878530
v -1.485314 -11.199160 3.899117
v -1.485314 -10.407110 4.139382
v -1.485314 -11.487560 4.595379
v -1.485314 -11.929120 3.508946
v -1.485314 -11.199160 3.899117
v -1.485314 -13.101830 3.516759
v -1.485314 -11.929120 3.508946
v -1.485314 -12.347810 4.135566
v -1.485314 -13.101830 3.516759
v -1.485314 -13.094010 2.344048
v -1.485314 -12.568930 2.983863
v -1.485314 -14.180450 1.902490
v -1.485314 -13.094010 2.344048
v -1.485314 -13.720630 2.762742
v -1.485314 -14.463600 0.969064
v -1.485314 -13.484190 1.614088
v -1.485314 -14.180450 1.902490
v -1.485314 -14.463600 0.969064
v -1.485314 -13.805580 -0.001667
v -1.485314 -13.724450 0.822038
v -1.485314 -14.559210 -0.001667
v -1.485314 -13.724450 -0.825373
v -1.485314 -13.805580 -0.001667
v -1.485314 -14.180450 -1.905825
v -1.485314 -13.724450 -0.825373
v -1.485314 -14.463600 -0.972399
v -1.485314 -14.180450 -1.905825
v -1.485314 -13.094010 -2.347382
v -1.485314 -13.484180 -1.617424
v -1.485314 -13.101830 -3.520093
v -1.485314 -13.094010 -2.347382
v -1.485314 -13.720630 -2.766076
v -1.485314 -13.101830 -3.520093
v -1.485314 -11.929120 -3.512279
v -1.485314 -12.568930 -2.987197
v -1.485314 -12.347810 -4.138898
v -1.485314 -11.199160 -3.902450
v -1.485314 -11.929120 -3.512279
v -1.485314 -11.487560 -4.598712
v -1.485314 -10.407110 -4.142716
v -1.485314 -11.199160 -3.902450
v -1.485314 -5.442351 -0.825376
v -1.892117 -5.682619 -1.617429
v -1.485314 -5.682619 -1.617429
v -1.485314 -13.094010 2.344048
v -1.892117 -12.568930 2.983863
v -1.485314 -12.568930 2.983863
v -1.485314 -5.361221 -0.001671
v -1.892117 -5.442351 -0.825376
v -1.485314 -5.442351 -0.825376
v -1.485314 -13.484190 1.614088
v -1.892117 -13.094010 2.344048
v -1.485314 -13.094010 2.344048
v -1.485314 -5.442349 0.822033
v -1.892117 -5.361221 -0.001671
v -1.485314 -5.361221 -0.001671
v -1.485314 -13.724450 0.822038
v -1.892117 -13.484190 1.614088
v -1.485314 -13.484190 1.614088
v -1.485314 -5.682615 1.614087
v -1.892117 -5.442349 0.822033
v -1.485314 -5.442349 0.822033
v -1.485314 -13.805580 -0.001667
v -1.892117 -13.724450 0.822038
v -1.485314 -13.724450 0.822038
v -1.485314 -6.072786 2.344047
v -1.892117 -5.682615 1.614087
v -1.485314 -5.682615 1.614087
v -1.485314 -13.724450 -0.825373
v -1.892117 -13.805580 -0.001667
v -1.485314 -13.805580 -0.001667
v -1.485314 -6.597868 2.983861
v -1.892117 -6.072786 2.344047
v -1.485314 -6.072786 2.344047
v -1.485314 -9.583397 -4.223845
v -1.892117 -10.407110 -4.142716
v -1.485314 -10.407110 -4.142716
v -1.485314 -13.484180 -1.617424
v -1.892117 -13.724450 -0.825373
v -1.485314 -13.724450 -0.825373
v -1.485314 -7.237682 3.508944
v -1.892117 -6.597868 2.983861
v -1.485314 -6.597868 2.983861
v -1.485314 -10.407110 -4.142716
v -1.892117 -11.199160 -3.902450
v -1.485314 -11.199160 -3.902450
v -1.485314 -13.094010 -2.347382
v -1.892117 -13.484180 -1.617424
v -1.485314 -13.484180 -1.617424
v -1.485314 -7.967641 3.899116
v -1.892117 -7.237682 3.508944
v -1.485314 -7.237682 3.508944
v -1.485314 -8.759703 -4.142719
v -1.892117 -9.583397 -4.223845
v -1.485314 -9.583397 -4.223845
v -1.485314 -12.568930 -2.987197
v -1.892117 -13.094010 -2.347382
v -1.485314 -13.094010 -2.347382
v -1.485314 -8.759692 4.139382
v -1.892117 -7.967641 3.899116
v -1.485314 -7.967641 3.899116
v -1.485314 -7.967650 -3.902453
v -1.892117 -8.759703 -4.142719
v -1.485314 -8.759703 -4.142719
v -1.485314 -11.929120 -3.512279
v -1.892117 -12.568930 -2.987197
v -1.485314 -12.568930 -2.987197
v -1.485315 -9.583399 4.220510
v -1.892117 -8.759692 4.139382
v -1.485314 -8.759692 4.139382
v -1.485314 -7.237689 -3.512282
v -1.892117 -7.967650 -3.902453
v -1.485314 -7.967650 -3.902453
v -1.485314 -11.199160 -3.902450
v -1.892117 -11.929120 -3.512279
v -1.485314 -11.929120 -3.512279
v -1.485315 -9.583399 4.220510
v -1.892117 -10.407110 4.139382
v -1.892118 -9.583399 4.220510
v -1.485314 -6.597873 -2.987200
v -1.892117 -7.237689 -3.512282
v -1.485314 -7.237689 -3.512282
v -1.485314 -11.199160 3.899117
v -1.892117 -10.407110 4.139382
v -1.485314 -10.407110 4.139382
v -1.485314 -6.072791 -2.347388
v -1.892117 -6.597873 -2.987200
v -1.485314 -6.597873 -2.987200
v -1.485314 -11.929120 3.508946
v -1.892117 -11.199160 3.899117
v -1.485314 -11.199160 3.899117
v -1.485314 -5.682619 -1.617429
v -1.892117 -6.072791 -2.347388
v -1.485314 -6.072791 -2.347388
v -1.892117 -10.407110 -4.142716
v -1.892117 -9.583397 -4.152377
v -1.892117 -10.393160 -4.072621
v -1.892117 -9.583397 -4.223845
v -1.892117 -8.773646 -4.072624
v -1.892117 -9.583397 -4.152377
v -1.892117 -7.967650 -3.902453
v -1.892117 -8.773646 -4.072624
v -1.892117 -8.759703 -4.142719
v -1.892117 -7.237689 -3.512282
v -1.892117 -7.995000 -3.836425
v -1.892117 -7.967650 -3.902453
v -1.892117 -7.237689 -3.512282
v -1.892117 -6.648408 -2.936664
v -1.892117 -7.277395 -3.452858
v -1.892117 -6.072791 -2.347388
v -1.892117 -6.648408 -2.936664
v -1.892117 -6.597873 -2.987200
v -1.892117 -5.682619 -1.617429
v -1.892117 -6.132215 -2.307682
v -1.892117 -6.072791 -2.347388
v -1.892117 -5.442351 -0.825376
v -1.892117 -5.748647 -1.590079
v -1.892117 -5.682619 -1.617429
v -1.892117 -5.442351 -0.825376
v -1.892117 -5.432690 -0.001671
v -1.892117 -5.512446 -0.811433
v -1.892117 -5.442349 0.822033
v -1.892117 -5.432690 -0.001671
v -1.892117 -5.361221 -0.001671
v -1.892117 -5.682615 1.614087
v -1.892117 -5.512444 0.808091
v -1.892117 -5.442349 0.822033
v -1.892117 -6.072786 2.344047
v -1.892117 -5.748644 1.586737
v -1.892117 -5.682615 1.614087
v -1.892117 -6.597868 2.983861
v -1.892117 -6.132210 2.304341
v -1.892117 -6.072786 2.344047
v -1.892117 -7.237682 3.508944
v -1.892117 -6.648404 2.933326
v -1.892117 -6.597868 2.983861
v -1.892117 -7.237682 3.508944
v -1.892117 -7.994991 3.833087
v -1.892117 -7.277388 3.449520
v -1.892117 -8.759692 4.139382
v -1.892117 -7.994991 3.833087
v -1.892117 -7.967641 3.899116
v -1.892117 -8.759692 4.139382
v -1.892118 -9.583399 4.149042
v -1.892117 -8.773634 4.069287
v -1.892117 -10.407110 4.139382
v -1.892118 -9.583399 4.149042
v -1.892118 -9.583399 4.220510
v -1.892117 -11.199160 3.899117
v -1.892117 -10.393170 4.069287
v -1.892117 -10.407110 4.139382
v -1.892117 -11.199160 3.899117
v -1.892117 -11.889410 3.449522
v -1.892117 -11.171810 3.833088
v -1.892117 -12.568930 2.983863
v -1.892117 -11.889410 3.449522
v -1.892117 -11.929120 3.508946
v -1.892117 -13.094010 2.344048
v -1.892117 -12.518400 2.933327
v -1.892117 -12.568930 2.983863
v -1.892117 -13.094010 2.344048
v -1.892117 -13.418160 1.586739
v -1.892117 -13.034590 2.304342
v -1.892117 -13.484190 1.614088
v -1.892117 -13.654360 0.808095
v -1.892117 -13.418160 1.586739
v -1.892117 -13.805580 -0.001667
v -1.892117 -13.654360 0.808095
v -1.892117 -13.724450 0.822038
v -1.892117 -13.805580 -0.001667
v -1.892117 -13.654360 -0.811430
v -1.892117 -13.734110 -0.001667
v -1.892117 -13.724450 -0.825373
v -1.892117 -13.418160 -1.590074
v -1.892117 -13.654360 -0.811430
v -1.892117 -13.094010 -2.347382
v -1.892117 -13.418160 -1.590074
v -1.892117 -13.484180 -1.617424
v -1.892117 -12.568930 -2.987197
v -1.892117 -13.034590 -2.307677
v -1.892117 -13.094010 -2.347382
v -1.892117 -11.929120 -3.512279
v -1.892117 -12.518400 -2.936661
v -1.892117 -12.568930 -2.987197
v -1.892117 -11.199160 -3.902450
v -1.892117 -11.889410 -3.452855
v -1.892117 -11.929120 -3.512279
v -1.892117 -10.407110 -4.142716
v -1.892117 -11.171810 -3.836421
v -1.892117 -11.199160 -3.902450
v -1.347156 -5.334693 1.527629
v -1.506876 -5.497733 1.527629
v -1.506876 -5.334693 1.527629
v -1.347156 -5.497733 1.527629
v -1.506876 -5.613019 1.642916
v -1.506876 -5.497733 1.527629
v -1.506876 -5.613019 1.642916
v -1.347156 -5.613019 1.805956
v -1.506876 -5.613019 1.805956
v -1.347156 -5.613019 1.805956
v -1.506876 -5.497733 1.921242
v -1.506876 -5.613019 1.805956
v -1.506876 -5.497733 1.921242
v -1.347156 -5.334693 1.921243
v -1.506876 -5.334693 1.921243
v -1.347156 -5.334693 1.921243
v -1.506876 -5.219407 1.805956
v -1.506876 -5.334693 1.921243
v -1.347156 -5.613019 1.805956
v -1.347156 -5.613019 1.642916
v -1.347156 -5.219407 1.805956
v -1.347156 -5.219407 1.805956
v -1.506876 -5.219407 1.642916
v -1.506876 -5.219407 1.805956
v -1.347156 -5.219407 1.642916
v -1.506876 -5.334693 1.527629
v -1.506876 -5.219407 1.642916
v -1.347156 -13.832110 -1.530966
v -1.506876 -13.669070 -1.530966
v -1.506876 -13.832110 -1.530966
v -1.347156 -13.669070 -1.530966
v -1.506876 -13.553790 -1.646253
v -1.506876 -13.669070 -1.530966
v -1.347156 -13.553790 -1.646253
v -1.506876 -13.553790 -1.809293
v -1.506876 -13.553790 -1.646253
v -1.506876 -13.553790 -1.809293
v -1.347156 -13.669070 -1.924580
v -1.506876 -13.669070 -1.924580
v -1.347156 -13.669070 -1.924580
v -1.506876 -13.832110 -1.924580
v -1.506876 -13.669070 -1.924580
v -1.347156 -13.832110 -1.924580
v -1.506876 -13.947400 -1.809293
v -1.506876 -13.832110 -1.924580
v -1.347156 -13.832110 -1.530966
v -1.347156 -13.947400 -1.809293
v -1.347156 -13.669070 -1.924580
v -1.347156 -13.947400 -1.809293
v -1.506876 -13.947400 -1.646253
v -1.506876 -13.947400 -1.809293
v -1.347156 -13.947400 -1.646253
v -1.506876 -13.832110 -1.530966
v -1.506876 -13.947400 -1.646253
v -1.347156 -8.054106 -4.250379
v -1.506876 -8.054106 -4.087339
v -1.506876 -8.054106 -4.250379
v -1.347156 -8.054106 -4.087339
v -1.506876 -7.938819 -3.972052
v -1.506876 -8.054106 -4.087339
v -1.347156 -7.938819 -3.972052
v -1.506876 -7.775779 -3.972052
v -1.506876 -7.938819 -3.972052
v -1.506876 -7.775779 -3.972052
v -1.347156 -7.660493 -4.087339
v -1.506876 -7.660493 -4.087339
v -1.347156 -7.660493 -4.087339
v -1.506876 -7.660493 -4.250379
v -1.506876 -7.660493 -4.087339
v -1.347156 -7.660493 -4.250379
v -1.506876 -7.775779 -4.365665
v -1.506876 -7.660493 -4.250379
v -1.347156 -8.054106 -4.250379
v -1.347156 -7.775779 -4.365665
v -1.347156 -7.660493 -4.087339
v -1.347156 -7.775779 -4.365665
v -1.506876 -7.938819 -4.365666
v -1.506876 -7.775779 -4.365665
v -1.347156 -7.938819 -4.365666
v -1.506876 -8.054106 -4.250379
v -1.506876 -7.938819 -4.365666
v -1.347156 -11.112700 4.247042
v -1.506876 -11.112700 4.084002
v -1.506876 -11.112700 4.247042
v -1.347156 -11.112700 4.084002
v -1.506876 -11.227990 3.968716
v -1.506876 -11.112700 4.084002
v -1.506876 -11.227990 3.968716
v -1.347156 -11.391030 3.968715
v -1.506876 -11.391030 3.968715
v -1.347156 -11.391030 3.968715
v -1.506876 -11.506310 4.084002
v -1.506876 -11.391030 3.968715
v -1.506876 -11.506310 4.084002
v -1.347156 -11.506310 4.247042
v -1.506876 -11.506310 4.247042
v -1.506876 -11.506310 4.247042
v -1.347156 -11.391030 4.362329
v -1.506876 -11.391030 4.362329
v -1.347156 -11.227990 3.968716
v -1.347156 -11.112700 4.247042
v -1.347156 -11.391030 4.362329
v -1.347156 -11.391030 4.362329
v -1.506876 -11.227990 4.362329
v -1.506876 -11.391030 4.362329
v -1.347156 -11.227990 4.362329
v -1.506876 -11.112700 4.247042
v -1.506876 -11.227990 4.362329
v -1.347156 -7.660488 4.084000
v -1.506876 -7.775774 3.968714
v -1.506876 -7.660488 4.084000
v -1.347156 -7.775774 3.968714
v -1.506876 -7.938815 3.968714
v -1.506876 -7.775774 3.968714
v -1.347156 -7.938815 3.968714
v -1.506876 -8.054102 4.084000
v -1.506876 -7.938815 3.968714
v -1.347156 -8.054102 4.084000
v -1.506876 -8.054101 4.247040
v -1.506876 -8.054102 4.084000
v -1.347156 -8.054101 4.247040
v -1.506876 -7.938815 4.362328
v -1.506876 -8.054101 4.247040
v -1.347156 -7.938815 4.362328
v -1.506876 -7.775774 4.362327
v -1.506876 -7.938815 4.362328
v -1.347156 -7.775774 4.362327
v -1.347156 -8.054101 4.247040
v -1.347156 -7.938815 3.968714
v -1.506876 -7.775774 4.362327
v -1.347156 -7.660488 4.247040
v -1.506876 -7.660488 4.247040
v -1.347156 -7.660488 4.247040
v -1.506876 -7.660488 4.084000
v -1.506876 -7.660488 4.247040
v -1.347156 -11.506320 -4.087337
v -1.506876 -11.391030 -3.972050
v -1.506876 -11.506320 -4.087337
v -1.347156 -11.391030 -3.972050
v -1.506876 -11.227990 -3.972050
v -1.506876 -11.391030 -3.972050
v -1.347156 -11.227990 -3.972050
v -1.506876 -11.112700 -4.087337
v -1.506876 -11.227990 -3.972050
v -1.506876 -11.112700 -4.087337
v -1.347156 -11.112700 -4.250377
v -1.506876 -11.112700 -4.250377
v -1.347156 -11.112700 -4.250377
v -1.506876 -11.227990 -4.365664
v -1.506876 -11.112700 -4.250377
v -1.347156 -11.227990 -4.365664
v -1.506876 -11.391030 -4.365664
v -1.506876 -11.227990 -4.365664
v -1.347156 -11.112700 -4.087337
v -1.347156 -11.227990 -3.972050
v -1.347156 -11.391030 -4.365664
v -1.347156 -11.391030 -4.365664
v -1.506876 -11.506320 -4.250377
v -1.506876 -11.391030 -4.365664
v -1.506876 -11.506320 -4.250377
v -1.347156 -11.506320 -4.087337
v -1.506876 -11.506320 -4.087337
v -1.347156 -13.669070 1.921247
v -1.506876 -13.553790 1.805961
v -1.506876 -13.669070 1.921247
v -1.347156 -13.553790 1.805961
v -1.506876 -13.553790 1.642920
v -1.506876 -13.553790 1.805961
v -1.347156 -13.553790 1.642920
v -1.506876 -13.669070 1.527633
v -1.506876 -13.553790 1.642920
v -1.347156 -13.669070 1.527633
v -1.506876 -13.832110 1.527634
v -1.506876 -13.669070 1.527633
v -1.506876 -13.832110 1.527634
v -1.347156 -13.947400 1.642920
v -1.506876 -13.947400 1.642921
v -1.506876 -13.947400 1.642921
v -1.347156 -13.947400 1.805960
v -1.506876 -13.947400 1.805960
v -1.347156 -13.669070 1.921247
v -1.347156 -13.947400 1.805960
v -1.347156 -13.832110 1.527634
v -1.347156 -13.947400 1.805960
v -1.506876 -13.832110 1.921247
v -1.506876 -13.947400 1.805960
v -1.347156 -13.832110 1.921247
v -1.506876 -13.669070 1.921247
v -1.506876 -13.832110 1.921247
v -1.365074 -13.752930 -2.893131
v -1.635332 -13.093610 -3.608042
v -1.635332 -13.736490 -2.878644
v -1.443635 -13.837060 -4.263313
v -1.635332 -13.093610 -3.608042
v -1.365074 -13.110040 -3.622529
v -1.373425 -14.392090 -3.543334
v -1.305394 -13.205800 -3.620071
v -1.305394 -13.762520 -2.988436
v -1.713893 -13.820620 -4.248826
v -1.443635 -14.479940 -3.533914
v -1.713893 -14.463510 -3.519428
v -1.373425 -14.392090 -3.543334
v -1.443635 -13.837060 -4.263313
v -1.373425 -13.835370 -4.174970
v -1.443635 -14.479940 -3.533914
v -1.305394 -13.762520 -2.988436
v -1.365074 -13.752930 -2.893131
v -1.365074 -13.110040 -3.622529
v -1.373425 -13.835370 -4.174970
v -1.443635 -13.837060 -4.263313
v -1.365074 -13.752930 -2.893131
v -1.305394 -13.205800 -3.620071
v -1.365074 -13.110040 -3.622529
v -1.443635 -14.479940 -3.533914
v -1.635332 -13.736490 -2.878644
v -1.713893 -14.463510 -3.519428
v -1.583194 -12.968860 -3.740394
v -1.579980 -12.965360 -3.684410
v -1.582762 -13.524320 -3.102130
v -1.672101 -12.959750 -3.679472
v -1.579904 -13.474430 -3.105410
v -1.579980 -12.965360 -3.684410
v -1.762195 -13.767880 -4.443390
v -1.583194 -12.968860 -3.740394
v -1.670073 -13.773480 -4.448328
v -1.673280 -13.829450 -4.444639
v -1.764463 -13.796590 -4.453141
v -1.672342 -13.802190 -4.458079
v -1.764463 -13.796590 -4.453141
v -1.670073 -13.773480 -4.448328
v -1.672342 -13.802190 -4.458079
v -1.672101 -12.959750 -3.679472
v -1.580923 -12.955520 -3.713166
v -1.673044 -12.949910 -3.708229
v -1.580923 -12.955520 -3.713166
v -1.675315 -12.963260 -3.735456
v -1.673044 -12.949910 -3.708229
v -1.765401 -13.823850 -4.439701
v -1.673200 -14.361910 -3.839038
v -1.765322 -14.356310 -3.834100
v -1.508084 -12.942390 -3.890794
v -1.797529 -13.103520 -4.032810
v -1.527271 -13.119950 -4.047296
v -1.797529 -12.678090 -4.515480
v -1.508084 -12.516970 -4.373465
v -1.527271 -12.694530 -4.529967
v -1.508084 -12.942390 -3.890794
v -1.778342 -12.500530 -4.358978
v -1.778342 -12.925950 -3.876307
v -1.527271 -13.119950 -4.047296
v -1.797529 -12.678090 -4.515480
v -1.527271 -12.694530 -4.529967
v -1.508084 -12.942390 -3.890794
v -1.527271 -12.694530 -4.529967
v -1.508084 -12.516970 -4.373465
v -1.599131 -12.869040 -4.432757
v -1.803366 -12.740280 -4.553795
v -1.803366 -12.856620 -4.421809
v -1.619173 -13.054510 -4.596231
v -1.823408 -12.925760 -4.717270
v -1.619173 -12.938180 -4.728218
v -1.599131 -12.869040 -4.432757
v -1.619173 -12.938180 -4.728218
v -1.599131 -12.752710 -4.564743
v -1.803366 -12.740280 -4.553795
v -1.619173 -12.938180 -4.728218
v -1.823408 -12.925760 -4.717270
v -1.803366 -12.856620 -4.421809
v -1.619173 -13.054510 -4.596231
v -1.599131 -12.869040 -4.432757
v -1.603853 -12.890470 -4.424862
v -1.676752 -12.927550 -4.373844
v -1.603853 -12.931990 -4.377752
v -1.611007 -12.998190 -4.436101
v -1.683906 -12.952230 -4.479304
v -1.611007 -12.956670 -4.483211
v -1.603853 -12.931990 -4.377752
v -1.611007 -12.956670 -4.483211
v -1.603853 -12.890470 -4.424862
v -1.676752 -12.886030 -4.420954
v -1.611007 -12.956670 -4.483211
v -1.683906 -12.952230 -4.479304
v -1.676752 -12.927550 -4.373844
v -1.611007 -12.998190 -4.436101
v -1.603853 -12.931990 -4.377752
v -1.603853 -12.948960 -4.358498
v -1.676752 -12.986050 -4.307480
v -1.603853 -12.990480 -4.311388
v -1.683906 -13.052250 -4.365829
v -1.611008 -13.015160 -4.416847
v -1.611007 -13.056680 -4.369737
v -1.603853 -12.948960 -4.358498
v -1.611007 -13.056680 -4.369737
v -1.611008 -13.015160 -4.416847
v -1.676752 -12.944530 -4.354590
v -1.611008 -13.015160 -4.416847
v -1.683906 -13.010730 -4.412940
v -1.676752 -12.986050 -4.307480
v -1.611007 -13.056680 -4.369737
v -1.603853 -12.990480 -4.311388
v -1.603853 -13.007360 -4.292235
v -1.676752 -13.044450 -4.241218
v -1.603853 -13.048880 -4.245125
v -1.683906 -13.110650 -4.299567
v -1.611007 -13.073560 -4.350585
v -1.611007 -13.115090 -4.303474
v -1.603853 -13.007360 -4.292235
v -1.611007 -13.115090 -4.303474
v -1.611007 -13.073560 -4.350585
v -1.603853 -13.007360 -4.292235
v -1.683906 -13.069130 -4.346678
v -1.676752 -13.002930 -4.288328
v -1.676752 -13.044450 -4.241218
v -1.611007 -13.115090 -4.303474
v -1.603853 -13.048880 -4.245125
v -1.627848 -13.887640 -4.715831
v -1.766097 -13.555610 -4.423177
v -1.800840 -13.877120 -4.706558
v -1.800840 -13.517110 -5.115020
v -1.593105 -13.206110 -4.840911
v -1.627848 -13.527630 -5.124293
v -1.593105 -13.566130 -4.432449
v -1.766097 -13.195590 -4.831638
v -1.766097 -13.555610 -4.423177
v -1.800840 -13.877120 -4.706558
v -1.627848 -13.527630 -5.124293
v -1.627848 -13.887640 -4.715831
v -1.627848 -13.887640 -4.715831
v -1.593105 -13.206110 -4.840911
v -1.593105 -13.566130 -4.432449
v -1.579904 -13.474430 -3.105410
v -1.672860 -13.493130 -3.088494
v -1.580739 -13.498730 -3.093431
v -1.672860 -13.493130 -3.088494
v -1.582762 -13.524320 -3.102130
v -1.580739 -13.498730 -3.093431
v -1.673200 -14.361910 -3.839038
v -1.674883 -13.518720 -3.097192
v -1.765322 -14.356310 -3.834100
v -1.595333 -12.621150 -4.498722
v -1.595671 -12.647400 -4.426931
v -1.586511 -12.655860 -4.433607
v -1.597284 -12.663100 -4.439214
v -1.595333 -12.621150 -4.498722
v -1.586511 -12.655860 -4.433607
v -1.606445 -12.654650 -4.432538
v -1.605698 -12.630650 -4.500252
v -1.597284 -12.663100 -4.439214
v -1.604658 -12.611790 -4.493687
v -1.606445 -12.654650 -4.432538
v -1.595671 -12.647400 -4.426931
v -1.612190 -12.606030 -4.575070
v -1.604658 -12.611790 -4.493687
v -1.595333 -12.621150 -4.498722
v -1.621742 -12.616120 -4.572425
v -1.595333 -12.621150 -4.498722
v -1.605698 -12.630650 -4.500252
v -1.615023 -12.621290 -4.495217
v -1.621742 -12.616120 -4.572425
v -1.605698 -12.630650 -4.500252
v -1.604658 -12.611790 -4.493687
v -1.631766 -12.606250 -4.570978
v -1.615023 -12.621290 -4.495217
v -1.623971 -12.626260 -4.635350
v -1.622215 -12.596160 -4.573623
v -1.612190 -12.606030 -4.575070
v -1.632595 -12.634600 -4.627863
v -1.612190 -12.606030 -4.575070
v -1.621742 -12.616120 -4.572425
v -1.631766 -12.606250 -4.570978
v -1.632595 -12.634600 -4.627863
v -1.621742 -12.616120 -4.572425
v -1.622215 -12.596160 -4.573623
v -1.643633 -12.626640 -4.631711
v -1.631766 -12.606250 -4.570978
v -1.623971 -12.626260 -4.635350
v -1.645951 -12.724830 -4.720704
v -1.635009 -12.618300 -4.639197
v -1.632595 -12.634600 -4.627863
v -1.634549 -12.730480 -4.714534
v -1.623971 -12.626260 -4.635350
v -1.654240 -12.731040 -4.711074
v -1.632595 -12.634600 -4.627863
v -1.643633 -12.626640 -4.631711
v -1.645951 -12.724830 -4.720704
v -1.643633 -12.626640 -4.631711
v -1.635009 -12.618300 -4.639197
v -1.634549 -12.730480 -4.714534
v -1.661359 -12.881280 -4.830646
v -1.645951 -12.724830 -4.720704
v -1.642838 -12.736690 -4.704905
v -1.649957 -12.886930 -4.824476
v -1.634549 -12.730480 -4.714534
v -1.669647 -12.887490 -4.821016
v -1.642838 -12.736690 -4.704905
v -1.654240 -12.731040 -4.711074
v -1.661359 -12.881280 -4.830646
v -1.654240 -12.731040 -4.711074
v -1.645951 -12.724830 -4.720704
v -1.660564 -12.991390 -4.903848
v -1.661359 -12.881280 -4.830646
v -1.649957 -12.886930 -4.824476
v -1.668742 -12.996430 -4.893470
v -1.649957 -12.886930 -4.824476
v -1.658245 -12.893140 -4.814846
v -1.669647 -12.887490 -4.821016
v -1.668742 -12.996430 -4.893470
v -1.658245 -12.893140 -4.814846
v -1.661359 -12.881280 -4.830646
v -1.680225 -12.991640 -4.900192
v -1.669647 -12.887490 -4.821016
v -1.665842 -13.056220 -4.928760
v -1.672049 -12.986600 -4.910570
v -1.660564 -12.991390 -4.903848
v -1.673685 -13.056960 -4.917014
v -1.660564 -12.991390 -4.903848
v -1.668742 -12.996430 -4.893470
v -1.680225 -12.991640 -4.900192
v -1.673685 -13.056960 -4.917014
v -1.668742 -12.996430 -4.893470
v -1.672049 -12.986600 -4.910570
v -1.685416 -13.055350 -4.924746
v -1.680225 -12.991640 -4.900192
v -1.665842 -13.056220 -4.928760
v -1.682301 -13.144590 -4.922585
v -1.677574 -13.054620 -4.936492
v -1.673685 -13.056960 -4.917014
v -1.670355 -13.142200 -4.915401
v -1.665842 -13.056220 -4.928760
v -1.689854 -13.139910 -4.911582
v -1.673685 -13.056960 -4.917014
v -1.685416 -13.055350 -4.924746
v -1.682301 -13.144590 -4.922585
v -1.685416 -13.055350 -4.924746
v -1.677574 -13.054620 -4.936492
v -1.672169 -13.218190 -4.863017
v -1.682301 -13.144590 -4.922585
v -1.670355 -13.142200 -4.915401
v -1.679622 -13.209000 -4.855270
v -1.670355 -13.142200 -4.915401
v -1.677908 -13.137520 -4.904398
v -1.689854 -13.139910 -4.911582
v -1.679622 -13.209000 -4.855270
v -1.677908 -13.137520 -4.904398
v -1.682301 -13.144590 -4.922585
v -1.691640 -13.214720 -4.860050
v -1.689854 -13.139910 -4.911582
v -1.569015 -12.852740 -3.883857
v -1.578891 -12.991530 -3.723449
v -1.569730 -12.999980 -3.730125
v -1.579790 -12.859280 -3.890275
v -1.569730 -12.999980 -3.730125
v -1.580503 -13.007230 -3.735732
v -1.589664 -12.998770 -3.729056
v -1.579790 -12.859280 -3.890275
v -1.580503 -13.007230 -3.735732
v -1.578891 -12.991530 -3.723449
v -1.588950 -12.851530 -3.882789
v -1.589664 -12.998770 -3.729056
v -1.567440 -12.611900 -4.127719
v -1.578176 -12.844990 -3.876371
v -1.569015 -12.852740 -3.883857
v -1.578215 -12.618430 -4.134137
v -1.569015 -12.852740 -3.883857
v -1.579790 -12.859280 -3.890275
v -1.588950 -12.851530 -3.882789
v -1.578215 -12.618430 -4.134137
v -1.579790 -12.859280 -3.890275
v -1.578176 -12.844990 -3.876371
v -1.587375 -12.610680 -4.126651
v -1.588950 -12.851530 -3.882789
v -1.566732 -12.464900 -4.281155
v -1.576600 -12.604150 -4.120233
v -1.567440 -12.611900 -4.127719
v -1.577525 -12.472100 -4.286794
v -1.567440 -12.611900 -4.127719
v -1.578215 -12.618430 -4.134137
v -1.587375 -12.610680 -4.126651
v -1.577525 -12.472100 -4.286794
v -1.578215 -12.618430 -4.134137
v -1.576600 -12.604150 -4.120233
v -1.586654 -12.463190 -4.280680
v -1.587375 -12.610680 -4.126651
v -1.562538 -12.431100 -4.344198
v -1.575861 -12.456000 -4.275041
v -1.566732 -12.464900 -4.281155
v -1.573441 -12.439330 -4.347876
v -1.566732 -12.464900 -4.281155
v -1.577525 -12.472100 -4.286794
v -1.586654 -12.463190 -4.280680
v -1.573441 -12.439330 -4.347876
v -1.577525 -12.472100 -4.286794
v -1.575861 -12.456000 -4.275041
v -1.582397 -12.428820 -4.344820
v -1.586654 -12.463190 -4.280680
v -1.562538 -12.431100 -4.344198
v -1.564667 -12.403790 -4.431246
v -1.571494 -12.420590 -4.341142
v -1.566952 -12.423660 -4.431526
v -1.562538 -12.431100 -4.344198
v -1.573441 -12.439330 -4.347876
v -1.575738 -12.412580 -4.431713
v -1.573441 -12.439330 -4.347876
v -1.582397 -12.428820 -4.344820
v -1.571494 -12.420590 -4.341142
v -1.575738 -12.412580 -4.431713
v -1.582397 -12.428820 -4.344820
v -1.555881 -12.414870 -4.431059
v -1.565607 -12.420980 -4.534997
v -1.564667 -12.403790 -4.431246
v -1.567631 -12.439570 -4.527895
v -1.555881 -12.414870 -4.431059
v -1.566952 -12.423660 -4.431526
v -1.576514 -12.428970 -4.530841
v -1.566952 -12.423660 -4.431526
v -1.575738 -12.412580 -4.431713
v -1.564667 -12.403790 -4.431246
v -1.576514 -12.428970 -4.530841
v -1.575738 -12.412580 -4.431713
v -1.556723 -12.431580 -4.532051
v -1.587467 -12.479080 -4.630277
v -1.565607 -12.420980 -4.534997
v -1.567631 -12.439570 -4.527895
v -1.578236 -12.488730 -4.625625
v -1.556723 -12.431580 -4.532051
v -1.597620 -12.485000 -4.622410
v -1.567631 -12.439570 -4.527895
v -1.576514 -12.428970 -4.530841
v -1.587467 -12.479080 -4.630277
v -1.576514 -12.428970 -4.530841
v -1.565607 -12.420980 -4.534997
v -1.611074 -12.566130 -4.703011
v -1.587467 -12.479080 -4.630277
v -1.578236 -12.488730 -4.625625
v -1.588389 -12.494650 -4.617758
v -1.611074 -12.566130 -4.703011
v -1.578236 -12.488730 -4.625625
v -1.597620 -12.485000 -4.622410
v -1.620811 -12.570950 -4.693957
v -1.588389 -12.494650 -4.617758
v -1.620679 -12.557470 -4.708729
v -1.597620 -12.485000 -4.622410
v -1.587467 -12.479080 -4.630277
v -1.630966 -12.633380 -4.759469
v -1.620679 -12.557470 -4.708729
v -1.611074 -12.566130 -4.703011
v -1.620811 -12.570950 -4.693957
v -1.630966 -12.633380 -4.759469
v -1.611074 -12.566130 -4.703011
v -1.630416 -12.562290 -4.699675
v -1.640776 -12.638460 -4.750640
v -1.620811 -12.570950 -4.693957
v -1.640926 -12.626020 -4.766301
v -1.630416 -12.562290 -4.699675
v -1.620679 -12.557470 -4.708729
v -1.630966 -12.633380 -4.759469
v -1.651846 -12.734060 -4.847134
v -1.640926 -12.626020 -4.766301
v -1.651584 -12.745730 -4.830897
v -1.630966 -12.633380 -4.759469
v -1.640776 -12.638460 -4.750640
v -1.661682 -12.739320 -4.838439
v -1.640776 -12.638460 -4.750640
v -1.650736 -12.631110 -4.757472
v -1.640926 -12.626020 -4.766301
v -1.661682 -12.739320 -4.838439
v -1.650736 -12.631110 -4.757472
v -1.656552 -12.892030 -4.943816
v -1.651846 -12.734060 -4.847134
v -1.641748 -12.740470 -4.839591
v -1.666344 -12.896840 -4.934813
v -1.641748 -12.740470 -4.839591
v -1.651584 -12.745730 -4.830897
v -1.661682 -12.739320 -4.838439
v -1.666344 -12.896840 -4.934813
v -1.651584 -12.745730 -4.830897
v -1.651846 -12.734060 -4.847134
v -1.676485 -12.890880 -4.942661
v -1.661682 -12.739320 -4.838439
v -1.665644 -12.990480 -5.001736
v -1.666695 -12.886070 -4.951664
v -1.656552 -12.892030 -4.943816
v -1.675278 -12.993500 -4.991831
v -1.656552 -12.892030 -4.943816
v -1.666344 -12.896840 -4.934813
v -1.676485 -12.890880 -4.942661
v -1.675278 -12.993500 -4.991831
v -1.666344 -12.896840 -4.934813
v -1.666695 -12.886070 -4.951664
v -1.685575 -12.989310 -5.000572
v -1.676485 -12.890880 -4.942661
v -1.670808 -13.062490 -5.016372
v -1.675941 -12.986290 -5.010477
v -1.665644 -12.990480 -5.001736
v -1.680200 -13.062120 -5.005806
v -1.665644 -12.990480 -5.001736
v -1.675278 -12.993500 -4.991831
v -1.685575 -12.989310 -5.000572
v -1.680200 -13.062120 -5.005806
v -1.675278 -12.993500 -4.991831
v -1.675941 -12.986290 -5.010477
v -1.690737 -13.061280 -5.015202
v -1.685575 -12.989310 -5.000572
v -1.676126 -13.164580 -4.999788
v -1.681344 -13.061650 -5.025768
v -1.670808 -13.062490 -5.016372
v -1.685310 -13.160060 -4.990029
v -1.670808 -13.062490 -5.016372
v -1.680200 -13.062120 -5.005806
v -1.690737 -13.061280 -5.015202
v -1.685310 -13.160060 -4.990029
v -1.680200 -13.062120 -5.005806
v -1.681344 -13.061650 -5.025768
v -1.696054 -13.163330 -4.998625
v -1.690737 -13.061280 -5.015202
v -1.676126 -13.164580 -4.999788
v -1.689428 -13.293300 -4.913762
v -1.686871 -13.167850 -5.008384
v -1.685310 -13.160060 -4.990029
v -1.678606 -13.286500 -4.907713
v -1.676126 -13.164580 -4.999788
v -1.698532 -13.285210 -4.906577
v -1.685310 -13.160060 -4.990029
v -1.696054 -13.163330 -4.998625
v -1.689428 -13.293300 -4.913762
v -1.696054 -13.163330 -4.998625
v -1.686871 -13.167850 -5.008384
v -1.509296 -13.803690 -2.970199
v -1.558960 -13.885450 -2.944397
v -1.563166 -13.835930 -3.002743
v -1.555101 -13.765400 -2.932312
v -1.505375 -13.847500 -2.918163
v -1.509296 -13.803690 -2.970199
v -1.604818 -13.846050 -2.907733
v -1.555101 -13.765400 -2.932312
v -1.608970 -13.797630 -2.964856
v -1.558960 -13.885450 -2.944397
v -1.608970 -13.797630 -2.964856
v -1.563166 -13.835930 -3.002743
v -1.505375 -13.847500 -2.918163
v -1.548706 -13.959100 -2.852385
v -1.558960 -13.885450 -2.944397
v -1.551234 -13.808090 -2.881499
v -1.495201 -13.920520 -2.826915
v -1.505375 -13.847500 -2.918163
v -1.594512 -13.920120 -2.815201
v -1.551234 -13.808090 -2.881499
v -1.604818 -13.846050 -2.907733
v -1.548706 -13.959100 -2.852385
v -1.604818 -13.846050 -2.907733
v -1.558960 -13.885450 -2.944397
v -1.495201 -13.920520 -2.826915
v -1.535865 -14.050280 -2.743609
v -1.548706 -13.959100 -2.852385
v -1.541006 -13.881540 -2.789731
v -1.482193 -14.012940 -2.716689
v -1.495201 -13.920520 -2.826915
v -1.581497 -14.012580 -2.704921
v -1.541006 -13.881540 -2.789731
v -1.594512 -13.920120 -2.815201
v -1.535865 -14.050280 -2.743609
v -1.594512 -13.920120 -2.815201
v -1.548706 -13.959100 -2.852385
v -1.482193 -14.012940 -2.716689
v -1.523834 -14.150250 -2.636875
v -1.535865 -14.050280 -2.743609
v -1.527824 -13.975240 -2.678000
v -1.469809 -14.116020 -2.606721
v -1.482193 -14.012940 -2.716689
v -1.569179 -14.115090 -2.595551
v -1.527824 -13.975240 -2.678000
v -1.581497 -14.012580 -2.704921
v -1.523834 -14.150250 -2.636875
v -1.581497 -14.012580 -2.704921
v -1.535865 -14.050280 -2.743609
v -1.469809 -14.116020 -2.606721
v -1.516018 -14.248330 -2.552035
v -1.523834 -14.150250 -2.636875
v -1.515154 -14.080860 -2.565398
v -1.461493 -14.221480 -2.515889
v -1.469809 -14.116020 -2.606721
v -1.560980 -14.218840 -2.506112
v -1.515154 -14.080860 -2.565398
v -1.569179 -14.115090 -2.595551
v -1.516018 -14.248330 -2.552035
v -1.569179 -14.115090 -2.595551
v -1.523834 -14.150250 -2.636875
v -1.461493 -14.221480 -2.515889
v -1.515355 -14.332540 -2.506949
v -1.516018 -14.248330 -2.552035
v -1.506455 -14.192000 -2.469966
v -1.460756 -14.320620 -2.463626
v -1.461493 -14.221480 -2.515889
v -1.560254 -14.315460 -2.455063
v -1.506455 -14.192000 -2.469966
v -1.560980 -14.218840 -2.506112
v -1.515355 -14.332540 -2.506949
v -1.560980 -14.218840 -2.506112
v -1.516018 -14.248330 -2.552035
v -1.466927 -14.433130 -2.451165
v -1.515355 -14.332540 -2.506949
v -1.460756 -14.320620 -2.463626
v -1.512501 -14.431380 -2.397129
v -1.460756 -14.320620 -2.463626
v -1.505655 -14.303540 -2.411740
v -1.560254 -14.315460 -2.455063
v -1.512501 -14.431380 -2.397129
v -1.505655 -14.303540 -2.411740
v -1.515355 -14.332540 -2.506949
v -1.566389 -14.427140 -2.442716
v -1.560254 -14.315460 -2.455063
v -1.474969 -14.549830 -2.468802
v -1.520814 -14.428890 -2.496752
v -1.466927 -14.433130 -2.451165
v -1.521261 -14.558710 -2.416092
v -1.466927 -14.433130 -2.451165
v -1.512501 -14.431380 -2.397129
v -1.566389 -14.427140 -2.442716
v -1.521261 -14.558710 -2.416092
v -1.512501 -14.431380 -2.397129
v -1.520814 -14.428890 -2.496752
v -1.574474 -14.544490 -2.460433
v -1.566389 -14.427140 -2.442716
v -1.484153 -14.667830 -2.506263
v -1.528183 -14.535620 -2.513143
v -1.474969 -14.549830 -2.468802
v -1.530891 -14.682530 -2.455279
v -1.474969 -14.549830 -2.468802
v -1.521261 -14.558710 -2.416092
v -1.574474 -14.544490 -2.460433
v -1.530891 -14.682530 -2.455279
v -1.521261 -14.558710 -2.416092
v -1.528183 -14.535620 -2.513143
v -1.583686 -14.662840 -2.497998
v -1.574474 -14.544490 -2.460433
v -1.493700 -14.783320 -2.553340
v -1.536947 -14.648140 -2.548982
v -1.484153 -14.667830 -2.506263
v -1.540624 -14.800290 -2.503239
v -1.484153 -14.667830 -2.506263
v -1.530891 -14.682530 -2.455279
v -1.583686 -14.662840 -2.497998
v -1.540624 -14.800290 -2.503239
v -1.530891 -14.682530 -2.455279
v -1.536947 -14.648140 -2.548982
v -1.593244 -14.778460 -2.545129
v -1.583686 -14.662840 -2.497998
v -1.502830 -14.892510 -2.599804
v -1.546320 -14.761490 -2.595231
v -1.493700 -14.783320 -2.553340
v -1.549672 -14.908470 -2.549296
v -1.493700 -14.783320 -2.553340
v -1.540624 -14.800290 -2.503239
v -1.593244 -14.778460 -2.545129
v -1.549672 -14.908470 -2.549296
v -1.540624 -14.800290 -2.503239
v -1.546320 -14.761490 -2.595231
v -1.602369 -14.887590 -2.591568
v -1.593244 -14.778460 -2.545129
v -1.502830 -14.892510 -2.599804
v -1.563557 -14.971770 -2.678062
v -1.555529 -14.871620 -2.642076
v -1.549672 -14.908470 -2.549296
v -1.510828 -14.992290 -2.635657
v -1.502830 -14.892510 -2.599804
v -1.610224 -14.985780 -2.626820
v -1.549672 -14.908470 -2.549296
v -1.602369 -14.887590 -2.591568
v -1.563557 -14.971770 -2.678062
v -1.602369 -14.887590 -2.591568
v -1.555529 -14.871620 -2.642076
v -1.510828 -14.992290 -2.635657
v -1.579872 -15.112980 -2.729735
v -1.563557 -14.971770 -2.678062
v -1.557494 -15.006310 -2.584415
v -1.527418 -15.135940 -2.688242
v -1.510828 -14.992290 -2.635657
v -1.626526 -15.126890 -2.678454
v -1.557494 -15.006310 -2.584415
v -1.610224 -14.985780 -2.626820
v -1.579872 -15.112980 -2.729735
v -1.610224 -14.985780 -2.626820
v -1.563557 -14.971770 -2.678062
v -1.559495 -15.358530 -2.780171
v -1.579872 -15.112980 -2.729735
v -1.527418 -15.135940 -2.688242
v -1.606201 -15.372810 -2.729038
v -1.527418 -15.135940 -2.688242
v -1.574073 -15.149850 -2.636961
v -1.626526 -15.126890 -2.678454
v -1.606201 -15.372810 -2.729038
v -1.574073 -15.149850 -2.636961
v -1.579872 -15.112980 -2.729735
v -1.658390 -15.347970 -2.769771
v -1.626526 -15.126890 -2.678454
v -1.602204 -15.630300 -2.894513
v -1.611685 -15.333690 -2.820904
v -1.559495 -15.358530 -2.780171
v -1.648837 -15.644110 -2.843184
v -1.559495 -15.358530 -2.780171
v -1.606201 -15.372810 -2.729038
v -1.658390 -15.347970 -2.769771
v -1.648837 -15.644110 -2.843184
v -1.606201 -15.372810 -2.729038
v -1.611685 -15.333690 -2.820904
v -1.700953 -15.618800 -2.883723
v -1.658390 -15.347970 -2.769771
v -1.650728 -15.921560 -3.014386
v -1.654321 -15.604990 -2.935052
v -1.602204 -15.630300 -2.894513
v -1.697174 -15.934250 -2.962600
v -1.602204 -15.630300 -2.894513
v -1.648837 -15.644110 -2.843184
v -1.700953 -15.618800 -2.883723
v -1.697174 -15.934250 -2.962600
v -1.648837 -15.644110 -2.843184
v -1.654321 -15.604990 -2.935052
v -1.749319 -15.909120 -3.003209
v -1.700953 -15.618800 -2.883723
v -1.700243 -16.202520 -3.122865
v -1.702873 -15.896430 -3.054995
v -1.650728 -15.921560 -3.014386
v -1.746296 -16.213000 -3.070240
v -1.650728 -15.921560 -3.014386
v -1.697174 -15.934250 -2.962600
v -1.749319 -15.909120 -3.003209
v -1.746296 -16.213000 -3.070240
v -1.697174 -15.934250 -2.962600
v -1.702873 -15.896430 -3.054995
v -1.798593 -16.188720 -3.111175
v -1.749319 -15.909120 -3.003209
v -1.700243 -16.202520 -3.122865
v -1.798196 -16.418890 -3.243872
v -1.752541 -16.178250 -3.163800
v -1.746296 -16.213000 -3.070240
v -1.745977 -16.443570 -3.203077
v -1.700243 -16.202520 -3.122865
v -1.843834 -16.427250 -3.190511
v -1.746296 -16.213000 -3.070240
v -1.798593 -16.188720 -3.111175
v -1.798196 -16.418890 -3.243872
v -1.798593 -16.188720 -3.111175
v -1.752541 -16.178250 -3.163800
v -1.745977 -16.443570 -3.203077
v -1.849520 -16.641630 -3.319529
v -1.798196 -16.418890 -3.243872
v -1.791615 -16.451930 -3.149717
v -1.798012 -16.669400 -3.279831
v -1.745977 -16.443570 -3.203077
v -1.895190 -16.650130 -3.266219
v -1.791615 -16.451930 -3.149717
v -1.843834 -16.427250 -3.190511
v -1.849520 -16.641630 -3.319529
v -1.843834 -16.427250 -3.190511
v -1.798196 -16.418890 -3.243872
v -1.864588 -16.914580 -3.380296
v -1.849520 -16.641630 -3.319529
v -1.798012 -16.669400 -3.279831
v -1.910539 -16.924130 -3.327407
v -1.798012 -16.669400 -3.279831
v -1.843683 -16.677900 -3.226522
v -1.895190 -16.650130 -3.266219
v -1.910539 -16.924130 -3.327407
v -1.843683 -16.677900 -3.226522
v -1.849520 -16.641630 -3.319529
v -1.961245 -16.893360 -3.365902
v -1.895190 -16.650130 -3.266219
v -1.938260 -17.164490 -3.491176
v -1.915293 -16.883800 -3.418791
v -1.864588 -16.914580 -3.380296
v -1.984276 -17.174270 -3.438384
v -1.864588 -16.914580 -3.380296
v -1.910539 -16.924130 -3.327407
v -1.961245 -16.893360 -3.365902
v -1.984276 -17.174270 -3.438384
v -1.910539 -16.924130 -3.327407
v -1.915293 -16.883800 -3.418791
v -2.034608 -17.142210 -3.476318
v -1.961245 -16.893360 -3.365902
v -2.011636 -17.404640 -3.599232
v -1.988592 -17.132440 -3.529110
v -1.938260 -17.164490 -3.491176
v -2.057491 -17.413890 -3.546205
v -1.938260 -17.164490 -3.491176
v -1.984276 -17.174270 -3.438384
v -2.034608 -17.142210 -3.476318
v -2.057491 -17.413890 -3.546205
v -1.984276 -17.174270 -3.438384
v -1.988592 -17.132440 -3.529110
v -2.107843 -17.381900 -3.584171
v -2.034608 -17.142210 -3.476318
v -2.077286 -17.620340 -3.691186
v -2.061988 -17.372650 -3.637197
v -2.011636 -17.404640 -3.599232
v -2.122638 -17.627900 -3.637465
v -2.011636 -17.404640 -3.599232
v -2.057491 -17.413890 -3.546205
v -2.107843 -17.381900 -3.584171
v -2.122638 -17.627900 -3.637465
v -2.057491 -17.413890 -3.546205
v -2.061988 -17.372650 -3.637197
v -2.173548 -17.597770 -3.676200
v -2.107843 -17.381900 -3.584171
v -2.127771 -17.796800 -3.753770
v -2.128196 -17.590210 -3.729921
v -2.077286 -17.620340 -3.691186
v -2.172104 -17.800730 -3.698824
v -2.077286 -17.620340 -3.691186
v -2.122638 -17.627900 -3.637465
v -2.173548 -17.597770 -3.676200
v -2.172104 -17.800730 -3.698824
v -2.122638 -17.627900 -3.637465
v -2.128196 -17.590210 -3.729921
v -2.224329 -17.775290 -3.739140
v -2.173548 -17.597770 -3.676200
v -1.697644 -11.781330 -5.985942
v -1.513393 -11.872240 -4.342130
v -1.697644 -12.301120 -5.770638
v -1.697644 -12.301120 -5.770638
v -2.722721 -11.872240 -4.342130
v -2.722721 -12.258140 -5.732750
v -1.697644 -11.781330 -5.985942
v -2.722721 -11.027900 -4.691869
v -1.513393 -11.027900 -4.691869
v -2.014231 -12.461450 -7.627880
v -2.722721 -11.738350 -5.948054
v -1.697644 -11.781330 -5.985942
v -2.014231 -12.981240 -7.412576
v -2.722721 -12.258140 -5.732750
v -2.722721 -12.938250 -7.374688
v -2.014231 -12.461450 -7.627880
v -1.697644 -12.301120 -5.770638
v -2.014231 -12.981240 -7.412576
v -1.697644 -15.629760 -2.174153
v -1.513393 -13.948200 -2.263481
v -1.513393 -14.297940 -1.419138
v -1.697644 -15.629760 -2.174153
v -2.722721 -14.297940 -1.419138
v -2.722721 -15.629760 -2.174153
v -1.697644 -15.414450 -2.693943
v -2.722721 -13.948200 -2.263481
v -1.513393 -13.948200 -2.263481
v -2.014231 -17.174060 -3.422798
v -2.722721 -15.414450 -2.693943
v -1.697644 -15.414450 -2.693943
v -2.014231 -17.389370 -2.903007
v -2.722721 -15.629760 -2.174153
v -2.722721 -17.389370 -2.903007
v -2.014231 -17.389370 -2.903007
v -1.697644 -15.414450 -2.693943
v -1.697644 -15.629760 -2.174153
v -2.294535 -13.287150 -8.217000
v -2.014231 -12.461450 -7.627880
v -2.014231 -12.981240 -7.412576
v -2.294535 -13.287150 -8.217000
v -2.722721 -12.938250 -7.374688
v -2.722721 -13.287150 -8.217000
v -2.294535 -12.767360 -8.432304
v -2.722721 -12.418460 -7.589992
v -2.014231 -12.461450 -7.627880
v -2.294535 -18.066720 -3.183575
v -2.014231 -17.174060 -3.422798
v -2.014231 -17.389370 -2.903007
v -2.294535 -18.066720 -3.183575
v -2.722721 -17.389370 -2.903007
v -2.722721 -18.066720 -3.183575
v -2.294535 -17.851410 -3.703365
v -2.722721 -17.174060 -3.422798
v -2.014231 -17.174060 -3.422798
v -1.578733 -14.402820 -4.463724
v -1.457935 -14.085320 -3.847522
v -1.510653 -14.574600 -4.275897
v -1.742959 -14.323390 -4.534234
v -1.526016 -13.913540 -4.035348
v -1.578733 -14.402820 -4.463724
v -1.525880 -14.248830 -3.652403
v -1.742766 -14.797570 -3.992667
v -1.578598 -14.738110 -4.080779
v -1.457935 -14.085320 -3.847522
v -1.578598 -14.738110 -4.080779
v -1.510653 -14.574600 -4.275897
v -1.510653 -14.574600 -4.275897
v -1.599472 -14.764570 -4.120548
v -1.534865 -14.609090 -4.306084
v -1.534865 -14.609090 -4.306084
v -1.642172 -14.756990 -4.154002
v -1.585619 -14.620900 -4.316405
v -1.578598 -14.738110 -4.080779
v -1.746622 -14.817860 -4.041571
v -1.599472 -14.764570 -4.120548
v -1.599472 -14.764570 -4.120548
v -1.748232 -14.795400 -4.097078
v -1.642172 -14.756990 -4.154002
v -1.578733 -14.402820 -4.463724
v -1.746801 -14.374550 -4.547886
v -1.742959 -14.323390 -4.534234
v -1.599602 -14.445740 -4.484687
v -1.748381 -14.426600 -4.518290
v -1.746801 -14.374550 -4.547886
v -1.510653 -14.574600 -4.275897
v -1.599602 -14.445740 -4.484687
v -1.578733 -14.402820 -4.463724
v -1.534865 -14.609090 -4.306084
v -1.642284 -14.477920 -4.472738
v -1.599602 -14.445740 -4.484687
v -1.748381 -14.426600 -4.518290
v -1.585619 -14.620900 -4.316405
v -1.748232 -14.795400 -4.097078
v -0.322417 -0.322419 -2.428221
v -0.455966 -0.000001 -2.428221
v -0.322417 0.322415 -2.428221
v 0.322417 -0.322419 -1.447058
v 0.000000 -0.820428 -1.457729
v 0.580131 -0.580131 -1.457729
v 0.455966 -0.000001 -1.684731
v 0.580131 -0.580131 -1.674060
v 0.322417 -0.322419 -1.684731
v -0.322417 -0.322419 -1.447058
v 0.000000 -0.820428 -1.457729
v 0.000000 -0.455966 -1.447058
v 0.322417 0.322415 -1.684731
v 0.820430 -0.000001 -1.674060
v 0.455966 -0.000001 -1.684731
v -0.455966 -0.000001 -1.447058
v -0.580130 -0.580131 -1.457729
v -0.322417 -0.322419 -1.447058
v 0.000000 0.455968 -1.684731
v 0.580131 0.580131 -1.674060
v 0.322417 0.322415 -1.684731
v -0.322417 0.322415 -1.447058
v -0.820429 -0.000001 -1.457729
v -0.455966 -0.000001 -1.447058
v 0.000000 0.455968 -1.684731
v -0.580130 0.580131 -1.674060
v 0.000000 0.820428 -1.674060
v 0.000000 0.455968 -1.684731
v 0.322417 0.322415 -2.190804
v 0.000000 0.455968 -2.190804
v 0.322417 0.322415 -1.684731
v 0.455966 -0.000001 -2.190804
v 0.322417 0.322415 -2.190804
v 0.455966 -0.000001 -1.684731
v 0.322417 -0.322419 -2.190804
v 0.455966 -0.000001 -2.190804
v 0.322417 -0.322419 -1.684731
v 0.000000 -0.455966 -2.190804
v 0.322417 -0.322419 -2.190804
v 0.000000 -0.455966 -1.684731
v -0.322417 -0.322419 -2.190804
v 0.000000 -0.455966 -2.190804
v -0.322417 -0.322419 -1.684731
v -0.455966 -0.000001 -2.190804
v -0.322417 -0.322419 -2.190804
v -0.455966 -0.000001 -1.684731
v -0.322417 0.322415 -2.190804
v -0.455966 -0.000001 -2.190804
v -0.322417 0.322415 -2.190804
v 0.000000 0.455968 -1.684731
v 0.000000 0.455968 -2.190804
v -0.580130 0.580131 -1.674060
v 0.000000 0.820428 -1.457729
v 0.000000 0.820428 -1.674060
v -0.820429 -0.000001 -1.457729
v -0.580130 0.580131 -1.674060
v -0.820429 -0.000001 -1.674060
v -0.580130 -0.580131 -1.457729
v -0.820429 -0.000001 -1.674060
v -0.580130 -0.580131 -1.674060
v 0.000000 -0.820428 -1.457729
v -0.580130 -0.580131 -1.674060
v 0.000000 -0.820428 -1.674060
v 0.580131 -0.580131 -1.457729
v 0.000000 -0.820428 -1.674060
v 0.580131 -0.580131 -1.674060
v 0.820430 -0.000001 -1.457729
v 0.580131 -0.580131 -1.674060
v 0.820430 -0.000001 -1.674060
v 0.580131 0.580131 -1.457729
v 0.820430 -0.000001 -1.674060
v 0.580131 0.580131 -1.674060
v 0.000000 0.820428 -1.457729
v 0.580131 0.580131 -1.674060
v 0.000000 0.820428 -1.674060
v 0.322417 -0.322419 -1.684731
v 0.000000 -0.820428 -1.674060
v 0.000000 -0.455966 -1.684731
v 0.455966 -0.000001 -1.447058
v 0.580131 -0.580131 -1.457729
v 0.820430 -0.000001 -1.457729
v -0.322417 -0.322419 -1.684731
v 0.000000 -0.820428 -1.674060
v -0.580130 -0.580131 -1.674060
v 0.322417 0.322415 -1.447058
v 0.820430 -0.000001 -1.457729
v 0.580131 0.580131 -1.457729
v -0.455966 -0.000001 -1.684731
v -0.580130 -0.580131 -1.674060
v -0.820429 -0.000001 -1.674060
v 0.000000 0.455968 -1.447058
v 0.580131 0.580131 -1.457729
v 0.000000 0.820428 -1.457729
v -0.322417 0.322415 -1.684731
v -0.820429 -0.000001 -1.674060
v -0.580130 0.580131 -1.674060
v 0.000000 0.455968 -1.447058
v -0.580130 0.580131 -1.457729
v -0.322417 0.322415 -1.447058
v -0.322417 -0.322419 -2.297493
v -0.559466 -0.000001 -2.302925
v -0.455966 -0.000001 -2.297493
v 0.322417 0.322415 -2.190804
v 0.559466 -0.000001 -2.185371
v 0.395603 0.395602 -2.185371
v -0.322417 -0.322419 -2.297493
v 0.000000 -0.559466 -2.302925
v -0.395602 -0.395606 -2.302925
v 0.322417 -0.322419 -2.190804
v 0.559466 -0.000001 -2.185371
v 0.455966 -0.000001 -2.190804
v 0.322417 -0.322419 -2.297493
v 0.000000 -0.559466 -2.302925
v 0.000000 -0.455966 -2.297493
v 0.322417 -0.322419 -2.190804
v 0.000000 -0.559466 -2.185371
v 0.395602 -0.395606 -2.185371
v 0.322417 -0.322419 -2.297493
v 0.559466 -0.000001 -2.302925
v 0.395602 -0.395606 -2.302925
v -0.322417 -0.322419 -2.190804
v 0.000000 -0.559466 -2.185371
v 0.000000 -0.455966 -2.190804
v 0.000000 0.455968 -2.297493
v 0.322417 0.322415 -2.428221
v 0.000000 0.455968 -2.428221
v 0.322417 0.322415 -2.297493
v 0.455966 -0.000001 -2.428221
v 0.322417 0.322415 -2.428221
v 0.455966 -0.000001 -2.297493
v 0.322417 -0.322419 -2.428221
v 0.455966 -0.000001 -2.428221
v 0.322417 -0.322419 -2.297493
v 0.000000 -0.455966 -2.428221
v 0.322417 -0.322419 -2.428221
v 0.000000 -0.455966 -2.297493
v -0.322417 -0.322419 -2.428221
v 0.000000 -0.455966 -2.428221
v -0.322417 -0.322419 -2.297493
v -0.455966 -0.000001 -2.428221
v -0.322417 -0.322419 -2.428221
v -0.455966 -0.000001 -2.297493
v -0.322417 0.322415 -2.428221
v -0.455966 -0.000001 -2.428221
v -0.322417 0.322415 -2.297493
v 0.000000 0.455968 -2.428221
v -0.322417 0.322415 -2.428221
v -0.395603 0.395602 -2.185371
v 0.000000 0.559468 -2.302925
v -0.395603 0.395602 -2.302925
v -0.559466 -0.000001 -2.185371
v -0.395603 0.395602 -2.302925
v -0.559466 -0.000001 -2.302925
v -0.395602 -0.395606 -2.185371
v -0.559466 -0.000001 -2.302925
v -0.395602 -0.395606 -2.302925
v 0.000000 -0.559466 -2.185371
v -0.395602 -0.395606 -2.302925
v 0.000000 -0.559466 -2.302925
v 0.395602 -0.395606 -2.185371
v 0.000000 -0.559466 -2.302925
v 0.395602 -0.395606 -2.302925
v 0.559466 -0.000001 -2.185371
v 0.395602 -0.395606 -2.302925
v 0.559466 -0.000001 -2.302925
v 0.395603 0.395602 -2.185371
v 0.559466 -0.000001 -2.302925
v 0.395603 0.395602 -2.302925
v 0.000000 0.559468 -2.185371
v 0.395603 0.395602 -2.302925
v 0.000000 0.559468 -2.302925
v 0.000000 0.455968 -2.190804
v 0.395603 0.395602 -2.185371
v 0.000000 0.559468 -2.185371
v -0.322417 0.322415 -2.297493
v -0.559466 -0.000001 -2.302925
v -0.395603 0.395602 -2.302925
v 0.000000 0.455968 -2.190804
v -0.395603 0.395602 -2.185371
v -0.322417 0.322415 -2.190804
v 0.000000 0.455968 -2.297493
v -0.395603 0.395602 -2.302925
v 0.000000 0.559468 -2.302925
v -0.322417 0.322415 -2.190804
v -0.559466 -0.000001 -2.185371
v -0.455966 -0.000001 -2.190804
v 0.000000 0.455968 -2.297493
v 0.395603 0.395602 -2.302925
v 0.322417 0.322415 -2.297493
v -0.322417 -0.322419 -2.190804
v -0.559466 -0.000001 -2.185371
v -0.395602 -0.395606 -2.185371
v 0.322417 0.322415 -2.297493
v 0.559466 -0.000001 -2.302925
v 0.455966 -0.000001 -2.297493
v -0.455966 -0.000001 1.447057
v -0.322417 -0.322419 -1.447058
v -0.322417 -0.322419 1.447057
v -0.322417 -0.322419 1.447057
v 0.000000 -0.455966 -1.447058
v 0.000000 -0.455966 1.447057
v 0.000000 -0.455966 1.447057
v 0.322417 -0.322419 -1.447058
v 0.322417 -0.322419 1.447057
v 0.322417 -0.322419 1.447057
v 0.455966 -0.000001 -1.447058
v 0.455966 -0.000001 1.447057
v 0.455966 -0.000001 1.447057
v 0.322417 0.322415 -1.447058
v 0.322417 0.322415 1.447057
v 0.322417 0.322415 1.447057
v 0.000000 0.455968 -1.447058
v 0.000000 0.455968 1.447058
v 0.000000 0.455968 1.447058
v -0.322417 0.322415 -1.447058
v -0.322417 0.322415 1.447057
v -2.021443 -0.000001 2.227505
v -0.659752 0.926532 2.227505
v -2.021443 1.531711 2.227505
v -2.526360 -1.531713 1.684731
v -2.011642 -1.531713 2.227505
v -2.526360 -1.531713 2.227505
v -2.021443 -0.000001 1.684731
v -0.659752 -0.926534 1.684731
v -2.011642 -1.531713 1.684731
v -0.659752 -0.926534 1.684731
v -2.011642 -1.531713 2.227505
v -2.011642 -1.531713 1.684731
v -0.659752 0.926532 2.227505
v -2.021443 1.531711 1.684731
v -2.021443 1.531711 2.227505
v -0.101798 0.823121 2.227505
v -0.659752 0.926532 1.684731
v -0.659752 0.926532 2.227505
v 0.627625 -0.355504 1.447058
v 0.627625 0.355502 1.447058
v -0.659752 -0.000001 1.447058
v -0.101798 -0.823125 1.684731
v -0.659752 -0.926534 2.227505
v -0.659752 -0.926534 1.684731
v 0.749577 -0.000001 1.684731
v 0.627625 -0.355504 2.227505
v 0.627625 -0.355504 1.684731
v 0.627625 0.355502 1.684731
v 0.627625 -0.355504 1.684731
v -0.659752 -0.000001 1.684731
v 0.749577 -0.000001 2.227505
v 0.627625 0.355502 1.684731
v 0.627625 0.355502 2.227505
v -0.101798 -0.823125 1.684731
v 0.354938 -0.641574 2.227505
v -0.101798 -0.823125 2.227505
v -0.101798 0.823121 2.227505
v 0.354938 0.641570 1.684731
v -0.101798 0.823121 1.684731
v -2.021443 -0.000001 1.447058
v -0.659752 0.926532 1.447058
v -2.021443 1.193967 1.447058
v -2.526360 -1.193969 0.904284
v -2.011642 -1.193969 1.447058
v -2.526360 -1.193969 1.447058
v -2.021443 -0.000001 0.904284
v -0.659752 -0.926534 0.904284
v -2.011642 -1.193969 0.904284
v -0.659752 -0.926534 0.904284
v -2.011642 -1.193969 1.447058
v -2.011642 -1.193969 0.904284
v -0.659752 0.926532 1.447058
v -2.021443 1.193967 0.904284
v -2.021443 1.193967 1.447058
v -0.101798 0.823121 1.447058
v -0.659752 0.926532 0.904284
v -0.659752 0.926532 1.447058
v -0.101798 -0.823125 0.904284
v -0.659752 -0.926534 1.447058
v -0.659752 -0.926534 0.904284
v 0.749577 -0.000001 0.904284
v 0.627625 -0.355504 1.447058
v 0.627625 -0.355504 0.904284
v 0.627625 0.355502 0.904284
v 0.627625 -0.355504 0.904284
v -0.659752 -0.000001 0.904284
v 0.749577 -0.000001 1.447058
v 0.627625 0.355502 0.904284
v 0.627625 0.355502 1.447058
v -0.101798 -0.823125 0.904284
v 0.354938 -0.641574 1.447058
v -0.101798 -0.823125 1.447058
v -0.101798 0.823121 1.447058
v 0.354938 0.641570 0.904284
v -0.101798 0.823121 0.904284
v 0.322417 -0.322419 2.428221
v 0.455966 -0.000001 2.428221
v 0.322417 0.322415 2.428221
v 0.322417 -0.322419 1.447057
v 0.000000 -0.820428 1.457729
v 0.000000 -0.455966 1.447057
v 0.580131 -0.580131 1.674059
v 0.455966 -0.000001 1.684731
v 0.322417 -0.322419 1.684731
v 0.000000 -0.820428 1.457729
v -0.322417 -0.322419 1.447057
v 0.000000 -0.455966 1.447057
v 0.820430 -0.000001 1.674059
v 0.322417 0.322415 1.684731
v 0.455966 -0.000001 1.684731
v -0.580130 -0.580131 1.457729
v -0.455966 -0.000001 1.447057
v -0.322417 -0.322419 1.447057
v 0.580131 0.580131 1.674059
v 0.000000 0.455968 1.684731
v 0.322417 0.322415 1.684731
v -0.820429 -0.000001 1.457729
v -0.322417 0.322415 1.447057
v -0.455966 -0.000001 1.447057
v 0.000000 0.455968 1.684731
v -0.580130 0.580131 1.674059
v -0.322417 0.322415 1.684731
v 0.322417 0.322415 2.190804
v 0.000000 0.455968 1.684731
v 0.000000 0.455968 2.190804
v 0.455966 -0.000001 2.190804
v 0.322417 0.322415 1.684731
v 0.322417 0.322415 2.190804
v 0.322417 -0.322419 2.190804
v 0.455966 -0.000001 1.684731
v 0.455966 -0.000001 2.190804
v 0.000000 -0.455966 2.190804
v 0.322417 -0.322419 1.684731
v 0.322417 -0.322419 2.190804
v -0.322417 -0.322419 2.190804
v 0.000000 -0.455966 1.684731
v 0.000000 -0.455966 2.190804
v -0.455966 -0.000001 2.190804
v -0.322417 -0.322419 1.684731
v -0.322417 -0.322419 2.190804
v -0.322417 0.322415 2.190804
v -0.455966 -0.000001 1.684731
v -0.455966 -0.000001 2.190804
v -0.322417 0.322415 2.190804
v 0.000000 0.455968 1.684731
v -0.322417 0.322415 1.684731
v -0.580130 0.580131 1.674059
v 0.000000 0.820428 1.457729
v -0.580130 0.580131 1.457729
v -0.580130 0.580131 1.674059
v -0.820429 -0.000001 1.457729
v -0.820429 -0.000001 1.674059
v -0.820429 -0.000001 1.674059
v -0.580130 -0.580131 1.457729
v -0.580130 -0.580131 1.674059
v -0.580130 -0.580131 1.674059
v 0.000000 -0.820428 1.457729
v 0.000000 -0.820428 1.674059
v 0.000000 -0.820428 1.674059
v 0.580131 -0.580131 1.457729
v 0.580131 -0.580131 1.674059
v 0.580131 -0.580131 1.674059
v 0.820430 -0.000001 1.457729
v 0.820430 -0.000001 1.674059
v 0.820430 -0.000001 1.674059
v 0.580131 0.580131 1.457729
v 0.580131 0.580131 1.674059
v 0.580131 0.580131 1.674059
v 0.000000 0.820428 1.457729
v 0.000000 0.820428 1.674059
v 0.000000 -0.820428 1.674059
v 0.322417 -0.322419 1.684731
v 0.000000 -0.455966 1.684731
v 0.455966 -0.000001 1.447057
v 0.580131 -0.580131 1.457729
v 0.322417 -0.322419 1.447057
v -0.322417 -0.322419 1.684731
v 0.000000 -0.820428 1.674059
v 0.000000 -0.455966 1.684731
v 0.322417 0.322415 1.447057
v 0.820430 -0.000001 1.457729
v 0.455966 -0.000001 1.447057
v -0.455966 -0.000001 1.684731
v -0.580130 -0.580131 1.674059
v -0.322417 -0.322419 1.684731
v 0.000000 0.455968 1.447058
v 0.580131 0.580131 1.457729
v 0.322417 0.322415 1.447057
v -0.322417 0.322415 1.684731
v -0.820429 -0.000001 1.674059
v -0.455966 -0.000001 1.684731
v -0.580130 0.580131 1.457729
v 0.000000 0.455968 1.447058
v -0.322417 0.322415 1.447057
v -0.559466 -0.000001 2.302925
v -0.322417 -0.322419 2.297493
v -0.455966 -0.000001 2.297493
v 0.322417 0.322415 2.190804
v 0.559466 -0.000001 2.185371
v 0.455966 -0.000001 2.190804
v -0.322417 -0.322419 2.297493
v 0.000000 -0.559466 2.302925
v 0.000000 -0.455966 2.297493
v 0.559466 -0.000001 2.185371
v 0.322417 -0.322419 2.190804
v 0.455966 -0.000001 2.190804
v 0.000000 -0.559466 2.302925
v 0.322417 -0.322419 2.297493
v 0.000000 -0.455966 2.297493
v 0.322417 -0.322419 2.190804
v 0.000000 -0.559466 2.185371
v 0.000000 -0.455966 2.190804
v 0.322417 -0.322419 2.297493
v 0.559466 -0.000001 2.302925
v 0.455966 -0.000001 2.297493
v 0.000000 -0.559466 2.185371
v -0.322417 -0.322419 2.190804
v 0.000000 -0.455966 2.190804
v 0.322417 0.322415 2.428221
v 0.000000 0.455968 2.297493
v 0.000000 0.455968 2.428221
v 0.455966 -0.000001 2.428221
v 0.322417 0.322415 2.297493
v 0.322417 0.322415 2.428221
v 0.322417 -0.322419 2.428221
v 0.455966 -0.000001 2.297493
v 0.455966 -0.000001 2.428221
v 0.000000 -0.455966 2.428221
v 0.322417 -0.322419 2.297493
v 0.322417 -0.322419 2.428221
v -0.322417 -0.322419 2.428221
v 0.000000 -0.455966 2.297493
v 0.000000 -0.455966 2.428221
v -0.455966 -0.000001 2.428221
v -0.322417 -0.322419 2.297493
v -0.322417 -0.322419 2.428221
v -0.322417 0.322415 2.428221
v -0.455966 -0.000001 2.297493
v -0.455966 -0.000001 2.428221
v 0.000000 0.455968 2.428221
v -0.322417 0.322415 2.297493
v -0.322417 0.322415 2.428221
v 0.000000 0.559468 2.302925
v -0.395603 0.395602 2.185371
v -0.395603 0.395602 2.302925
v -0.395603 0.395602 2.302925
v -0.559466 -0.000001 2.185371
v -0.559466 -0.000001 2.302925
v -0.559466 -0.000001 2.302925
v -0.395602 -0.395606 2.185371
v -0.395602 -0.395606 2.302925
v -0.395602 -0.395606 2.302925
v 0.000000 -0.559466 2.185371
v 0.000000 -0.559466 2.302925
v 0.000000 -0.559466 2.302925
v 0.395602 -0.395606 2.185371
v 0.395602 -0.395606 2.302925
v 0.395602 -0.395606 2.302925
v 0.559466 -0.000001 2.185371
v 0.559466 -0.000001 2.302925
v 0.559466 -0.000001 2.302925
v 0.395603 0.395602 2.185371
v 0.395603 0.395602 2.302925
v 0.395603 0.395602 2.302925
v 0.000000 0.559468 2.185371
v 0.000000 0.559468 2.302925
v 0.000000 0.455968 2.190804
v 0.395603 0.395602 2.185371
v 0.322417 0.322415 2.190804
v -0.322417 0.322415 2.297493
v -0.559466 -0.000001 2.302925
v -0.455966 -0.000001 2.297493
v -0.395603 0.395602 2.185371
v 0.000000 0.455968 2.190804
v -0.322417 0.322415 2.190804
v 0.000000 0.455968 2.297493
v -0.395603 0.395602 2.302925
v -0.322417 0.322415 2.297493
v -0.559466 -0.000001 2.185371
v -0.322417 0.322415 2.190804
v -0.455966 -0.000001 2.190804
v 0.395603 0.395602 2.302925
v 0.000000 0.455968 2.297493
v 0.322417 0.322415 2.297493
v -0.322417 -0.322419 2.190804
v -0.559466 -0.000001 2.185371
v -0.455966 -0.000001 2.190804
v 0.559466 -0.000001 2.302925
v 0.322417 0.322415 2.297493
v 0.455966 -0.000001 2.297493
v 0.627625 -0.355504 2.227505
v 0.354939 -0.641574 1.684731
v 0.627625 -0.355504 1.684731
v 0.627625 0.355502 1.684731
v 0.354939 0.641570 2.227505
v 0.627625 0.355502 2.227505
v 0.627625 -0.355504 1.447058
v 0.354939 -0.641574 0.904284
v 0.627625 -0.355504 0.904284
v 0.627625 0.355502 0.904284
v 0.354939 0.641570 1.447058
v 0.627625 0.355502 1.447058
v 0.627625 -0.355504 2.227505
v 0.627625 0.355502 2.227505
v -0.659752 -0.000001 2.227505
v -0.659752 0.926532 1.684731
v -2.021443 -0.000001 1.684731
v -2.021443 1.531711 1.684731
v -2.526360 -1.531713 1.684731
v -2.021443 -0.000001 1.684731
v -2.011642 -1.531713 1.684731
v -0.659752 -0.926534 2.227505
v -2.021443 -0.000001 2.227505
v -2.011642 -1.531713 2.227505
v -2.526360 -1.531713 2.227505
v -2.021443 -0.000001 2.227505
v -2.536161 -0.000001 2.227505
v -2.526360 -1.531713 2.227505
v -2.536161 -0.000001 1.684731
v -2.526360 -1.531713 1.684731
v -0.659752 0.926532 0.904284
v -2.021443 -0.000001 0.904284
v -2.021443 1.193967 0.904284
v -2.526360 -1.193969 0.904284
v -2.021443 -0.000001 0.904284
v -2.011642 -1.193969 0.904284
v -0.659752 -0.926534 1.447058
v -2.021443 -0.000001 1.447058
v -2.011642 -1.193969 1.447058
v -2.526360 -1.193969 1.447058
v -2.021443 -0.000001 1.447058
v -2.536161 -0.000001 1.447058
v -2.526360 -1.193969 1.447058
v -2.536161 -0.000001 0.904284
v -2.526360 -1.193969 0.904284
v -2.021443 -0.000001 0.904284
v -2.536161 -0.000001 1.447058
v -2.021443 -0.000001 1.447058
v -2.021443 -0.000001 1.684731
v -2.536161 -0.000001 2.227505
v -2.021443 -0.000001 2.227505
v -2.021443 1.531711 1.684731
v -2.021443 -0.000001 2.227505
v -2.021443 1.531711 2.227505
v -2.021443 1.193967 0.904284
v -2.021443 -0.000001 1.447058
v -2.021443 1.193967 1.447058
v -2.021443 -0.000001 -2.227505
v -0.659752 0.926532 -2.227505
v -0.659752 -0.000001 -2.227505
v -2.011642 -1.531713 -2.227505
v -2.526360 -1.531713 -1.684731
v -2.526360 -1.531713 -2.227505
v -2.021443 -0.000001 -1.684731
v -0.659752 -0.926534 -1.684731
v -0.659752 -0.000001 -1.684731
v -2.011642 -1.531713 -2.227505
v -0.659752 -0.926534 -1.684731
v -2.011642 -1.531713 -1.684731
v -2.021443 1.531711 -1.684731
v -0.659752 0.926532 -2.227505
v -2.021443 1.531711 -2.227505
v -0.659752 0.926532 -1.684731
v -0.101798 0.823121 -2.227505
v -0.659752 0.926532 -2.227505
v 0.627625 -0.355504 -1.447058
v -0.659752 -0.000001 -1.447058
v 0.627625 0.355502 -1.447058
v -0.659752 -0.926534 -2.227505
v -0.101798 -0.823125 -1.684731
v -0.659752 -0.926534 -1.684731
v 0.627625 -0.355504 -2.227505
v 0.749577 -0.000001 -1.684731
v 0.627625 -0.355504 -1.684731
v 0.627625 0.355502 -1.684731
v -0.659752 -0.000001 -1.684731
v 0.627625 -0.355504 -1.684731
v 0.627625 0.355502 -1.684731
v 0.749577 -0.000001 -2.227505
v 0.627625 0.355502 -2.227505
v -0.101798 -0.823125 -1.684731
v 0.354938 -0.641574 -2.227505
v 0.354939 -0.641574 -1.684731
v -0.101798 0.823121 -2.227505
v 0.354938 0.641570 -1.684731
v 0.354939 0.641570 -2.227505
v -2.021443 -0.000001 -1.447058
v -0.659752 0.926532 -1.447058
v -0.659752 -0.000001 -1.447058
v -2.011642 -1.193969 -1.447058
v -2.526360 -1.193969 -0.904284
v -2.526360 -1.193969 -1.447058
v -2.021443 -0.000001 -0.904284
v -0.659752 -0.926534 -0.904284
v -0.659752 -0.000001 -0.904284
v -2.011642 -1.193969 -1.447058
v -0.659752 -0.926534 -0.904284
v -2.011642 -1.193969 -0.904284
v -2.021443 1.193967 -0.904284
v -0.659752 0.926532 -1.447058
v -2.021443 1.193967 -1.447058
v -0.659752 0.926532 -0.904284
v -0.101798 0.823121 -1.447058
v -0.659752 0.926532 -1.447058
v -0.659752 -0.926534 -1.447058
v -0.101798 -0.823125 -0.904284
v -0.659752 -0.926534 -0.904284
v 0.627625 -0.355504 -1.447058
v 0.749577 -0.000001 -0.904284
v 0.627625 -0.355504 -0.904284
v 0.627625 0.355502 -0.904284
v -0.659752 -0.000001 -0.904284
v 0.627625 -0.355504 -0.904284
v 0.627625 0.355502 -0.904284
v 0.749577 -0.000001 -1.447058
v 0.627625 0.355502 -1.447058
v -0.101798 -0.823125 -0.904284
v 0.354938 -0.641574 -1.447058
v 0.354939 -0.641574 -0.904284
v -0.101798 0.823121 -1.447058
v 0.354938 0.641570 -0.904284
v 0.354939 0.641570 -1.447058
v 0.627625 -0.355504 -2.227505
v 0.354939 -0.641574 -1.684731
v 0.354938 -0.641574 -2.227505
v 0.627625 0.355502 -1.684731
v 0.354939 0.641570 -2.227505
v 0.354938 0.641570 -1.684731
v 0.627625 -0.355504 -1.447058
v 0.354939 -0.641574 -0.904284
v 0.354938 -0.641574 -1.447058
v 0.627625 0.355502 -0.904284
v 0.354939 0.641570 -1.447058
v 0.354938 0.641570 -0.904284
v 0.627625 -0.355504 -2.227505
v -0.659752 -0.000001 -2.227505
v 0.627625 0.355502 -2.227505
v -2.021443 -0.000001 -1.684731
v -0.659752 0.926532 -1.684731
v -2.021443 1.531711 -1.684731
v -2.021443 -0.000001 -1.684731
v -2.526360 -1.531713 -1.684731
v -2.011642 -1.531713 -1.684731
v -2.021443 -0.000001 -2.227505
v -0.659752 -0.926534 -2.227505
v -2.011642 -1.531713 -2.227505
v -2.526360 -1.531713 -2.227505
v -2.021443 -0.000001 -2.227505
v -2.011642 -1.531713 -2.227505
v -2.536161 -0.000001 -1.684731
v -2.526360 -1.531713 -2.227505
v -2.526360 -1.531713 -1.684731
v -2.021443 -0.000001 -0.904284
v -0.659752 0.926532 -0.904284
v -2.021443 1.193967 -0.904284
v -2.021443 -0.000001 -0.904284
v -2.526360 -1.193969 -0.904284
v -2.011642 -1.193969 -0.904284
v -2.021443 -0.000001 -1.447058
v -0.659752 -0.926534 -1.447058
v -2.011642 -1.193969 -1.447058
v -2.526360 -1.193969 -1.447058
v -2.021443 -0.000001 -1.447058
v -2.011642 -1.193969 -1.447058
v -2.536161 -0.000001 -0.904284
v -2.526360 -1.193969 -1.447058
v -2.526360 -1.193969 -0.904284
v -2.536161 -0.000001 -1.447058
v -2.021443 -0.000001 -0.904284
v -2.021443 -0.000001 -1.447058
v -2.536161 -0.000001 -2.227505
v -2.021443 -0.000001 -1.684731
v -2.021443 -0.000001 -2.227505
v -2.021443 -0.000001 -2.227505
v -2.021443 1.531711 -1.684731
v -2.021443 1.531711 -2.227505
v -2.021443 -0.000001 -1.447058
v -2.021443 1.193967 -0.904284
v -2.021443 1.193967 -1.447058
v -0.322417 0.322415 1.447057
v -0.455966 -0.000001 -1.447058
v -0.455966 -0.000001 1.447057
v -1.347156 -5.491143 -1.917991
v -1.506876 -5.606429 -1.802705
v -1.506876 -5.491143 -1.917991
v -1.347156 -5.606429 -1.802705
v -1.506876 -5.606429 -1.639665
v -1.506876 -5.606429 -1.802705
v -1.347156 -5.606429 -1.639665
v -1.506876 -5.491143 -1.524377
v -1.506876 -5.606429 -1.639665
v -1.347156 -5.491143 -1.524377
v -1.506876 -5.328103 -1.524378
v -1.506876 -5.491143 -1.524377
v -1.347156 -5.328103 -1.524378
v -1.506876 -5.212815 -1.639665
v -1.506876 -5.328103 -1.524378
v -1.347156 -5.212815 -1.639665
v -1.506876 -5.212816 -1.802705
v -1.506876 -5.212815 -1.639665
v -1.347156 -5.491143 -1.917991
v -1.347156 -5.212816 -1.802705
v -1.347156 -5.328103 -1.524378
v -1.506876 -5.212816 -1.802705
v -1.347156 -5.328103 -1.917992
v -1.506876 -5.328103 -1.917992
v -1.347156 -5.328103 -1.917992
v -1.506876 -5.491143 -1.917991
v -1.506876 -5.328103 -1.917992
v -2.722721 0.224450 -1.952581
v -1.722722 0.416599 -0.001677
v -1.722722 0.224450 -1.952581
v -2.722721 -9.583397 9.998332
v -1.722722 -11.534300 9.806185
v -1.722722 -9.583397 9.998332
v -2.722721 -19.391260 -1.952571
v -1.722722 -18.822200 -3.828501
v -1.722722 -19.391260 -1.952571
v -2.722721 0.416599 -0.001677
v -1.722722 0.224454 1.949227
v -1.722722 0.416599 -0.001677
v -1.722722 -11.534300 9.806185
v -2.722721 -13.410230 9.237129
v -1.722722 -13.410230 9.237129
v -2.722721 -18.822200 -3.828501
v -1.722722 -17.898100 -5.557368
v -1.722722 -18.822200 -3.828501
v -2.722721 0.224454 1.949227
v -1.722722 -0.344603 3.825160
v -1.722722 0.224454 1.949227
v -1.722722 -13.410230 9.237129
v -2.722721 -15.139100 8.313029
v -1.722722 -15.139100 8.313029
v -2.722721 -19.583400 -0.001668
v -1.722722 -19.391260 -1.952571
v -1.722722 -19.583400 -0.001668
v -2.722721 -19.391260 1.949234
v -1.722722 -19.583400 -0.001668
v -1.722722 -19.391260 1.949234
v -2.722721 -7.632493 9.806184
v -1.722722 -9.583397 9.998332
v -1.722722 -7.632493 9.806184
v -2.722721 -5.756562 9.237126
v -1.722722 -7.632493 9.806184
v -1.722722 -5.756562 9.237126
v -2.722721 -9.583401 -10.001670
v -1.722722 -7.632512 -9.809523
v -1.722722 -9.583401 -10.001670
v -2.722721 -11.534300 -9.809519
v -1.722722 -9.583401 -10.001670
v -1.722722 -11.534300 -9.809519
v -2.722721 -0.344610 -3.828511
v -1.722722 0.224450 -1.952581
v -1.722722 -0.344610 -3.828511
v -2.722721 -1.268711 -5.557379
v -1.722722 -0.344610 -3.828511
v -1.722722 -1.268711 -5.557379
v -2.722721 -18.822200 3.825165
v -1.722722 -19.391260 1.949234
v -1.722722 -18.822200 3.825165
v -2.722721 -4.027694 8.313026
v -1.722722 -5.756562 9.237126
v -1.722722 -4.027694 8.313026
v -2.722721 -2.512342 -7.072743
v -1.722722 -1.268711 -5.557379
v -1.722722 -2.512342 -7.072743
v -2.722721 -13.410230 -9.240462
v -1.722722 -11.534300 -9.809519
v -1.722722 -13.410230 -9.240462
v -2.722721 -17.898100 5.554034
v -1.722722 -18.822200 3.825165
v -1.722722 -17.898100 5.554034
v -2.722721 -2.512328 7.069396
v -1.722722 -4.027694 8.313026
v -1.722722 -2.512328 7.069396
v -2.722721 -4.027709 -8.316370
v -1.722722 -2.512342 -7.072743
v -1.722722 -4.027709 -8.316370
v -2.722721 -15.139100 -8.316363
v -1.722722 -13.410230 -9.240462
v -1.722722 -15.139100 -8.316363
v -1.722722 -15.139100 8.313029
v -2.722721 -16.654470 7.069400
v -1.722722 -16.654470 7.069400
v -2.722721 -16.654470 7.069400
v -1.722722 -17.898100 5.554034
v -1.722722 -16.654470 7.069400
v -2.722721 -0.344602 3.825160
v -1.722722 -1.268701 5.554028
v -1.722722 -0.344603 3.825160
v -1.722722 -1.268701 5.554028
v -2.722721 -2.512328 7.069396
v -1.722722 -2.512328 7.069396
v -2.722721 -7.632512 -9.809523
v -1.722722 -5.756580 -9.240468
v -1.722722 -7.632512 -9.809523
v -2.722721 -5.756579 -9.240468
v -1.722722 -4.027709 -8.316370
v -1.722722 -5.756580 -9.240468
v -2.722721 -17.898100 -5.557368
v -1.722722 -16.654470 -7.072734
v -1.722722 -17.898100 -5.557368
v -2.722721 -16.654470 -7.072734
v -1.722722 -15.139100 -8.316363
v -1.722722 -16.654470 -7.072734
v -3.960128 -4.703203 -0.972402
v -3.643265 -4.607592 -0.001671
v -3.643265 -4.703203 -0.972402
v -3.722720 -17.062600 4.995776
v -2.794845 -15.943940 6.358872
v -2.794845 -17.062600 4.995776
v -3.722720 -15.943940 6.358872
v -2.794845 -14.580840 7.477536
v -2.794845 -15.943940 6.358872
v -3.722720 -14.580840 7.477536
v -2.794845 -13.025700 8.308779
v -2.794845 -14.580840 7.477536
v -3.722721 -13.025700 8.308779
v -2.794845 -11.338270 8.820654
v -2.794845 -13.025700 8.308779
v -3.722721 -11.338270 8.820654
v -2.794845 -9.583396 8.993493
v -2.794845 -11.338270 8.820654
v -3.722721 -9.583396 8.993493
v -2.794845 -7.828527 8.820653
v -2.794845 -9.583396 8.993493
v -3.722721 -7.828527 8.820653
v -2.794845 -6.141097 8.308776
v -2.794845 -7.828527 8.820653
v -3.722721 -6.141097 8.308776
v -2.794845 -4.585952 7.477533
v -2.794845 -6.141097 8.308776
v -3.722721 -4.585952 7.477533
v -2.794845 -3.222857 6.358868
v -2.794845 -4.585952 7.477533
v -3.722721 -3.222857 6.358868
v -2.794845 -2.104193 4.995771
v -2.794845 -3.222857 6.358868
v -3.722721 -2.104193 4.995771
v -2.794845 -1.272953 3.440625
v -2.794845 -2.104193 4.995771
v -3.722721 -1.272953 3.440625
v -2.794845 -0.761077 1.753194
v -2.794845 -1.272953 3.440625
v -3.722721 -0.761077 1.753194
v -2.794845 -0.588239 -0.001676
v -2.794845 -0.761077 1.753194
v -3.722721 -0.588239 -0.001676
v -2.794845 -0.761081 -1.756545
v -2.794845 -0.588239 -0.001676
v -3.722720 -11.338270 -8.823988
v -3.722720 -9.583400 -10.001670
v -3.722720 -11.534300 -9.809519
v -3.722720 -9.583399 -8.996829
v -3.722720 -7.632512 -9.809523
v -3.722720 -9.583400 -10.001670
v -3.722720 -7.632512 -9.809523
v -3.722720 -6.141113 -8.312118
v -3.722721 -5.756579 -9.240468
v -3.722720 -6.141113 -8.312118
v -3.722721 -4.027709 -8.316370
v -3.722721 -5.756579 -9.240468
v -3.722721 -4.585967 -7.480876
v -3.722721 -2.512342 -7.072743
v -3.722721 -4.027709 -8.316370
v -3.722721 -2.512342 -7.072743
v -3.722721 -2.104203 -4.999120
v -3.722721 -1.268711 -5.557379
v -3.722721 -2.104203 -4.999120
v -3.722721 -0.344610 -3.828511
v -3.722721 -1.268711 -5.557379
v -3.722721 -0.344610 -3.828511
v -3.722721 -0.761081 -1.756545
v -3.722721 0.224450 -1.952581
v -3.722721 -0.761081 -1.756545
v -3.722721 0.416599 -0.001677
v -3.722721 0.224450 -1.952581
v -3.722721 -0.588239 -0.001676
v -3.722721 0.224454 1.949227
v -3.722721 0.416599 -0.001677
v -3.722721 -0.761077 1.753194
v -3.722721 -0.344602 3.825160
v -3.722721 0.224454 1.949227
v -3.722721 -0.344602 3.825160
v -3.722721 -2.104193 4.995771
v -3.722721 -1.268700 5.554028
v -3.722721 -2.104193 4.995771
v -3.722721 -2.512328 7.069396
v -3.722721 -1.268700 5.554028
v -3.722721 -3.222857 6.358868
v -3.722721 -4.027693 8.313026
v -3.722721 -2.512328 7.069396
v -3.722721 -4.585952 7.477533
v -3.722721 -5.756562 9.237126
v -3.722721 -4.027693 8.313026
v -3.722721 -5.756562 9.237126
v -3.722721 -7.828527 8.820653
v -3.722721 -7.632493 9.806184
v -3.722721 -7.828527 8.820653
v -3.722721 -9.583396 9.998332
v -3.722721 -7.632493 9.806184
v -3.722721 -9.583396 9.998332
v -3.722721 -11.338270 8.820654
v -3.722721 -11.534300 9.806185
v -3.722721 -11.534300 9.806185
v -3.722721 -13.025700 8.308779
v -3.722721 -13.410230 9.237129
v -3.722721 -13.410230 9.237129
v -3.722720 -14.580840 7.477536
v -3.722720 -15.139100 8.313029
v -3.722720 -15.139100 8.313029
v -3.722720 -15.943940 6.358872
v -3.722720 -16.654470 7.069400
v -3.722720 -15.943940 6.358872
v -3.722720 -17.898100 5.554034
v -3.722720 -16.654470 7.069400
v -3.722720 -17.062600 4.995776
v -3.722720 -18.822200 3.825165
v -3.722720 -17.898100 5.554034
v -3.722720 -17.893850 3.440630
v -3.722720 -19.391250 1.949234
v -3.722720 -18.822200 3.825165
v -3.722720 -19.391250 1.949234
v -3.722720 -18.578560 -0.001668
v -3.722720 -19.583400 -0.001668
v -3.722720 -19.583400 -0.001668
v -3.722720 -18.405720 -1.756536
v -3.722720 -19.391250 -1.952571
v -3.722720 -18.405720 -1.756536
v -3.722720 -18.822200 -3.828501
v -3.722720 -19.391250 -1.952571
v -3.722720 -17.893850 -3.443966
v -3.722720 -17.898100 -5.557368
v -3.722720 -18.822200 -3.828501
v -3.722720 -17.898100 -5.557368
v -3.722720 -15.943940 -6.362206
v -3.722720 -16.654470 -7.072734
v -3.722720 -16.654470 -7.072734
v -3.722720 -14.580840 -7.480869
v -3.722720 -15.139100 -8.316363
v -3.722720 -15.139100 -8.316363
v -3.722720 -13.025700 -8.312112
v -3.722720 -13.410230 -9.240462
v -3.722720 -13.025700 -8.312112
v -3.722720 -11.534300 -9.809519
v -3.722720 -13.410230 -9.240462
v -3.722720 -17.893850 3.440630
v -2.794845 -17.062600 4.995776
v -2.794845 -17.893850 3.440630
v -3.722720 -18.405720 1.753200
v -2.794845 -17.893850 3.440630
v -2.794845 -18.405720 1.753200
v -3.722720 -18.578560 -0.001668
v -2.794845 -18.405720 1.753200
v -2.794845 -18.578560 -0.001668
v -3.722720 -18.405720 -1.756536
v -2.794845 -18.578560 -0.001668
v -2.794845 -18.405720 -1.756536
v -2.794845 -9.583399 -8.996829
v -3.722720 -11.338270 -8.823988
v -2.794845 -11.338270 -8.823988
v -3.722720 -17.893850 -3.443966
v -2.794845 -18.405720 -1.756536
v -2.794845 -17.893850 -3.443966
v -2.794845 -11.338270 -8.823988
v -3.722720 -13.025700 -8.312112
v -2.794845 -13.025700 -8.312112
v -3.722720 -17.062600 -4.999110
v -2.794845 -17.893850 -3.443966
v -2.794845 -17.062600 -4.999110
v -3.722720 -7.828545 -8.823992
v -2.794845 -9.583399 -8.996829
v -2.794845 -7.828545 -8.823992
v -3.722720 -15.943940 -6.362206
v -2.794845 -17.062600 -4.999110
v -2.794845 -15.943940 -6.362206
v -3.722720 -6.141113 -8.312118
v -2.794845 -7.828545 -8.823992
v -2.794845 -6.141113 -8.312118
v -3.722720 -14.580840 -7.480869
v -2.794845 -15.943940 -6.362206
v -2.794845 -14.580840 -7.480869
v -2.794845 -4.585967 -7.480876
v -3.722720 -6.141113 -8.312118
v -2.794845 -6.141113 -8.312118
v -3.722720 -13.025700 -8.312112
v -2.794845 -14.580840 -7.480869
v -2.794845 -13.025700 -8.312112
v -2.794845 -3.222869 -6.362214
v -3.722721 -4.585967 -7.480876
v -2.794845 -4.585967 -7.480876
v -3.722721 -2.104203 -4.999120
v -2.794845 -3.222869 -6.362214
v -2.794845 -2.104203 -4.999120
v -3.722721 -1.272960 -3.443975
v -2.794845 -2.104203 -4.999120
v -2.794845 -1.272959 -3.443975
v -3.722721 -0.761081 -1.756545
v -2.794845 -1.272959 -3.443975
v -2.794845 -0.761081 -1.756545
v -3.564026 -10.815510 -6.195905
v -3.643265 -9.583396 -4.977474
v -3.564026 -9.583397 -6.317258
v -3.643265 -9.583396 -4.977474
v -3.564026 -8.351300 -6.195908
v -3.564026 -9.583397 -6.317258
v -3.564026 -8.351300 -6.195908
v -3.643265 -7.679249 -4.598716
v -3.564026 -7.166537 -5.836516
v -3.643265 -7.679249 -4.598716
v -3.564026 -6.074653 -5.252893
v -3.564026 -7.166537 -5.836516
v -3.564026 -6.074653 -5.252893
v -3.643265 -6.064977 -3.520097
v -3.564026 -5.117608 -4.467470
v -3.643265 -6.064977 -3.520097
v -3.564026 -4.332182 -3.510428
v -3.564026 -5.117608 -4.467470
v -3.643265 -5.446171 -2.766082
v -3.564026 -3.748558 -2.418546
v -3.564026 -4.332182 -3.510428
v -3.643265 -4.986356 -1.905831
v -3.564026 -3.389162 -1.233783
v -3.564026 -3.748558 -2.418546
v -3.564026 -3.389162 -1.233783
v -3.643265 -4.607592 -0.001671
v -3.564026 -3.267808 -0.001673
v -3.643265 -4.607592 -0.001671
v -3.564026 -3.389159 1.230437
v -3.564026 -3.267808 -0.001673
v -3.643265 -4.703200 0.969059
v -3.564026 -3.748553 2.415200
v -3.564026 -3.389159 1.230437
v -3.564026 -3.748553 2.415200
v -3.643265 -5.446166 2.762740
v -3.564026 -4.332175 3.507084
v -3.643265 -5.446166 2.762740
v -3.564026 -5.117599 4.464128
v -3.564026 -4.332175 3.507084
v -3.643265 -6.064971 3.516757
v -3.564026 -6.074643 5.249553
v -3.564026 -5.117599 4.464128
v -3.564026 -6.074643 5.249553
v -3.643265 -7.679239 4.595378
v -3.564026 -7.166525 5.833177
v -3.564026 -7.166525 5.833177
v -3.643265 -8.612665 4.878530
v -3.564026 -8.351285 6.192571
v -3.643265 -8.612665 4.878530
v -3.564026 -9.583397 6.313923
v -3.564026 -8.351285 6.192571
v -3.643265 -9.583398 4.974139
v -3.564026 -10.815510 6.192571
v -3.564026 -9.583397 6.313923
v -3.564026 -10.815510 6.192571
v -3.643265 -11.487560 4.595379
v -3.564026 -12.000270 5.833179
v -3.564026 -12.000270 5.833179
v -3.643265 -12.347810 4.135566
v -3.564026 -13.092150 5.249556
v -3.564026 -13.092150 5.249556
v -3.643265 -13.101830 3.516759
v -3.564026 -14.049200 4.464130
v -3.564026 -14.049200 4.464130
v -3.643265 -13.720630 2.762742
v -3.564026 -14.834620 3.507086
v -3.643265 -13.720630 2.762742
v -3.564026 -15.418250 2.415203
v -3.564026 -14.834620 3.507086
v -3.643264 -14.180450 1.902490
v -3.564026 -15.777640 1.230443
v -3.564026 -15.418250 2.415203
v -3.564026 -15.777640 1.230443
v -3.643264 -14.559210 -0.001667
v -3.564026 -15.898990 -0.001667
v -3.564026 -15.898990 -0.001667
v -3.643264 -14.463600 -0.972399
v -3.564026 -15.777640 -1.233778
v -3.643264 -14.463600 -0.972399
v -3.564026 -15.418250 -2.418539
v -3.564026 -15.777640 -1.233778
v -3.643264 -14.180450 -1.905825
v -3.564026 -14.834620 -3.510421
v -3.564026 -15.418250 -2.418539
v -3.564026 -14.834620 -3.510421
v -3.643265 -13.101830 -3.520093
v -3.564026 -14.049200 -4.467464
v -3.564026 -14.049200 -4.467464
v -3.643265 -12.347810 -4.138898
v -3.564026 -13.092160 -5.252889
v -3.564026 -13.092160 -5.252889
v -3.643265 -11.487560 -4.598712
v -3.564026 -12.000270 -5.836512
v -3.643265 -11.487560 -4.598712
v -3.564026 -10.815510 -6.195905
v -3.564026 -12.000270 -5.836512
v -3.553324 -11.929120 3.508946
v -3.960128 -12.568930 2.983863
v -3.960128 -11.929120 3.508946
v -3.643265 -13.720630 2.762742
v -3.960127 -14.180450 1.902490
v -3.643264 -14.180450 1.902490
v -3.960128 -4.607592 -0.001672
v -3.643265 -4.703200 0.969059
v -3.643265 -4.607592 -0.001671
v -3.960127 -14.180450 1.902490
v -3.643264 -14.463600 0.969064
v -3.643264 -14.180450 1.902490
v -3.960128 -4.703200 0.969059
v -3.643265 -4.986352 1.902488
v -3.643265 -4.703200 0.969059
v -3.960127 -14.463600 0.969064
v -3.643264 -14.559210 -0.001667
v -3.643264 -14.463600 0.969064
v -3.960128 -4.986352 1.902488
v -3.643265 -5.446166 2.762740
v -3.643265 -4.986352 1.902488
v -3.960127 -14.559210 -0.001667
v -3.643264 -14.463600 -0.972399
v -3.643264 -14.559210 -0.001667
v -3.960128 -5.446166 2.762740
v -3.643265 -6.064971 3.516757
v -3.643265 -5.446166 2.762740
v -3.960128 -10.554130 -4.881864
v -3.643265 -9.583396 -4.977474
v -3.643265 -10.554130 -4.881864
v -3.960127 -14.463600 -0.972399
v -3.643264 -14.180450 -1.905825
v -3.643264 -14.463600 -0.972399
v -3.960128 -6.064971 3.516757
v -3.643265 -6.818987 4.135563
v -3.643265 -6.064971 3.516757
v -3.960128 -11.487560 -4.598712
v -3.643265 -10.554130 -4.881864
v -3.643265 -11.487560 -4.598712
v -3.960127 -14.180450 -1.905825
v -3.643265 -13.720630 -2.766076
v -3.643264 -14.180450 -1.905825
v -3.960128 -6.818987 4.135563
v -3.643265 -7.679239 4.595378
v -3.643265 -6.818987 4.135563
v -3.960128 -9.583396 -4.977474
v -3.643265 -8.612677 -4.881867
v -3.643265 -9.583396 -4.977474
v -3.960128 -13.720630 -2.766076
v -3.643265 -13.101830 -3.520093
v -3.643265 -13.720630 -2.766076
v -3.960128 -7.679239 4.595378
v -3.643265 -8.612665 4.878530
v -3.643265 -7.679239 4.595378
v -3.960128 -8.612677 -4.881867
v -3.643265 -7.679249 -4.598716
v -3.643265 -8.612677 -4.881867
v -3.960128 -13.101830 -3.520093
v -3.643265 -12.347810 -4.138898
v -3.643265 -13.101830 -3.520093
v -3.643265 -8.612665 4.878530
v -3.960127 -9.583398 4.974139
v -3.643265 -9.583398 4.974139
v -3.960128 -7.679249 -4.598716
v -3.643265 -6.818996 -4.138902
v -3.643265 -7.679249 -4.598716
v -3.960128 -12.347810 -4.138898
v -3.643265 -11.487560 -4.598712
v -3.643265 -12.347810 -4.138898
v -3.960127 -9.583398 4.974139
v -3.643265 -10.554130 4.878530
v -3.643265 -9.583398 4.974139
v -3.960128 -6.818996 -4.138902
v -3.643265 -6.064977 -3.520097
v -3.643265 -6.818996 -4.138902
v -3.960128 -10.554130 4.878530
v -3.643265 -11.487560 4.595379
v -3.643265 -10.554130 4.878530
v -3.960128 -6.064977 -3.520097
v -3.643265 -5.446171 -2.766082
v -3.643265 -6.064977 -3.520097
v -3.960128 -11.487560 4.595379
v -3.643265 -12.347810 4.135566
v -3.643265 -11.487560 4.595379
v -3.960128 -5.446171 -2.766082
v -3.643265 -4.986356 -1.905831
v -3.643265 -5.446171 -2.766082
v -3.960128 -12.347810 4.135566
v -3.643265 -13.101830 3.516759
v -3.643265 -12.347810 4.135566
v -3.960128 -4.986356 -1.905831
v -3.643265 -4.703203 -0.972402
v -3.643265 -4.986356 -1.905831
v -3.960128 -13.101830 3.516759
v -3.643265 -13.720630 2.762742
v -3.643265 -13.101830 3.516759
v -3.342892 -12.512980 -7.074312
v -2.794845 -11.338270 -8.823988
v -2.794845 -13.025700 -8.312112
v -3.564026 -12.000270 -5.836512
v -3.342892 -11.076890 -7.509946
v -3.342892 -12.512980 -7.074312
v -3.342892 -13.836500 -6.366879
v -2.794845 -13.025700 -8.312112
v -2.794845 -14.580840 -7.480869
v -3.342892 -13.836500 -6.366879
v -3.564026 -12.000270 -5.836512
v -3.342892 -12.512980 -7.074312
v -3.342892 -14.996570 -5.414835
v -2.794845 -14.580840 -7.480869
v -2.794845 -15.943940 -6.362206
v -3.342892 -14.996570 -5.414835
v -3.564026 -13.092160 -5.252889
v -3.342892 -13.836500 -6.366879
v -2.794845 -17.062600 -4.999110
v -3.342892 -14.996570 -5.414835
v -2.794845 -15.943940 -6.362206
v -3.564026 -14.834620 -3.510421
v -3.342892 -14.996570 -5.414835
v -3.342892 -15.948610 -4.254765
v -2.794845 -17.893850 -3.443966
v -3.342892 -15.948610 -4.254765
v -2.794845 -17.062600 -4.999110
v -3.564026 -15.418250 -2.418539
v -3.342892 -15.948610 -4.254765
v -3.342892 -16.656050 -2.931252
v -3.342892 -17.091680 -1.495157
v -2.794845 -17.893850 -3.443966
v -2.794845 -18.405720 -1.756536
v -3.564026 -15.777640 -1.233778
v -3.342892 -16.656050 -2.931252
v -3.342892 -17.091680 -1.495157
v -2.794845 -18.578560 -0.001668
v -3.342892 -17.091680 -1.495157
v -2.794845 -18.405720 -1.756536
v -3.342892 -17.238780 -0.001667
v -3.564026 -15.777640 -1.233778
v -3.342892 -17.091680 -1.495157
v -2.794845 -18.405720 1.753200
v -3.342892 -17.238780 -0.001667
v -2.794845 -18.578560 -0.001668
v -3.564026 -15.777640 1.230443
v -3.342892 -17.238780 -0.001667
v -3.342892 -17.091680 1.491822
v -3.342892 -16.656050 2.927917
v -2.794845 -18.405720 1.753200
v -2.794845 -17.893850 3.440630
v -3.564026 -15.418250 2.415203
v -3.342892 -17.091680 1.491822
v -3.342892 -16.656050 2.927917
v -2.794845 -17.062600 4.995776
v -3.342892 -16.656050 2.927917
v -2.794845 -17.893850 3.440630
v -3.564026 -14.834620 3.507086
v -3.342892 -16.656050 2.927917
v -3.342892 -15.948610 4.251431
v -3.342892 -14.996570 5.411501
v -2.794845 -17.062600 4.995776
v -2.794845 -15.943940 6.358872
v -3.564026 -14.049200 4.464130
v -3.342892 -15.948610 4.251431
v -3.342892 -14.996570 5.411501
v -2.794845 -14.580840 7.477536
v -3.342892 -14.996570 5.411501
v -2.794845 -15.943940 6.358872
v -3.342892 -13.836500 6.363546
v -3.564026 -14.049200 4.464130
v -3.342892 -14.996570 5.411501
v -3.342892 -12.512980 7.070979
v -2.794845 -14.580840 7.477536
v -2.794845 -13.025700 8.308779
v -3.564026 -12.000270 5.833179
v -3.342892 -13.836500 6.363546
v -3.342892 -12.512980 7.070979
v -2.794845 -11.338270 8.820654
v -3.342892 -12.512980 7.070979
v -2.794845 -13.025700 8.308779
v -3.564026 -10.815510 6.192571
v -3.342892 -12.512980 7.070979
v -3.342892 -11.076890 7.506613
v -2.794845 -9.583396 8.993493
v -3.342892 -11.076890 7.506613
v -2.794845 -11.338270 8.820654
v -3.564026 -9.583397 6.313923
v -3.342892 -11.076890 7.506613
v -3.342892 -9.583397 7.653708
v -3.342892 -8.089906 7.506612
v -2.794845 -9.583396 8.993493
v -2.794845 -7.828527 8.820653
v -3.564026 -8.351285 6.192571
v -3.342892 -9.583397 7.653708
v -3.342892 -8.089906 7.506612
v -2.794845 -6.141097 8.308776
v -3.342892 -8.089906 7.506612
v -2.794845 -7.828527 8.820653
v -3.342892 -6.653811 7.070977
v -3.564026 -8.351285 6.192571
v -3.342892 -8.089906 7.506612
v -3.342892 -5.330297 6.363543
v -2.794845 -6.141097 8.308776
v -2.794845 -4.585952 7.477533
v -3.342892 -5.330297 6.363543
v -3.564026 -7.166525 5.833177
v -3.342892 -6.653811 7.070977
v -2.794845 -3.222857 6.358868
v -3.342892 -5.330297 6.363543
v -2.794845 -4.585952 7.477533
v -3.564026 -5.117599 4.464128
v -3.342892 -5.330297 6.363543
v -3.342892 -4.170228 5.411498
v -2.794845 -2.104193 4.995771
v -3.342892 -4.170228 5.411498
v -2.794845 -3.222857 6.358868
v -3.342892 -3.218184 4.251427
v -3.564026 -5.117599 4.464128
v -3.342892 -4.170228 5.411498
v -2.794845 -1.272953 3.440625
v -3.342892 -3.218184 4.251427
v -2.794845 -2.104193 4.995771
v -3.342892 -2.510753 2.927913
v -3.564026 -4.332175 3.507084
v -3.342892 -3.218184 4.251427
v -3.342892 -2.075118 1.491815
v -2.794845 -1.272953 3.440625
v -2.794845 -0.761077 1.753194
v -3.564026 -3.389159 1.230437
v -3.342892 -2.510753 2.927913
v -3.342892 -2.075118 1.491815
v -3.342892 -1.928023 -0.001674
v -2.794845 -0.761077 1.753194
v -2.794845 -0.588239 -0.001676
v -3.564026 -3.267808 -0.001673
v -3.342892 -2.075118 1.491815
v -3.342892 -1.928023 -0.001674
v -2.794845 -0.761081 -1.756545
v -3.342892 -1.928023 -0.001674
v -2.794845 -0.588239 -0.001676
v -3.342892 -2.075122 -1.495164
v -3.564026 -3.267808 -0.001673
v -3.342892 -1.928023 -0.001674
v -3.342892 -2.510759 -2.931261
v -2.794845 -0.761081 -1.756545
v -2.794845 -1.272959 -3.443975
v -3.342892 -2.510759 -2.931261
v -3.564026 -3.389162 -1.233783
v -3.342892 -2.075122 -1.495164
v -3.342892 -3.218193 -4.254774
v -2.794845 -1.272959 -3.443975
v -2.794845 -2.104203 -4.999120
v -3.564026 -4.332182 -3.510428
v -3.342892 -2.510759 -2.931261
v -3.342892 -3.218193 -4.254774
v -3.342892 -4.170238 -5.414842
v -2.794845 -2.104203 -4.999120
v -2.794845 -3.222869 -6.362214
v -3.564026 -5.117608 -4.467470
v -3.342892 -3.218193 -4.254774
v -3.342892 -4.170238 -5.414842
v -3.342892 -5.330310 -6.366885
v -2.794845 -3.222869 -6.362214
v -2.794845 -4.585967 -7.480876
v -3.342892 -5.330310 -6.366885
v -3.564026 -5.117608 -4.467470
v -3.342892 -4.170238 -5.414842
v -3.342892 -6.653825 -7.074316
v -2.794845 -4.585967 -7.480876
v -2.794845 -6.141113 -8.312118
v -3.564026 -7.166537 -5.836516
v -3.342892 -5.330310 -6.366885
v -3.342892 -6.653825 -7.074316
v -3.342892 -8.089922 -7.509950
v -2.794845 -6.141113 -8.312118
v -2.794845 -7.828545 -8.823992
v -3.342892 -8.089922 -7.509950
v -3.564026 -7.166537 -5.836516
v -3.342892 -6.653825 -7.074316
v -3.342892 -9.583398 -7.657043
v -2.794845 -7.828545 -8.823992
v -2.794845 -9.583399 -8.996829
v -3.564026 -9.583397 -6.317258
v -3.342892 -8.089922 -7.509950
v -3.342892 -9.583398 -7.657043
v -3.342892 -11.076890 -7.509946
v -2.794845 -9.583399 -8.996829
v -2.794845 -11.338270 -8.823988
v -3.564026 -10.815510 -6.195905
v -3.342892 -9.583398 -7.657043
v -3.342892 -11.076890 -7.509946
v -3.960128 -10.554130 -4.881864
v -3.960128 -9.583396 -4.223845
v -3.960128 -9.583396 -4.977474
v -3.960128 -9.583396 -4.977474
v -3.960128 -8.759702 -4.142719
v -3.960128 -8.612677 -4.881867
v -3.960128 -8.612677 -4.881867
v -3.960128 -7.967650 -3.902453
v -3.960128 -7.679249 -4.598716
v -3.960128 -7.967650 -3.902453
v -3.960128 -6.818996 -4.138902
v -3.960128 -7.679249 -4.598716
v -3.960128 -6.818996 -4.138902
v -3.960128 -6.597872 -2.987200
v -3.960128 -6.064977 -3.520097
v -3.960128 -6.597872 -2.987200
v -3.960128 -5.446171 -2.766082
v -3.960128 -6.064977 -3.520097
v -3.960128 -5.446171 -2.766082
v -3.960128 -5.682619 -1.617429
v -3.960128 -4.986356 -1.905831
v -3.960128 -5.682619 -1.617429
v -3.960128 -4.703203 -0.972402
v -3.960128 -4.986356 -1.905831
v -3.960128 -4.703203 -0.972402
v -3.960128 -5.361221 -0.001671
v -3.960128 -4.607592 -0.001672
v -3.960128 -5.361221 -0.001671
v -3.960128 -4.703200 0.969059
v -3.960128 -4.607592 -0.001672
v -3.960128 -5.442348 0.822033
v -3.960128 -4.986352 1.902488
v -3.960128 -4.703200 0.969059
v -3.960128 -4.986352 1.902488
v -3.960128 -6.072785 2.344047
v -3.960128 -5.446166 2.762740
v -3.960128 -6.072785 2.344047
v -3.960128 -6.064971 3.516757
v -3.960128 -5.446166 2.762740
v -3.960128 -6.064971 3.516757
v -3.960128 -7.237682 3.508944
v -3.960128 -6.818987 4.135563
v -3.960128 -7.237682 3.508944
v -3.960128 -7.679239 4.595378
v -3.960128 -6.818987 4.135563
v -3.960128 -7.679239 4.595378
v -3.960128 -8.759691 4.139382
v -3.960128 -8.612665 4.878530
v -3.960128 -8.759691 4.139382
v -3.960127 -9.583398 4.974139
v -3.960128 -8.612665 4.878530
v -3.960127 -9.583398 4.220510
v -3.960128 -10.554130 4.878530
v -3.960127 -9.583398 4.974139
v -3.960128 -10.554130 4.878530
v -3.960128 -11.199160 3.899117
v -3.960128 -11.487560 4.595379
v -3.960128 -11.487560 4.595379
v -3.960128 -11.929120 3.508946
v -3.960128 -12.347810 4.135566
v -3.960128 -11.929120 3.508946
v -3.960128 -13.101830 3.516759
v -3.960128 -12.347810 4.135566
v -3.960128 -13.101830 3.516759
v -3.960128 -13.094010 2.344048
v -3.960128 -13.720630 2.762742
v -3.960128 -13.094010 2.344048
v -3.960127 -14.180450 1.902490
v -3.960128 -13.720630 2.762742
v -3.960128 -13.484180 1.614088
v -3.960127 -14.463600 0.969064
v -3.960127 -14.180450 1.902490
v -3.960127 -14.463600 0.969064
v -3.960128 -13.805580 -0.001667
v -3.960127 -14.559210 -0.001667
v -3.960127 -14.559210 -0.001667
v -3.960128 -13.724450 -0.825373
v -3.960127 -14.463600 -0.972399
v -3.960128 -13.724450 -0.825373
v -3.960127 -14.180450 -1.905825
v -3.960127 -14.463600 -0.972399
v -3.960127 -14.180450 -1.905825
v -3.960128 -13.094010 -2.347382
v -3.960128 -13.720630 -2.766076
v -3.960128 -13.094010 -2.347382
v -3.960128 -13.101830 -3.520093
v -3.960128 -13.720630 -2.766076
v -3.960128 -13.101830 -3.520093
v -3.960128 -11.929120 -3.512279
v -3.960128 -12.347810 -4.138898
v -3.960128 -12.347810 -4.138898
v -3.960128 -11.199160 -3.902450
v -3.960128 -11.487560 -4.598712
v -3.960128 -11.487560 -4.598712
v -3.960128 -10.407110 -4.142716
v -3.960128 -10.554130 -4.881864
v -3.553325 -5.682619 -1.617429
v -3.960128 -5.442351 -0.825376
v -3.960128 -5.682619 -1.617429
v -3.553324 -12.568930 2.983863
v -3.960128 -13.094010 2.344048
v -3.960128 -12.568930 2.983863
v -3.553325 -5.442351 -0.825376
v -3.960128 -5.361221 -0.001671
v -3.960128 -5.442351 -0.825376
v -3.553324 -13.094010 2.344048
v -3.960128 -13.484180 1.614088
v -3.960128 -13.094010 2.344048
v -3.553325 -5.361221 -0.001671
v -3.960128 -5.442348 0.822033
v -3.960128 -5.361221 -0.001671
v -3.553324 -13.484180 1.614088
v -3.960128 -13.724450 0.822038
v -3.960128 -13.484180 1.614088
v -3.553325 -5.442348 0.822033
v -3.960128 -5.682615 1.614087
v -3.960128 -5.442348 0.822033
v -3.553324 -13.724450 0.822038
v -3.960128 -13.805580 -0.001667
v -3.960128 -13.724450 0.822038
v -3.553325 -5.682615 1.614087
v -3.960128 -6.072785 2.344047
v -3.960128 -5.682615 1.614087
v -3.553324 -13.805580 -0.001667
v -3.960128 -13.724450 -0.825373
v -3.960128 -13.805580 -0.001667
v -3.553325 -6.072785 2.344047
v -3.960128 -6.597867 2.983861
v -3.960128 -6.072785 2.344047
v -3.960128 -10.407110 -4.142716
v -3.553325 -9.583396 -4.223845
v -3.960128 -9.583396 -4.223845
v -3.553324 -13.724450 -0.825373
v -3.960128 -13.484180 -1.617424
v -3.960128 -13.724450 -0.825373
v -3.553325 -6.597867 2.983861
v -3.960128 -7.237682 3.508944
v -3.960128 -6.597867 2.983861
v -3.553324 -11.199160 -3.902450
v -3.960128 -10.407110 -4.142716
v -3.960128 -11.199160 -3.902450
v -3.553324 -13.484180 -1.617424
v -3.960128 -13.094010 -2.347382
v -3.960128 -13.484180 -1.617424
v -3.553325 -7.237682 3.508944
v -3.960128 -7.967640 3.899116
v -3.960128 -7.237682 3.508944
v -3.553325 -9.583396 -4.223845
v -3.960128 -8.759702 -4.142719
v -3.960128 -9.583396 -4.223845
v -3.553324 -13.094010 -2.347382
v -3.960128 -12.568930 -2.987197
v -3.960128 -13.094010 -2.347382
v -3.553325 -7.967640 3.899116
v -3.960128 -8.759691 4.139382
v -3.960128 -7.967640 3.899116
v -3.553325 -8.759702 -4.142719
v -3.960128 -7.967650 -3.902453
v -3.960128 -8.759702 -4.142719
v -3.553324 -12.568930 -2.987197
v -3.960128 -11.929120 -3.512279
v -3.960128 -12.568930 -2.987197
v -3.553325 -8.759691 4.139382
v -3.960127 -9.583398 4.220510
v -3.960128 -8.759691 4.139382
v -3.553325 -7.967650 -3.902453
v -3.960128 -7.237689 -3.512282
v -3.960128 -7.967650 -3.902453
v -3.553324 -11.929120 -3.512279
v -3.960128 -11.199160 -3.902450
v -3.960128 -11.929120 -3.512279
v -3.960127 -9.583398 4.220510
v -3.553324 -10.407110 4.139382
v -3.960128 -10.407110 4.139382
v -3.553325 -7.237689 -3.512282
v -3.960128 -6.597872 -2.987200
v -3.960128 -7.237689 -3.512282
v -3.553324 -10.407110 4.139382
v -3.960128 -11.199160 3.899117
v -3.960128 -10.407110 4.139382
v -3.553325 -6.597872 -2.987200
v -3.960128 -6.072791 -2.347388
v -3.960128 -6.597872 -2.987200
v -3.553324 -11.199160 3.899117
v -3.960128 -11.929120 3.508946
v -3.960128 -11.199160 3.899117
v -3.553325 -6.072791 -2.347388
v -3.960128 -5.682619 -1.617429
v -3.960128 -6.072791 -2.347388
v -3.553324 -10.407110 -4.142716
v -3.553325 -9.583396 -4.152377
v -3.553325 -9.583396 -4.223845
v -3.553325 -9.583396 -4.223845
v -3.553325 -8.773645 -4.072624
v -3.553325 -8.759702 -4.142719
v -3.553325 -8.773645 -4.072624
v -3.553325 -7.967650 -3.902453
v -3.553325 -8.759702 -4.142719
v -3.553325 -7.994999 -3.836425
v -3.553325 -7.237689 -3.512282
v -3.553325 -7.967650 -3.902453
v -3.553325 -7.237689 -3.512282
v -3.553325 -6.648408 -2.936664
v -3.553325 -6.597872 -2.987200
v -3.553325 -6.648408 -2.936664
v -3.553325 -6.072791 -2.347388
v -3.553325 -6.597872 -2.987200
v -3.553325 -6.132214 -2.307682
v -3.553325 -5.682619 -1.617429
v -3.553325 -6.072791 -2.347388
v -3.553325 -5.748647 -1.590079
v -3.553325 -5.442351 -0.825376
v -3.553325 -5.682619 -1.617429
v -3.553325 -5.442351 -0.825376
v -3.553325 -5.432689 -0.001671
v -3.553325 -5.361221 -0.001671
v -3.553325 -5.432689 -0.001671
v -3.553325 -5.442348 0.822033
v -3.553325 -5.361221 -0.001671
v -3.553325 -5.512444 0.808091
v -3.553325 -5.682615 1.614087
v -3.553325 -5.442348 0.822033
v -3.553325 -5.748643 1.586737
v -3.553325 -6.072785 2.344047
v -3.553325 -5.682615 1.614087
v -3.553325 -6.132209 2.304341
v -3.553325 -6.597867 2.983861
v -3.553325 -6.072785 2.344047
v -3.553325 -6.648404 2.933326
v -3.553325 -7.237682 3.508944
v -3.553325 -6.597867 2.983861
v -3.553325 -7.237682 3.508944
v -3.553325 -7.994990 3.833087
v -3.553325 -7.967640 3.899116
v -3.553325 -7.994990 3.833087
v -3.553325 -8.759691 4.139382
v -3.553325 -7.967640 3.899116
v -3.553325 -8.759691 4.139382
v -3.553324 -9.583398 4.149042
v -3.553324 -9.583398 4.220510
v -3.553324 -9.583398 4.149042
v -3.553324 -10.407110 4.139382
v -3.553324 -9.583398 4.220510
v -3.553324 -10.393160 4.069287
v -3.553324 -11.199160 3.899117
v -3.553324 -10.407110 4.139382
v -3.553324 -11.199160 3.899117
v -3.553324 -11.889410 3.449522
v -3.553324 -11.929120 3.508946
v -3.553324 -11.889410 3.449522
v -3.553324 -12.568930 2.983863
v -3.553324 -11.929120 3.508946
v -3.553324 -12.518400 2.933327
v -3.553324 -13.094010 2.344048
v -3.553324 -12.568930 2.983863
v -3.553324 -13.094010 2.344048
v -3.553324 -13.418160 1.586739
v -3.553324 -13.484180 1.614088
v -3.553324 -13.484180 1.614088
v -3.553324 -13.654360 0.808095
v -3.553324 -13.724450 0.822038
v -3.553324 -13.654360 0.808095
v -3.553324 -13.805580 -0.001667
v -3.553324 -13.724450 0.822038
v -3.553324 -13.734110 -0.001667
v -3.553324 -13.724450 -0.825373
v -3.553324 -13.805580 -0.001667
v -3.553324 -13.724450 -0.825373
v -3.553324 -13.418160 -1.590074
v -3.553324 -13.484180 -1.617424
v -3.553324 -13.418160 -1.590074
v -3.553324 -13.094010 -2.347382
v -3.553324 -13.484180 -1.617424
v -3.553324 -13.034590 -2.307677
v -3.553324 -12.568930 -2.987197
v -3.553324 -13.094010 -2.347382
v -3.553324 -12.518390 -2.936661
v -3.553324 -11.929120 -3.512279
v -3.553324 -12.568930 -2.987197
v -3.553324 -11.889410 -3.452855
v -3.553324 -11.199160 -3.902450
v -3.553324 -11.929120 -3.512279
v -3.553324 -11.171810 -3.836421
v -3.553324 -10.407110 -4.142716
v -3.553324 -11.199160 -3.902450
v -3.938566 -5.497733 1.527629
v -4.098287 -5.334692 1.527629
v -3.938566 -5.334692 1.527629
v -3.938566 -5.613019 1.642916
v -4.098287 -5.497733 1.527629
v -3.938566 -5.497733 1.527629
v -3.938566 -5.613019 1.642916
v -4.098287 -5.613019 1.805956
v -4.098287 -5.613019 1.642916
v -3.938566 -5.497733 1.921242
v -4.098287 -5.613019 1.805956
v -3.938566 -5.613019 1.805956
v -3.938566 -5.497733 1.921242
v -4.098286 -5.334692 1.921243
v -4.098287 -5.497733 1.921242
v -3.938566 -5.219406 1.805956
v -4.098286 -5.334692 1.921243
v -3.938566 -5.334692 1.921243
v -4.098287 -5.613019 1.642916
v -4.098287 -5.497733 1.921242
v -4.098287 -5.219406 1.805956
v -3.938566 -5.219406 1.642916
v -4.098287 -5.219406 1.805956
v -3.938566 -5.219406 1.805956
v -3.938566 -5.334692 1.527629
v -4.098287 -5.219406 1.642916
v -3.938566 -5.219406 1.642916
v -3.938565 -13.669070 -1.530966
v -4.098286 -13.832110 -1.530966
v -3.938565 -13.832110 -1.530966
v -3.938565 -13.553790 -1.646253
v -4.098286 -13.669070 -1.530966
v -3.938565 -13.669070 -1.530966
v -3.938566 -13.553790 -1.809293
v -4.098286 -13.553790 -1.646253
v -3.938565 -13.553790 -1.646253
v -3.938566 -13.553790 -1.809293
v -4.098286 -13.669070 -1.924580
v -4.098286 -13.553790 -1.809293
v -3.938565 -13.832110 -1.924580
v -4.098286 -13.669070 -1.924580
v -3.938565 -13.669070 -1.924580
v -3.938565 -13.947400 -1.809293
v -4.098286 -13.832110 -1.924580
v -3.938565 -13.832110 -1.924580
v -4.098286 -13.947400 -1.809293
v -4.098286 -13.947400 -1.646253
v -4.098286 -13.832110 -1.530966
v -3.938565 -13.947400 -1.646253
v -4.098286 -13.947400 -1.809293
v -3.938565 -13.947400 -1.809293
v -3.938565 -13.832110 -1.530966
v -4.098286 -13.947400 -1.646253
v -3.938565 -13.947400 -1.646253
v -3.938566 -8.054105 -4.087339
v -4.098286 -8.054105 -4.250379
v -3.938566 -8.054105 -4.250379
v -3.938566 -7.938819 -3.972052
v -4.098286 -8.054105 -4.087339
v -3.938566 -8.054105 -4.087339
v -3.938566 -7.775779 -3.972052
v -4.098286 -7.938819 -3.972052
v -3.938566 -7.938819 -3.972052
v -3.938566 -7.660492 -4.087339
v -4.098286 -7.775779 -3.972052
v -3.938566 -7.775779 -3.972052
v -3.938566 -7.660492 -4.250379
v -4.098286 -7.660492 -4.087339
v -3.938566 -7.660492 -4.087339
v -3.938566 -7.775779 -4.365665
v -4.098286 -7.660492 -4.250379
v -3.938566 -7.660492 -4.250379
v -4.098286 -7.660492 -4.087339
v -4.098286 -7.775779 -4.365665
v -4.098286 -8.054105 -4.250379
v -3.938566 -7.938819 -4.365666
v -4.098286 -7.775779 -4.365665
v -3.938566 -7.775779 -4.365665
v -3.938566 -8.054105 -4.250379
v -4.098286 -7.938819 -4.365666
v -3.938566 -7.938819 -4.365666
v -3.938565 -11.112700 4.084002
v -4.098286 -11.112700 4.247042
v -3.938565 -11.112700 4.247042
v -3.938565 -11.227990 3.968716
v -4.098286 -11.112700 4.084002
v -3.938565 -11.112700 4.084002
v -3.938565 -11.227990 3.968716
v -4.098286 -11.391030 3.968715
v -4.098286 -11.227990 3.968716
v -3.938565 -11.506310 4.084002
v -4.098286 -11.391030 3.968715
v -3.938565 -11.391030 3.968715
v -3.938565 -11.506310 4.084002
v -4.098286 -11.506310 4.247042
v -4.098286 -11.506310 4.084002
v -3.938565 -11.506310 4.247042
v -4.098286 -11.391030 4.362329
v -4.098286 -11.506310 4.247042
v -4.098286 -11.227990 3.968716
v -4.098286 -11.506310 4.084002
v -4.098286 -11.391030 4.362329
v -3.938565 -11.227990 4.362329
v -4.098286 -11.391030 4.362329
v -3.938565 -11.391030 4.362329
v -3.938565 -11.112700 4.247042
v -4.098286 -11.227990 4.362329
v -3.938565 -11.227990 4.362329
v -3.938566 -7.775774 3.968714
v -4.098286 -7.660488 4.084000
v -3.938566 -7.660488 4.084000
v -3.938566 -7.938814 3.968714
v -4.098286 -7.775774 3.968714
v -3.938566 -7.775774 3.968714
v -3.938566 -8.054101 4.084000
v -4.098286 -7.938814 3.968714
v -3.938566 -7.938814 3.968714
v -3.938566 -8.054100 4.247040
v -4.098286 -8.054101 4.084000
v -3.938566 -8.054101 4.084000
v -3.938566 -7.938814 4.362328
v -4.098286 -8.054100 4.247040
v -3.938566 -8.054100 4.247040
v -3.938566 -7.775774 4.362327
v -4.098286 -7.938814 4.362328
v -3.938566 -7.938814 4.362328
v -4.098286 -8.054100 4.247040
v -4.098286 -7.775774 4.362327
v -4.098286 -7.660488 4.084000
v -3.938566 -7.660487 4.247040
v -4.098286 -7.775774 4.362327
v -3.938566 -7.775774 4.362327
v -3.938566 -7.660488 4.084000
v -4.098286 -7.660487 4.247040
v -3.938566 -7.660487 4.247040
v -3.938565 -11.391030 -3.972050
v -4.098286 -11.506320 -4.087337
v -3.938565 -11.506320 -4.087337
v -3.938566 -11.227990 -3.972050
v -4.098286 -11.391030 -3.972050
v -3.938565 -11.391030 -3.972050
v -3.938566 -11.112700 -4.087337
v -4.098286 -11.227990 -3.972050
v -3.938566 -11.227990 -3.972050
v -3.938566 -11.112700 -4.087337
v -4.098286 -11.112700 -4.250377
v -4.098286 -11.112700 -4.087337
v -3.938565 -11.227990 -4.365664
v -4.098286 -11.112700 -4.250377
v -3.938565 -11.112700 -4.250377
v -3.938565 -11.391030 -4.365664
v -4.098286 -11.227990 -4.365664
v -3.938565 -11.227990 -4.365664
v -4.098286 -11.506320 -4.250377
v -4.098286 -11.506320 -4.087337
v -4.098286 -11.112700 -4.250377
v -3.938565 -11.506320 -4.250377
v -4.098286 -11.391030 -4.365664
v -3.938565 -11.391030 -4.365664
v -3.938565 -11.506320 -4.250377
v -4.098286 -11.506320 -4.087337
v -4.098286 -11.506320 -4.250377
v -3.938565 -13.553780 1.805961
v -4.098286 -13.669070 1.921247
v -3.938565 -13.669070 1.921247
v -3.938565 -13.553780 1.642920
v -4.098286 -13.553780 1.805961
v -3.938565 -13.553780 1.805961
v -3.938565 -13.669070 1.527633
v -4.098286 -13.553780 1.642920
v -3.938565 -13.553780 1.642920
v -3.938565 -13.832110 1.527634
v -4.098286 -13.669070 1.527633
v -3.938565 -13.669070 1.527633
v -3.938565 -13.832110 1.527634
v -4.098286 -13.947400 1.642920
v -4.098286 -13.832110 1.527634
v -3.938565 -13.947400 1.642921
v -4.098286 -13.947400 1.805960
v -4.098286 -13.947400 1.642920
v -4.098286 -13.832110 1.921247
v -4.098286 -13.669070 1.921247
v -4.098286 -13.832110 1.527634
v -3.938565 -13.832110 1.921247
v -4.098286 -13.947400 1.805960
v -3.938565 -13.947400 1.805960
v -3.938565 -13.669070 1.921247
v -4.098286 -13.832110 1.921247
v -3.938565 -13.832110 1.921247
v -4.080368 -13.752930 -2.893131
v -3.810110 -13.093610 -3.608042
v -4.080368 -13.110040 -3.622529
v -4.001807 -13.837050 -4.263313
v -3.810110 -13.093610 -3.608042
v -3.731549 -13.820620 -4.248826
v -4.072017 -14.392080 -3.543334
v -4.140048 -13.205800 -3.620071
v -4.072018 -13.835370 -4.174970
v -4.001807 -14.479940 -3.533914
v -3.731549 -13.820620 -4.248826
v -3.731549 -14.463500 -3.519428
v -4.001807 -13.837050 -4.263313
v -4.072017 -14.392080 -3.543334
v -4.072018 -13.835370 -4.174970
v -4.140048 -13.762510 -2.988436
v -4.001807 -14.479940 -3.533914
v -4.080368 -13.752930 -2.893131
v -4.072018 -13.835370 -4.174970
v -4.080368 -13.110040 -3.622529
v -4.001807 -13.837050 -4.263313
v -4.140048 -13.205800 -3.620071
v -4.080368 -13.752930 -2.893131
v -4.080368 -13.110040 -3.622529
v -3.810110 -13.736490 -2.878644
v -4.001807 -14.479940 -3.533914
v -3.731549 -14.463500 -3.519428
v -3.862248 -12.968860 -3.740394
v -3.862680 -13.524320 -3.102130
v -3.865462 -12.965350 -3.684410
v -3.865538 -13.474430 -3.105410
v -3.773341 -12.959750 -3.679472
v -3.865462 -12.965350 -3.684410
v -3.683247 -13.767880 -4.443390
v -3.862248 -12.968860 -3.740394
v -3.770127 -12.963260 -3.735456
v -3.772162 -13.829450 -4.444639
v -3.680979 -13.796590 -4.453141
v -3.680041 -13.823850 -4.439701
v -3.775368 -13.773480 -4.448328
v -3.680979 -13.796590 -4.453141
v -3.773100 -13.802190 -4.458079
v -3.773341 -12.959750 -3.679472
v -3.864519 -12.955520 -3.713166
v -3.865462 -12.965350 -3.684410
v -3.770127 -12.963260 -3.735456
v -3.864519 -12.955520 -3.713166
v -3.772398 -12.949910 -3.708229
v -3.680041 -13.823850 -4.439701
v -3.772242 -14.361910 -3.839038
v -3.772162 -13.829450 -4.444639
v -3.647913 -13.103520 -4.032810
v -3.937358 -12.942390 -3.890794
v -3.918171 -13.119950 -4.047296
v -3.937358 -12.516970 -4.373465
v -3.647913 -12.678090 -4.515480
v -3.918171 -12.694530 -4.529967
v -3.667100 -12.500530 -4.358978
v -3.937358 -12.942390 -3.890794
v -3.667100 -12.925950 -3.876307
v -3.918171 -13.119950 -4.047296
v -3.647913 -12.678090 -4.515480
v -3.647913 -13.103520 -4.032810
v -3.937358 -12.942390 -3.890794
v -3.918171 -12.694530 -4.529967
v -3.918171 -13.119950 -4.047296
v -3.846311 -12.869040 -4.432757
v -3.642076 -12.740280 -4.553795
v -3.846311 -12.752700 -4.564743
v -3.826269 -13.054510 -4.596231
v -3.622034 -12.925760 -4.717270
v -3.622034 -13.042090 -4.585284
v -3.826269 -12.938180 -4.728218
v -3.846311 -12.869040 -4.432757
v -3.846311 -12.752700 -4.564743
v -3.642076 -12.740280 -4.553795
v -3.826269 -12.938180 -4.728218
v -3.846311 -12.752700 -4.564743
v -3.826269 -13.054510 -4.596231
v -3.642076 -12.856620 -4.421809
v -3.846311 -12.869040 -4.432757
v -3.768690 -12.927550 -4.373844
v -3.841589 -12.890460 -4.424862
v -3.841589 -12.931990 -4.377752
v -3.834435 -12.998190 -4.436101
v -3.761536 -12.952230 -4.479304
v -3.761536 -12.993760 -4.432194
v -3.834435 -12.956670 -4.483211
v -3.841589 -12.931990 -4.377752
v -3.841589 -12.890460 -4.424862
v -3.768690 -12.886030 -4.420954
v -3.834435 -12.956670 -4.483211
v -3.841589 -12.890460 -4.424862
v -3.834435 -12.998190 -4.436101
v -3.768690 -12.927550 -4.373844
v -3.841589 -12.931990 -4.377752
v -3.768690 -12.986050 -4.307480
v -3.841589 -12.948960 -4.358498
v -3.841589 -12.990480 -4.311388
v -3.834434 -13.015160 -4.416847
v -3.761536 -13.052250 -4.365829
v -3.834435 -13.056680 -4.369737
v -3.841589 -12.948960 -4.358498
v -3.834435 -13.056680 -4.369737
v -3.841589 -12.990480 -4.311388
v -3.768690 -12.944520 -4.354590
v -3.834434 -13.015160 -4.416847
v -3.841589 -12.948960 -4.358498
v -3.834435 -13.056680 -4.369737
v -3.768690 -12.986050 -4.307480
v -3.841589 -12.990480 -4.311388
v -3.768690 -13.044450 -4.241218
v -3.841589 -13.007360 -4.292235
v -3.841589 -13.048880 -4.245125
v -3.834435 -13.073560 -4.350585
v -3.761536 -13.110650 -4.299567
v -3.834435 -13.115080 -4.303474
v -3.841589 -13.007360 -4.292235
v -3.834435 -13.115080 -4.303474
v -3.841589 -13.048880 -4.245125
v -3.761536 -13.069130 -4.346678
v -3.841589 -13.007360 -4.292235
v -3.768690 -13.002930 -4.288328
v -3.834435 -13.115080 -4.303474
v -3.768690 -13.044450 -4.241218
v -3.841589 -13.048880 -4.245125
v -3.817594 -13.887640 -4.715831
v -3.679345 -13.555610 -4.423177
v -3.852337 -13.566130 -4.432449
v -3.852337 -13.206110 -4.840911
v -3.644602 -13.517110 -5.115020
v -3.817594 -13.527630 -5.124293
v -3.679345 -13.195590 -4.831638
v -3.852337 -13.566130 -4.432449
v -3.679345 -13.555610 -4.423177
v -3.817594 -13.527630 -5.124293
v -3.644602 -13.877120 -4.706558
v -3.817594 -13.887640 -4.715831
v -3.852337 -13.206110 -4.840911
v -3.817594 -13.887640 -4.715831
v -3.852337 -13.566130 -4.432449
v -3.865538 -13.474430 -3.105410
v -3.772582 -13.493120 -3.088494
v -3.773417 -13.468820 -3.100472
v -3.862680 -13.524320 -3.102130
v -3.772582 -13.493120 -3.088494
v -3.864703 -13.498730 -3.093431
v -3.772242 -14.361910 -3.839038
v -3.770559 -13.518720 -3.097192
v -3.862680 -13.524320 -3.102130
v -3.849771 -12.647400 -4.426931
v -3.850109 -12.621150 -4.498722
v -3.858931 -12.655860 -4.433607
v -3.848158 -12.663100 -4.439214
v -3.850109 -12.621150 -4.498722
v -3.839744 -12.630650 -4.500252
v -3.838997 -12.654650 -4.432538
v -3.839744 -12.630650 -4.500252
v -3.830419 -12.621290 -4.495217
v -3.838997 -12.654650 -4.432538
v -3.840784 -12.611790 -4.493687
v -3.849771 -12.647400 -4.426931
v -3.840784 -12.611790 -4.493687
v -3.833252 -12.606030 -4.575070
v -3.850109 -12.621150 -4.498722
v -3.850109 -12.621150 -4.498722
v -3.823700 -12.616120 -4.572425
v -3.839744 -12.630650 -4.500252
v -3.830419 -12.621290 -4.495217
v -3.823700 -12.616120 -4.572425
v -3.813676 -12.606250 -4.570978
v -3.840784 -12.611790 -4.493687
v -3.813676 -12.606250 -4.570978
v -3.823227 -12.596160 -4.573623
v -3.823227 -12.596160 -4.573623
v -3.821471 -12.626260 -4.635350
v -3.833252 -12.606030 -4.575070
v -3.833252 -12.606030 -4.575070
v -3.812847 -12.634600 -4.627863
v -3.823700 -12.616120 -4.572425
v -3.813676 -12.606250 -4.570978
v -3.812847 -12.634600 -4.627863
v -3.801809 -12.626640 -4.631711
v -3.823227 -12.596160 -4.573623
v -3.801809 -12.626640 -4.631711
v -3.810433 -12.618300 -4.639197
v -3.821471 -12.626260 -4.635350
v -3.799491 -12.724830 -4.720704
v -3.810893 -12.730480 -4.714534
v -3.812847 -12.634600 -4.627863
v -3.810893 -12.730480 -4.714534
v -3.802604 -12.736690 -4.704905
v -3.812847 -12.634600 -4.627863
v -3.791202 -12.731040 -4.711074
v -3.801809 -12.626640 -4.631711
v -3.801809 -12.626640 -4.631711
v -3.799491 -12.724830 -4.720704
v -3.810433 -12.618300 -4.639197
v -3.810893 -12.730480 -4.714534
v -3.784083 -12.881280 -4.830646
v -3.795485 -12.886930 -4.824476
v -3.802604 -12.736690 -4.704905
v -3.795485 -12.886930 -4.824476
v -3.787197 -12.893140 -4.814846
v -3.802604 -12.736690 -4.704905
v -3.775795 -12.887490 -4.821016
v -3.791202 -12.731040 -4.711074
v -3.791202 -12.731040 -4.711074
v -3.784083 -12.881280 -4.830646
v -3.799491 -12.724830 -4.720704
v -3.784083 -12.881280 -4.830646
v -3.784878 -12.991390 -4.903848
v -3.795485 -12.886930 -4.824476
v -3.795485 -12.886930 -4.824476
v -3.776700 -12.996430 -4.893470
v -3.787197 -12.893140 -4.814846
v -3.775795 -12.887490 -4.821016
v -3.776700 -12.996430 -4.893470
v -3.765217 -12.991640 -4.900192
v -3.784083 -12.881280 -4.830646
v -3.765217 -12.991640 -4.900192
v -3.773393 -12.986600 -4.910570
v -3.773393 -12.986600 -4.910570
v -3.779600 -13.056220 -4.928760
v -3.784878 -12.991390 -4.903848
v -3.784878 -12.991390 -4.903848
v -3.771757 -13.056950 -4.917014
v -3.776700 -12.996430 -4.893470
v -3.765217 -12.991640 -4.900192
v -3.771757 -13.056950 -4.917014
v -3.760026 -13.055350 -4.924746
v -3.773393 -12.986600 -4.910570
v -3.760026 -13.055350 -4.924746
v -3.767868 -13.054620 -4.936492
v -3.779600 -13.056220 -4.928760
v -3.763141 -13.144590 -4.922585
v -3.775087 -13.142200 -4.915401
v -3.771757 -13.056950 -4.917014
v -3.775087 -13.142200 -4.915401
v -3.767534 -13.137520 -4.904398
v -3.771757 -13.056950 -4.917014
v -3.755588 -13.139910 -4.911582
v -3.760026 -13.055350 -4.924746
v -3.760026 -13.055350 -4.924746
v -3.763141 -13.144590 -4.922585
v -3.767868 -13.054620 -4.936492
v -3.763141 -13.144590 -4.922585
v -3.773273 -13.218190 -4.863017
v -3.775087 -13.142200 -4.915401
v -3.775087 -13.142200 -4.915401
v -3.765820 -13.209000 -4.855270
v -3.767534 -13.137520 -4.904398
v -3.755588 -13.139910 -4.911582
v -3.765820 -13.209000 -4.855270
v -3.753802 -13.214720 -4.860050
v -3.763141 -13.144590 -4.922585
v -3.753802 -13.214720 -4.860050
v -3.761255 -13.223910 -4.867796
v -3.866551 -12.991530 -3.723449
v -3.876426 -12.852740 -3.883857
v -3.875712 -12.999980 -3.730125
v -3.875712 -12.999980 -3.730125
v -3.865652 -12.859280 -3.890275
v -3.864938 -13.007230 -3.735732
v -3.855777 -12.998770 -3.729056
v -3.865652 -12.859280 -3.890275
v -3.856492 -12.851530 -3.882789
v -3.866551 -12.991530 -3.723449
v -3.856492 -12.851530 -3.882789
v -3.867265 -12.844990 -3.876371
v -3.867265 -12.844990 -3.876371
v -3.878002 -12.611890 -4.127719
v -3.876426 -12.852740 -3.883857
v -3.876426 -12.852740 -3.883857
v -3.867227 -12.618430 -4.134137
v -3.865652 -12.859280 -3.890275
v -3.856492 -12.851530 -3.882789
v -3.867227 -12.618430 -4.134137
v -3.858067 -12.610680 -4.126651
v -3.867265 -12.844990 -3.876371
v -3.858067 -12.610680 -4.126651
v -3.868842 -12.604140 -4.120233
v -3.868842 -12.604140 -4.120233
v -3.878710 -12.464900 -4.281155
v -3.878002 -12.611890 -4.127719
v -3.878002 -12.611890 -4.127719
v -3.867917 -12.472090 -4.286794
v -3.867227 -12.618430 -4.134137
v -3.858067 -12.610680 -4.126651
v -3.867917 -12.472090 -4.286794
v -3.858788 -12.463190 -4.280680
v -3.868842 -12.604140 -4.120233
v -3.858788 -12.463190 -4.280680
v -3.869581 -12.456000 -4.275041
v -3.869581 -12.456000 -4.275041
v -3.882904 -12.431100 -4.344198
v -3.878710 -12.464900 -4.281155
v -3.878710 -12.464900 -4.281155
v -3.872000 -12.439320 -4.347876
v -3.867917 -12.472090 -4.286794
v -3.858788 -12.463190 -4.280680
v -3.872000 -12.439320 -4.347876
v -3.863044 -12.428810 -4.344820
v -3.869581 -12.456000 -4.275041
v -3.863044 -12.428810 -4.344820
v -3.873948 -12.420590 -4.341142
v -3.882904 -12.431100 -4.344198
v -3.880775 -12.403790 -4.431246
v -3.889560 -12.414870 -4.431059
v -3.882904 -12.431100 -4.344198
v -3.878490 -12.423660 -4.431526
v -3.872000 -12.439320 -4.347876
v -3.872000 -12.439320 -4.347876
v -3.869704 -12.412580 -4.431713
v -3.863044 -12.428810 -4.344820
v -3.873948 -12.420590 -4.341142
v -3.869704 -12.412580 -4.431713
v -3.880775 -12.403790 -4.431246
v -3.889560 -12.414870 -4.431059
v -3.879835 -12.420980 -4.534997
v -3.888719 -12.431580 -4.532051
v -3.889560 -12.414870 -4.431059
v -3.877811 -12.439570 -4.527895
v -3.878490 -12.423660 -4.431526
v -3.878490 -12.423660 -4.431526
v -3.868928 -12.428970 -4.530841
v -3.869704 -12.412580 -4.431713
v -3.880775 -12.403790 -4.431246
v -3.868928 -12.428970 -4.530841
v -3.879835 -12.420980 -4.534997
v -3.888719 -12.431580 -4.532051
v -3.857975 -12.479080 -4.630277
v -3.867206 -12.488730 -4.625625
v -3.877811 -12.439570 -4.527895
v -3.867206 -12.488730 -4.625625
v -3.857053 -12.494650 -4.617758
v -3.877811 -12.439570 -4.527895
v -3.847822 -12.485000 -4.622410
v -3.868928 -12.428970 -4.530841
v -3.868928 -12.428970 -4.530841
v -3.857975 -12.479080 -4.630277
v -3.879835 -12.420980 -4.534997
v -3.857975 -12.479080 -4.630277
v -3.834367 -12.566130 -4.703011
v -3.867206 -12.488730 -4.625625
v -3.857053 -12.494650 -4.617758
v -3.834367 -12.566130 -4.703011
v -3.824630 -12.570950 -4.693957
v -3.847822 -12.485000 -4.622410
v -3.824630 -12.570950 -4.693957
v -3.815026 -12.562290 -4.699675
v -3.847822 -12.485000 -4.622410
v -3.824763 -12.557470 -4.708729
v -3.857975 -12.479080 -4.630277
v -3.824763 -12.557470 -4.708729
v -3.814476 -12.633380 -4.759469
v -3.834367 -12.566130 -4.703011
v -3.824630 -12.570950 -4.693957
v -3.814476 -12.633380 -4.759469
v -3.804666 -12.638460 -4.750640
v -3.815026 -12.562290 -4.699675
v -3.804666 -12.638460 -4.750640
v -3.794706 -12.631110 -4.757472
v -3.815026 -12.562290 -4.699675
v -3.804516 -12.626020 -4.766301
v -3.824763 -12.557470 -4.708729
v -3.814476 -12.633380 -4.759469
v -3.793596 -12.734060 -4.847134
v -3.803694 -12.740470 -4.839591
v -3.814476 -12.633380 -4.759469
v -3.793858 -12.745730 -4.830897
v -3.804666 -12.638460 -4.750640
v -3.804666 -12.638460 -4.750640
v -3.783760 -12.739320 -4.838439
v -3.794706 -12.631110 -4.757472
v -3.804516 -12.626020 -4.766301
v -3.783760 -12.739320 -4.838439
v -3.793596 -12.734060 -4.847134
v -3.793596 -12.734060 -4.847134
v -3.788890 -12.892030 -4.943816
v -3.803694 -12.740470 -4.839591
v -3.803694 -12.740470 -4.839591
v -3.779098 -12.896840 -4.934813
v -3.793858 -12.745730 -4.830897
v -3.783760 -12.739320 -4.838439
v -3.779098 -12.896840 -4.934813
v -3.768957 -12.890880 -4.942661
v -3.793596 -12.734060 -4.847134
v -3.768957 -12.890880 -4.942661
v -3.778747 -12.886070 -4.951664
v -3.778747 -12.886070 -4.951664
v -3.779798 -12.990480 -5.001736
v -3.788890 -12.892030 -4.943816
v -3.788890 -12.892030 -4.943816
v -3.770164 -12.993490 -4.991831
v -3.779098 -12.896840 -4.934813
v -3.768957 -12.890880 -4.942661
v -3.770164 -12.993490 -4.991831
v -3.759866 -12.989310 -5.000572
v -3.778747 -12.886070 -4.951664
v -3.759866 -12.989310 -5.000572
v -3.769500 -12.986290 -5.010477
v -3.769500 -12.986290 -5.010477
v -3.774634 -13.062490 -5.016372
v -3.779798 -12.990480 -5.001736
v -3.779798 -12.990480 -5.001736
v -3.765242 -13.062120 -5.005806
v -3.770164 -12.993490 -4.991831
v -3.759866 -12.989310 -5.000572
v -3.765242 -13.062120 -5.005806
v -3.754705 -13.061280 -5.015202
v -3.769500 -12.986290 -5.010477
v -3.754705 -13.061280 -5.015202
v -3.764098 -13.061650 -5.025768
v -3.764098 -13.061650 -5.025768
v -3.769315 -13.164580 -4.999788
v -3.774634 -13.062490 -5.016372
v -3.774634 -13.062490 -5.016372
v -3.760132 -13.160060 -4.990029
v -3.765242 -13.062120 -5.005806
v -3.754705 -13.061280 -5.015202
v -3.760132 -13.160060 -4.990029
v -3.749387 -13.163320 -4.998625
v -3.764098 -13.061650 -5.025768
v -3.749387 -13.163320 -4.998625
v -3.758571 -13.167850 -5.008384
v -3.769315 -13.164580 -4.999788
v -3.756014 -13.293300 -4.913762
v -3.766836 -13.286500 -4.907713
v -3.760132 -13.160060 -4.990029
v -3.766836 -13.286500 -4.907713
v -3.757732 -13.278400 -4.900528
v -3.760132 -13.160060 -4.990029
v -3.746910 -13.285210 -4.906577
v -3.749387 -13.163320 -4.998625
v -3.749387 -13.163320 -4.998625
v -3.756014 -13.293300 -4.913762
v -3.758571 -13.167850 -5.008384
v -3.936146 -13.803690 -2.970199
v -3.886482 -13.885450 -2.944397
v -3.940067 -13.847500 -2.918163
v -3.890341 -13.765400 -2.932312
v -3.940067 -13.847500 -2.918163
v -3.894208 -13.808090 -2.881499
v -3.890341 -13.765400 -2.932312
v -3.840624 -13.846050 -2.907733
v -3.836472 -13.797630 -2.964856
v -3.836472 -13.797630 -2.964856
v -3.886482 -13.885450 -2.944397
v -3.882276 -13.835930 -3.002743
v -3.940067 -13.847500 -2.918163
v -3.896736 -13.959100 -2.852385
v -3.950241 -13.920510 -2.826915
v -3.894208 -13.808090 -2.881499
v -3.950241 -13.920510 -2.826915
v -3.904436 -13.881540 -2.789731
v -3.894208 -13.808090 -2.881499
v -3.850930 -13.920120 -2.815201
v -3.840624 -13.846050 -2.907733
v -3.840624 -13.846050 -2.907733
v -3.896736 -13.959100 -2.852385
v -3.886482 -13.885450 -2.944397
v -3.950241 -13.920510 -2.826915
v -3.909577 -14.050280 -2.743609
v -3.963249 -14.012930 -2.716689
v -3.904436 -13.881540 -2.789731
v -3.963249 -14.012930 -2.716689
v -3.917618 -13.975240 -2.678000
v -3.904436 -13.881540 -2.789731
v -3.863945 -14.012580 -2.704921
v -3.850930 -13.920120 -2.815201
v -3.850930 -13.920120 -2.815201
v -3.909577 -14.050280 -2.743609
v -3.896736 -13.959100 -2.852385
v -3.963249 -14.012930 -2.716689
v -3.921607 -14.150250 -2.636875
v -3.975633 -14.116020 -2.606721
v -3.917618 -13.975240 -2.678000
v -3.975633 -14.116020 -2.606721
v -3.930288 -14.080860 -2.565398
v -3.917618 -13.975240 -2.678000
v -3.876263 -14.115090 -2.595551
v -3.863945 -14.012580 -2.704921
v -3.863945 -14.012580 -2.704921
v -3.921607 -14.150250 -2.636875
v -3.909577 -14.050280 -2.743609
v -3.975633 -14.116020 -2.606721
v -3.929424 -14.248330 -2.552035
v -3.983948 -14.221480 -2.515889
v -3.930288 -14.080860 -2.565398
v -3.983948 -14.221480 -2.515889
v -3.938986 -14.192000 -2.469966
v -3.930288 -14.080860 -2.565398
v -3.884462 -14.218840 -2.506112
v -3.876263 -14.115090 -2.595551
v -3.876263 -14.115090 -2.595551
v -3.929424 -14.248330 -2.552035
v -3.921607 -14.150250 -2.636875
v -3.983948 -14.221480 -2.515889
v -3.930087 -14.332540 -2.506949
v -3.984685 -14.320620 -2.463626
v -3.938986 -14.192000 -2.469966
v -3.984685 -14.320620 -2.463626
v -3.939786 -14.303540 -2.411740
v -3.938986 -14.192000 -2.469966
v -3.885188 -14.315450 -2.455063
v -3.884462 -14.218840 -2.506112
v -3.884462 -14.218840 -2.506112
v -3.930087 -14.332540 -2.506949
v -3.929424 -14.248330 -2.552035
v -3.930087 -14.332540 -2.506949
v -3.978515 -14.433130 -2.451165
v -3.984685 -14.320620 -2.463626
v -3.984685 -14.320620 -2.463626
v -3.932941 -14.431380 -2.397129
v -3.939786 -14.303540 -2.411740
v -3.885188 -14.315450 -2.455063
v -3.932941 -14.431380 -2.397129
v -3.879053 -14.427140 -2.442716
v -3.930087 -14.332540 -2.506949
v -3.879053 -14.427140 -2.442716
v -3.924628 -14.428890 -2.496752
v -3.924628 -14.428890 -2.496752
v -3.970473 -14.549830 -2.468802
v -3.978515 -14.433130 -2.451165
v -3.978515 -14.433130 -2.451165
v -3.924180 -14.558710 -2.416092
v -3.932941 -14.431380 -2.397129
v -3.879053 -14.427140 -2.442716
v -3.924180 -14.558710 -2.416092
v -3.870967 -14.544490 -2.460433
v -3.924628 -14.428890 -2.496752
v -3.870967 -14.544490 -2.460433
v -3.917259 -14.535610 -2.513143
v -3.917259 -14.535610 -2.513143
v -3.961289 -14.667830 -2.506263
v -3.970473 -14.549830 -2.468802
v -3.970473 -14.549830 -2.468802
v -3.914550 -14.682530 -2.455279
v -3.924180 -14.558710 -2.416092
v -3.870967 -14.544490 -2.460433
v -3.914550 -14.682530 -2.455279
v -3.861756 -14.662840 -2.497998
v -3.917259 -14.535610 -2.513143
v -3.861756 -14.662840 -2.497998
v -3.908494 -14.648140 -2.548982
v -3.908494 -14.648140 -2.548982
v -3.951742 -14.783320 -2.553340
v -3.961289 -14.667830 -2.506263
v -3.961289 -14.667830 -2.506263
v -3.904818 -14.800290 -2.503239
v -3.914550 -14.682530 -2.455279
v -3.861756 -14.662840 -2.497998
v -3.904818 -14.800290 -2.503239
v -3.852198 -14.778460 -2.545129
v -3.908494 -14.648140 -2.548982
v -3.852198 -14.778460 -2.545129
v -3.899122 -14.761490 -2.595231
v -3.899122 -14.761490 -2.595231
v -3.942611 -14.892500 -2.599804
v -3.951742 -14.783320 -2.553340
v -3.951742 -14.783320 -2.553340
v -3.895770 -14.908470 -2.549296
v -3.904818 -14.800290 -2.503239
v -3.852198 -14.778460 -2.545129
v -3.895770 -14.908470 -2.549296
v -3.843072 -14.887590 -2.591568
v -3.899122 -14.761490 -2.595231
v -3.843072 -14.887590 -2.591568
v -3.889913 -14.871620 -2.642076
v -3.942611 -14.892500 -2.599804
v -3.881885 -14.971760 -2.678062
v -3.934614 -14.992290 -2.635657
v -3.895770 -14.908470 -2.549296
v -3.934614 -14.992290 -2.635657
v -3.887948 -15.006310 -2.584415
v -3.895770 -14.908470 -2.549296
v -3.835218 -14.985780 -2.626820
v -3.843072 -14.887590 -2.591568
v -3.843072 -14.887590 -2.591568
v -3.881885 -14.971760 -2.678062
v -3.889913 -14.871620 -2.642076
v -3.934614 -14.992290 -2.635657
v -3.865570 -15.112980 -2.729735
v -3.918024 -15.135930 -2.688242
v -3.887948 -15.006310 -2.584415
v -3.918024 -15.135930 -2.688242
v -3.871369 -15.149850 -2.636961
v -3.887948 -15.006310 -2.584415
v -3.818916 -15.126890 -2.678454
v -3.835218 -14.985780 -2.626820
v -3.835218 -14.985780 -2.626820
v -3.865570 -15.112980 -2.729735
v -3.881885 -14.971760 -2.678062
v -3.865570 -15.112980 -2.729735
v -3.885947 -15.358530 -2.780171
v -3.918024 -15.135930 -2.688242
v -3.918024 -15.135930 -2.688242
v -3.839241 -15.372810 -2.729038
v -3.871369 -15.149850 -2.636961
v -3.818916 -15.126890 -2.678454
v -3.839241 -15.372810 -2.729038
v -3.787052 -15.347970 -2.769771
v -3.865570 -15.112980 -2.729735
v -3.787052 -15.347970 -2.769771
v -3.833757 -15.333690 -2.820904
v -3.833757 -15.333690 -2.820904
v -3.843237 -15.630300 -2.894513
v -3.885947 -15.358530 -2.780171
v -3.885947 -15.358530 -2.780171
v -3.796605 -15.644110 -2.843184
v -3.839241 -15.372810 -2.729038
v -3.787052 -15.347970 -2.769771
v -3.796605 -15.644110 -2.843184
v -3.744488 -15.618800 -2.883723
v -3.833757 -15.333690 -2.820904
v -3.744488 -15.618800 -2.883723
v -3.791121 -15.604990 -2.935052
v -3.791121 -15.604990 -2.935052
v -3.794713 -15.921560 -3.014386
v -3.843237 -15.630300 -2.894513
v -3.843237 -15.630300 -2.894513
v -3.748268 -15.934250 -2.962600
v -3.796605 -15.644110 -2.843184
v -3.744488 -15.618800 -2.883723
v -3.748268 -15.934250 -2.962600
v -3.696123 -15.909120 -3.003209
v -3.791121 -15.604990 -2.935052
v -3.696123 -15.909120 -3.003209
v -3.742568 -15.896430 -3.054995
v -3.742568 -15.896430 -3.054995
v -3.745199 -16.202520 -3.122865
v -3.794713 -15.921560 -3.014386
v -3.794713 -15.921560 -3.014386
v -3.699146 -16.212990 -3.070240
v -3.748268 -15.934250 -2.962600
v -3.696123 -15.909120 -3.003209
v -3.699146 -16.212990 -3.070240
v -3.646848 -16.188720 -3.111175
v -3.742568 -15.896430 -3.054995
v -3.646848 -16.188720 -3.111175
v -3.692901 -16.178240 -3.163800
v -3.745199 -16.202520 -3.122865
v -3.647246 -16.418890 -3.243872
v -3.699464 -16.443570 -3.203077
v -3.699146 -16.212990 -3.070240
v -3.699464 -16.443570 -3.203077
v -3.653826 -16.451930 -3.149717
v -3.699146 -16.212990 -3.070240
v -3.601608 -16.427250 -3.190511
v -3.646848 -16.188720 -3.111175
v -3.646848 -16.188720 -3.111175
v -3.647246 -16.418890 -3.243872
v -3.692901 -16.178240 -3.163800
v -3.699464 -16.443570 -3.203077
v -3.595922 -16.641630 -3.319529
v -3.647430 -16.669390 -3.279831
v -3.653826 -16.451930 -3.149717
v -3.647430 -16.669390 -3.279831
v -3.601758 -16.677900 -3.226522
v -3.653826 -16.451930 -3.149717
v -3.550251 -16.650130 -3.266219
v -3.601608 -16.427250 -3.190511
v -3.601608 -16.427250 -3.190511
v -3.595922 -16.641630 -3.319529
v -3.647246 -16.418890 -3.243872
v -3.595922 -16.641630 -3.319529
v -3.580854 -16.914570 -3.380296
v -3.647430 -16.669390 -3.279831
v -3.647430 -16.669390 -3.279831
v -3.534903 -16.924130 -3.327407
v -3.601758 -16.677900 -3.226522
v -3.550251 -16.650130 -3.266219
v -3.534903 -16.924130 -3.327407
v -3.484197 -16.893350 -3.365902
v -3.595922 -16.641630 -3.319529
v -3.484197 -16.893350 -3.365902
v -3.530149 -16.883800 -3.418791
v -3.530149 -16.883800 -3.418791
v -3.507182 -17.164490 -3.491176
v -3.580854 -16.914570 -3.380296
v -3.580854 -16.914570 -3.380296
v -3.461166 -17.174270 -3.438384
v -3.534903 -16.924130 -3.327407
v -3.484197 -16.893350 -3.365902
v -3.461166 -17.174270 -3.438384
v -3.410834 -17.142210 -3.476318
v -3.530149 -16.883800 -3.418791
v -3.410834 -17.142210 -3.476318
v -3.456850 -17.132440 -3.529110
v -3.456850 -17.132440 -3.529110
v -3.433806 -17.404640 -3.599232
v -3.507182 -17.164490 -3.491176
v -3.507182 -17.164490 -3.491176
v -3.387951 -17.413890 -3.546205
v -3.461166 -17.174270 -3.438384
v -3.410834 -17.142210 -3.476318
v -3.387951 -17.413890 -3.546205
v -3.337599 -17.381900 -3.584171
v -3.456850 -17.132440 -3.529110
v -3.337599 -17.381900 -3.584171
v -3.383454 -17.372650 -3.637197
v -3.383454 -17.372650 -3.637197
v -3.368156 -17.620330 -3.691186
v -3.433806 -17.404640 -3.599232
v -3.433806 -17.404640 -3.599232
v -3.322804 -17.627900 -3.637465
v -3.387951 -17.413890 -3.546205
v -3.337599 -17.381900 -3.584171
v -3.322804 -17.627900 -3.637465
v -3.271894 -17.597770 -3.676200
v -3.383454 -17.372650 -3.637197
v -3.271894 -17.597770 -3.676200
v -3.317246 -17.590200 -3.729921
v -3.317246 -17.590200 -3.729921
v -3.317671 -17.796800 -3.753770
v -3.368156 -17.620330 -3.691186
v -3.368156 -17.620330 -3.691186
v -3.273338 -17.800730 -3.698824
v -3.322804 -17.627900 -3.637465
v -3.271894 -17.597770 -3.676200
v -3.273338 -17.800730 -3.698824
v -3.221113 -17.775290 -3.739140
v -3.317246 -17.590200 -3.729921
v -3.221113 -17.775290 -3.739140
v -3.265446 -17.771360 -3.794086
v -3.932048 -11.872240 -4.342130
v -3.747797 -11.781330 -5.985942
v -3.747797 -12.301120 -5.770638
v -2.722721 -11.872240 -4.342130
v -3.747797 -12.301120 -5.770638
v -2.722721 -12.258140 -5.732750
v -3.747797 -11.781330 -5.985942
v -2.722721 -11.027900 -4.691869
v -2.722721 -11.738350 -5.948054
v -3.431210 -12.461450 -7.627880
v -2.722721 -11.738350 -5.948054
v -2.722721 -12.418460 -7.589992
v -2.722721 -12.258140 -5.732750
v -3.431210 -12.981240 -7.412576
v -2.722721 -12.938250 -7.374688
v -3.747797 -12.301120 -5.770638
v -3.431210 -12.461450 -7.627880
v -3.431210 -12.981240 -7.412576
v -3.747797 -15.629760 -2.174153
v -3.932048 -13.948200 -2.263481
v -3.747797 -15.414450 -2.693943
v -2.722721 -14.297940 -1.419138
v -3.747797 -15.629760 -2.174153
v -2.722721 -15.629760 -2.174153
v -3.747797 -15.414450 -2.693943
v -2.722721 -13.948200 -2.263481
v -2.722721 -15.414450 -2.693943
v -3.431210 -17.174060 -3.422798
v -2.722721 -15.414450 -2.693943
v -2.722721 -17.174060 -3.422798
v -2.722721 -15.629760 -2.174153
v -3.431210 -17.389360 -2.903007
v -2.722721 -17.389370 -2.903007
v -3.431210 -17.389360 -2.903007
v -3.747797 -15.414450 -2.693943
v -3.431210 -17.174060 -3.422798
v -3.150907 -13.287150 -8.217000
v -3.431210 -12.461450 -7.627880
v -3.150907 -12.767360 -8.432304
v -2.722721 -12.938250 -7.374688
v -3.150907 -13.287150 -8.217000
v -2.722721 -13.287150 -8.217000
v -3.150907 -12.767360 -8.432304
v -2.722721 -12.418460 -7.589992
v -2.722721 -12.767360 -8.432304
v -3.150907 -18.066720 -3.183575
v -3.431210 -17.174060 -3.422798
v -3.150907 -17.851410 -3.703365
v -2.722721 -17.389370 -2.903007
v -3.150907 -18.066720 -3.183575
v -2.722721 -18.066720 -3.183575
v -3.150907 -17.851410 -3.703365
v -2.722721 -17.174060 -3.422798
v -2.722721 -17.851410 -3.703365
v -3.866708 -14.402820 -4.463724
v -3.987506 -14.085320 -3.847522
v -3.919426 -13.913540 -4.035348
v -3.702483 -14.323390 -4.534234
v -3.919426 -13.913540 -4.035348
v -3.755201 -13.834110 -4.105858
v -3.702675 -14.797560 -3.992667
v -3.919562 -14.248830 -3.652403
v -3.866844 -14.738110 -4.080779
v -3.866844 -14.738110 -4.080779
v -3.987506 -14.085320 -3.847522
v -3.934789 -14.574600 -4.275897
v -3.934789 -14.574600 -4.275897
v -3.845970 -14.764570 -4.120548
v -3.866844 -14.738110 -4.080779
v -3.910576 -14.609090 -4.306084
v -3.803270 -14.756990 -4.154002
v -3.845970 -14.764570 -4.120548
v -3.866844 -14.738110 -4.080779
v -3.698820 -14.817860 -4.041571
v -3.702675 -14.797560 -3.992667
v -3.845970 -14.764570 -4.120548
v -3.697210 -14.795400 -4.097078
v -3.698820 -14.817860 -4.041571
v -3.698640 -14.374550 -4.547886
v -3.866708 -14.402820 -4.463724
v -3.702483 -14.323390 -4.534234
v -3.697061 -14.426600 -4.518290
v -3.845840 -14.445740 -4.484687
v -3.698640 -14.374550 -4.547886
v -3.845840 -14.445740 -4.484687
v -3.934789 -14.574600 -4.275897
v -3.866708 -14.402820 -4.463724
v -3.803157 -14.477920 -4.472738
v -3.910576 -14.609090 -4.306084
v -3.845840 -14.445740 -4.484687
v -3.697210 -14.795400 -4.097078
v -3.859823 -14.620900 -4.316405
v -3.697061 -14.426600 -4.518290
v -3.938566 -5.606429 -1.802705
v -4.098287 -5.491142 -1.917991
v -3.938566 -5.491142 -1.917991
v -3.938566 -5.606429 -1.639665
v -4.098287 -5.606429 -1.802705
v -3.938566 -5.606429 -1.802705
v -3.938566 -5.491142 -1.524377
v -4.098287 -5.606429 -1.639665
v -3.938566 -5.606429 -1.639665
v -3.938566 -5.328102 -1.524378
v -4.098287 -5.491142 -1.524377
v -3.938566 -5.491142 -1.524377
v -3.938566 -5.212815 -1.639665
v -4.098287 -5.328102 -1.524378
v -3.938566 -5.328102 -1.524378
v -3.938566 -5.212815 -1.802705
v -4.098287 -5.212815 -1.639665
v -3.938566 -5.212815 -1.639665
v -4.098287 -5.328102 -1.524378
v -4.098287 -5.212815 -1.802705
v -4.098287 -5.491142 -1.917991
v -3.938566 -5.212815 -1.802705
v -4.098286 -5.328102 -1.917992
v -4.098287 -5.212815 -1.802705
v -3.938566 -5.491142 -1.917991
v -4.098286 -5.328102 -1.917992
v -3.938566 -5.328102 -1.917992
v -3.722721 0.416599 -0.001677
v -2.722721 0.224450 -1.952581
v -3.722721 0.224450 -1.952581
v -3.722721 -11.534300 9.806185
v -2.722721 -9.583397 9.998332
v -3.722721 -9.583396 9.998332
v -3.722720 -19.391250 -1.952571
v -2.722721 -18.822200 -3.828501
v -2.722721 -19.391260 -1.952571
v -3.722721 0.224454 1.949227
v -2.722721 0.416599 -0.001677
v -3.722721 0.416599 -0.001677
v -3.722721 -13.410230 9.237129
v -2.722721 -11.534300 9.806185
v -3.722721 -11.534300 9.806185
v -3.722720 -18.822200 -3.828501
v -2.722721 -17.898100 -5.557368
v -2.722721 -18.822200 -3.828501
v -3.722721 -0.344602 3.825160
v -2.722721 0.224454 1.949227
v -3.722721 0.224454 1.949227
v -3.722720 -15.139100 8.313029
v -2.722721 -13.410230 9.237129
v -3.722721 -13.410230 9.237129
v -3.722720 -19.583400 -0.001668
v -2.722721 -19.391260 -1.952571
v -2.722721 -19.583400 -0.001668
v -3.722720 -19.583400 -0.001668
v -2.722721 -19.391260 1.949234
v -3.722720 -19.391250 1.949234
v -3.722721 -9.583396 9.998332
v -2.722721 -7.632493 9.806184
v -3.722721 -7.632493 9.806184
v -3.722721 -7.632493 9.806184
v -2.722721 -5.756562 9.237126
v -3.722721 -5.756562 9.237126
v -3.722720 -9.583400 -10.001670
v -2.722721 -7.632512 -9.809523
v -2.722721 -9.583401 -10.001670
v -3.722720 -11.534300 -9.809519
v -2.722721 -9.583401 -10.001670
v -2.722721 -11.534300 -9.809519
v -3.722721 0.224450 -1.952581
v -2.722721 -0.344610 -3.828511
v -3.722721 -0.344610 -3.828511
v -3.722721 -0.344610 -3.828511
v -2.722721 -1.268711 -5.557379
v -3.722721 -1.268711 -5.557379
v -3.722720 -19.391250 1.949234
v -2.722721 -18.822200 3.825165
v -3.722720 -18.822200 3.825165
v -3.722721 -5.756562 9.237126
v -2.722721 -4.027694 8.313026
v -3.722721 -4.027693 8.313026
v -3.722721 -2.512342 -7.072743
v -2.722721 -1.268711 -5.557379
v -2.722721 -2.512342 -7.072743
v -3.722720 -13.410230 -9.240462
v -2.722721 -11.534300 -9.809519
v -2.722721 -13.410230 -9.240462
v -3.722720 -18.822200 3.825165
v -2.722721 -17.898100 5.554034
v -3.722720 -17.898100 5.554034
v -3.722721 -4.027693 8.313026
v -2.722721 -2.512328 7.069396
v -3.722721 -2.512328 7.069396
v -3.722721 -4.027709 -8.316370
v -2.722721 -2.512342 -7.072743
v -2.722721 -4.027709 -8.316370
v -3.722720 -15.139100 -8.316363
v -2.722721 -13.410230 -9.240462
v -2.722721 -15.139100 -8.316363
v -3.722720 -16.654470 7.069400
v -2.722721 -15.139100 8.313029
v -3.722720 -15.139100 8.313029
v -3.722720 -17.898100 5.554034
v -2.722721 -16.654470 7.069400
v -3.722720 -16.654470 7.069400
v -3.722721 -1.268700 5.554028
v -2.722721 -0.344602 3.825160
v -3.722721 -0.344602 3.825160
v -3.722721 -2.512328 7.069396
v -2.722721 -1.268700 5.554028
v -3.722721 -1.268700 5.554028
v -3.722720 -7.632512 -9.809523
v -2.722721 -5.756579 -9.240468
v -2.722721 -7.632512 -9.809523
v -3.722721 -4.027709 -8.316370
v -2.722721 -5.756579 -9.240468
v -3.722721 -5.756579 -9.240468
v -3.722720 -17.898100 -5.557368
v -2.722721 -16.654470 -7.072734
v -2.722721 -17.898100 -5.557368
v -3.722720 -16.654470 -7.072734
v -2.722721 -15.139100 -8.316363
v -2.722721 -16.654470 -7.072734
v -1.802177 -4.607593 -0.001671
v -1.485314 -4.607593 -0.001671
v -1.485314 -4.703203 -0.972402
v -2.650597 -15.943940 6.358872
v -1.722722 -15.943940 6.358872
v -1.722722 -17.062610 4.995776
v -2.650597 -14.580840 7.477536
v -1.722722 -14.580840 7.477536
v -1.722722 -15.943940 6.358872
v -2.650597 -13.025700 8.308779
v -1.722722 -13.025700 8.308779
v -1.722722 -14.580840 7.477536
v -2.650597 -11.338270 8.820654
v -1.722722 -11.338270 8.820654
v -1.722722 -13.025700 8.308779
v -2.650597 -9.583397 8.993493
v -1.722722 -9.583397 8.993493
v -1.722722 -11.338270 8.820654
v -2.650597 -7.828527 8.820653
v -1.722722 -7.828527 8.820653
v -1.722722 -9.583397 8.993493
v -2.650597 -6.141098 8.308776
v -1.722722 -6.141098 8.308776
v -1.722722 -7.828527 8.820653
v -2.650597 -4.585953 7.477533
v -1.722722 -4.585953 7.477533
v -1.722722 -6.141098 8.308776
v -2.650597 -3.222857 6.358868
v -1.722722 -3.222857 6.358868
v -1.722722 -4.585953 7.477533
v -2.650597 -2.104194 4.995771
v -1.722722 -2.104194 4.995771
v -1.722722 -3.222857 6.358868
v -2.650597 -1.272953 3.440625
v -1.722722 -1.272953 3.440625
v -1.722722 -2.104194 4.995771
v -2.650597 -0.761077 1.753194
v -1.722722 -0.761077 1.753194
v -1.722722 -1.272953 3.440625
v -2.650597 -0.588239 -0.001676
v -1.722722 -0.588239 -0.001676
v -1.722722 -0.761077 1.753194
v -2.650597 -0.761081 -1.756545
v -1.722722 -0.761081 -1.756545
v -1.722722 -0.588239 -0.001676
v -1.722722 -9.583401 -10.001670
v -1.722722 -9.583400 -8.996829
v -1.722722 -11.338270 -8.823988
v -1.722722 -7.632512 -9.809523
v -1.722722 -7.828545 -8.823992
v -1.722722 -9.583400 -8.996829
v -1.722722 -7.632512 -9.809523
v -1.722722 -5.756580 -9.240468
v -1.722722 -6.141114 -8.312118
v -1.722722 -4.027709 -8.316370
v -1.722722 -4.585967 -7.480876
v -1.722722 -6.141114 -8.312118
v -1.722722 -2.512342 -7.072743
v -1.722722 -3.222869 -6.362214
v -1.722722 -4.585967 -7.480876
v -1.722722 -2.512342 -7.072743
v -1.722722 -1.268711 -5.557379
v -1.722722 -2.104203 -4.999120
v -1.722722 -0.344610 -3.828511
v -1.722722 -1.272960 -3.443975
v -1.722722 -2.104203 -4.999120
v -1.722722 -0.344610 -3.828511
v -1.722722 0.224450 -1.952581
v -1.722722 -0.761081 -1.756545
v -1.722722 0.416599 -0.001677
v -1.722722 -0.588239 -0.001676
v -1.722722 -0.761081 -1.756545
v -1.722722 0.224454 1.949227
v -1.722722 -0.761077 1.753194
v -1.722722 -0.588239 -0.001676
v -1.722722 -0.344603 3.825160
v -1.722722 -1.272953 3.440625
v -1.722722 -0.761077 1.753194
v -1.722722 -1.268701 5.554028
v -1.722722 -2.104194 4.995771
v -1.722722 -1.272953 3.440625
v -1.722722 -2.512328 7.069396
v -1.722722 -3.222857 6.358868
v -1.722722 -2.104194 4.995771
v -1.722722 -4.027694 8.313026
v -1.722722 -4.585953 7.477533
v -1.722722 -3.222857 6.358868
v -1.722722 -5.756562 9.237126
v -1.722722 -6.141098 8.308776
v -1.722722 -4.585953 7.477533
v -1.722722 -5.756562 9.237126
v -1.722722 -7.632493 9.806184
v -1.722722 -7.828527 8.820653
v -1.722722 -9.583397 9.998332
v -1.722722 -9.583397 8.993493
v -1.722722 -7.828527 8.820653
v -1.722722 -9.583397 9.998332
v -1.722722 -11.534300 9.806185
v -1.722722 -11.338270 8.820654
v -1.722722 -11.534300 9.806185
v -1.722722 -13.410230 9.237129
v -1.722722 -13.025700 8.308779
v -1.722722 -13.410230 9.237129
v -1.722722 -15.139100 8.313029
v -1.722722 -14.580840 7.477536
v -1.722722 -15.139100 8.313029
v -1.722722 -16.654470 7.069400
v -1.722722 -15.943940 6.358872
v -1.722722 -17.898100 5.554034
v -1.722722 -17.062610 4.995776
v -1.722722 -15.943940 6.358872
v -1.722722 -18.822200 3.825165
v -1.722722 -17.893850 3.440630
v -1.722722 -17.062610 4.995776
v -1.722722 -19.391260 1.949234
v -1.722722 -18.405720 1.753200
v -1.722722 -17.893850 3.440630
v -1.722722 -19.391260 1.949234
v -1.722722 -19.583400 -0.001668
v -1.722722 -18.578560 -0.001668
v -1.722722 -19.583400 -0.001668
v -1.722722 -19.391260 -1.952571
v -1.722722 -18.405720 -1.756536
v -1.722722 -18.822200 -3.828501
v -1.722722 -17.893850 -3.443966
v -1.722722 -18.405720 -1.756536
v -1.722722 -17.898100 -5.557368
v -1.722722 -17.062610 -4.999110
v -1.722722 -17.893850 -3.443966
v -1.722722 -17.898100 -5.557368
v -1.722722 -16.654470 -7.072734
v -1.722722 -15.943940 -6.362206
v -1.722722 -16.654470 -7.072734
v -1.722722 -15.139100 -8.316363
v -1.722722 -14.580840 -7.480869
v -1.722722 -15.139100 -8.316363
v -1.722722 -13.410230 -9.240462
v -1.722722 -13.025700 -8.312112
v -1.722722 -11.534300 -9.809519
v -1.722722 -11.338270 -8.823988
v -1.722722 -13.025700 -8.312112
v -2.650597 -17.062610 4.995776
v -1.722722 -17.062610 4.995776
v -1.722722 -17.893850 3.440630
v -2.650597 -17.893850 3.440630
v -1.722722 -17.893850 3.440630
v -1.722722 -18.405720 1.753200
v -2.650597 -18.405720 1.753200
v -1.722722 -18.405720 1.753200
v -1.722722 -18.578560 -0.001668
v -2.650597 -18.578560 -0.001668
v -1.722722 -18.578560 -0.001668
v -1.722722 -18.405720 -1.756536
v -2.650597 -11.338270 -8.823988
v -1.722722 -11.338270 -8.823988
v -1.722722 -9.583400 -8.996829
v -2.650597 -18.405720 -1.756536
v -1.722722 -18.405720 -1.756536
v -1.722722 -17.893850 -3.443966
v -2.650597 -13.025700 -8.312112
v -1.722722 -13.025700 -8.312112
v -1.722722 -11.338270 -8.823988
v -2.650597 -17.893850 -3.443966
v -1.722722 -17.893850 -3.443966
v -1.722722 -17.062610 -4.999110
v -2.650597 -9.583400 -8.996829
v -1.722722 -9.583400 -8.996829
v -1.722722 -7.828545 -8.823992
v -2.650597 -17.062610 -4.999110
v -1.722722 -17.062610 -4.999110
v -1.722722 -15.943940 -6.362206
v -2.650597 -7.828545 -8.823992
v -1.722722 -7.828545 -8.823992
v -1.722722 -6.141114 -8.312118
v -2.650597 -15.943940 -6.362206
v -1.722722 -15.943940 -6.362206
v -1.722722 -14.580840 -7.480869
v -2.650597 -6.141114 -8.312118
v -1.722722 -6.141114 -8.312118
v -1.722722 -4.585967 -7.480876
v -2.650597 -14.580840 -7.480869
v -1.722722 -14.580840 -7.480869
v -1.722722 -13.025700 -8.312112
v -2.650597 -4.585967 -7.480876
v -1.722722 -4.585967 -7.480876
v -1.722722 -3.222869 -6.362214
v -2.650597 -3.222869 -6.362214
v -1.722722 -3.222869 -6.362214
v -1.722722 -2.104203 -4.999120
v -2.650597 -2.104203 -4.999120
v -1.722722 -2.104203 -4.999120
v -1.722722 -1.272960 -3.443975
v -2.650597 -1.272960 -3.443975
v -1.722722 -1.272960 -3.443975
v -1.722722 -0.761081 -1.756545
v -1.881416 -10.815510 -6.195905
v -1.881416 -9.583398 -6.317258
v -1.802177 -9.583397 -4.977474
v -1.881416 -8.351301 -6.195908
v -1.802177 -8.612678 -4.881867
v -1.802177 -9.583397 -4.977474
v -1.881416 -8.351301 -6.195908
v -1.881416 -7.166538 -5.836516
v -1.802177 -7.679250 -4.598716
v -1.881416 -6.074654 -5.252893
v -1.802177 -6.818996 -4.138902
v -1.802177 -7.679250 -4.598716
v -1.881416 -6.074654 -5.252893
v -1.881416 -5.117608 -4.467470
v -1.802177 -6.064978 -3.520097
v -1.881416 -4.332182 -3.510428
v -1.802177 -5.446172 -2.766082
v -1.802177 -6.064978 -3.520097
v -1.881416 -3.748558 -2.418546
v -1.802177 -4.986357 -1.905831
v -1.802177 -5.446172 -2.766082
v -1.881416 -3.389163 -1.233783
v -1.802177 -4.703203 -0.972402
v -1.802177 -4.986357 -1.905831
v -1.881416 -3.389163 -1.233783
v -1.881416 -3.267808 -0.001673
v -1.802177 -4.607593 -0.001671
v -1.881416 -3.389159 1.230437
v -1.802177 -4.703201 0.969059
v -1.802177 -4.607593 -0.001671
v -1.881416 -3.748553 2.415200
v -1.802177 -4.986353 1.902488
v -1.802177 -4.703201 0.969059
v -1.881416 -3.748553 2.415200
v -1.881416 -4.332175 3.507084
v -1.802177 -5.446166 2.762740
v -1.881416 -5.117600 4.464128
v -1.802177 -6.064972 3.516757
v -1.802177 -5.446166 2.762740
v -1.881416 -6.074643 5.249553
v -1.802177 -6.818988 4.135563
v -1.802177 -6.064972 3.516757
v -1.881416 -6.074643 5.249553
v -1.881416 -7.166525 5.833177
v -1.802177 -7.679239 4.595378
v -1.881416 -7.166525 5.833177
v -1.881416 -8.351286 6.192571
v -1.802177 -8.612666 4.878530
v -1.881416 -9.583398 6.313923
v -1.802177 -9.583399 4.974139
v -1.802177 -8.612666 4.878530
v -1.881416 -10.815510 6.192571
v -1.802177 -10.554130 4.878530
v -1.802177 -9.583399 4.974139
v -1.881416 -10.815510 6.192571
v -1.881416 -12.000270 5.833179
v -1.802177 -11.487560 4.595379
v -1.881416 -12.000270 5.833179
v -1.881416 -13.092150 5.249556
v -1.802177 -12.347810 4.135566
v -1.881416 -13.092150 5.249556
v -1.881416 -14.049200 4.464130
v -1.802177 -13.101830 3.516759
v -1.881416 -14.049200 4.464130
v -1.881416 -14.834620 3.507086
v -1.802177 -13.720630 2.762742
v -1.881416 -15.418250 2.415203
v -1.802177 -14.180450 1.902490
v -1.802177 -13.720630 2.762742
v -1.881416 -15.777640 1.230443
v -1.802177 -14.463600 0.969064
v -1.802177 -14.180450 1.902490
v -1.881416 -15.777640 1.230443
v -1.881416 -15.898990 -0.001667
v -1.802177 -14.559210 -0.001667
v -1.881416 -15.898990 -0.001667
v -1.881416 -15.777640 -1.233778
v -1.802177 -14.463600 -0.972399
v -1.881416 -15.418250 -2.418539
v -1.802177 -14.180450 -1.905825
v -1.802177 -14.463600 -0.972399
v -1.881416 -14.834620 -3.510421
v -1.802177 -13.720630 -2.766076
v -1.802177 -14.180450 -1.905825
v -1.881416 -14.834620 -3.510421
v -1.881416 -14.049200 -4.467464
v -1.802177 -13.101830 -3.520093
v -1.881416 -14.049200 -4.467464
v -1.881416 -13.092160 -5.252889
v -1.802177 -12.347810 -4.138898
v -1.881416 -13.092160 -5.252889
v -1.881416 -12.000270 -5.836512
v -1.802177 -11.487560 -4.598712
v -1.881416 -10.815510 -6.195905
v -1.802177 -10.554130 -4.881864
v -1.802177 -11.487560 -4.598712
v -1.485314 -12.568930 2.983863
v -1.892117 -12.568930 2.983863
v -1.892117 -11.929120 3.508946
v -1.802177 -14.180450 1.902490
v -1.485314 -14.180450 1.902490
v -1.485314 -13.720630 2.762742
v -1.802177 -4.703201 0.969059
v -1.485314 -4.703201 0.969059
v -1.485314 -4.607593 -0.001671
v -1.802177 -14.463600 0.969064
v -1.485314 -14.463600 0.969064
v -1.485314 -14.180450 1.902490
v -1.802177 -4.986353 1.902488
v -1.485314 -4.986353 1.902488
v -1.485314 -4.703201 0.969059
v -1.802177 -14.559210 -0.001667
v -1.485314 -14.559210 -0.001667
v -1.485314 -14.463600 0.969064
v -1.802177 -5.446166 2.762740
v -1.485314 -5.446166 2.762740
v -1.485314 -4.986353 1.902488
v -1.802177 -14.463600 -0.972399
v -1.485314 -14.463600 -0.972399
v -1.485314 -14.559210 -0.001667
v -1.802177 -6.064972 3.516757
v -1.485314 -6.064972 3.516757
v -1.485314 -5.446166 2.762740
v -1.802177 -9.583397 -4.977474
v -1.485314 -9.583397 -4.977474
v -1.485314 -10.554130 -4.881864
v -1.802177 -14.180450 -1.905825
v -1.485314 -14.180450 -1.905825
v -1.485314 -14.463600 -0.972399
v -1.802177 -6.818988 4.135563
v -1.485314 -6.818988 4.135563
v -1.485314 -6.064972 3.516757
v -1.802177 -10.554130 -4.881864
v -1.485314 -10.554130 -4.881864
v -1.485314 -11.487560 -4.598712
v -1.802177 -13.720630 -2.766076
v -1.485314 -13.720630 -2.766076
v -1.485314 -14.180450 -1.905825
v -1.802177 -7.679239 4.595378
v -1.485314 -7.679239 4.595378
v -1.485314 -6.818988 4.135563
v -1.802177 -8.612678 -4.881867
v -1.485314 -8.612678 -4.881867
v -1.485314 -9.583397 -4.977474
v -1.802177 -13.101830 -3.520093
v -1.485314 -13.101830 -3.520093
v -1.485314 -13.720630 -2.766076
v -1.802177 -8.612666 4.878530
v -1.485314 -8.612666 4.878530
v -1.485314 -7.679239 4.595378
v -1.802177 -7.679250 -4.598716
v -1.485314 -7.679250 -4.598716
v -1.485314 -8.612678 -4.881867
v -1.802177 -12.347810 -4.138898
v -1.485314 -12.347810 -4.138898
v -1.485314 -13.101830 -3.520093
v -1.802177 -8.612666 4.878530
v -1.802177 -9.583399 4.974139
v -1.485315 -9.583399 4.974139
v -1.802177 -6.818996 -4.138902
v -1.485314 -6.818996 -4.138902
v -1.485314 -7.679250 -4.598716
v -1.802177 -11.487560 -4.598712
v -1.485314 -11.487560 -4.598712
v -1.485314 -12.347810 -4.138898
v -1.802177 -10.554130 4.878530
v -1.485314 -10.554130 4.878530
v -1.485315 -9.583399 4.974139
v -1.802177 -6.064978 -3.520097
v -1.485314 -6.064978 -3.520097
v -1.485314 -6.818996 -4.138902
v -1.802177 -11.487560 4.595379
v -1.485314 -11.487560 4.595379
v -1.485314 -10.554130 4.878530
v -1.802177 -5.446172 -2.766082
v -1.485314 -5.446172 -2.766082
v -1.485314 -6.064978 -3.520097
v -1.802177 -12.347810 4.135566
v -1.485314 -12.347810 4.135566
v -1.485314 -11.487560 4.595379
v -1.802177 -4.986357 -1.905831
v -1.485314 -4.986357 -1.905831
v -1.485314 -5.446172 -2.766082
v -1.802177 -13.101830 3.516759
v -1.485314 -13.101830 3.516759
v -1.485314 -12.347810 4.135566
v -1.802177 -4.703203 -0.972402
v -1.485314 -4.703203 -0.972402
v -1.485314 -4.986357 -1.905831
v -1.802177 -13.720630 2.762742
v -1.485314 -13.720630 2.762742
v -1.485314 -13.101830 3.516759
v -2.650597 -11.338270 -8.823988
v -2.102550 -11.076890 -7.509946
v -2.102550 -12.512990 -7.074312
v -2.102550 -11.076890 -7.509946
v -1.881416 -10.815510 -6.195905
v -1.881416 -12.000270 -5.836512
v -2.650597 -13.025700 -8.312112
v -2.102550 -12.512990 -7.074312
v -2.102550 -13.836500 -6.366879
v -2.102550 -12.512990 -7.074312
v -1.881416 -12.000270 -5.836512
v -1.881416 -13.092160 -5.252889
v -2.650597 -14.580840 -7.480869
v -2.102550 -13.836500 -6.366879
v -2.102550 -14.996570 -5.414835
v -2.102550 -14.996570 -5.414835
v -2.102550 -13.836500 -6.366879
v -1.881416 -13.092160 -5.252889
v -2.650597 -17.062610 -4.999110
v -2.650597 -15.943940 -6.362206
v -2.102550 -14.996570 -5.414835
v -2.102550 -14.996570 -5.414835
v -1.881416 -14.049200 -4.467464
v -1.881416 -14.834620 -3.510421
v -2.650597 -17.062610 -4.999110
v -2.102550 -15.948610 -4.254765
v -2.102550 -16.656050 -2.931252
v -2.102550 -15.948610 -4.254765
v -1.881416 -14.834620 -3.510421
v -1.881416 -15.418250 -2.418539
v -2.650597 -17.893850 -3.443966
v -2.102550 -16.656050 -2.931252
v -2.102550 -17.091680 -1.495157
v -2.102550 -16.656050 -2.931252
v -1.881416 -15.418250 -2.418539
v -1.881416 -15.777640 -1.233778
v -2.650597 -18.578560 -0.001668
v -2.650597 -18.405720 -1.756536
v -2.102550 -17.091680 -1.495157
v -2.102550 -17.238780 -0.001667
v -2.102550 -17.091680 -1.495157
v -1.881416 -15.777640 -1.233778
v -2.650597 -18.405720 1.753200
v -2.650597 -18.578560 -0.001668
v -2.102550 -17.238780 -0.001667
v -2.102550 -17.238780 -0.001667
v -1.881416 -15.898990 -0.001667
v -1.881416 -15.777640 1.230443
v -2.650597 -18.405720 1.753200
v -2.102550 -17.091680 1.491822
v -2.102550 -16.656050 2.927917
v -2.102550 -17.091680 1.491822
v -1.881416 -15.777640 1.230443
v -1.881416 -15.418250 2.415203
v -2.650597 -17.062610 4.995776
v -2.650597 -17.893850 3.440630
v -2.102550 -16.656050 2.927917
v -2.102550 -15.948610 4.251431
v -2.102550 -16.656050 2.927917
v -1.881416 -15.418250 2.415203
v -2.650597 -17.062610 4.995776
v -2.102550 -15.948610 4.251431
v -2.102550 -14.996570 5.411501
v -2.102550 -15.948610 4.251431
v -1.881416 -14.834620 3.507086
v -1.881416 -14.049200 4.464130
v -2.650597 -14.580840 7.477536
v -2.650597 -15.943940 6.358872
v -2.102550 -14.996570 5.411501
v -2.102550 -13.836500 6.363546
v -2.102550 -14.996570 5.411501
v -1.881416 -14.049200 4.464130
v -2.650597 -14.580840 7.477536
v -2.102550 -13.836500 6.363546
v -2.102550 -12.512980 7.070979
v -2.102550 -13.836500 6.363546
v -1.881416 -13.092150 5.249556
v -1.881416 -12.000270 5.833179
v -2.650597 -11.338270 8.820654
v -2.650597 -13.025700 8.308779
v -2.102550 -12.512980 7.070979
v -2.102550 -12.512980 7.070979
v -1.881416 -12.000270 5.833179
v -1.881416 -10.815510 6.192571
v -2.650597 -9.583397 8.993493
v -2.650597 -11.338270 8.820654
v -2.102550 -11.076890 7.506613
v -2.102550 -11.076890 7.506613
v -1.881416 -10.815510 6.192571
v -1.881416 -9.583398 6.313923
v -2.650597 -9.583397 8.993493
v -2.102550 -9.583398 7.653708
v -2.102550 -8.089907 7.506612
v -2.102550 -9.583398 7.653708
v -1.881416 -9.583398 6.313923
v -1.881416 -8.351286 6.192571
v -2.650597 -6.141098 8.308776
v -2.650597 -7.828527 8.820653
v -2.102550 -8.089907 7.506612
v -2.102550 -6.653811 7.070977
v -2.102550 -8.089907 7.506612
v -1.881416 -8.351286 6.192571
v -2.650597 -6.141098 8.308776
v -2.102550 -6.653811 7.070977
v -2.102550 -5.330298 6.363543
v -2.102550 -5.330298 6.363543
v -2.102550 -6.653811 7.070977
v -1.881416 -7.166525 5.833177
v -2.650597 -4.585953 7.477533
v -2.102550 -5.330298 6.363543
v -2.102550 -4.170228 5.411498
v -2.102550 -5.330298 6.363543
v -1.881416 -6.074643 5.249553
v -1.881416 -5.117600 4.464128
v -2.650597 -2.104194 4.995771
v -2.650597 -3.222857 6.358868
v -2.102550 -4.170228 5.411498
v -2.102550 -4.170228 5.411498
v -1.881416 -5.117600 4.464128
v -1.881416 -4.332175 3.507084
v -2.650597 -1.272953 3.440625
v -2.650597 -2.104194 4.995771
v -2.102550 -3.218184 4.251427
v -2.102550 -2.510753 2.927913
v -2.102550 -3.218184 4.251427
v -1.881416 -4.332175 3.507084
v -2.650597 -1.272953 3.440625
v -2.102550 -2.510753 2.927913
v -2.102550 -2.075118 1.491815
v -2.102550 -2.510753 2.927913
v -1.881416 -3.748553 2.415200
v -1.881416 -3.389159 1.230437
v -2.650597 -0.761077 1.753194
v -2.102550 -2.075118 1.491815
v -2.102550 -1.928023 -0.001674
v -2.102550 -2.075118 1.491815
v -1.881416 -3.389159 1.230437
v -1.881416 -3.267808 -0.001673
v -2.650597 -0.761081 -1.756545
v -2.650597 -0.588239 -0.001676
v -2.102550 -1.928023 -0.001674
v -2.102550 -2.075122 -1.495164
v -2.102550 -1.928023 -0.001674
v -1.881416 -3.267808 -0.001673
v -2.650597 -1.272960 -3.443975
v -2.650597 -0.761081 -1.756545
v -2.102550 -2.075122 -1.495164
v -2.102550 -2.075122 -1.495164
v -1.881416 -3.389163 -1.233783
v -1.881416 -3.748558 -2.418546
v -2.650597 -1.272960 -3.443975
v -2.102550 -2.510759 -2.931261
v -2.102550 -3.218193 -4.254774
v -2.102550 -2.510759 -2.931261
v -1.881416 -3.748558 -2.418546
v -1.881416 -4.332182 -3.510428
v -2.650597 -3.222869 -6.362214
v -2.650597 -2.104203 -4.999120
v -2.102550 -3.218193 -4.254774
v -2.102550 -4.170238 -5.414842
v -2.102550 -3.218193 -4.254774
v -1.881416 -4.332182 -3.510428
v -2.650597 -4.585967 -7.480876
v -2.650597 -3.222869 -6.362214
v -2.102550 -4.170238 -5.414842
v -2.102550 -5.330310 -6.366885
v -2.102550 -4.170238 -5.414842
v -1.881416 -5.117608 -4.467470
v -2.650597 -4.585967 -7.480876
v -2.102550 -5.330310 -6.366885
v -2.102550 -6.653826 -7.074316
v -2.102550 -5.330310 -6.366885
v -1.881416 -6.074654 -5.252893
v -1.881416 -7.166538 -5.836516
v -2.650597 -7.828545 -8.823992
v -2.650597 -6.141114 -8.312118
v -2.102550 -6.653826 -7.074316
v -2.102550 -8.089923 -7.509950
v -2.102550 -6.653826 -7.074316
v -1.881416 -7.166538 -5.836516
v -2.650597 -9.583400 -8.996829
v -2.650597 -7.828545 -8.823992
v -2.102550 -8.089923 -7.509950
v -2.102550 -8.089923 -7.509950
v -1.881416 -8.351301 -6.195908
v -1.881416 -9.583398 -6.317258
v -2.650597 -9.583400 -8.996829
v -2.102550 -9.583399 -7.657043
v -2.102550 -11.076890 -7.509946
v -2.102550 -9.583399 -7.657043
v -1.881416 -9.583398 -6.317258
v -1.881416 -10.815510 -6.195905
v -1.485314 -10.554130 -4.881864
v -1.485314 -9.583397 -4.977474
v -1.485314 -9.583397 -4.223845
v -1.485314 -9.583397 -4.977474
v -1.485314 -8.612678 -4.881867
v -1.485314 -8.759703 -4.142719
v -1.485314 -8.612678 -4.881867
v -1.485314 -7.679250 -4.598716
v -1.485314 -7.967650 -3.902453
v -1.485314 -6.818996 -4.138902
v -1.485314 -7.237689 -3.512282
v -1.485314 -7.967650 -3.902453
v -1.485314 -6.818996 -4.138902
v -1.485314 -6.064978 -3.520097
v -1.485314 -6.597873 -2.987200
v -1.485314 -5.446172 -2.766082
v -1.485314 -6.072791 -2.347388
v -1.485314 -6.597873 -2.987200
v -1.485314 -5.446172 -2.766082
v -1.485314 -4.986357 -1.905831
v -1.485314 -5.682619 -1.617429
v -1.485314 -4.703203 -0.972402
v -1.485314 -5.442351 -0.825376
v -1.485314 -5.682619 -1.617429
v -1.485314 -4.703203 -0.972402
v -1.485314 -4.607593 -0.001671
v -1.485314 -5.361221 -0.001671
v -1.485314 -4.703201 0.969059
v -1.485314 -5.442349 0.822033
v -1.485314 -5.361221 -0.001671
v -1.485314 -4.986353 1.902488
v -1.485314 -5.682615 1.614087
v -1.485314 -5.442349 0.822033
v -1.485314 -4.986353 1.902488
v -1.485314 -5.446166 2.762740
v -1.485314 -6.072786 2.344047
v -1.485314 -6.064972 3.516757
v -1.485314 -6.597868 2.983861
v -1.485314 -6.072786 2.344047
v -1.485314 -6.064972 3.516757
v -1.485314 -6.818988 4.135563
v -1.485314 -7.237682 3.508944
v -1.485314 -7.679239 4.595378
v -1.485314 -7.967641 3.899116
v -1.485314 -7.237682 3.508944
v -1.485314 -8.612666 4.878530
v -1.485314 -8.759692 4.139382
v -1.485314 -7.967641 3.899116
v -1.485315 -9.583399 4.974139
v -1.485315 -9.583399 4.220510
v -1.485314 -8.759692 4.139382
v -1.485314 -10.554130 4.878530
v -1.485314 -10.407110 4.139382
v -1.485315 -9.583399 4.220510
v -1.485314 -10.554130 4.878530
v -1.485314 -11.487560 4.595379
v -1.485314 -11.199160 3.899117
v -1.485314 -11.487560 4.595379
v -1.485314 -12.347810 4.135566
v -1.485314 -11.929120 3.508946
v -1.485314 -13.101830 3.516759
v -1.485314 -12.568930 2.983863
v -1.485314 -11.929120 3.508946
v -1.485314 -13.101830 3.516759
v -1.485314 -13.720630 2.762742
v -1.485314 -13.094010 2.344048
v -1.485314 -14.180450 1.902490
v -1.485314 -13.484190 1.614088
v -1.485314 -13.094010 2.344048
v -1.485314 -14.463600 0.969064
v -1.485314 -13.724450 0.822038
v -1.485314 -13.484190 1.614088
v -1.485314 -14.463600 0.969064
v -1.485314 -14.559210 -0.001667
v -1.485314 -13.805580 -0.001667
v -1.485314 -14.559210 -0.001667
v -1.485314 -14.463600 -0.972399
v -1.485314 -13.724450 -0.825373
v -1.485314 -14.180450 -1.905825
v -1.485314 -13.484180 -1.617424
v -1.485314 -13.724450 -0.825373
v -1.485314 -14.180450 -1.905825
v -1.485314 -13.720630 -2.766076
v -1.485314 -13.094010 -2.347382
v -1.485314 -13.101830 -3.520093
v -1.485314 -12.568930 -2.987197
v -1.485314 -13.094010 -2.347382
v -1.485314 -13.101830 -3.520093
v -1.485314 -12.347810 -4.138898
v -1.485314 -11.929120 -3.512279
v -1.485314 -12.347810 -4.138898
v -1.485314 -11.487560 -4.598712
v -1.485314 -11.199160 -3.902450
v -1.485314 -11.487560 -4.598712
v -1.485314 -10.554130 -4.881864
v -1.485314 -10.407110 -4.142716
v -1.485314 -5.442351 -0.825376
v -1.892117 -5.442351 -0.825376
v -1.892117 -5.682619 -1.617429
v -1.485314 -13.094010 2.344048
v -1.892117 -13.094010 2.344048
v -1.892117 -12.568930 2.983863
v -1.485314 -5.361221 -0.001671
v -1.892117 -5.361221 -0.001671
v -1.892117 -5.442351 -0.825376
v -1.485314 -13.484190 1.614088
v -1.892117 -13.484190 1.614088
v -1.892117 -13.094010 2.344048
v -1.485314 -5.442349 0.822033
v -1.892117 -5.442349 0.822033
v -1.892117 -5.361221 -0.001671
v -1.485314 -13.724450 0.822038
v -1.892117 -13.724450 0.822038
v -1.892117 -13.484190 1.614088
v -1.485314 -5.682615 1.614087
v -1.892117 -5.682615 1.614087
v -1.892117 -5.442349 0.822033
v -1.485314 -13.805580 -0.001667
v -1.892117 -13.805580 -0.001667
v -1.892117 -13.724450 0.822038
v -1.485314 -6.072786 2.344047
v -1.892117 -6.072786 2.344047
v -1.892117 -5.682615 1.614087
v -1.485314 -13.724450 -0.825373
v -1.892117 -13.724450 -0.825373
v -1.892117 -13.805580 -0.001667
v -1.485314 -6.597868 2.983861
v -1.892117 -6.597868 2.983861
v -1.892117 -6.072786 2.344047
v -1.485314 -9.583397 -4.223845
v -1.892117 -9.583397 -4.223845
v -1.892117 -10.407110 -4.142716
v -1.485314 -13.484180 -1.617424
v -1.892117 -13.484180 -1.617424
v -1.892117 -13.724450 -0.825373
v -1.485314 -7.237682 3.508944
v -1.892117 -7.237682 3.508944
v -1.892117 -6.597868 2.983861
v -1.485314 -10.407110 -4.142716
v -1.892117 -10.407110 -4.142716
v -1.892117 -11.199160 -3.902450
v -1.485314 -13.094010 -2.347382
v -1.892117 -13.094010 -2.347382
v -1.892117 -13.484180 -1.617424
v -1.485314 -7.967641 3.899116
v -1.892117 -7.967641 3.899116
v -1.892117 -7.237682 3.508944
v -1.485314 -8.759703 -4.142719
v -1.892117 -8.759703 -4.142719
v -1.892117 -9.583397 -4.223845
v -1.485314 -12.568930 -2.987197
v -1.892117 -12.568930 -2.987197
v -1.892117 -13.094010 -2.347382
v -1.485314 -8.759692 4.139382
v -1.892117 -8.759692 4.139382
v -1.892117 -7.967641 3.899116
v -1.485314 -7.967650 -3.902453
v -1.892117 -7.967650 -3.902453
v -1.892117 -8.759703 -4.142719
v -1.485314 -11.929120 -3.512279
v -1.892117 -11.929120 -3.512279
v -1.892117 -12.568930 -2.987197
v -1.485315 -9.583399 4.220510
v -1.892118 -9.583399 4.220510
v -1.892117 -8.759692 4.139382
v -1.485314 -7.237689 -3.512282
v -1.892117 -7.237689 -3.512282
v -1.892117 -7.967650 -3.902453
v -1.485314 -11.199160 -3.902450
v -1.892117 -11.199160 -3.902450
v -1.892117 -11.929120 -3.512279
v -1.485315 -9.583399 4.220510
v -1.485314 -10.407110 4.139382
v -1.892117 -10.407110 4.139382
v -1.485314 -6.597873 -2.987200
v -1.892117 -6.597873 -2.987200
v -1.892117 -7.237689 -3.512282
v -1.485314 -11.199160 3.899117
v -1.892117 -11.199160 3.899117
v -1.892117 -10.407110 4.139382
v -1.485314 -6.072791 -2.347388
v -1.892117 -6.072791 -2.347388
v -1.892117 -6.597873 -2.987200
v -1.485314 -11.929120 3.508946
v -1.892117 -11.929120 3.508946
v -1.892117 -11.199160 3.899117
v -1.485314 -5.682619 -1.617429
v -1.892117 -5.682619 -1.617429
v -1.892117 -6.072791 -2.347388
v -1.892117 -10.407110 -4.142716
v -1.892117 -9.583397 -4.223845
v -1.892117 -9.583397 -4.152377
v -1.892117 -9.583397 -4.223845
v -1.892117 -8.759703 -4.142719
v -1.892117 -8.773646 -4.072624
v -1.892117 -7.967650 -3.902453
v -1.892117 -7.995000 -3.836425
v -1.892117 -8.773646 -4.072624
v -1.892117 -7.237689 -3.512282
v -1.892117 -7.277395 -3.452858
v -1.892117 -7.995000 -3.836425
v -1.892117 -7.237689 -3.512282
v -1.892117 -6.597873 -2.987200
v -1.892117 -6.648408 -2.936664
v -1.892117 -6.072791 -2.347388
v -1.892117 -6.132215 -2.307682
v -1.892117 -6.648408 -2.936664
v -1.892117 -5.682619 -1.617429
v -1.892117 -5.748647 -1.590079
v -1.892117 -6.132215 -2.307682
v -1.892117 -5.442351 -0.825376
v -1.892117 -5.512446 -0.811433
v -1.892117 -5.748647 -1.590079
v -1.892117 -5.442351 -0.825376
v -1.892117 -5.361221 -0.001671
v -1.892117 -5.432690 -0.001671
v -1.892117 -5.442349 0.822033
v -1.892117 -5.512444 0.808091
v -1.892117 -5.432690 -0.001671
v -1.892117 -5.682615 1.614087
v -1.892117 -5.748644 1.586737
v -1.892117 -5.512444 0.808091
v -1.892117 -6.072786 2.344047
v -1.892117 -6.132210 2.304341
v -1.892117 -5.748644 1.586737
v -1.892117 -6.597868 2.983861
v -1.892117 -6.648404 2.933326
v -1.892117 -6.132210 2.304341
v -1.892117 -7.237682 3.508944
v -1.892117 -7.277388 3.449520
v -1.892117 -6.648404 2.933326
v -1.892117 -7.237682 3.508944
v -1.892117 -7.967641 3.899116
v -1.892117 -7.994991 3.833087
v -1.892117 -8.759692 4.139382
v -1.892117 -8.773634 4.069287
v -1.892117 -7.994991 3.833087
v -1.892117 -8.759692 4.139382
v -1.892118 -9.583399 4.220510
v -1.892118 -9.583399 4.149042
v -1.892117 -10.407110 4.139382
v -1.892117 -10.393170 4.069287
v -1.892118 -9.583399 4.149042
v -1.892117 -11.199160 3.899117
v -1.892117 -11.171810 3.833088
v -1.892117 -10.393170 4.069287
v -1.892117 -11.199160 3.899117
v -1.892117 -11.929120 3.508946
v -1.892117 -11.889410 3.449522
v -1.892117 -12.568930 2.983863
v -1.892117 -12.518400 2.933327
v -1.892117 -11.889410 3.449522
v -1.892117 -13.094010 2.344048
v -1.892117 -13.034590 2.304342
v -1.892117 -12.518400 2.933327
v -1.892117 -13.094010 2.344048
v -1.892117 -13.484190 1.614088
v -1.892117 -13.418160 1.586739
v -1.892117 -13.484190 1.614088
v -1.892117 -13.724450 0.822038
v -1.892117 -13.654360 0.808095
v -1.892117 -13.805580 -0.001667
v -1.892117 -13.734110 -0.001667
v -1.892117 -13.654360 0.808095
v -1.892117 -13.805580 -0.001667
v -1.892117 -13.724450 -0.825373
v -1.892117 -13.654360 -0.811430
v -1.892117 -13.724450 -0.825373
v -1.892117 -13.484180 -1.617424
v -1.892117 -13.418160 -1.590074
v -1.892117 -13.094010 -2.347382
v -1.892117 -13.034590 -2.307677
v -1.892117 -13.418160 -1.590074
v -1.892117 -12.568930 -2.987197
v -1.892117 -12.518400 -2.936661
v -1.892117 -13.034590 -2.307677
v -1.892117 -11.929120 -3.512279
v -1.892117 -11.889410 -3.452855
v -1.892117 -12.518400 -2.936661
v -1.892117 -11.199160 -3.902450
v -1.892117 -11.171810 -3.836421
v -1.892117 -11.889410 -3.452855
v -1.892117 -10.407110 -4.142716
v -1.892117 -10.393160 -4.072621
v -1.892117 -11.171810 -3.836421
v -1.347156 -5.334693 1.527629
v -1.347156 -5.497733 1.527629
v -1.506876 -5.497733 1.527629
v -1.347156 -5.497733 1.527629
v -1.347156 -5.613019 1.642916
v -1.506876 -5.613019 1.642916
v -1.506876 -5.613019 1.642916
v -1.347156 -5.613019 1.642916
v -1.347156 -5.613019 1.805956
v -1.347156 -5.613019 1.805956
v -1.347156 -5.497733 1.921242
v -1.506876 -5.497733 1.921242
v -1.506876 -5.497733 1.921242
v -1.347156 -5.497733 1.921242
v -1.347156 -5.334693 1.921243
v -1.347156 -5.334693 1.921243
v -1.347156 -5.219407 1.805956
v -1.506876 -5.219407 1.805956
v -1.347156 -5.613019 1.642916
v -1.347156 -5.497733 1.527629
v -1.347156 -5.334693 1.527629
v -1.347156 -5.334693 1.527629
v -1.347156 -5.219407 1.642916
v -1.347156 -5.613019 1.642916
v -1.347156 -5.219407 1.642916
v -1.347156 -5.219407 1.805956
v -1.347156 -5.613019 1.642916
v -1.347156 -5.219407 1.805956
v -1.347156 -5.334693 1.921243
v -1.347156 -5.497733 1.921242
v -1.347156 -5.497733 1.921242
v -1.347156 -5.613019 1.805956
v -1.347156 -5.219407 1.805956
v -1.347156 -5.219407 1.805956
v -1.347156 -5.219407 1.642916
v -1.506876 -5.219407 1.642916
v -1.347156 -5.219407 1.642916
v -1.347156 -5.334693 1.527629
v -1.506876 -5.334693 1.527629
v -1.347156 -13.832110 -1.530966
v -1.347156 -13.669070 -1.530966
v -1.506876 -13.669070 -1.530966
v -1.347156 -13.669070 -1.530966
v -1.347156 -13.553790 -1.646253
v -1.506876 -13.553790 -1.646253
v -1.347156 -13.553790 -1.646253
v -1.347156 -13.553790 -1.809293
v -1.506876 -13.553790 -1.809293
v -1.506876 -13.553790 -1.809293
v -1.347156 -13.553790 -1.809293
v -1.347156 -13.669070 -1.924580
v -1.347156 -13.669070 -1.924580
v -1.347156 -13.832110 -1.924580
v -1.506876 -13.832110 -1.924580
v -1.347156 -13.832110 -1.924580
v -1.347156 -13.947400 -1.809293
v -1.506876 -13.947400 -1.809293
v -1.347156 -13.553790 -1.646253
v -1.347156 -13.669070 -1.530966
v -1.347156 -13.832110 -1.530966
v -1.347156 -13.832110 -1.530966
v -1.347156 -13.947400 -1.646253
v -1.347156 -13.947400 -1.809293
v -1.347156 -13.947400 -1.809293
v -1.347156 -13.832110 -1.924580
v -1.347156 -13.669070 -1.924580
v -1.347156 -13.669070 -1.924580
v -1.347156 -13.553790 -1.809293
v -1.347156 -13.553790 -1.646253
v -1.347156 -13.553790 -1.646253
v -1.347156 -13.832110 -1.530966
v -1.347156 -13.669070 -1.924580
v -1.347156 -13.947400 -1.809293
v -1.347156 -13.947400 -1.646253
v -1.506876 -13.947400 -1.646253
v -1.347156 -13.947400 -1.646253
v -1.347156 -13.832110 -1.530966
v -1.506876 -13.832110 -1.530966
v -1.347156 -8.054106 -4.250379
v -1.347156 -8.054106 -4.087339
v -1.506876 -8.054106 -4.087339
v -1.347156 -8.054106 -4.087339
v -1.347156 -7.938819 -3.972052
v -1.506876 -7.938819 -3.972052
v -1.347156 -7.938819 -3.972052
v -1.347156 -7.775779 -3.972052
v -1.506876 -7.775779 -3.972052
v -1.506876 -7.775779 -3.972052
v -1.347156 -7.775779 -3.972052
v -1.347156 -7.660493 -4.087339
v -1.347156 -7.660493 -4.087339
v -1.347156 -7.660493 -4.250379
v -1.506876 -7.660493 -4.250379
v -1.347156 -7.660493 -4.250379
v -1.347156 -7.775779 -4.365665
v -1.506876 -7.775779 -4.365665
v -1.347156 -7.938819 -3.972052
v -1.347156 -8.054106 -4.087339
v -1.347156 -8.054106 -4.250379
v -1.347156 -8.054106 -4.250379
v -1.347156 -7.938819 -4.365666
v -1.347156 -7.775779 -4.365665
v -1.347156 -7.775779 -4.365665
v -1.347156 -7.660493 -4.250379
v -1.347156 -7.660493 -4.087339
v -1.347156 -7.660493 -4.087339
v -1.347156 -7.775779 -3.972052
v -1.347156 -7.938819 -3.972052
v -1.347156 -7.938819 -3.972052
v -1.347156 -8.054106 -4.250379
v -1.347156 -7.660493 -4.087339
v -1.347156 -7.775779 -4.365665
v -1.347156 -7.938819 -4.365666
v -1.506876 -7.938819 -4.365666
v -1.347156 -7.938819 -4.365666
v -1.347156 -8.054106 -4.250379
v -1.506876 -8.054106 -4.250379
v -1.347156 -11.112700 4.247042
v -1.347156 -11.112700 4.084002
v -1.506876 -11.112700 4.084002
v -1.347156 -11.112700 4.084002
v -1.347156 -11.227990 3.968716
v -1.506876 -11.227990 3.968716
v -1.506876 -11.227990 3.968716
v -1.347156 -11.227990 3.968716
v -1.347156 -11.391030 3.968715
v -1.347156 -11.391030 3.968715
v -1.347156 -11.506310 4.084002
v -1.506876 -11.506310 4.084002
v -1.506876 -11.506310 4.084002
v -1.347156 -11.506310 4.084002
v -1.347156 -11.506310 4.247042
v -1.506876 -11.506310 4.247042
v -1.347156 -11.506310 4.247042
v -1.347156 -11.391030 4.362329
v -1.347156 -11.227990 3.968716
v -1.347156 -11.112700 4.084002
v -1.347156 -11.112700 4.247042
v -1.347156 -11.112700 4.247042
v -1.347156 -11.227990 4.362329
v -1.347156 -11.391030 4.362329
v -1.347156 -11.391030 4.362329
v -1.347156 -11.506310 4.247042
v -1.347156 -11.506310 4.084002
v -1.347156 -11.506310 4.084002
v -1.347156 -11.391030 3.968715
v -1.347156 -11.391030 4.362329
v -1.347156 -11.391030 3.968715
v -1.347156 -11.227990 3.968716
v -1.347156 -11.391030 4.362329
v -1.347156 -11.391030 4.362329
v -1.347156 -11.227990 4.362329
v -1.506876 -11.227990 4.362329
v -1.347156 -11.227990 4.362329
v -1.347156 -11.112700 4.247042
v -1.506876 -11.112700 4.247042
v -1.347156 -7.660488 4.084000
v -1.347156 -7.775774 3.968714
v -1.506876 -7.775774 3.968714
v -1.347156 -7.775774 3.968714
v -1.347156 -7.938815 3.968714
v -1.506876 -7.938815 3.968714
v -1.347156 -7.938815 3.968714
v -1.347156 -8.054102 4.084000
v -1.506876 -8.054102 4.084000
v -1.347156 -8.054102 4.084000
v -1.347156 -8.054101 4.247040
v -1.506876 -8.054101 4.247040
v -1.347156 -8.054101 4.247040
v -1.347156 -7.938815 4.362328
v -1.506876 -7.938815 4.362328
v -1.347156 -7.938815 4.362328
v -1.347156 -7.775774 4.362327
v -1.506876 -7.775774 4.362327
v -1.347156 -7.938815 3.968714
v -1.347156 -7.775774 3.968714
v -1.347156 -7.775774 4.362327
v -1.347156 -7.775774 3.968714
v -1.347156 -7.660488 4.084000
v -1.347156 -7.775774 4.362327
v -1.347156 -7.660488 4.084000
v -1.347156 -7.660488 4.247040
v -1.347156 -7.775774 4.362327
v -1.347156 -7.775774 4.362327
v -1.347156 -7.938815 4.362328
v -1.347156 -8.054101 4.247040
v -1.347156 -8.054101 4.247040
v -1.347156 -8.054102 4.084000
v -1.347156 -7.938815 3.968714
v -1.506876 -7.775774 4.362327
v -1.347156 -7.775774 4.362327
v -1.347156 -7.660488 4.247040
v -1.347156 -7.660488 4.247040
v -1.347156 -7.660488 4.084000
v -1.506876 -7.660488 4.084000
v -1.347156 -11.506320 -4.087337
v -1.347156 -11.391030 -3.972050
v -1.506876 -11.391030 -3.972050
v -1.347156 -11.391030 -3.972050
v -1.347156 -11.227990 -3.972050
v -1.506876 -11.227990 -3.972050
v -1.347156 -11.227990 -3.972050
v -1.347156 -11.112700 -4.087337
v -1.506876 -11.112700 -4.087337
v -1.506876 -11.112700 -4.087337
v -1.347156 -11.112700 -4.087337
v -1.347156 -11.112700 -4.250377
v -1.347156 -11.112700 -4.250377
v -1.347156 -11.227990 -4.365664
v -1.506876 -11.227990 -4.365664
v -1.347156 -11.227990 -4.365664
v -1.347156 -11.391030 -4.365664
v -1.506876 -11.391030 -4.365664
v -1.347156 -11.227990 -3.972050
v -1.347156 -11.391030 -3.972050
v -1.347156 -11.391030 -4.365664
v -1.347156 -11.391030 -3.972050
v -1.347156 -11.506320 -4.087337
v -1.347156 -11.391030 -4.365664
v -1.347156 -11.506320 -4.087337
v -1.347156 -11.506320 -4.250377
v -1.347156 -11.391030 -4.365664
v -1.347156 -11.391030 -4.365664
v -1.347156 -11.227990 -4.365664
v -1.347156 -11.112700 -4.250377
v -1.347156 -11.112700 -4.250377
v -1.347156 -11.112700 -4.087337
v -1.347156 -11.391030 -4.365664
v -1.347156 -11.391030 -4.365664
v -1.347156 -11.506320 -4.250377
v -1.506876 -11.506320 -4.250377
v -1.506876 -11.506320 -4.250377
v -1.347156 -11.506320 -4.250377
v -1.347156 -11.506320 -4.087337
v -1.347156 -13.669070 1.921247
v -1.347156 -13.553790 1.805961
v -1.506876 -13.553790 1.805961
v -1.347156 -13.553790 1.805961
v -1.347156 -13.553790 1.642920
v -1.506876 -13.553790 1.642920
v -1.347156 -13.553790 1.642920
v -1.347156 -13.669070 1.527633
v -1.506876 -13.669070 1.527633
v -1.347156 -13.669070 1.527633
v -1.347156 -13.832110 1.527634
v -1.506876 -13.832110 1.527634
v -1.506876 -13.832110 1.527634
v -1.347156 -13.832110 1.527634
v -1.347156 -13.947400 1.642920
v -1.506876 -13.947400 1.642921
v -1.347156 -13.947400 1.642920
v -1.347156 -13.947400 1.805960
v -1.347156 -13.553790 1.642920
v -1.347156 -13.553790 1.805961
v -1.347156 -13.669070 1.921247
v -1.347156 -13.669070 1.921247
v -1.347156 -13.832110 1.921247
v -1.347156 -13.947400 1.805960
v -1.347156 -13.947400 1.805960
v -1.347156 -13.947400 1.642920
v -1.347156 -13.832110 1.527634
v -1.347156 -13.832110 1.527634
v -1.347156 -13.669070 1.527633
v -1.347156 -13.553790 1.642920
v -1.347156 -13.553790 1.642920
v -1.347156 -13.669070 1.921247
v -1.347156 -13.832110 1.527634
v -1.347156 -13.947400 1.805960
v -1.347156 -13.832110 1.921247
v -1.506876 -13.832110 1.921247
v -1.347156 -13.832110 1.921247
v -1.347156 -13.669070 1.921247
v -1.506876 -13.669070 1.921247
v -1.365074 -13.752930 -2.893131
v -1.365074 -13.110040 -3.622529
v -1.635332 -13.093610 -3.608042
v -1.443635 -13.837060 -4.263313
v -1.713893 -13.820620 -4.248826
v -1.635332 -13.093610 -3.608042
v -1.373425 -14.392090 -3.543334
v -1.373425 -13.835370 -4.174970
v -1.305394 -13.205800 -3.620071
v -1.713893 -13.820620 -4.248826
v -1.443635 -13.837060 -4.263313
v -1.443635 -14.479940 -3.533914
v -1.373425 -14.392090 -3.543334
v -1.443635 -14.479940 -3.533914
v -1.443635 -13.837060 -4.263313
v -1.443635 -14.479940 -3.533914
v -1.373425 -14.392090 -3.543334
v -1.305394 -13.762520 -2.988436
v -1.365074 -13.110040 -3.622529
v -1.305394 -13.205800 -3.620071
v -1.373425 -13.835370 -4.174970
v -1.365074 -13.752930 -2.893131
v -1.305394 -13.762520 -2.988436
v -1.305394 -13.205800 -3.620071
v -1.443635 -14.479940 -3.533914
v -1.365074 -13.752930 -2.893131
v -1.635332 -13.736490 -2.878644
v -1.673200 -14.361910 -3.839038
v -1.673280 -13.829450 -4.444639
v -1.670073 -13.773480 -4.448328
v -1.673280 -13.829450 -4.444639
v -1.672342 -13.802190 -4.458079
v -1.670073 -13.773480 -4.448328
v -1.670073 -13.773480 -4.448328
v -1.583194 -12.968860 -3.740394
v -1.582762 -13.524320 -3.102130
v -1.673200 -14.361910 -3.839038
v -1.670073 -13.773480 -4.448328
v -1.582762 -13.524320 -3.102130
v -1.583194 -12.968860 -3.740394
v -1.580923 -12.955520 -3.713166
v -1.579980 -12.965360 -3.684410
v -1.579980 -12.965360 -3.684410
v -1.579904 -13.474430 -3.105410
v -1.582762 -13.524320 -3.102130
v -1.579904 -13.474430 -3.105410
v -1.580739 -13.498730 -3.093431
v -1.582762 -13.524320 -3.102130
v -1.672101 -12.959750 -3.679472
v -1.672025 -13.468830 -3.100472
v -1.579904 -13.474430 -3.105410
v -1.762195 -13.767880 -4.443390
v -1.675315 -12.963260 -3.735456
v -1.583194 -12.968860 -3.740394
v -1.673280 -13.829450 -4.444639
v -1.765401 -13.823850 -4.439701
v -1.764463 -13.796590 -4.453141
v -1.764463 -13.796590 -4.453141
v -1.762195 -13.767880 -4.443390
v -1.670073 -13.773480 -4.448328
v -1.672101 -12.959750 -3.679472
v -1.579980 -12.965360 -3.684410
v -1.580923 -12.955520 -3.713166
v -1.580923 -12.955520 -3.713166
v -1.583194 -12.968860 -3.740394
v -1.675315 -12.963260 -3.735456
v -1.765401 -13.823850 -4.439701
v -1.673280 -13.829450 -4.444639
v -1.673200 -14.361910 -3.839038
v -1.508084 -12.942390 -3.890794
v -1.778342 -12.925950 -3.876307
v -1.797529 -13.103520 -4.032810
v -1.797529 -12.678090 -4.515480
v -1.778342 -12.500530 -4.358978
v -1.508084 -12.516970 -4.373465
v -1.508084 -12.942390 -3.890794
v -1.508084 -12.516970 -4.373465
v -1.778342 -12.500530 -4.358978
v -1.527271 -13.119950 -4.047296
v -1.797529 -13.103520 -4.032810
v -1.797529 -12.678090 -4.515480
v -1.508084 -12.942390 -3.890794
v -1.527271 -13.119950 -4.047296
v -1.527271 -12.694530 -4.529967
v -1.599131 -12.869040 -4.432757
v -1.599131 -12.752710 -4.564743
v -1.803366 -12.740280 -4.553795
v -1.619173 -13.054510 -4.596231
v -1.823408 -13.042090 -4.585284
v -1.823408 -12.925760 -4.717270
v -1.599131 -12.869040 -4.432757
v -1.619173 -13.054510 -4.596231
v -1.619173 -12.938180 -4.728218
v -1.803366 -12.740280 -4.553795
v -1.599131 -12.752710 -4.564743
v -1.619173 -12.938180 -4.728218
v -1.803366 -12.856620 -4.421809
v -1.823408 -13.042090 -4.585284
v -1.619173 -13.054510 -4.596231
v -1.603853 -12.890470 -4.424862
v -1.676752 -12.886030 -4.420954
v -1.676752 -12.927550 -4.373844
v -1.611007 -12.998190 -4.436101
v -1.683906 -12.993760 -4.432194
v -1.683906 -12.952230 -4.479304
v -1.603853 -12.931990 -4.377752
v -1.611007 -12.998190 -4.436101
v -1.611007 -12.956670 -4.483211
v -1.676752 -12.886030 -4.420954
v -1.603853 -12.890470 -4.424862
v -1.611007 -12.956670 -4.483211
v -1.676752 -12.927550 -4.373844
v -1.683906 -12.993760 -4.432194
v -1.611007 -12.998190 -4.436101
v -1.603853 -12.948960 -4.358498
v -1.676752 -12.944530 -4.354590
v -1.676752 -12.986050 -4.307480
v -1.683906 -13.052250 -4.365829
v -1.683906 -13.010730 -4.412940
v -1.611008 -13.015160 -4.416847
v -1.603853 -12.948960 -4.358498
v -1.603853 -12.990480 -4.311388
v -1.611007 -13.056680 -4.369737
v -1.676752 -12.944530 -4.354590
v -1.603853 -12.948960 -4.358498
v -1.611008 -13.015160 -4.416847
v -1.676752 -12.986050 -4.307480
v -1.683906 -13.052250 -4.365829
v -1.611007 -13.056680 -4.369737
v -1.603853 -13.007360 -4.292235
v -1.676752 -13.002930 -4.288328
v -1.676752 -13.044450 -4.241218
v -1.683906 -13.110650 -4.299567
v -1.683906 -13.069130 -4.346678
v -1.611007 -13.073560 -4.350585
v -1.603853 -13.007360 -4.292235
v -1.603853 -13.048880 -4.245125
v -1.611007 -13.115090 -4.303474
v -1.603853 -13.007360 -4.292235
v -1.611007 -13.073560 -4.350585
v -1.683906 -13.069130 -4.346678
v -1.676752 -13.044450 -4.241218
v -1.683906 -13.110650 -4.299567
v -1.611007 -13.115090 -4.303474
v -1.627848 -13.887640 -4.715831
v -1.593105 -13.566130 -4.432449
v -1.766097 -13.555610 -4.423177
v -1.800840 -13.517110 -5.115020
v -1.766097 -13.195590 -4.831638
v -1.593105 -13.206110 -4.840911
v -1.593105 -13.566130 -4.432449
v -1.593105 -13.206110 -4.840911
v -1.766097 -13.195590 -4.831638
v -1.800840 -13.877120 -4.706558
v -1.800840 -13.517110 -5.115020
v -1.627848 -13.527630 -5.124293
v -1.627848 -13.887640 -4.715831
v -1.627848 -13.527630 -5.124293
v -1.593105 -13.206110 -4.840911
v -1.579904 -13.474430 -3.105410
v -1.672025 -13.468830 -3.100472
v -1.672860 -13.493130 -3.088494
v -1.672860 -13.493130 -3.088494
v -1.674883 -13.518720 -3.097192
v -1.582762 -13.524320 -3.102130
v -1.673200 -14.361910 -3.839038
v -1.582762 -13.524320 -3.102130
v -1.674883 -13.518720 -3.097192
v -1.595333 -12.621150 -4.498722
v -1.604658 -12.611790 -4.493687
v -1.595671 -12.647400 -4.426931
v -1.597284 -12.663100 -4.439214
v -1.605698 -12.630650 -4.500252
v -1.595333 -12.621150 -4.498722
v -1.606445 -12.654650 -4.432538
v -1.615023 -12.621290 -4.495217
v -1.605698 -12.630650 -4.500252
v -1.604658 -12.611790 -4.493687
v -1.615023 -12.621290 -4.495217
v -1.606445 -12.654650 -4.432538
v -1.612190 -12.606030 -4.575070
v -1.622215 -12.596160 -4.573623
v -1.604658 -12.611790 -4.493687
v -1.621742 -12.616120 -4.572425
v -1.612190 -12.606030 -4.575070
v -1.595333 -12.621150 -4.498722
v -1.615023 -12.621290 -4.495217
v -1.631766 -12.606250 -4.570978
v -1.621742 -12.616120 -4.572425
v -1.604658 -12.611790 -4.493687
v -1.622215 -12.596160 -4.573623
v -1.631766 -12.606250 -4.570978
v -1.623971 -12.626260 -4.635350
v -1.635009 -12.618300 -4.639197
v -1.622215 -12.596160 -4.573623
v -1.632595 -12.634600 -4.627863
v -1.623971 -12.626260 -4.635350
v -1.612190 -12.606030 -4.575070
v -1.631766 -12.606250 -4.570978
v -1.643633 -12.626640 -4.631711
v -1.632595 -12.634600 -4.627863
v -1.622215 -12.596160 -4.573623
v -1.635009 -12.618300 -4.639197
v -1.643633 -12.626640 -4.631711
v -1.623971 -12.626260 -4.635350
v -1.634549 -12.730480 -4.714534
v -1.645951 -12.724830 -4.720704
v -1.632595 -12.634600 -4.627863
v -1.642838 -12.736690 -4.704905
v -1.634549 -12.730480 -4.714534
v -1.654240 -12.731040 -4.711074
v -1.642838 -12.736690 -4.704905
v -1.632595 -12.634600 -4.627863
v -1.645951 -12.724830 -4.720704
v -1.654240 -12.731040 -4.711074
v -1.643633 -12.626640 -4.631711
v -1.634549 -12.730480 -4.714534
v -1.649957 -12.886930 -4.824476
v -1.661359 -12.881280 -4.830646
v -1.642838 -12.736690 -4.704905
v -1.658245 -12.893140 -4.814846
v -1.649957 -12.886930 -4.824476
v -1.669647 -12.887490 -4.821016
v -1.658245 -12.893140 -4.814846
v -1.642838 -12.736690 -4.704905
v -1.661359 -12.881280 -4.830646
v -1.669647 -12.887490 -4.821016
v -1.654240 -12.731040 -4.711074
v -1.660564 -12.991390 -4.903848
v -1.672049 -12.986600 -4.910570
v -1.661359 -12.881280 -4.830646
v -1.668742 -12.996430 -4.893470
v -1.660564 -12.991390 -4.903848
v -1.649957 -12.886930 -4.824476
v -1.669647 -12.887490 -4.821016
v -1.680225 -12.991640 -4.900192
v -1.668742 -12.996430 -4.893470
v -1.661359 -12.881280 -4.830646
v -1.672049 -12.986600 -4.910570
v -1.680225 -12.991640 -4.900192
v -1.665842 -13.056220 -4.928760
v -1.677574 -13.054620 -4.936492
v -1.672049 -12.986600 -4.910570
v -1.673685 -13.056960 -4.917014
v -1.665842 -13.056220 -4.928760
v -1.660564 -12.991390 -4.903848
v -1.680225 -12.991640 -4.900192
v -1.685416 -13.055350 -4.924746
v -1.673685 -13.056960 -4.917014
v -1.672049 -12.986600 -4.910570
v -1.677574 -13.054620 -4.936492
v -1.685416 -13.055350 -4.924746
v -1.665842 -13.056220 -4.928760
v -1.670355 -13.142200 -4.915401
v -1.682301 -13.144590 -4.922585
v -1.673685 -13.056960 -4.917014
v -1.677908 -13.137520 -4.904398
v -1.670355 -13.142200 -4.915401
v -1.689854 -13.139910 -4.911582
v -1.677908 -13.137520 -4.904398
v -1.673685 -13.056960 -4.917014
v -1.682301 -13.144590 -4.922585
v -1.689854 -13.139910 -4.911582
v -1.685416 -13.055350 -4.924746
v -1.672169 -13.218190 -4.863017
v -1.684187 -13.223910 -4.867796
v -1.682301 -13.144590 -4.922585
v -1.679622 -13.209000 -4.855270
v -1.672169 -13.218190 -4.863017
v -1.670355 -13.142200 -4.915401
v -1.689854 -13.139910 -4.911582
v -1.691640 -13.214720 -4.860050
v -1.679622 -13.209000 -4.855270
v -1.682301 -13.144590 -4.922585
v -1.684187 -13.223910 -4.867796
v -1.691640 -13.214720 -4.860050
v -1.569015 -12.852740 -3.883857
v -1.578176 -12.844990 -3.876371
v -1.578891 -12.991530 -3.723449
v -1.579790 -12.859280 -3.890275
v -1.569015 -12.852740 -3.883857
v -1.569730 -12.999980 -3.730125
v -1.589664 -12.998770 -3.729056
v -1.588950 -12.851530 -3.882789
v -1.579790 -12.859280 -3.890275
v -1.578891 -12.991530 -3.723449
v -1.578176 -12.844990 -3.876371
v -1.588950 -12.851530 -3.882789
v -1.567440 -12.611900 -4.127719
v -1.576600 -12.604150 -4.120233
v -1.578176 -12.844990 -3.876371
v -1.578215 -12.618430 -4.134137
v -1.567440 -12.611900 -4.127719
v -1.569015 -12.852740 -3.883857
v -1.588950 -12.851530 -3.882789
v -1.587375 -12.610680 -4.126651
v -1.578215 -12.618430 -4.134137
v -1.578176 -12.844990 -3.876371
v -1.576600 -12.604150 -4.120233
v -1.587375 -12.610680 -4.126651
v -1.566732 -12.464900 -4.281155
v -1.575861 -12.456000 -4.275041
v -1.576600 -12.604150 -4.120233
v -1.577525 -12.472100 -4.286794
v -1.566732 -12.464900 -4.281155
v -1.567440 -12.611900 -4.127719
v -1.587375 -12.610680 -4.126651
v -1.586654 -12.463190 -4.280680
v -1.577525 -12.472100 -4.286794
v -1.576600 -12.604150 -4.120233
v -1.575861 -12.456000 -4.275041
v -1.586654 -12.463190 -4.280680
v -1.562538 -12.431100 -4.344198
v -1.571494 -12.420590 -4.341142
v -1.575861 -12.456000 -4.275041
v -1.573441 -12.439330 -4.347876
v -1.562538 -12.431100 -4.344198
v -1.566732 -12.464900 -4.281155
v -1.586654 -12.463190 -4.280680
v -1.582397 -12.428820 -4.344820
v -1.573441 -12.439330 -4.347876
v -1.575861 -12.456000 -4.275041
v -1.571494 -12.420590 -4.341142
v -1.582397 -12.428820 -4.344820
v -1.562538 -12.431100 -4.344198
v -1.555881 -12.414870 -4.431059
v -1.564667 -12.403790 -4.431246
v -1.566952 -12.423660 -4.431526
v -1.555881 -12.414870 -4.431059
v -1.562538 -12.431100 -4.344198
v -1.575738 -12.412580 -4.431713
v -1.566952 -12.423660 -4.431526
v -1.573441 -12.439330 -4.347876
v -1.571494 -12.420590 -4.341142
v -1.564667 -12.403790 -4.431246
v -1.575738 -12.412580 -4.431713
v -1.555881 -12.414870 -4.431059
v -1.556723 -12.431580 -4.532051
v -1.565607 -12.420980 -4.534997
v -1.567631 -12.439570 -4.527895
v -1.556723 -12.431580 -4.532051
v -1.555881 -12.414870 -4.431059
v -1.576514 -12.428970 -4.530841
v -1.567631 -12.439570 -4.527895
v -1.566952 -12.423660 -4.431526
v -1.564667 -12.403790 -4.431246
v -1.565607 -12.420980 -4.534997
v -1.576514 -12.428970 -4.530841
v -1.556723 -12.431580 -4.532051
v -1.578236 -12.488730 -4.625625
v -1.587467 -12.479080 -4.630277
v -1.567631 -12.439570 -4.527895
v -1.588389 -12.494650 -4.617758
v -1.578236 -12.488730 -4.625625
v -1.597620 -12.485000 -4.622410
v -1.588389 -12.494650 -4.617758
v -1.567631 -12.439570 -4.527895
v -1.587467 -12.479080 -4.630277
v -1.597620 -12.485000 -4.622410
v -1.576514 -12.428970 -4.530841
v -1.611074 -12.566130 -4.703011
v -1.620679 -12.557470 -4.708729
v -1.587467 -12.479080 -4.630277
v -1.588389 -12.494650 -4.617758
v -1.620811 -12.570950 -4.693957
v -1.611074 -12.566130 -4.703011
v -1.597620 -12.485000 -4.622410
v -1.630416 -12.562290 -4.699675
v -1.620811 -12.570950 -4.693957
v -1.620679 -12.557470 -4.708729
v -1.630416 -12.562290 -4.699675
v -1.597620 -12.485000 -4.622410
v -1.630966 -12.633380 -4.759469
v -1.640926 -12.626020 -4.766301
v -1.620679 -12.557470 -4.708729
v -1.620811 -12.570950 -4.693957
v -1.640776 -12.638460 -4.750640
v -1.630966 -12.633380 -4.759469
v -1.630416 -12.562290 -4.699675
v -1.650736 -12.631110 -4.757472
v -1.640776 -12.638460 -4.750640
v -1.640926 -12.626020 -4.766301
v -1.650736 -12.631110 -4.757472
v -1.630416 -12.562290 -4.699675
v -1.630966 -12.633380 -4.759469
v -1.641748 -12.740470 -4.839591
v -1.651846 -12.734060 -4.847134
v -1.651584 -12.745730 -4.830897
v -1.641748 -12.740470 -4.839591
v -1.630966 -12.633380 -4.759469
v -1.661682 -12.739320 -4.838439
v -1.651584 -12.745730 -4.830897
v -1.640776 -12.638460 -4.750640
v -1.640926 -12.626020 -4.766301
v -1.651846 -12.734060 -4.847134
v -1.661682 -12.739320 -4.838439
v -1.656552 -12.892030 -4.943816
v -1.666695 -12.886070 -4.951664
v -1.651846 -12.734060 -4.847134
v -1.666344 -12.896840 -4.934813
v -1.656552 -12.892030 -4.943816
v -1.641748 -12.740470 -4.839591
v -1.661682 -12.739320 -4.838439
v -1.676485 -12.890880 -4.942661
v -1.666344 -12.896840 -4.934813
v -1.651846 -12.734060 -4.847134
v -1.666695 -12.886070 -4.951664
v -1.676485 -12.890880 -4.942661
v -1.665644 -12.990480 -5.001736
v -1.675941 -12.986290 -5.010477
v -1.666695 -12.886070 -4.951664
v -1.675278 -12.993500 -4.991831
v -1.665644 -12.990480 -5.001736
v -1.656552 -12.892030 -4.943816
v -1.676485 -12.890880 -4.942661
v -1.685575 -12.989310 -5.000572
v -1.675278 -12.993500 -4.991831
v -1.666695 -12.886070 -4.951664
v -1.675941 -12.986290 -5.010477
v -1.685575 -12.989310 -5.000572
v -1.670808 -13.062490 -5.016372
v -1.681344 -13.061650 -5.025768
v -1.675941 -12.986290 -5.010477
v -1.680200 -13.062120 -5.005806
v -1.670808 -13.062490 -5.016372
v -1.665644 -12.990480 -5.001736
v -1.685575 -12.989310 -5.000572
v -1.690737 -13.061280 -5.015202
v -1.680200 -13.062120 -5.005806
v -1.675941 -12.986290 -5.010477
v -1.681344 -13.061650 -5.025768
v -1.690737 -13.061280 -5.015202
v -1.676126 -13.164580 -4.999788
v -1.686871 -13.167850 -5.008384
v -1.681344 -13.061650 -5.025768
v -1.685310 -13.160060 -4.990029
v -1.676126 -13.164580 -4.999788
v -1.670808 -13.062490 -5.016372
v -1.690737 -13.061280 -5.015202
v -1.696054 -13.163330 -4.998625
v -1.685310 -13.160060 -4.990029
v -1.681344 -13.061650 -5.025768
v -1.686871 -13.167850 -5.008384
v -1.696054 -13.163330 -4.998625
v -1.676126 -13.164580 -4.999788
v -1.678606 -13.286500 -4.907713
v -1.689428 -13.293300 -4.913762
v -1.685310 -13.160060 -4.990029
v -1.687710 -13.278400 -4.900528
v -1.678606 -13.286500 -4.907713
v -1.698532 -13.285210 -4.906577
v -1.687710 -13.278400 -4.900528
v -1.685310 -13.160060 -4.990029
v -1.689428 -13.293300 -4.913762
v -1.698532 -13.285210 -4.906577
v -1.696054 -13.163330 -4.998625
v -1.509296 -13.803690 -2.970199
v -1.505375 -13.847500 -2.918163
v -1.558960 -13.885450 -2.944397
v -1.555101 -13.765400 -2.932312
v -1.551234 -13.808090 -2.881499
v -1.505375 -13.847500 -2.918163
v -1.604818 -13.846050 -2.907733
v -1.551234 -13.808090 -2.881499
v -1.555101 -13.765400 -2.932312
v -1.558960 -13.885450 -2.944397
v -1.604818 -13.846050 -2.907733
v -1.608970 -13.797630 -2.964856
v -1.505375 -13.847500 -2.918163
v -1.495201 -13.920520 -2.826915
v -1.548706 -13.959100 -2.852385
v -1.551234 -13.808090 -2.881499
v -1.541006 -13.881540 -2.789731
v -1.495201 -13.920520 -2.826915
v -1.594512 -13.920120 -2.815201
v -1.541006 -13.881540 -2.789731
v -1.551234 -13.808090 -2.881499
v -1.548706 -13.959100 -2.852385
v -1.594512 -13.920120 -2.815201
v -1.604818 -13.846050 -2.907733
v -1.495201 -13.920520 -2.826915
v -1.482193 -14.012940 -2.716689
v -1.535865 -14.050280 -2.743609
v -1.541006 -13.881540 -2.789731
v -1.527824 -13.975240 -2.678000
v -1.482193 -14.012940 -2.716689
v -1.581497 -14.012580 -2.704921
v -1.527824 -13.975240 -2.678000
v -1.541006 -13.881540 -2.789731
v -1.535865 -14.050280 -2.743609
v -1.581497 -14.012580 -2.704921
v -1.594512 -13.920120 -2.815201
v -1.482193 -14.012940 -2.716689
v -1.469809 -14.116020 -2.606721
v -1.523834 -14.150250 -2.636875
v -1.527824 -13.975240 -2.678000
v -1.515154 -14.080860 -2.565398
v -1.469809 -14.116020 -2.606721
v -1.569179 -14.115090 -2.595551
v -1.515154 -14.080860 -2.565398
v -1.527824 -13.975240 -2.678000
v -1.523834 -14.150250 -2.636875
v -1.569179 -14.115090 -2.595551
v -1.581497 -14.012580 -2.704921
v -1.469809 -14.116020 -2.606721
v -1.461493 -14.221480 -2.515889
v -1.516018 -14.248330 -2.552035
v -1.515154 -14.080860 -2.565398
v -1.506455 -14.192000 -2.469966
v -1.461493 -14.221480 -2.515889
v -1.560980 -14.218840 -2.506112
v -1.506455 -14.192000 -2.469966
v -1.515154 -14.080860 -2.565398
v -1.516018 -14.248330 -2.552035
v -1.560980 -14.218840 -2.506112
v -1.569179 -14.115090 -2.595551
v -1.461493 -14.221480 -2.515889
v -1.460756 -14.320620 -2.463626
v -1.515355 -14.332540 -2.506949
v -1.506455 -14.192000 -2.469966
v -1.505655 -14.303540 -2.411740
v -1.460756 -14.320620 -2.463626
v -1.560254 -14.315460 -2.455063
v -1.505655 -14.303540 -2.411740
v -1.506455 -14.192000 -2.469966
v -1.515355 -14.332540 -2.506949
v -1.560254 -14.315460 -2.455063
v -1.560980 -14.218840 -2.506112
v -1.466927 -14.433130 -2.451165
v -1.520814 -14.428890 -2.496752
v -1.515355 -14.332540 -2.506949
v -1.512501 -14.431380 -2.397129
v -1.466927 -14.433130 -2.451165
v -1.460756 -14.320620 -2.463626
v -1.560254 -14.315460 -2.455063
v -1.566389 -14.427140 -2.442716
v -1.512501 -14.431380 -2.397129
v -1.515355 -14.332540 -2.506949
v -1.520814 -14.428890 -2.496752
v -1.566389 -14.427140 -2.442716
v -1.474969 -14.549830 -2.468802
v -1.528183 -14.535620 -2.513143
v -1.520814 -14.428890 -2.496752
v -1.521261 -14.558710 -2.416092
v -1.474969 -14.549830 -2.468802
v -1.466927 -14.433130 -2.451165
v -1.566389 -14.427140 -2.442716
v -1.574474 -14.544490 -2.460433
v -1.521261 -14.558710 -2.416092
v -1.520814 -14.428890 -2.496752
v -1.528183 -14.535620 -2.513143
v -1.574474 -14.544490 -2.460433
v -1.484153 -14.667830 -2.506263
v -1.536947 -14.648140 -2.548982
v -1.528183 -14.535620 -2.513143
v -1.530891 -14.682530 -2.455279
v -1.484153 -14.667830 -2.506263
v -1.474969 -14.549830 -2.468802
v -1.574474 -14.544490 -2.460433
v -1.583686 -14.662840 -2.497998
v -1.530891 -14.682530 -2.455279
v -1.528183 -14.535620 -2.513143
v -1.536947 -14.648140 -2.548982
v -1.583686 -14.662840 -2.497998
v -1.493700 -14.783320 -2.553340
v -1.546320 -14.761490 -2.595231
v -1.536947 -14.648140 -2.548982
v -1.540624 -14.800290 -2.503239
v -1.493700 -14.783320 -2.553340
v -1.484153 -14.667830 -2.506263
v -1.583686 -14.662840 -2.497998
v -1.593244 -14.778460 -2.545129
v -1.540624 -14.800290 -2.503239
v -1.536947 -14.648140 -2.548982
v -1.546320 -14.761490 -2.595231
v -1.593244 -14.778460 -2.545129
v -1.502830 -14.892510 -2.599804
v -1.555529 -14.871620 -2.642076
v -1.546320 -14.761490 -2.595231
v -1.549672 -14.908470 -2.549296
v -1.502830 -14.892510 -2.599804
v -1.493700 -14.783320 -2.553340
v -1.593244 -14.778460 -2.545129
v -1.602369 -14.887590 -2.591568
v -1.549672 -14.908470 -2.549296
v -1.546320 -14.761490 -2.595231
v -1.555529 -14.871620 -2.642076
v -1.602369 -14.887590 -2.591568
v -1.502830 -14.892510 -2.599804
v -1.510828 -14.992290 -2.635657
v -1.563557 -14.971770 -2.678062
v -1.549672 -14.908470 -2.549296
v -1.557494 -15.006310 -2.584415
v -1.510828 -14.992290 -2.635657
v -1.610224 -14.985780 -2.626820
v -1.557494 -15.006310 -2.584415
v -1.549672 -14.908470 -2.549296
v -1.563557 -14.971770 -2.678062
v -1.610224 -14.985780 -2.626820
v -1.602369 -14.887590 -2.591568
v -1.510828 -14.992290 -2.635657
v -1.527418 -15.135940 -2.688242
v -1.579872 -15.112980 -2.729735
v -1.557494 -15.006310 -2.584415
v -1.574073 -15.149850 -2.636961
v -1.527418 -15.135940 -2.688242
v -1.626526 -15.126890 -2.678454
v -1.574073 -15.149850 -2.636961
v -1.557494 -15.006310 -2.584415
v -1.579872 -15.112980 -2.729735
v -1.626526 -15.126890 -2.678454
v -1.610224 -14.985780 -2.626820
v -1.559495 -15.358530 -2.780171
v -1.611685 -15.333690 -2.820904
v -1.579872 -15.112980 -2.729735
v -1.606201 -15.372810 -2.729038
v -1.559495 -15.358530 -2.780171
v -1.527418 -15.135940 -2.688242
v -1.626526 -15.126890 -2.678454
v -1.658390 -15.347970 -2.769771
v -1.606201 -15.372810 -2.729038
v -1.579872 -15.112980 -2.729735
v -1.611685 -15.333690 -2.820904
v -1.658390 -15.347970 -2.769771
v -1.602204 -15.630300 -2.894513
v -1.654321 -15.604990 -2.935052
v -1.611685 -15.333690 -2.820904
v -1.648837 -15.644110 -2.843184
v -1.602204 -15.630300 -2.894513
v -1.559495 -15.358530 -2.780171
v -1.658390 -15.347970 -2.769771
v -1.700953 -15.618800 -2.883723
v -1.648837 -15.644110 -2.843184
v -1.611685 -15.333690 -2.820904
v -1.654321 -15.604990 -2.935052
v -1.700953 -15.618800 -2.883723
v -1.650728 -15.921560 -3.014386
v -1.702873 -15.896430 -3.054995
v -1.654321 -15.604990 -2.935052
v -1.697174 -15.934250 -2.962600
v -1.650728 -15.921560 -3.014386
v -1.602204 -15.630300 -2.894513
v -1.700953 -15.618800 -2.883723
v -1.749319 -15.909120 -3.003209
v -1.697174 -15.934250 -2.962600
v -1.654321 -15.604990 -2.935052
v -1.702873 -15.896430 -3.054995
v -1.749319 -15.909120 -3.003209
v -1.700243 -16.202520 -3.122865
v -1.752541 -16.178250 -3.163800
v -1.702873 -15.896430 -3.054995
v -1.746296 -16.213000 -3.070240
v -1.700243 -16.202520 -3.122865
v -1.650728 -15.921560 -3.014386
v -1.749319 -15.909120 -3.003209
v -1.798593 -16.188720 -3.111175
v -1.746296 -16.213000 -3.070240
v -1.702873 -15.896430 -3.054995
v -1.752541 -16.178250 -3.163800
v -1.798593 -16.188720 -3.111175
v -1.700243 -16.202520 -3.122865
v -1.745977 -16.443570 -3.203077
v -1.798196 -16.418890 -3.243872
v -1.746296 -16.213000 -3.070240
v -1.791615 -16.451930 -3.149717
v -1.745977 -16.443570 -3.203077
v -1.843834 -16.427250 -3.190511
v -1.791615 -16.451930 -3.149717
v -1.746296 -16.213000 -3.070240
v -1.798196 -16.418890 -3.243872
v -1.843834 -16.427250 -3.190511
v -1.798593 -16.188720 -3.111175
v -1.745977 -16.443570 -3.203077
v -1.798012 -16.669400 -3.279831
v -1.849520 -16.641630 -3.319529
v -1.791615 -16.451930 -3.149717
v -1.843683 -16.677900 -3.226522
v -1.798012 -16.669400 -3.279831
v -1.895190 -16.650130 -3.266219
v -1.843683 -16.677900 -3.226522
v -1.791615 -16.451930 -3.149717
v -1.849520 -16.641630 -3.319529
v -1.895190 -16.650130 -3.266219
v -1.843834 -16.427250 -3.190511
v -1.864588 -16.914580 -3.380296
v -1.915293 -16.883800 -3.418791
v -1.849520 -16.641630 -3.319529
v -1.910539 -16.924130 -3.327407
v -1.864588 -16.914580 -3.380296
v -1.798012 -16.669400 -3.279831
v -1.895190 -16.650130 -3.266219
v -1.961245 -16.893360 -3.365902
v -1.910539 -16.924130 -3.327407
v -1.849520 -16.641630 -3.319529
v -1.915293 -16.883800 -3.418791
v -1.961245 -16.893360 -3.365902
v -1.938260 -17.164490 -3.491176
v -1.988592 -17.132440 -3.529110
v -1.915293 -16.883800 -3.418791
v -1.984276 -17.174270 -3.438384
v -1.938260 -17.164490 -3.491176
v -1.864588 -16.914580 -3.380296
v -1.961245 -16.893360 -3.365902
v -2.034608 -17.142210 -3.476318
v -1.984276 -17.174270 -3.438384
v -1.915293 -16.883800 -3.418791
v -1.988592 -17.132440 -3.529110
v -2.034608 -17.142210 -3.476318
v -2.011636 -17.404640 -3.599232
v -2.061988 -17.372650 -3.637197
v -1.988592 -17.132440 -3.529110
v -2.057491 -17.413890 -3.546205
v -2.011636 -17.404640 -3.599232
v -1.938260 -17.164490 -3.491176
v -2.034608 -17.142210 -3.476318
v -2.107843 -17.381900 -3.584171
v -2.057491 -17.413890 -3.546205
v -1.988592 -17.132440 -3.529110
v -2.061988 -17.372650 -3.637197
v -2.107843 -17.381900 -3.584171
v -2.077286 -17.620340 -3.691186
v -2.128196 -17.590210 -3.729921
v -2.061988 -17.372650 -3.637197
v -2.122638 -17.627900 -3.637465
v -2.077286 -17.620340 -3.691186
v -2.011636 -17.404640 -3.599232
v -2.107843 -17.381900 -3.584171
v -2.173548 -17.597770 -3.676200
v -2.122638 -17.627900 -3.637465
v -2.061988 -17.372650 -3.637197
v -2.128196 -17.590210 -3.729921
v -2.173548 -17.597770 -3.676200
v -2.127771 -17.796800 -3.753770
v -2.179996 -17.771360 -3.794086
v -2.128196 -17.590210 -3.729921
v -2.172104 -17.800730 -3.698824
v -2.127771 -17.796800 -3.753770
v -2.077286 -17.620340 -3.691186
v -2.173548 -17.597770 -3.676200
v -2.224329 -17.775290 -3.739140
v -2.172104 -17.800730 -3.698824
v -2.128196 -17.590210 -3.729921
v -2.179996 -17.771360 -3.794086
v -2.224329 -17.775290 -3.739140
v -1.697644 -11.781330 -5.985942
v -1.513393 -11.027900 -4.691869
v -1.513393 -11.872240 -4.342130
v -1.697644 -12.301120 -5.770638
v -1.513393 -11.872240 -4.342130
v -2.722721 -11.872240 -4.342130
v -1.697644 -11.781330 -5.985942
v -2.722721 -11.738350 -5.948054
v -2.722721 -11.027900 -4.691869
v -2.014231 -12.461450 -7.627880
v -2.722721 -12.418460 -7.589992
v -2.722721 -11.738350 -5.948054
v -2.014231 -12.981240 -7.412576
v -1.697644 -12.301120 -5.770638
v -2.722721 -12.258140 -5.732750
v -2.014231 -12.461450 -7.627880
v -1.697644 -11.781330 -5.985942
v -1.697644 -12.301120 -5.770638
v -1.697644 -15.629760 -2.174153
v -1.697644 -15.414450 -2.693943
v -1.513393 -13.948200 -2.263481
v -1.697644 -15.629760 -2.174153
v -1.513393 -14.297940 -1.419138
v -2.722721 -14.297940 -1.419138
v -1.697644 -15.414450 -2.693943
v -2.722721 -15.414450 -2.693943
v -2.722721 -13.948200 -2.263481
v -2.014231 -17.174060 -3.422798
v -2.722721 -17.174060 -3.422798
v -2.722721 -15.414450 -2.693943
v -2.014231 -17.389370 -2.903007
v -1.697644 -15.629760 -2.174153
v -2.722721 -15.629760 -2.174153
v -2.014231 -17.389370 -2.903007
v -2.014231 -17.174060 -3.422798
v -1.697644 -15.414450 -2.693943
v -2.294535 -13.287150 -8.217000
v -2.294535 -12.767360 -8.432304
v -2.014231 -12.461450 -7.627880
v -2.294535 -13.287150 -8.217000
v -2.014231 -12.981240 -7.412576
v -2.722721 -12.938250 -7.374688
v -2.294535 -12.767360 -8.432304
v -2.722721 -12.767360 -8.432304
v -2.722721 -12.418460 -7.589992
v -2.294535 -18.066720 -3.183575
v -2.294535 -17.851410 -3.703365
v -2.014231 -17.174060 -3.422798
v -2.294535 -18.066720 -3.183575
v -2.014231 -17.389370 -2.903007
v -2.722721 -17.389370 -2.903007
v -2.294535 -17.851410 -3.703365
v -2.722721 -17.851410 -3.703365
v -2.722721 -17.174060 -3.422798
v -1.578733 -14.402820 -4.463724
v -1.526016 -13.913540 -4.035348
v -1.457935 -14.085320 -3.847522
v -1.742959 -14.323390 -4.534234
v -1.690241 -13.834110 -4.105858
v -1.526016 -13.913540 -4.035348
v -1.525880 -14.248830 -3.652403
v -1.690049 -14.308280 -3.564292
v -1.742766 -14.797570 -3.992667
v -1.457935 -14.085320 -3.847522
v -1.525880 -14.248830 -3.652403
v -1.578598 -14.738110 -4.080779
v -1.510653 -14.574600 -4.275897
v -1.578598 -14.738110 -4.080779
v -1.599472 -14.764570 -4.120548
v -1.534865 -14.609090 -4.306084
v -1.599472 -14.764570 -4.120548
v -1.642172 -14.756990 -4.154002
v -1.578598 -14.738110 -4.080779
v -1.742766 -14.797570 -3.992667
v -1.746622 -14.817860 -4.041571
v -1.599472 -14.764570 -4.120548
v -1.746622 -14.817860 -4.041571
v -1.748232 -14.795400 -4.097078
v -1.578733 -14.402820 -4.463724
v -1.599602 -14.445740 -4.484687
v -1.746801 -14.374550 -4.547886
v -1.599602 -14.445740 -4.484687
v -1.642284 -14.477920 -4.472738
v -1.748381 -14.426600 -4.518290
v -1.510653 -14.574600 -4.275897
v -1.534865 -14.609090 -4.306084
v -1.599602 -14.445740 -4.484687
v -1.534865 -14.609090 -4.306084
v -1.585619 -14.620900 -4.316405
v -1.642284 -14.477920 -4.472738
v -1.642284 -14.477920 -4.472738
v -1.585619 -14.620900 -4.316405
v -1.748381 -14.426600 -4.518290
v -1.585619 -14.620900 -4.316405
v -1.642172 -14.756990 -4.154002
v -1.748232 -14.795400 -4.097078
v -0.322417 0.322415 -2.428221
v 0.000000 0.455968 -2.428221
v 0.322417 0.322415 -2.428221
v 0.322417 0.322415 -2.428221
v 0.455966 -0.000001 -2.428221
v -0.322417 0.322415 -2.428221
v 0.455966 -0.000001 -2.428221
v 0.322417 -0.322419 -2.428221
v -0.322417 0.322415 -2.428221
v 0.322417 -0.322419 -2.428221
v 0.000000 -0.455966 -2.428221
v -0.322417 0.322415 -2.428221
v 0.000000 -0.455966 -2.428221
v -0.322417 -0.322419 -2.428221
v -0.322417 0.322415 -2.428221
v 0.322417 -0.322419 -1.447058
v 0.000000 -0.455966 -1.447058
v 0.000000 -0.820428 -1.457729
v 0.455966 -0.000001 -1.684731
v 0.820430 -0.000001 -1.674060
v 0.580131 -0.580131 -1.674060
v -0.322417 -0.322419 -1.447058
v -0.580130 -0.580131 -1.457729
v 0.000000 -0.820428 -1.457729
v 0.322417 0.322415 -1.684731
v 0.580131 0.580131 -1.674060
v 0.820430 -0.000001 -1.674060
v -0.455966 -0.000001 -1.447058
v -0.820429 -0.000001 -1.457729
v -0.580130 -0.580131 -1.457729
v 0.000000 0.455968 -1.684731
v 0.000000 0.820428 -1.674060
v 0.580131 0.580131 -1.674060
v -0.322417 0.322415 -1.447058
v -0.580130 0.580131 -1.457729
v -0.820429 -0.000001 -1.457729
v 0.000000 0.455968 -1.684731
v -0.322417 0.322415 -1.684731
v -0.580130 0.580131 -1.674060
v 0.000000 0.455968 -1.684731
v 0.322417 0.322415 -1.684731
v 0.322417 0.322415 -2.190804
v 0.322417 0.322415 -1.684731
v 0.455966 -0.000001 -1.684731
v 0.455966 -0.000001 -2.190804
v 0.455966 -0.000001 -1.684731
v 0.322417 -0.322419 -1.684731
v 0.322417 -0.322419 -2.190804
v 0.322417 -0.322419 -1.684731
v 0.000000 -0.455966 -1.684731
v 0.000000 -0.455966 -2.190804
v 0.000000 -0.455966 -1.684731
v -0.322417 -0.322419 -1.684731
v -0.322417 -0.322419 -2.190804
v -0.322417 -0.322419 -1.684731
v -0.455966 -0.000001 -1.684731
v -0.455966 -0.000001 -2.190804
v -0.455966 -0.000001 -1.684731
v -0.322417 0.322415 -1.684731
v -0.322417 0.322415 -2.190804
v -0.322417 0.322415 -2.190804
v -0.322417 0.322415 -1.684731
v 0.000000 0.455968 -1.684731
v -0.580130 0.580131 -1.674060
v -0.580130 0.580131 -1.457729
v 0.000000 0.820428 -1.457729
v -0.820429 -0.000001 -1.457729
v -0.580130 0.580131 -1.457729
v -0.580130 0.580131 -1.674060
v -0.580130 -0.580131 -1.457729
v -0.820429 -0.000001 -1.457729
v -0.820429 -0.000001 -1.674060
v 0.000000 -0.820428 -1.457729
v -0.580130 -0.580131 -1.457729
v -0.580130 -0.580131 -1.674060
v 0.580131 -0.580131 -1.457729
v 0.000000 -0.820428 -1.457729
v 0.000000 -0.820428 -1.674060
v 0.820430 -0.000001 -1.457729
v 0.580131 -0.580131 -1.457729
v 0.580131 -0.580131 -1.674060
v 0.580131 0.580131 -1.457729
v 0.820430 -0.000001 -1.457729
v 0.820430 -0.000001 -1.674060
v 0.000000 0.820428 -1.457729
v 0.580131 0.580131 -1.457729
v 0.580131 0.580131 -1.674060
v 0.322417 -0.322419 -1.684731
v 0.580131 -0.580131 -1.674060
v 0.000000 -0.820428 -1.674060
v 0.455966 -0.000001 -1.447058
v 0.322417 -0.322419 -1.447058
v 0.580131 -0.580131 -1.457729
v -0.322417 -0.322419 -1.684731
v 0.000000 -0.455966 -1.684731
v 0.000000 -0.820428 -1.674060
v 0.322417 0.322415 -1.447058
v 0.455966 -0.000001 -1.447058
v 0.820430 -0.000001 -1.457729
v -0.455966 -0.000001 -1.684731
v -0.322417 -0.322419 -1.684731
v -0.580130 -0.580131 -1.674060
v 0.000000 0.455968 -1.447058
v 0.322417 0.322415 -1.447058
v 0.580131 0.580131 -1.457729
v -0.322417 0.322415 -1.684731
v -0.455966 -0.000001 -1.684731
v -0.820429 -0.000001 -1.674060
v 0.000000 0.455968 -1.447058
v 0.000000 0.820428 -1.457729
v -0.580130 0.580131 -1.457729
v -0.322417 -0.322419 -2.297493
v -0.395602 -0.395606 -2.302925
v -0.559466 -0.000001 -2.302925
v 0.322417 0.322415 -2.190804
v 0.455966 -0.000001 -2.190804
v 0.559466 -0.000001 -2.185371
v -0.322417 -0.322419 -2.297493
v 0.000000 -0.455966 -2.297493
v 0.000000 -0.559466 -2.302925
v 0.322417 -0.322419 -2.190804
v 0.395602 -0.395606 -2.185371
v 0.559466 -0.000001 -2.185371
v 0.322417 -0.322419 -2.297493
v 0.395602 -0.395606 -2.302925
v 0.000000 -0.559466 -2.302925
v 0.322417 -0.322419 -2.190804
v 0.000000 -0.455966 -2.190804
v 0.000000 -0.559466 -2.185371
v 0.322417 -0.322419 -2.297493
v 0.455966 -0.000001 -2.297493
v 0.559466 -0.000001 -2.302925
v -0.322417 -0.322419 -2.190804
v -0.395602 -0.395606 -2.185371
v 0.000000 -0.559466 -2.185371
v 0.000000 0.455968 -2.297493
v 0.322417 0.322415 -2.297493
v 0.322417 0.322415 -2.428221
v 0.322417 0.322415 -2.297493
v 0.455966 -0.000001 -2.297493
v 0.455966 -0.000001 -2.428221
v 0.455966 -0.000001 -2.297493
v 0.322417 -0.322419 -2.297493
v 0.322417 -0.322419 -2.428221
v 0.322417 -0.322419 -2.297493
v 0.000000 -0.455966 -2.297493
v 0.000000 -0.455966 -2.428221
v 0.000000 -0.455966 -2.297493
v -0.322417 -0.322419 -2.297493
v -0.322417 -0.322419 -2.428221
v -0.322417 -0.322419 -2.297493
v -0.455966 -0.000001 -2.297493
v -0.455966 -0.000001 -2.428221
v -0.455966 -0.000001 -2.297493
v -0.322417 0.322415 -2.297493
v -0.322417 0.322415 -2.428221
v -0.322417 0.322415 -2.297493
v 0.000000 0.455968 -2.297493
v 0.000000 0.455968 -2.428221
v -0.395603 0.395602 -2.185371
v 0.000000 0.559468 -2.185371
v 0.000000 0.559468 -2.302925
v -0.559466 -0.000001 -2.185371
v -0.395603 0.395602 -2.185371
v -0.395603 0.395602 -2.302925
v -0.395602 -0.395606 -2.185371
v -0.559466 -0.000001 -2.185371
v -0.559466 -0.000001 -2.302925
v 0.000000 -0.559466 -2.185371
v -0.395602 -0.395606 -2.185371
v -0.395602 -0.395606 -2.302925
v 0.395602 -0.395606 -2.185371
v 0.000000 -0.559466 -2.185371
v 0.000000 -0.559466 -2.302925
v 0.559466 -0.000001 -2.185371
v 0.395602 -0.395606 -2.185371
v 0.395602 -0.395606 -2.302925
v 0.395603 0.395602 -2.185371
v 0.559466 -0.000001 -2.185371
v 0.559466 -0.000001 -2.302925
v 0.000000 0.559468 -2.185371
v 0.395603 0.395602 -2.185371
v 0.395603 0.395602 -2.302925
v 0.000000 0.455968 -2.190804
v 0.322417 0.322415 -2.190804
v 0.395603 0.395602 -2.185371
v -0.322417 0.322415 -2.297493
v -0.455966 -0.000001 -2.297493
v -0.559466 -0.000001 -2.302925
v 0.000000 0.455968 -2.190804
v 0.000000 0.559468 -2.185371
v -0.395603 0.395602 -2.185371
v 0.000000 0.455968 -2.297493
v -0.322417 0.322415 -2.297493
v -0.395603 0.395602 -2.302925
v -0.322417 0.322415 -2.190804
v -0.395603 0.395602 -2.185371
v -0.559466 -0.000001 -2.185371
v 0.000000 0.455968 -2.297493
v 0.000000 0.559468 -2.302925
v 0.395603 0.395602 -2.302925
v -0.322417 -0.322419 -2.190804
v -0.455966 -0.000001 -2.190804
v -0.559466 -0.000001 -2.185371
v 0.322417 0.322415 -2.297493
v 0.395603 0.395602 -2.302925
v 0.559466 -0.000001 -2.302925
v -0.455966 -0.000001 1.447057
v -0.455966 -0.000001 -1.447058
v -0.322417 -0.322419 -1.447058
v -0.322417 -0.322419 1.447057
v -0.322417 -0.322419 -1.447058
v 0.000000 -0.455966 -1.447058
v 0.000000 -0.455966 1.447057
v 0.000000 -0.455966 -1.447058
v 0.322417 -0.322419 -1.447058
v 0.322417 -0.322419 1.447057
v 0.322417 -0.322419 -1.447058
v 0.455966 -0.000001 -1.447058
v 0.455966 -0.000001 1.447057
v 0.455966 -0.000001 -1.447058
v 0.322417 0.322415 -1.447058
v 0.322417 0.322415 1.447057
v 0.322417 0.322415 -1.447058
v 0.000000 0.455968 -1.447058
v 0.000000 0.455968 1.447058
v 0.000000 0.455968 -1.447058
v -0.322417 0.322415 -1.447058
v -2.021443 -0.000001 2.227505
v -0.659752 -0.000001 2.227505
v -0.659752 0.926532 2.227505
v -2.526360 -1.531713 1.684731
v -2.011642 -1.531713 1.684731
v -2.011642 -1.531713 2.227505
v -2.021443 -0.000001 1.684731
v -0.659752 -0.000001 1.684731
v -0.659752 -0.926534 1.684731
v -0.659752 -0.926534 1.684731
v -0.659752 -0.926534 2.227505
v -2.011642 -1.531713 2.227505
v -0.659752 0.926532 2.227505
v -0.659752 0.926532 1.684731
v -2.021443 1.531711 1.684731
v -0.101798 0.823121 2.227505
v -0.101798 0.823121 1.684731
v -0.659752 0.926532 1.684731
v -0.659752 -0.000001 1.447058
v -0.659752 -0.926534 1.447058
v -0.101798 -0.823125 1.447058
v -0.101798 -0.823125 1.447058
v 0.354938 -0.641574 1.447058
v -0.659752 -0.000001 1.447058
v 0.354938 -0.641574 1.447058
v 0.627625 -0.355504 1.447058
v -0.659752 -0.000001 1.447058
v 0.627625 -0.355504 1.447058
v 0.749577 -0.000001 1.447058
v 0.627625 0.355502 1.447058
v 0.627625 0.355502 1.447058
v 0.354939 0.641570 1.447058
v -0.659752 -0.000001 1.447058
v 0.354939 0.641570 1.447058
v -0.101798 0.823121 1.447058
v -0.659752 -0.000001 1.447058
v -0.101798 0.823121 1.447058
v -0.659752 0.926532 1.447058
v -0.659752 -0.000001 1.447058
v -0.101798 -0.823125 1.684731
v -0.101798 -0.823125 2.227505
v -0.659752 -0.926534 2.227505
v 0.749577 -0.000001 1.684731
v 0.749577 -0.000001 2.227505
v 0.627625 -0.355504 2.227505
v -0.659752 -0.000001 1.684731
v -0.659752 0.926532 1.684731
v -0.101798 0.823121 1.684731
v -0.101798 0.823121 1.684731
v 0.354938 0.641570 1.684731
v -0.659752 -0.000001 1.684731
v 0.354938 0.641570 1.684731
v 0.627625 0.355502 1.684731
v -0.659752 -0.000001 1.684731
v 0.627625 0.355502 1.684731
v 0.749577 -0.000001 1.684731
v 0.627625 -0.355504 1.684731
v 0.627625 -0.355504 1.684731
v 0.354939 -0.641574 1.684731
v -0.659752 -0.000001 1.684731
v 0.354939 -0.641574 1.684731
v -0.101798 -0.823125 1.684731
v -0.659752 -0.000001 1.684731
v -0.101798 -0.823125 1.684731
v -0.659752 -0.926534 1.684731
v -0.659752 -0.000001 1.684731
v 0.749577 -0.000001 2.227505
v 0.749577 -0.000001 1.684731
v 0.627625 0.355502 1.684731
v -0.101798 -0.823125 1.684731
v 0.354939 -0.641574 1.684731
v 0.354938 -0.641574 2.227505
v -0.101798 0.823121 2.227505
v 0.354939 0.641570 2.227505
v 0.354938 0.641570 1.684731
v -2.021443 -0.000001 1.447058
v -0.659752 -0.000001 1.447058
v -0.659752 0.926532 1.447058
v -2.526360 -1.193969 0.904284
v -2.011642 -1.193969 0.904284
v -2.011642 -1.193969 1.447058
v -2.021443 -0.000001 0.904284
v -0.659752 -0.000001 0.904284
v -0.659752 -0.926534 0.904284
v -0.659752 -0.926534 0.904284
v -0.659752 -0.926534 1.447058
v -2.011642 -1.193969 1.447058
v -0.659752 0.926532 1.447058
v -0.659752 0.926532 0.904284
v -2.021443 1.193967 0.904284
v -0.101798 0.823121 1.447058
v -0.101798 0.823121 0.904284
v -0.659752 0.926532 0.904284
v -0.101798 -0.823125 0.904284
v -0.101798 -0.823125 1.447058
v -0.659752 -0.926534 1.447058
v 0.749577 -0.000001 0.904284
v 0.749577 -0.000001 1.447058
v 0.627625 -0.355504 1.447058
v -0.659752 -0.000001 0.904284
v -0.659752 0.926532 0.904284
v -0.101798 0.823121 0.904284
v -0.101798 0.823121 0.904284
v 0.354938 0.641570 0.904284
v -0.659752 -0.000001 0.904284
v 0.354938 0.641570 0.904284
v 0.627625 0.355502 0.904284
v -0.659752 -0.000001 0.904284
v 0.627625 0.355502 0.904284
v 0.749577 -0.000001 0.904284
v 0.627625 -0.355504 0.904284
v 0.627625 -0.355504 0.904284
v 0.354939 -0.641574 0.904284
v -0.659752 -0.000001 0.904284
v 0.354939 -0.641574 0.904284
v -0.101798 -0.823125 0.904284
v -0.659752 -0.000001 0.904284
v -0.101798 -0.823125 0.904284
v -0.659752 -0.926534 0.904284
v -0.659752 -0.000001 0.904284
v 0.749577 -0.000001 1.447058
v 0.749577 -0.000001 0.904284
v 0.627625 0.355502 0.904284
v -0.101798 -0.823125 0.904284
v 0.354939 -0.641574 0.904284
v 0.354938 -0.641574 1.447058
v -0.101798 0.823121 1.447058
v 0.354939 0.641570 1.447058
v 0.354938 0.641570 0.904284
v 0.322417 0.322415 2.428221
v 0.000000 0.455968 2.428221
v -0.322417 0.322415 2.428221
v -0.322417 0.322415 2.428221
v -0.455966 -0.000001 2.428221
v 0.322417 0.322415 2.428221
v -0.455966 -0.000001 2.428221
v -0.322417 -0.322419 2.428221
v 0.322417 0.322415 2.428221
v -0.322417 -0.322419 2.428221
v 0.000000 -0.455966 2.428221
v 0.322417 0.322415 2.428221
v 0.000000 -0.455966 2.428221
v 0.322417 -0.322419 2.428221
v 0.322417 0.322415 2.428221
v 0.322417 -0.322419 1.447057
v 0.580131 -0.580131 1.457729
v 0.000000 -0.820428 1.457729
v 0.580131 -0.580131 1.674059
v 0.820430 -0.000001 1.674059
v 0.455966 -0.000001 1.684731
v 0.000000 -0.820428 1.457729
v -0.580130 -0.580131 1.457729
v -0.322417 -0.322419 1.447057
v 0.820430 -0.000001 1.674059
v 0.580131 0.580131 1.674059
v 0.322417 0.322415 1.684731
v -0.580130 -0.580131 1.457729
v -0.820429 -0.000001 1.457729
v -0.455966 -0.000001 1.447057
v 0.580131 0.580131 1.674059
v 0.000000 0.820428 1.674059
v 0.000000 0.455968 1.684731
v -0.820429 -0.000001 1.457729
v -0.580130 0.580131 1.457729
v -0.322417 0.322415 1.447057
v 0.000000 0.455968 1.684731
v 0.000000 0.820428 1.674059
v -0.580130 0.580131 1.674059
v 0.322417 0.322415 2.190804
v 0.322417 0.322415 1.684731
v 0.000000 0.455968 1.684731
v 0.455966 -0.000001 2.190804
v 0.455966 -0.000001 1.684731
v 0.322417 0.322415 1.684731
v 0.322417 -0.322419 2.190804
v 0.322417 -0.322419 1.684731
v 0.455966 -0.000001 1.684731
v 0.000000 -0.455966 2.190804
v 0.000000 -0.455966 1.684731
v 0.322417 -0.322419 1.684731
v -0.322417 -0.322419 2.190804
v -0.322417 -0.322419 1.684731
v 0.000000 -0.455966 1.684731
v -0.455966 -0.000001 2.190804
v -0.455966 -0.000001 1.684731
v -0.322417 -0.322419 1.684731
v -0.322417 0.322415 2.190804
v -0.322417 0.322415 1.684731
v -0.455966 -0.000001 1.684731
v -0.322417 0.322415 2.190804
v 0.000000 0.455968 2.190804
v 0.000000 0.455968 1.684731
v -0.580130 0.580131 1.674059
v 0.000000 0.820428 1.674059
v 0.000000 0.820428 1.457729
v -0.580130 0.580131 1.674059
v -0.580130 0.580131 1.457729
v -0.820429 -0.000001 1.457729
v -0.820429 -0.000001 1.674059
v -0.820429 -0.000001 1.457729
v -0.580130 -0.580131 1.457729
v -0.580130 -0.580131 1.674059
v -0.580130 -0.580131 1.457729
v 0.000000 -0.820428 1.457729
v 0.000000 -0.820428 1.674059
v 0.000000 -0.820428 1.457729
v 0.580131 -0.580131 1.457729
v 0.580131 -0.580131 1.674059
v 0.580131 -0.580131 1.457729
v 0.820430 -0.000001 1.457729
v 0.820430 -0.000001 1.674059
v 0.820430 -0.000001 1.457729
v 0.580131 0.580131 1.457729
v 0.580131 0.580131 1.674059
v 0.580131 0.580131 1.457729
v 0.000000 0.820428 1.457729
v 0.000000 -0.820428 1.674059
v 0.580131 -0.580131 1.674059
v 0.322417 -0.322419 1.684731
v 0.455966 -0.000001 1.447057
v 0.820430 -0.000001 1.457729
v 0.580131 -0.580131 1.457729
v -0.322417 -0.322419 1.684731
v -0.580130 -0.580131 1.674059
v 0.000000 -0.820428 1.674059
v 0.322417 0.322415 1.447057
v 0.580131 0.580131 1.457729
v 0.820430 -0.000001 1.457729
v -0.455966 -0.000001 1.684731
v -0.820429 -0.000001 1.674059
v -0.580130 -0.580131 1.674059
v 0.000000 0.455968 1.447058
v 0.000000 0.820428 1.457729
v 0.580131 0.580131 1.457729
v -0.322417 0.322415 1.684731
v -0.580130 0.580131 1.674059
v -0.820429 -0.000001 1.674059
v -0.580130 0.580131 1.457729
v 0.000000 0.820428 1.457729
v 0.000000 0.455968 1.447058
v -0.559466 -0.000001 2.302925
v -0.395602 -0.395606 2.302925
v -0.322417 -0.322419 2.297493
v 0.322417 0.322415 2.190804
v 0.395603 0.395602 2.185371
v 0.559466 -0.000001 2.185371
v -0.322417 -0.322419 2.297493
v -0.395602 -0.395606 2.302925
v 0.000000 -0.559466 2.302925
v 0.559466 -0.000001 2.185371
v 0.395602 -0.395606 2.185371
v 0.322417 -0.322419 2.190804
v 0.000000 -0.559466 2.302925
v 0.395602 -0.395606 2.302925
v 0.322417 -0.322419 2.297493
v 0.322417 -0.322419 2.190804
v 0.395602 -0.395606 2.185371
v 0.000000 -0.559466 2.185371
v 0.322417 -0.322419 2.297493
v 0.395602 -0.395606 2.302925
v 0.559466 -0.000001 2.302925
v 0.000000 -0.559466 2.185371
v -0.395602 -0.395606 2.185371
v -0.322417 -0.322419 2.190804
v 0.322417 0.322415 2.428221
v 0.322417 0.322415 2.297493
v 0.000000 0.455968 2.297493
v 0.455966 -0.000001 2.428221
v 0.455966 -0.000001 2.297493
v 0.322417 0.322415 2.297493
v 0.322417 -0.322419 2.428221
v 0.322417 -0.322419 2.297493
v 0.455966 -0.000001 2.297493
v 0.000000 -0.455966 2.428221
v 0.000000 -0.455966 2.297493
v 0.322417 -0.322419 2.297493
v -0.322417 -0.322419 2.428221
v -0.322417 -0.322419 2.297493
v 0.000000 -0.455966 2.297493
v -0.455966 -0.000001 2.428221
v -0.455966 -0.000001 2.297493
v -0.322417 -0.322419 2.297493
v -0.322417 0.322415 2.428221
v -0.322417 0.322415 2.297493
v -0.455966 -0.000001 2.297493
v 0.000000 0.455968 2.428221
v 0.000000 0.455968 2.297493
v -0.322417 0.322415 2.297493
v 0.000000 0.559468 2.302925
v 0.000000 0.559468 2.185371
v -0.395603 0.395602 2.185371
v -0.395603 0.395602 2.302925
v -0.395603 0.395602 2.185371
v -0.559466 -0.000001 2.185371
v -0.559466 -0.000001 2.302925
v -0.559466 -0.000001 2.185371
v -0.395602 -0.395606 2.185371
v -0.395602 -0.395606 2.302925
v -0.395602 -0.395606 2.185371
v 0.000000 -0.559466 2.185371
v 0.000000 -0.559466 2.302925
v 0.000000 -0.559466 2.185371
v 0.395602 -0.395606 2.185371
v 0.395602 -0.395606 2.302925
v 0.395602 -0.395606 2.185371
v 0.559466 -0.000001 2.185371
v 0.559466 -0.000001 2.302925
v 0.559466 -0.000001 2.185371
v 0.395603 0.395602 2.185371
v 0.395603 0.395602 2.302925
v 0.395603 0.395602 2.185371
v 0.000000 0.559468 2.185371
v 0.000000 0.455968 2.190804
v 0.000000 0.559468 2.185371
v 0.395603 0.395602 2.185371
v -0.322417 0.322415 2.297493
v -0.395603 0.395602 2.302925
v -0.559466 -0.000001 2.302925
v -0.395603 0.395602 2.185371
v 0.000000 0.559468 2.185371
v 0.000000 0.455968 2.190804
v 0.000000 0.455968 2.297493
v 0.000000 0.559468 2.302925
v -0.395603 0.395602 2.302925
v -0.559466 -0.000001 2.185371
v -0.395603 0.395602 2.185371
v -0.322417 0.322415 2.190804
v 0.395603 0.395602 2.302925
v 0.000000 0.559468 2.302925
v 0.000000 0.455968 2.297493
v -0.322417 -0.322419 2.190804
v -0.395602 -0.395606 2.185371
v -0.559466 -0.000001 2.185371
v 0.559466 -0.000001 2.302925
v 0.395603 0.395602 2.302925
v 0.322417 0.322415 2.297493
v 0.627625 -0.355504 2.227505
v 0.354938 -0.641574 2.227505
v 0.354939 -0.641574 1.684731
v 0.627625 0.355502 1.684731
v 0.354938 0.641570 1.684731
v 0.354939 0.641570 2.227505
v 0.627625 -0.355504 1.447058
v 0.354938 -0.641574 1.447058
v 0.354939 -0.641574 0.904284
v 0.627625 0.355502 0.904284
v 0.354938 0.641570 0.904284
v 0.354939 0.641570 1.447058
v -0.659752 -0.000001 2.227505
v -0.659752 -0.926534 2.227505
v -0.101798 -0.823125 2.227505
v -0.101798 -0.823125 2.227505
v 0.354938 -0.641574 2.227505
v -0.659752 -0.000001 2.227505
v 0.354938 -0.641574 2.227505
v 0.627625 -0.355504 2.227505
v -0.659752 -0.000001 2.227505
v 0.627625 -0.355504 2.227505
v 0.749577 -0.000001 2.227505
v 0.627625 0.355502 2.227505
v 0.627625 0.355502 2.227505
v 0.354939 0.641570 2.227505
v -0.659752 -0.000001 2.227505
v 0.354939 0.641570 2.227505
v -0.101798 0.823121 2.227505
v -0.659752 -0.000001 2.227505
v -0.101798 0.823121 2.227505
v -0.659752 0.926532 2.227505
v -0.659752 -0.000001 2.227505
v -0.659752 0.926532 1.684731
v -0.659752 -0.000001 1.684731
v -2.021443 -0.000001 1.684731
v -2.526360 -1.531713 1.684731
v -2.536161 -0.000001 1.684731
v -2.021443 -0.000001 1.684731
v -0.659752 -0.926534 2.227505
v -0.659752 -0.000001 2.227505
v -2.021443 -0.000001 2.227505
v -2.526360 -1.531713 2.227505
v -2.011642 -1.531713 2.227505
v -2.021443 -0.000001 2.227505
v -2.526360 -1.531713 2.227505
v -2.536161 -0.000001 2.227505
v -2.536161 -0.000001 1.684731
v -0.659752 0.926532 0.904284
v -0.659752 -0.000001 0.904284
v -2.021443 -0.000001 0.904284
v -2.526360 -1.193969 0.904284
v -2.536161 -0.000001 0.904284
v -2.021443 -0.000001 0.904284
v -0.659752 -0.926534 1.447058
v -0.659752 -0.000001 1.447058
v -2.021443 -0.000001 1.447058
v -2.526360 -1.193969 1.447058
v -2.011642 -1.193969 1.447058
v -2.021443 -0.000001 1.447058
v -2.526360 -1.193969 1.447058
v -2.536161 -0.000001 1.447058
v -2.536161 -0.000001 0.904284
v -2.021443 -0.000001 0.904284
v -2.536161 -0.000001 0.904284
v -2.536161 -0.000001 1.447058
v -2.021443 -0.000001 1.684731
v -2.536161 -0.000001 1.684731
v -2.536161 -0.000001 2.227505
v -2.021443 1.531711 1.684731
v -2.021443 -0.000001 1.684731
v -2.021443 -0.000001 2.227505
v -2.021443 1.193967 0.904284
v -2.021443 -0.000001 0.904284
v -2.021443 -0.000001 1.447058
v -2.021443 -0.000001 -2.227505
v -2.021443 1.531711 -2.227505
v -0.659752 0.926532 -2.227505
v -2.011642 -1.531713 -2.227505
v -2.011642 -1.531713 -1.684731
v -2.526360 -1.531713 -1.684731
v -2.021443 -0.000001 -1.684731
v -2.011642 -1.531713 -1.684731
v -0.659752 -0.926534 -1.684731
v -2.011642 -1.531713 -2.227505
v -0.659752 -0.926534 -2.227505
v -0.659752 -0.926534 -1.684731
v -2.021443 1.531711 -1.684731
v -0.659752 0.926532 -1.684731
v -0.659752 0.926532 -2.227505
v -0.659752 0.926532 -1.684731
v -0.101798 0.823121 -1.684731
v -0.101798 0.823121 -2.227505
v -0.101798 -0.823125 -1.447058
v -0.659752 -0.926534 -1.447058
v -0.659752 -0.000001 -1.447058
v -0.659752 -0.000001 -1.447058
v -0.659752 0.926532 -1.447058
v -0.101798 0.823121 -1.447058
v -0.101798 0.823121 -1.447058
v 0.354939 0.641570 -1.447058
v -0.659752 -0.000001 -1.447058
v 0.354939 0.641570 -1.447058
v 0.627625 0.355502 -1.447058
v -0.659752 -0.000001 -1.447058
v 0.627625 0.355502 -1.447058
v 0.749577 -0.000001 -1.447058
v 0.627625 -0.355504 -1.447058
v 0.627625 -0.355504 -1.447058
v 0.354938 -0.641574 -1.447058
v -0.659752 -0.000001 -1.447058
v 0.354938 -0.641574 -1.447058
v -0.101798 -0.823125 -1.447058
v -0.659752 -0.000001 -1.447058
v -0.659752 -0.926534 -2.227505
v -0.101798 -0.823125 -2.227505
v -0.101798 -0.823125 -1.684731
v 0.627625 -0.355504 -2.227505
v 0.749577 -0.000001 -2.227505
v 0.749577 -0.000001 -1.684731
v -0.101798 0.823121 -1.684731
v -0.659752 0.926532 -1.684731
v -0.659752 -0.000001 -1.684731
v -0.659752 -0.000001 -1.684731
v -0.659752 -0.926534 -1.684731
v -0.101798 -0.823125 -1.684731
v -0.101798 -0.823125 -1.684731
v 0.354939 -0.641574 -1.684731
v -0.659752 -0.000001 -1.684731
v 0.354939 -0.641574 -1.684731
v 0.627625 -0.355504 -1.684731
v -0.659752 -0.000001 -1.684731
v 0.627625 -0.355504 -1.684731
v 0.749577 -0.000001 -1.684731
v 0.627625 0.355502 -1.684731
v 0.627625 0.355502 -1.684731
v 0.354938 0.641570 -1.684731
v -0.659752 -0.000001 -1.684731
v 0.354938 0.641570 -1.684731
v -0.101798 0.823121 -1.684731
v -0.659752 -0.000001 -1.684731
v 0.627625 0.355502 -1.684731
v 0.749577 -0.000001 -1.684731
v 0.749577 -0.000001 -2.227505
v -0.101798 -0.823125 -1.684731
v -0.101798 -0.823125 -2.227505
v 0.354938 -0.641574 -2.227505
v -0.101798 0.823121 -2.227505
v -0.101798 0.823121 -1.684731
v 0.354938 0.641570 -1.684731
v -2.021443 -0.000001 -1.447058
v -2.021443 1.193967 -1.447058
v -0.659752 0.926532 -1.447058
v -2.011642 -1.193969 -1.447058
v -2.011642 -1.193969 -0.904284
v -2.526360 -1.193969 -0.904284
v -2.021443 -0.000001 -0.904284
v -2.011642 -1.193969 -0.904284
v -0.659752 -0.926534 -0.904284
v -2.011642 -1.193969 -1.447058
v -0.659752 -0.926534 -1.447058
v -0.659752 -0.926534 -0.904284
v -2.021443 1.193967 -0.904284
v -0.659752 0.926532 -0.904284
v -0.659752 0.926532 -1.447058
v -0.659752 0.926532 -0.904284
v -0.101798 0.823121 -0.904284
v -0.101798 0.823121 -1.447058
v -0.659752 -0.926534 -1.447058
v -0.101798 -0.823125 -1.447058
v -0.101798 -0.823125 -0.904284
v 0.627625 -0.355504 -1.447058
v 0.749577 -0.000001 -1.447058
v 0.749577 -0.000001 -0.904284
v -0.101798 0.823121 -0.904284
v -0.659752 0.926532 -0.904284
v -0.659752 -0.000001 -0.904284
v -0.659752 -0.000001 -0.904284
v -0.659752 -0.926534 -0.904284
v -0.101798 -0.823125 -0.904284
v -0.101798 -0.823125 -0.904284
v 0.354939 -0.641574 -0.904284
v -0.659752 -0.000001 -0.904284
v 0.354939 -0.641574 -0.904284
v 0.627625 -0.355504 -0.904284
v -0.659752 -0.000001 -0.904284
v 0.627625 -0.355504 -0.904284
v 0.749577 -0.000001 -0.904284
v 0.627625 0.355502 -0.904284
v 0.627625 0.355502 -0.904284
v 0.354938 0.641570 -0.904284
v -0.659752 -0.000001 -0.904284
v 0.354938 0.641570 -0.904284
v -0.101798 0.823121 -0.904284
v -0.659752 -0.000001 -0.904284
v 0.627625 0.355502 -0.904284
v 0.749577 -0.000001 -0.904284
v 0.749577 -0.000001 -1.447058
v -0.101798 -0.823125 -0.904284
v -0.101798 -0.823125 -1.447058
v 0.354938 -0.641574 -1.447058
v -0.101798 0.823121 -1.447058
v -0.101798 0.823121 -0.904284
v 0.354938 0.641570 -0.904284
v 0.627625 -0.355504 -2.227505
v 0.627625 -0.355504 -1.684731
v 0.354939 -0.641574 -1.684731
v 0.627625 0.355502 -1.684731
v 0.627625 0.355502 -2.227505
v 0.354939 0.641570 -2.227505
v 0.627625 -0.355504 -1.447058
v 0.627625 -0.355504 -0.904284
v 0.354939 -0.641574 -0.904284
v 0.627625 0.355502 -0.904284
v 0.627625 0.355502 -1.447058
v 0.354939 0.641570 -1.447058
v -0.101798 -0.823125 -2.227505
v -0.659752 -0.926534 -2.227505
v -0.659752 -0.000001 -2.227505
v -0.659752 -0.000001 -2.227505
v -0.659752 0.926532 -2.227505
v -0.101798 0.823121 -2.227505
v -0.101798 0.823121 -2.227505
v 0.354939 0.641570 -2.227505
v -0.659752 -0.000001 -2.227505
v 0.354939 0.641570 -2.227505
v 0.627625 0.355502 -2.227505
v -0.659752 -0.000001 -2.227505
v 0.627625 0.355502 -2.227505
v 0.749577 -0.000001 -2.227505
v 0.627625 -0.355504 -2.227505
v 0.627625 -0.355504 -2.227505
v 0.354938 -0.641574 -2.227505
v -0.659752 -0.000001 -2.227505
v 0.354938 -0.641574 -2.227505
v -0.101798 -0.823125 -2.227505
v -0.659752 -0.000001 -2.227505
v -2.021443 -0.000001 -1.684731
v -0.659752 -0.000001 -1.684731
v -0.659752 0.926532 -1.684731
v -2.021443 -0.000001 -1.684731
v -2.536161 -0.000001 -1.684731
v -2.526360 -1.531713 -1.684731
v -2.021443 -0.000001 -2.227505
v -0.659752 -0.000001 -2.227505
v -0.659752 -0.926534 -2.227505
v -2.526360 -1.531713 -2.227505
v -2.536161 -0.000001 -2.227505
v -2.021443 -0.000001 -2.227505
v -2.536161 -0.000001 -1.684731
v -2.536161 -0.000001 -2.227505
v -2.526360 -1.531713 -2.227505
v -2.021443 -0.000001 -0.904284
v -0.659752 -0.000001 -0.904284
v -0.659752 0.926532 -0.904284
v -2.021443 -0.000001 -0.904284
v -2.536161 -0.000001 -0.904284
v -2.526360 -1.193969 -0.904284
v -2.021443 -0.000001 -1.447058
v -0.659752 -0.000001 -1.447058
v -0.659752 -0.926534 -1.447058
v -2.526360 -1.193969 -1.447058
v -2.536161 -0.000001 -1.447058
v -2.021443 -0.000001 -1.447058
v -2.536161 -0.000001 -0.904284
v -2.536161 -0.000001 -1.447058
v -2.526360 -1.193969 -1.447058
v -2.536161 -0.000001 -1.447058
v -2.536161 -0.000001 -0.904284
v -2.021443 -0.000001 -0.904284
v -2.536161 -0.000001 -2.227505
v -2.536161 -0.000001 -1.684731
v -2.021443 -0.000001 -1.684731
v -2.021443 -0.000001 -2.227505
v -2.021443 -0.000001 -1.684731
v -2.021443 1.531711 -1.684731
v -2.021443 -0.000001 -1.447058
v -2.021443 -0.000001 -0.904284
v -2.021443 1.193967 -0.904284
v -0.322417 0.322415 1.447057
v -0.322417 0.322415 -1.447058
v -0.455966 -0.000001 -1.447058
v -1.347156 -5.491143 -1.917991
v -1.347156 -5.606429 -1.802705
v -1.506876 -5.606429 -1.802705
v -1.347156 -5.606429 -1.802705
v -1.347156 -5.606429 -1.639665
v -1.506876 -5.606429 -1.639665
v -1.347156 -5.606429 -1.639665
v -1.347156 -5.491143 -1.524377
v -1.506876 -5.491143 -1.524377
v -1.347156 -5.491143 -1.524377
v -1.347156 -5.328103 -1.524378
v -1.506876 -5.328103 -1.524378
v -1.347156 -5.328103 -1.524378
v -1.347156 -5.212815 -1.639665
v -1.506876 -5.212815 -1.639665
v -1.347156 -5.212815 -1.639665
v -1.347156 -5.212816 -1.802705
v -1.506876 -5.212816 -1.802705
v -1.347156 -5.606429 -1.639665
v -1.347156 -5.606429 -1.802705
v -1.347156 -5.491143 -1.917991
v -1.347156 -5.491143 -1.917991
v -1.347156 -5.328103 -1.917992
v -1.347156 -5.212816 -1.802705
v -1.347156 -5.212816 -1.802705
v -1.347156 -5.212815 -1.639665
v -1.347156 -5.328103 -1.524378
v -1.347156 -5.328103 -1.524378
v -1.347156 -5.491143 -1.524377
v -1.347156 -5.606429 -1.639665
v -1.347156 -5.606429 -1.639665
v -1.347156 -5.491143 -1.917991
v -1.347156 -5.328103 -1.524378
v -1.506876 -5.212816 -1.802705
v -1.347156 -5.212816 -1.802705
v -1.347156 -5.328103 -1.917992
v -1.347156 -5.328103 -1.917992
v -1.347156 -5.491143 -1.917991
v -1.506876 -5.491143 -1.917991
v -2.722721 0.224450 -1.952581
v -2.722721 0.416599 -0.001677
v -1.722722 0.416599 -0.001677
v -2.722721 -9.583397 9.998332
v -2.722721 -11.534300 9.806185
v -1.722722 -11.534300 9.806185
v -2.722721 -19.391260 -1.952571
v -2.722721 -18.822200 -3.828501
v -1.722722 -18.822200 -3.828501
v -2.722721 0.416599 -0.001677
v -2.722721 0.224454 1.949227
v -1.722722 0.224454 1.949227
v -1.722722 -11.534300 9.806185
v -2.722721 -11.534300 9.806185
v -2.722721 -13.410230 9.237129
v -2.722721 -18.822200 -3.828501
v -2.722721 -17.898100 -5.557368
v -1.722722 -17.898100 -5.557368
v -2.722721 0.224454 1.949227
v -2.722721 -0.344602 3.825160
v -1.722722 -0.344603 3.825160
v -1.722722 -13.410230 9.237129
v -2.722721 -13.410230 9.237129
v -2.722721 -15.139100 8.313029
v -2.722721 -19.583400 -0.001668
v -2.722721 -19.391260 -1.952571
v -1.722722 -19.391260 -1.952571
v -2.722721 -19.391260 1.949234
v -2.722721 -19.583400 -0.001668
v -1.722722 -19.583400 -0.001668
v -2.722721 -7.632493 9.806184
v -2.722721 -9.583397 9.998332
v -1.722722 -9.583397 9.998332
v -2.722721 -5.756562 9.237126
v -2.722721 -7.632493 9.806184
v -1.722722 -7.632493 9.806184
v -2.722721 -9.583401 -10.001670
v -2.722721 -7.632512 -9.809523
v -1.722722 -7.632512 -9.809523
v -2.722721 -11.534300 -9.809519
v -2.722721 -9.583401 -10.001670
v -1.722722 -9.583401 -10.001670
v -2.722721 -0.344610 -3.828511
v -2.722721 0.224450 -1.952581
v -1.722722 0.224450 -1.952581
v -2.722721 -1.268711 -5.557379
v -2.722721 -0.344610 -3.828511
v -1.722722 -0.344610 -3.828511
v -2.722721 -18.822200 3.825165
v -2.722721 -19.391260 1.949234
v -1.722722 -19.391260 1.949234
v -2.722721 -4.027694 8.313026
v -2.722721 -5.756562 9.237126
v -1.722722 -5.756562 9.237126
v -2.722721 -2.512342 -7.072743
v -2.722721 -1.268711 -5.557379
v -1.722722 -1.268711 -5.557379
v -2.722721 -13.410230 -9.240462
v -2.722721 -11.534300 -9.809519
v -1.722722 -11.534300 -9.809519
v -2.722721 -17.898100 5.554034
v -2.722721 -18.822200 3.825165
v -1.722722 -18.822200 3.825165
v -2.722721 -2.512328 7.069396
v -2.722721 -4.027694 8.313026
v -1.722722 -4.027694 8.313026
v -2.722721 -4.027709 -8.316370
v -2.722721 -2.512342 -7.072743
v -1.722722 -2.512342 -7.072743
v -2.722721 -15.139100 -8.316363
v -2.722721 -13.410230 -9.240462
v -1.722722 -13.410230 -9.240462
v -1.722722 -15.139100 8.313029
v -2.722721 -15.139100 8.313029
v -2.722721 -16.654470 7.069400
v -2.722721 -16.654470 7.069400
v -2.722721 -17.898100 5.554034
v -1.722722 -17.898100 5.554034
v -2.722721 -0.344602 3.825160
v -2.722721 -1.268700 5.554028
v -1.722722 -1.268701 5.554028
v -1.722722 -1.268701 5.554028
v -2.722721 -1.268700 5.554028
v -2.722721 -2.512328 7.069396
v -2.722721 -7.632512 -9.809523
v -2.722721 -5.756579 -9.240468
v -1.722722 -5.756580 -9.240468
v -2.722721 -5.756579 -9.240468
v -2.722721 -4.027709 -8.316370
v -1.722722 -4.027709 -8.316370
v -2.722721 -17.898100 -5.557368
v -2.722721 -16.654470 -7.072734
v -1.722722 -16.654470 -7.072734
v -2.722721 -16.654470 -7.072734
v -2.722721 -15.139100 -8.316363
v -1.722722 -15.139100 -8.316363
v -3.960128 -4.703203 -0.972402
v -3.960128 -4.607592 -0.001672
v -3.643265 -4.607592 -0.001671
v -3.722720 -17.062600 4.995776
v -3.722720 -15.943940 6.358872
v -2.794845 -15.943940 6.358872
v -3.722720 -15.943940 6.358872
v -3.722720 -14.580840 7.477536
v -2.794845 -14.580840 7.477536
v -3.722720 -14.580840 7.477536
v -3.722721 -13.025700 8.308779
v -2.794845 -13.025700 8.308779
v -3.722721 -13.025700 8.308779
v -3.722721 -11.338270 8.820654
v -2.794845 -11.338270 8.820654
v -3.722721 -11.338270 8.820654
v -3.722721 -9.583396 8.993493
v -2.794845 -9.583396 8.993493
v -3.722721 -9.583396 8.993493
v -3.722721 -7.828527 8.820653
v -2.794845 -7.828527 8.820653
v -3.722721 -7.828527 8.820653
v -3.722721 -6.141097 8.308776
v -2.794845 -6.141097 8.308776
v -3.722721 -6.141097 8.308776
v -3.722721 -4.585952 7.477533
v -2.794845 -4.585952 7.477533
v -3.722721 -4.585952 7.477533
v -3.722721 -3.222857 6.358868
v -2.794845 -3.222857 6.358868
v -3.722721 -3.222857 6.358868
v -3.722721 -2.104193 4.995771
v -2.794845 -2.104193 4.995771
v -3.722721 -2.104193 4.995771
v -3.722721 -1.272953 3.440625
v -2.794845 -1.272953 3.440625
v -3.722721 -1.272953 3.440625
v -3.722721 -0.761077 1.753194
v -2.794845 -0.761077 1.753194
v -3.722721 -0.761077 1.753194
v -3.722721 -0.588239 -0.001676
v -2.794845 -0.588239 -0.001676
v -3.722721 -0.588239 -0.001676
v -3.722721 -0.761081 -1.756545
v -2.794845 -0.761081 -1.756545
v -3.722720 -11.338270 -8.823988
v -3.722720 -9.583399 -8.996829
v -3.722720 -9.583400 -10.001670
v -3.722720 -9.583399 -8.996829
v -3.722720 -7.828545 -8.823992
v -3.722720 -7.632512 -9.809523
v -3.722720 -7.632512 -9.809523
v -3.722720 -7.828545 -8.823992
v -3.722720 -6.141113 -8.312118
v -3.722720 -6.141113 -8.312118
v -3.722721 -4.585967 -7.480876
v -3.722721 -4.027709 -8.316370
v -3.722721 -4.585967 -7.480876
v -3.722721 -3.222869 -6.362214
v -3.722721 -2.512342 -7.072743
v -3.722721 -2.512342 -7.072743
v -3.722721 -3.222869 -6.362214
v -3.722721 -2.104203 -4.999120
v -3.722721 -2.104203 -4.999120
v -3.722721 -1.272960 -3.443975
v -3.722721 -0.344610 -3.828511
v -3.722721 -0.344610 -3.828511
v -3.722721 -1.272960 -3.443975
v -3.722721 -0.761081 -1.756545
v -3.722721 -0.761081 -1.756545
v -3.722721 -0.588239 -0.001676
v -3.722721 0.416599 -0.001677
v -3.722721 -0.588239 -0.001676
v -3.722721 -0.761077 1.753194
v -3.722721 0.224454 1.949227
v -3.722721 -0.761077 1.753194
v -3.722721 -1.272953 3.440625
v -3.722721 -0.344602 3.825160
v -3.722721 -0.344602 3.825160
v -3.722721 -1.272953 3.440625
v -3.722721 -2.104193 4.995771
v -3.722721 -2.104193 4.995771
v -3.722721 -3.222857 6.358868
v -3.722721 -2.512328 7.069396
v -3.722721 -3.222857 6.358868
v -3.722721 -4.585952 7.477533
v -3.722721 -4.027693 8.313026
v -3.722721 -4.585952 7.477533
v -3.722721 -6.141097 8.308776
v -3.722721 -5.756562 9.237126
v -3.722721 -5.756562 9.237126
v -3.722721 -6.141097 8.308776
v -3.722721 -7.828527 8.820653
v -3.722721 -7.828527 8.820653
v -3.722721 -9.583396 8.993493
v -3.722721 -9.583396 9.998332
v -3.722721 -9.583396 9.998332
v -3.722721 -9.583396 8.993493
v -3.722721 -11.338270 8.820654
v -3.722721 -11.534300 9.806185
v -3.722721 -11.338270 8.820654
v -3.722721 -13.025700 8.308779
v -3.722721 -13.410230 9.237129
v -3.722721 -13.025700 8.308779
v -3.722720 -14.580840 7.477536
v -3.722720 -15.139100 8.313029
v -3.722720 -14.580840 7.477536
v -3.722720 -15.943940 6.358872
v -3.722720 -15.943940 6.358872
v -3.722720 -17.062600 4.995776
v -3.722720 -17.898100 5.554034
v -3.722720 -17.062600 4.995776
v -3.722720 -17.893850 3.440630
v -3.722720 -18.822200 3.825165
v -3.722720 -17.893850 3.440630
v -3.722720 -18.405720 1.753200
v -3.722720 -19.391250 1.949234
v -3.722720 -19.391250 1.949234
v -3.722720 -18.405720 1.753200
v -3.722720 -18.578560 -0.001668
v -3.722720 -19.583400 -0.001668
v -3.722720 -18.578560 -0.001668
v -3.722720 -18.405720 -1.756536
v -3.722720 -18.405720 -1.756536
v -3.722720 -17.893850 -3.443966
v -3.722720 -18.822200 -3.828501
v -3.722720 -17.893850 -3.443966
v -3.722720 -17.062600 -4.999110
v -3.722720 -17.898100 -5.557368
v -3.722720 -17.898100 -5.557368
v -3.722720 -17.062600 -4.999110
v -3.722720 -15.943940 -6.362206
v -3.722720 -16.654470 -7.072734
v -3.722720 -15.943940 -6.362206
v -3.722720 -14.580840 -7.480869
v -3.722720 -15.139100 -8.316363
v -3.722720 -14.580840 -7.480869
v -3.722720 -13.025700 -8.312112
v -3.722720 -13.025700 -8.312112
v -3.722720 -11.338270 -8.823988
v -3.722720 -11.534300 -9.809519
v -3.722720 -17.893850 3.440630
v -3.722720 -17.062600 4.995776
v -2.794845 -17.062600 4.995776
v -3.722720 -18.405720 1.753200
v -3.722720 -17.893850 3.440630
v -2.794845 -17.893850 3.440630
v -3.722720 -18.578560 -0.001668
v -3.722720 -18.405720 1.753200
v -2.794845 -18.405720 1.753200
v -3.722720 -18.405720 -1.756536
v -3.722720 -18.578560 -0.001668
v -2.794845 -18.578560 -0.001668
v -2.794845 -9.583399 -8.996829
v -3.722720 -9.583399 -8.996829
v -3.722720 -11.338270 -8.823988
v -3.722720 -17.893850 -3.443966
v -3.722720 -18.405720 -1.756536
v -2.794845 -18.405720 -1.756536
v -2.794845 -11.338270 -8.823988
v -3.722720 -11.338270 -8.823988
v -3.722720 -13.025700 -8.312112
v -3.722720 -17.062600 -4.999110
v -3.722720 -17.893850 -3.443966
v -2.794845 -17.893850 -3.443966
v -3.722720 -7.828545 -8.823992
v -3.722720 -9.583399 -8.996829
v -2.794845 -9.583399 -8.996829
v -3.722720 -15.943940 -6.362206
v -3.722720 -17.062600 -4.999110
v -2.794845 -17.062600 -4.999110
v -3.722720 -6.141113 -8.312118
v -3.722720 -7.828545 -8.823992
v -2.794845 -7.828545 -8.823992
v -3.722720 -14.580840 -7.480869
v -3.722720 -15.943940 -6.362206
v -2.794845 -15.943940 -6.362206
v -2.794845 -4.585967 -7.480876
v -3.722721 -4.585967 -7.480876
v -3.722720 -6.141113 -8.312118
v -3.722720 -13.025700 -8.312112
v -3.722720 -14.580840 -7.480869
v -2.794845 -14.580840 -7.480869
v -2.794845 -3.222869 -6.362214
v -3.722721 -3.222869 -6.362214
v -3.722721 -4.585967 -7.480876
v -3.722721 -2.104203 -4.999120
v -3.722721 -3.222869 -6.362214
v -2.794845 -3.222869 -6.362214
v -3.722721 -1.272960 -3.443975
v -3.722721 -2.104203 -4.999120
v -2.794845 -2.104203 -4.999120
v -3.722721 -0.761081 -1.756545
v -3.722721 -1.272960 -3.443975
v -2.794845 -1.272959 -3.443975
v -3.564026 -10.815510 -6.195905
v -3.643265 -10.554130 -4.881864
v -3.643265 -9.583396 -4.977474
v -3.643265 -9.583396 -4.977474
v -3.643265 -8.612677 -4.881867
v -3.564026 -8.351300 -6.195908
v -3.564026 -8.351300 -6.195908
v -3.643265 -8.612677 -4.881867
v -3.643265 -7.679249 -4.598716
v -3.643265 -7.679249 -4.598716
v -3.643265 -6.818996 -4.138902
v -3.564026 -6.074653 -5.252893
v -3.564026 -6.074653 -5.252893
v -3.643265 -6.818996 -4.138902
v -3.643265 -6.064977 -3.520097
v -3.643265 -6.064977 -3.520097
v -3.643265 -5.446171 -2.766082
v -3.564026 -4.332182 -3.510428
v -3.643265 -5.446171 -2.766082
v -3.643265 -4.986356 -1.905831
v -3.564026 -3.748558 -2.418546
v -3.643265 -4.986356 -1.905831
v -3.643265 -4.703203 -0.972402
v -3.564026 -3.389162 -1.233783
v -3.564026 -3.389162 -1.233783
v -3.643265 -4.703203 -0.972402
v -3.643265 -4.607592 -0.001671
v -3.643265 -4.607592 -0.001671
v -3.643265 -4.703200 0.969059
v -3.564026 -3.389159 1.230437
v -3.643265 -4.703200 0.969059
v -3.643265 -4.986352 1.902488
v -3.564026 -3.748553 2.415200
v -3.564026 -3.748553 2.415200
v -3.643265 -4.986352 1.902488
v -3.643265 -5.446166 2.762740
v -3.643265 -5.446166 2.762740
v -3.643265 -6.064971 3.516757
v -3.564026 -5.117599 4.464128
v -3.643265 -6.064971 3.516757
v -3.643265 -6.818987 4.135563
v -3.564026 -6.074643 5.249553
v -3.564026 -6.074643 5.249553
v -3.643265 -6.818987 4.135563
v -3.643265 -7.679239 4.595378
v -3.564026 -7.166525 5.833177
v -3.643265 -7.679239 4.595378
v -3.643265 -8.612665 4.878530
v -3.643265 -8.612665 4.878530
v -3.643265 -9.583398 4.974139
v -3.564026 -9.583397 6.313923
v -3.643265 -9.583398 4.974139
v -3.643265 -10.554130 4.878530
v -3.564026 -10.815510 6.192571
v -3.564026 -10.815510 6.192571
v -3.643265 -10.554130 4.878530
v -3.643265 -11.487560 4.595379
v -3.564026 -12.000270 5.833179
v -3.643265 -11.487560 4.595379
v -3.643265 -12.347810 4.135566
v -3.564026 -13.092150 5.249556
v -3.643265 -12.347810 4.135566
v -3.643265 -13.101830 3.516759
v -3.564026 -14.049200 4.464130
v -3.643265 -13.101830 3.516759
v -3.643265 -13.720630 2.762742
v -3.643265 -13.720630 2.762742
v -3.643264 -14.180450 1.902490
v -3.564026 -15.418250 2.415203
v -3.643264 -14.180450 1.902490
v -3.643264 -14.463600 0.969064
v -3.564026 -15.777640 1.230443
v -3.564026 -15.777640 1.230443
v -3.643264 -14.463600 0.969064
v -3.643264 -14.559210 -0.001667
v -3.564026 -15.898990 -0.001667
v -3.643264 -14.559210 -0.001667
v -3.643264 -14.463600 -0.972399
v -3.643264 -14.463600 -0.972399
v -3.643264 -14.180450 -1.905825
v -3.564026 -15.418250 -2.418539
v -3.643264 -14.180450 -1.905825
v -3.643265 -13.720630 -2.766076
v -3.564026 -14.834620 -3.510421
v -3.564026 -14.834620 -3.510421
v -3.643265 -13.720630 -2.766076
v -3.643265 -13.101830 -3.520093
v -3.564026 -14.049200 -4.467464
v -3.643265 -13.101830 -3.520093
v -3.643265 -12.347810 -4.138898
v -3.564026 -13.092160 -5.252889
v -3.643265 -12.347810 -4.138898
v -3.643265 -11.487560 -4.598712
v -3.643265 -11.487560 -4.598712
v -3.643265 -10.554130 -4.881864
v -3.564026 -10.815510 -6.195905
v -3.553324 -11.929120 3.508946
v -3.553324 -12.568930 2.983863
v -3.960128 -12.568930 2.983863
v -3.643265 -13.720630 2.762742
v -3.960128 -13.720630 2.762742
v -3.960127 -14.180450 1.902490
v -3.960128 -4.607592 -0.001672
v -3.960128 -4.703200 0.969059
v -3.643265 -4.703200 0.969059
v -3.960127 -14.180450 1.902490
v -3.960127 -14.463600 0.969064
v -3.643264 -14.463600 0.969064
v -3.960128 -4.703200 0.969059
v -3.960128 -4.986352 1.902488
v -3.643265 -4.986352 1.902488
v -3.960127 -14.463600 0.969064
v -3.960127 -14.559210 -0.001667
v -3.643264 -14.559210 -0.001667
v -3.960128 -4.986352 1.902488
v -3.960128 -5.446166 2.762740
v -3.643265 -5.446166 2.762740
v -3.960127 -14.559210 -0.001667
v -3.960127 -14.463600 -0.972399
v -3.643264 -14.463600 -0.972399
v -3.960128 -5.446166 2.762740
v -3.960128 -6.064971 3.516757
v -3.643265 -6.064971 3.516757
v -3.960128 -10.554130 -4.881864
v -3.960128 -9.583396 -4.977474
v -3.643265 -9.583396 -4.977474
v -3.960127 -14.463600 -0.972399
v -3.960127 -14.180450 -1.905825
v -3.643264 -14.180450 -1.905825
v -3.960128 -6.064971 3.516757
v -3.960128 -6.818987 4.135563
v -3.643265 -6.818987 4.135563
v -3.960128 -11.487560 -4.598712
v -3.960128 -10.554130 -4.881864
v -3.643265 -10.554130 -4.881864
v -3.960127 -14.180450 -1.905825
v -3.960128 -13.720630 -2.766076
v -3.643265 -13.720630 -2.766076
v -3.960128 -6.818987 4.135563
v -3.960128 -7.679239 4.595378
v -3.643265 -7.679239 4.595378
v -3.960128 -9.583396 -4.977474
v -3.960128 -8.612677 -4.881867
v -3.643265 -8.612677 -4.881867
v -3.960128 -13.720630 -2.766076
v -3.960128 -13.101830 -3.520093
v -3.643265 -13.101830 -3.520093
v -3.960128 -7.679239 4.595378
v -3.960128 -8.612665 4.878530
v -3.643265 -8.612665 4.878530
v -3.960128 -8.612677 -4.881867
v -3.960128 -7.679249 -4.598716
v -3.643265 -7.679249 -4.598716
v -3.960128 -13.101830 -3.520093
v -3.960128 -12.347810 -4.138898
v -3.643265 -12.347810 -4.138898
v -3.643265 -8.612665 4.878530
v -3.960128 -8.612665 4.878530
v -3.960127 -9.583398 4.974139
v -3.960128 -7.679249 -4.598716
v -3.960128 -6.818996 -4.138902
v -3.643265 -6.818996 -4.138902
v -3.960128 -12.347810 -4.138898
v -3.960128 -11.487560 -4.598712
v -3.643265 -11.487560 -4.598712
v -3.960127 -9.583398 4.974139
v -3.960128 -10.554130 4.878530
v -3.643265 -10.554130 4.878530
v -3.960128 -6.818996 -4.138902
v -3.960128 -6.064977 -3.520097
v -3.643265 -6.064977 -3.520097
v -3.960128 -10.554130 4.878530
v -3.960128 -11.487560 4.595379
v -3.643265 -11.487560 4.595379
v -3.960128 -6.064977 -3.520097
v -3.960128 -5.446171 -2.766082
v -3.643265 -5.446171 -2.766082
v -3.960128 -11.487560 4.595379
v -3.960128 -12.347810 4.135566
v -3.643265 -12.347810 4.135566
v -3.960128 -5.446171 -2.766082
v -3.960128 -4.986356 -1.905831
v -3.643265 -4.986356 -1.905831
v -3.960128 -12.347810 4.135566
v -3.960128 -13.101830 3.516759
v -3.643265 -13.101830 3.516759
v -3.960128 -4.986356 -1.905831
v -3.960128 -4.703203 -0.972402
v -3.643265 -4.703203 -0.972402
v -3.960128 -13.101830 3.516759
v -3.960128 -13.720630 2.762742
v -3.643265 -13.720630 2.762742
v -3.342892 -12.512980 -7.074312
v -3.342892 -11.076890 -7.509946
v -2.794845 -11.338270 -8.823988
v -3.564026 -12.000270 -5.836512
v -3.564026 -10.815510 -6.195905
v -3.342892 -11.076890 -7.509946
v -3.342892 -13.836500 -6.366879
v -3.342892 -12.512980 -7.074312
v -2.794845 -13.025700 -8.312112
v -3.342892 -13.836500 -6.366879
v -3.564026 -13.092160 -5.252889
v -3.564026 -12.000270 -5.836512
v -3.342892 -14.996570 -5.414835
v -3.342892 -13.836500 -6.366879
v -2.794845 -14.580840 -7.480869
v -3.342892 -14.996570 -5.414835
v -3.564026 -14.049200 -4.467464
v -3.564026 -13.092160 -5.252889
v -2.794845 -17.062600 -4.999110
v -3.342892 -15.948610 -4.254765
v -3.342892 -14.996570 -5.414835
v -3.564026 -14.834620 -3.510421
v -3.564026 -14.049200 -4.467464
v -3.342892 -14.996570 -5.414835
v -2.794845 -17.893850 -3.443966
v -3.342892 -16.656050 -2.931252
v -3.342892 -15.948610 -4.254765
v -3.564026 -15.418250 -2.418539
v -3.564026 -14.834620 -3.510421
v -3.342892 -15.948610 -4.254765
v -3.342892 -17.091680 -1.495157
v -3.342892 -16.656050 -2.931252
v -2.794845 -17.893850 -3.443966
v -3.564026 -15.777640 -1.233778
v -3.564026 -15.418250 -2.418539
v -3.342892 -16.656050 -2.931252
v -2.794845 -18.578560 -0.001668
v -3.342892 -17.238780 -0.001667
v -3.342892 -17.091680 -1.495157
v -3.342892 -17.238780 -0.001667
v -3.564026 -15.898990 -0.001667
v -3.564026 -15.777640 -1.233778
v -2.794845 -18.405720 1.753200
v -3.342892 -17.091680 1.491822
v -3.342892 -17.238780 -0.001667
v -3.564026 -15.777640 1.230443
v -3.564026 -15.898990 -0.001667
v -3.342892 -17.238780 -0.001667
v -3.342892 -16.656050 2.927917
v -3.342892 -17.091680 1.491822
v -2.794845 -18.405720 1.753200
v -3.564026 -15.418250 2.415203
v -3.564026 -15.777640 1.230443
v -3.342892 -17.091680 1.491822
v -2.794845 -17.062600 4.995776
v -3.342892 -15.948610 4.251431
v -3.342892 -16.656050 2.927917
v -3.564026 -14.834620 3.507086
v -3.564026 -15.418250 2.415203
v -3.342892 -16.656050 2.927917
v -3.342892 -14.996570 5.411501
v -3.342892 -15.948610 4.251431
v -2.794845 -17.062600 4.995776
v -3.564026 -14.049200 4.464130
v -3.564026 -14.834620 3.507086
v -3.342892 -15.948610 4.251431
v -2.794845 -14.580840 7.477536
v -3.342892 -13.836500 6.363546
v -3.342892 -14.996570 5.411501
v -3.342892 -13.836500 6.363546
v -3.564026 -13.092150 5.249556
v -3.564026 -14.049200 4.464130
v -3.342892 -12.512980 7.070979
v -3.342892 -13.836500 6.363546
v -2.794845 -14.580840 7.477536
v -3.564026 -12.000270 5.833179
v -3.564026 -13.092150 5.249556
v -3.342892 -13.836500 6.363546
v -2.794845 -11.338270 8.820654
v -3.342892 -11.076890 7.506613
v -3.342892 -12.512980 7.070979
v -3.564026 -10.815510 6.192571
v -3.564026 -12.000270 5.833179
v -3.342892 -12.512980 7.070979
v -2.794845 -9.583396 8.993493
v -3.342892 -9.583397 7.653708
v -3.342892 -11.076890 7.506613
v -3.564026 -9.583397 6.313923
v -3.564026 -10.815510 6.192571
v -3.342892 -11.076890 7.506613
v -3.342892 -8.089906 7.506612
v -3.342892 -9.583397 7.653708
v -2.794845 -9.583396 8.993493
v -3.564026 -8.351285 6.192571
v -3.564026 -9.583397 6.313923
v -3.342892 -9.583397 7.653708
v -2.794845 -6.141097 8.308776
v -3.342892 -6.653811 7.070977
v -3.342892 -8.089906 7.506612
v -3.342892 -6.653811 7.070977
v -3.564026 -7.166525 5.833177
v -3.564026 -8.351285 6.192571
v -3.342892 -5.330297 6.363543
v -3.342892 -6.653811 7.070977
v -2.794845 -6.141097 8.308776
v -3.342892 -5.330297 6.363543
v -3.564026 -6.074643 5.249553
v -3.564026 -7.166525 5.833177
v -2.794845 -3.222857 6.358868
v -3.342892 -4.170228 5.411498
v -3.342892 -5.330297 6.363543
v -3.564026 -5.117599 4.464128
v -3.564026 -6.074643 5.249553
v -3.342892 -5.330297 6.363543
v -2.794845 -2.104193 4.995771
v -3.342892 -3.218184 4.251427
v -3.342892 -4.170228 5.411498
v -3.342892 -3.218184 4.251427
v -3.564026 -4.332175 3.507084
v -3.564026 -5.117599 4.464128
v -2.794845 -1.272953 3.440625
v -3.342892 -2.510753 2.927913
v -3.342892 -3.218184 4.251427
v -3.342892 -2.510753 2.927913
v -3.564026 -3.748553 2.415200
v -3.564026 -4.332175 3.507084
v -3.342892 -2.075118 1.491815
v -3.342892 -2.510753 2.927913
v -2.794845 -1.272953 3.440625
v -3.564026 -3.389159 1.230437
v -3.564026 -3.748553 2.415200
v -3.342892 -2.510753 2.927913
v -3.342892 -1.928023 -0.001674
v -3.342892 -2.075118 1.491815
v -2.794845 -0.761077 1.753194
v -3.564026 -3.267808 -0.001673
v -3.564026 -3.389159 1.230437
v -3.342892 -2.075118 1.491815
v -2.794845 -0.761081 -1.756545
v -3.342892 -2.075122 -1.495164
v -3.342892 -1.928023 -0.001674
v -3.342892 -2.075122 -1.495164
v -3.564026 -3.389162 -1.233783
v -3.564026 -3.267808 -0.001673
v -3.342892 -2.510759 -2.931261
v -3.342892 -2.075122 -1.495164
v -2.794845 -0.761081 -1.756545
v -3.342892 -2.510759 -2.931261
v -3.564026 -3.748558 -2.418546
v -3.564026 -3.389162 -1.233783
v -3.342892 -3.218193 -4.254774
v -3.342892 -2.510759 -2.931261
v -2.794845 -1.272959 -3.443975
v -3.564026 -4.332182 -3.510428
v -3.564026 -3.748558 -2.418546
v -3.342892 -2.510759 -2.931261
v -3.342892 -4.170238 -5.414842
v -3.342892 -3.218193 -4.254774
v -2.794845 -2.104203 -4.999120
v -3.564026 -5.117608 -4.467470
v -3.564026 -4.332182 -3.510428
v -3.342892 -3.218193 -4.254774
v -3.342892 -5.330310 -6.366885
v -3.342892 -4.170238 -5.414842
v -2.794845 -3.222869 -6.362214
v -3.342892 -5.330310 -6.366885
v -3.564026 -6.074653 -5.252893
v -3.564026 -5.117608 -4.467470
v -3.342892 -6.653825 -7.074316
v -3.342892 -5.330310 -6.366885
v -2.794845 -4.585967 -7.480876
v -3.564026 -7.166537 -5.836516
v -3.564026 -6.074653 -5.252893
v -3.342892 -5.330310 -6.366885
v -3.342892 -8.089922 -7.509950
v -3.342892 -6.653825 -7.074316
v -2.794845 -6.141113 -8.312118
v -3.342892 -8.089922 -7.509950
v -3.564026 -8.351300 -6.195908
v -3.564026 -7.166537 -5.836516
v -3.342892 -9.583398 -7.657043
v -3.342892 -8.089922 -7.509950
v -2.794845 -7.828545 -8.823992
v -3.564026 -9.583397 -6.317258
v -3.564026 -8.351300 -6.195908
v -3.342892 -8.089922 -7.509950
v -3.342892 -11.076890 -7.509946
v -3.342892 -9.583398 -7.657043
v -2.794845 -9.583399 -8.996829
v -3.564026 -10.815510 -6.195905
v -3.564026 -9.583397 -6.317258
v -3.342892 -9.583398 -7.657043
v -3.960128 -10.554130 -4.881864
v -3.960128 -10.407110 -4.142716
v -3.960128 -9.583396 -4.223845
v -3.960128 -9.583396 -4.977474
v -3.960128 -9.583396 -4.223845
v -3.960128 -8.759702 -4.142719
v -3.960128 -8.612677 -4.881867
v -3.960128 -8.759702 -4.142719
v -3.960128 -7.967650 -3.902453
v -3.960128 -7.967650 -3.902453
v -3.960128 -7.237689 -3.512282
v -3.960128 -6.818996 -4.138902
v -3.960128 -6.818996 -4.138902
v -3.960128 -7.237689 -3.512282
v -3.960128 -6.597872 -2.987200
v -3.960128 -6.597872 -2.987200
v -3.960128 -6.072791 -2.347388
v -3.960128 -5.446171 -2.766082
v -3.960128 -5.446171 -2.766082
v -3.960128 -6.072791 -2.347388
v -3.960128 -5.682619 -1.617429
v -3.960128 -5.682619 -1.617429
v -3.960128 -5.442351 -0.825376
v -3.960128 -4.703203 -0.972402
v -3.960128 -4.703203 -0.972402
v -3.960128 -5.442351 -0.825376
v -3.960128 -5.361221 -0.001671
v -3.960128 -5.361221 -0.001671
v -3.960128 -5.442348 0.822033
v -3.960128 -4.703200 0.969059
v -3.960128 -5.442348 0.822033
v -3.960128 -5.682615 1.614087
v -3.960128 -4.986352 1.902488
v -3.960128 -4.986352 1.902488
v -3.960128 -5.682615 1.614087
v -3.960128 -6.072785 2.344047
v -3.960128 -6.072785 2.344047
v -3.960128 -6.597867 2.983861
v -3.960128 -6.064971 3.516757
v -3.960128 -6.064971 3.516757
v -3.960128 -6.597867 2.983861
v -3.960128 -7.237682 3.508944
v -3.960128 -7.237682 3.508944
v -3.960128 -7.967640 3.899116
v -3.960128 -7.679239 4.595378
v -3.960128 -7.679239 4.595378
v -3.960128 -7.967640 3.899116
v -3.960128 -8.759691 4.139382
v -3.960128 -8.759691 4.139382
v -3.960127 -9.583398 4.220510
v -3.960127 -9.583398 4.974139
v -3.960127 -9.583398 4.220510
v -3.960128 -10.407110 4.139382
v -3.960128 -10.554130 4.878530
v -3.960128 -10.554130 4.878530
v -3.960128 -10.407110 4.139382
v -3.960128 -11.199160 3.899117
v -3.960128 -11.487560 4.595379
v -3.960128 -11.199160 3.899117
v -3.960128 -11.929120 3.508946
v -3.960128 -11.929120 3.508946
v -3.960128 -12.568930 2.983863
v -3.960128 -13.101830 3.516759
v -3.960128 -13.101830 3.516759
v -3.960128 -12.568930 2.983863
v -3.960128 -13.094010 2.344048
v -3.960128 -13.094010 2.344048
v -3.960128 -13.484180 1.614088
v -3.960127 -14.180450 1.902490
v -3.960128 -13.484180 1.614088
v -3.960128 -13.724450 0.822038
v -3.960127 -14.463600 0.969064
v -3.960127 -14.463600 0.969064
v -3.960128 -13.724450 0.822038
v -3.960128 -13.805580 -0.001667
v -3.960127 -14.559210 -0.001667
v -3.960128 -13.805580 -0.001667
v -3.960128 -13.724450 -0.825373
v -3.960128 -13.724450 -0.825373
v -3.960128 -13.484180 -1.617424
v -3.960127 -14.180450 -1.905825
v -3.960127 -14.180450 -1.905825
v -3.960128 -13.484180 -1.617424
v -3.960128 -13.094010 -2.347382
v -3.960128 -13.094010 -2.347382
v -3.960128 -12.568930 -2.987197
v -3.960128 -13.101830 -3.520093
v -3.960128 -13.101830 -3.520093
v -3.960128 -12.568930 -2.987197
v -3.960128 -11.929120 -3.512279
v -3.960128 -12.347810 -4.138898
v -3.960128 -11.929120 -3.512279
v -3.960128 -11.199160 -3.902450
v -3.960128 -11.487560 -4.598712
v -3.960128 -11.199160 -3.902450
v -3.960128 -10.407110 -4.142716
v -3.553325 -5.682619 -1.617429
v -3.553325 -5.442351 -0.825376
v -3.960128 -5.442351 -0.825376
v -3.553324 -12.568930 2.983863
v -3.553324 -13.094010 2.344048
v -3.960128 -13.094010 2.344048
v -3.553325 -5.442351 -0.825376
v -3.553325 -5.361221 -0.001671
v -3.960128 -5.361221 -0.001671
v -3.553324 -13.094010 2.344048
v -3.553324 -13.484180 1.614088
v -3.960128 -13.484180 1.614088
v -3.553325 -5.361221 -0.001671
v -3.553325 -5.442348 0.822033
v -3.960128 -5.442348 0.822033
v -3.553324 -13.484180 1.614088
v -3.553324 -13.724450 0.822038
v -3.960128 -13.724450 0.822038
v -3.553325 -5.442348 0.822033
v -3.553325 -5.682615 1.614087
v -3.960128 -5.682615 1.614087
v -3.553324 -13.724450 0.822038
v -3.553324 -13.805580 -0.001667
v -3.960128 -13.805580 -0.001667
v -3.553325 -5.682615 1.614087
v -3.553325 -6.072785 2.344047
v -3.960128 -6.072785 2.344047
v -3.553324 -13.805580 -0.001667
v -3.553324 -13.724450 -0.825373
v -3.960128 -13.724450 -0.825373
v -3.553325 -6.072785 2.344047
v -3.553325 -6.597867 2.983861
v -3.960128 -6.597867 2.983861
v -3.960128 -10.407110 -4.142716
v -3.553324 -10.407110 -4.142716
v -3.553325 -9.583396 -4.223845
v -3.553324 -13.724450 -0.825373
v -3.553324 -13.484180 -1.617424
v -3.960128 -13.484180 -1.617424
v -3.553325 -6.597867 2.983861
v -3.553325 -7.237682 3.508944
v -3.960128 -7.237682 3.508944
v -3.553324 -11.199160 -3.902450
v -3.553324 -10.407110 -4.142716
v -3.960128 -10.407110 -4.142716
v -3.553324 -13.484180 -1.617424
v -3.553324 -13.094010 -2.347382
v -3.960128 -13.094010 -2.347382
v -3.553325 -7.237682 3.508944
v -3.553325 -7.967640 3.899116
v -3.960128 -7.967640 3.899116
v -3.553325 -9.583396 -4.223845
v -3.553325 -8.759702 -4.142719
v -3.960128 -8.759702 -4.142719
v -3.553324 -13.094010 -2.347382
v -3.553324 -12.568930 -2.987197
v -3.960128 -12.568930 -2.987197
v -3.553325 -7.967640 3.899116
v -3.553325 -8.759691 4.139382
v -3.960128 -8.759691 4.139382
v -3.553325 -8.759702 -4.142719
v -3.553325 -7.967650 -3.902453
v -3.960128 -7.967650 -3.902453
v -3.553324 -12.568930 -2.987197
v -3.553324 -11.929120 -3.512279
v -3.960128 -11.929120 -3.512279
v -3.553325 -8.759691 4.139382
v -3.553324 -9.583398 4.220510
v -3.960127 -9.583398 4.220510
v -3.553325 -7.967650 -3.902453
v -3.553325 -7.237689 -3.512282
v -3.960128 -7.237689 -3.512282
v -3.553324 -11.929120 -3.512279
v -3.553324 -11.199160 -3.902450
v -3.960128 -11.199160 -3.902450
v -3.960127 -9.583398 4.220510
v -3.553324 -9.583398 4.220510
v -3.553324 -10.407110 4.139382
v -3.553325 -7.237689 -3.512282
v -3.553325 -6.597872 -2.987200
v -3.960128 -6.597872 -2.987200
v -3.553324 -10.407110 4.139382
v -3.553324 -11.199160 3.899117
v -3.960128 -11.199160 3.899117
v -3.553325 -6.597872 -2.987200
v -3.553325 -6.072791 -2.347388
v -3.960128 -6.072791 -2.347388
v -3.553324 -11.199160 3.899117
v -3.553324 -11.929120 3.508946
v -3.960128 -11.929120 3.508946
v -3.553325 -6.072791 -2.347388
v -3.553325 -5.682619 -1.617429
v -3.960128 -5.682619 -1.617429
v -3.553324 -10.407110 -4.142716
v -3.553324 -10.393160 -4.072621
v -3.553325 -9.583396 -4.152377
v -3.553325 -9.583396 -4.223845
v -3.553325 -9.583396 -4.152377
v -3.553325 -8.773645 -4.072624
v -3.553325 -8.773645 -4.072624
v -3.553325 -7.994999 -3.836425
v -3.553325 -7.967650 -3.902453
v -3.553325 -7.994999 -3.836425
v -3.553325 -7.277395 -3.452858
v -3.553325 -7.237689 -3.512282
v -3.553325 -7.237689 -3.512282
v -3.553325 -7.277395 -3.452858
v -3.553325 -6.648408 -2.936664
v -3.553325 -6.648408 -2.936664
v -3.553325 -6.132214 -2.307682
v -3.553325 -6.072791 -2.347388
v -3.553325 -6.132214 -2.307682
v -3.553325 -5.748647 -1.590079
v -3.553325 -5.682619 -1.617429
v -3.553325 -5.748647 -1.590079
v -3.553325 -5.512446 -0.811433
v -3.553325 -5.442351 -0.825376
v -3.553325 -5.442351 -0.825376
v -3.553325 -5.512446 -0.811433
v -3.553325 -5.432689 -0.001671
v -3.553325 -5.432689 -0.001671
v -3.553325 -5.512444 0.808091
v -3.553325 -5.442348 0.822033
v -3.553325 -5.512444 0.808091
v -3.553325 -5.748643 1.586737
v -3.553325 -5.682615 1.614087
v -3.553325 -5.748643 1.586737
v -3.553325 -6.132209 2.304341
v -3.553325 -6.072785 2.344047
v -3.553325 -6.132209 2.304341
v -3.553325 -6.648404 2.933326
v -3.553325 -6.597867 2.983861
v -3.553325 -6.648404 2.933326
v -3.553325 -7.277388 3.449520
v -3.553325 -7.237682 3.508944
v -3.553325 -7.237682 3.508944
v -3.553325 -7.277388 3.449520
v -3.553325 -7.994990 3.833087
v -3.553325 -7.994990 3.833087
v -3.553325 -8.773633 4.069287
v -3.553325 -8.759691 4.139382
v -3.553325 -8.759691 4.139382
v -3.553325 -8.773633 4.069287
v -3.553324 -9.583398 4.149042
v -3.553324 -9.583398 4.149042
v -3.553324 -10.393160 4.069287
v -3.553324 -10.407110 4.139382
v -3.553324 -10.393160 4.069287
v -3.553324 -11.171810 3.833088
v -3.553324 -11.199160 3.899117
v -3.553324 -11.199160 3.899117
v -3.553324 -11.171810 3.833088
v -3.553324 -11.889410 3.449522
v -3.553324 -11.889410 3.449522
v -3.553324 -12.518400 2.933327
v -3.553324 -12.568930 2.983863
v -3.553324 -12.518400 2.933327
v -3.553324 -13.034590 2.304342
v -3.553324 -13.094010 2.344048
v -3.553324 -13.094010 2.344048
v -3.553324 -13.034590 2.304342
v -3.553324 -13.418160 1.586739
v -3.553324 -13.484180 1.614088
v -3.553324 -13.418160 1.586739
v -3.553324 -13.654360 0.808095
v -3.553324 -13.654360 0.808095
v -3.553324 -13.734110 -0.001667
v -3.553324 -13.805580 -0.001667
v -3.553324 -13.734110 -0.001667
v -3.553324 -13.654360 -0.811430
v -3.553324 -13.724450 -0.825373
v -3.553324 -13.724450 -0.825373
v -3.553324 -13.654360 -0.811430
v -3.553324 -13.418160 -1.590074
v -3.553324 -13.418160 -1.590074
v -3.553324 -13.034590 -2.307677
v -3.553324 -13.094010 -2.347382
v -3.553324 -13.034590 -2.307677
v -3.553324 -12.518390 -2.936661
v -3.553324 -12.568930 -2.987197
v -3.553324 -12.518390 -2.936661
v -3.553324 -11.889410 -3.452855
v -3.553324 -11.929120 -3.512279
v -3.553324 -11.889410 -3.452855
v -3.553324 -11.171810 -3.836421
v -3.553324 -11.199160 -3.902450
v -3.553324 -11.171810 -3.836421
v -3.553324 -10.393160 -4.072621
v -3.553324 -10.407110 -4.142716
v -3.938566 -5.497733 1.527629
v -4.098287 -5.497733 1.527629
v -4.098287 -5.334692 1.527629
v -3.938566 -5.613019 1.642916
v -4.098287 -5.613019 1.642916
v -4.098287 -5.497733 1.527629
v -3.938566 -5.613019 1.642916
v -3.938566 -5.613019 1.805956
v -4.098287 -5.613019 1.805956
v -3.938566 -5.497733 1.921242
v -4.098287 -5.497733 1.921242
v -4.098287 -5.613019 1.805956
v -3.938566 -5.497733 1.921242
v -3.938566 -5.334692 1.921243
v -4.098286 -5.334692 1.921243
v -3.938566 -5.219406 1.805956
v -4.098287 -5.219406 1.805956
v -4.098286 -5.334692 1.921243
v -4.098287 -5.334692 1.527629
v -4.098287 -5.497733 1.527629
v -4.098287 -5.613019 1.642916
v -4.098287 -5.613019 1.642916
v -4.098287 -5.613019 1.805956
v -4.098287 -5.497733 1.921242
v -4.098287 -5.497733 1.921242
v -4.098286 -5.334692 1.921243
v -4.098287 -5.219406 1.805956
v -4.098287 -5.219406 1.805956
v -4.098287 -5.219406 1.642916
v -4.098287 -5.334692 1.527629
v -4.098287 -5.334692 1.527629
v -4.098287 -5.613019 1.642916
v -4.098287 -5.219406 1.805956
v -3.938566 -5.219406 1.642916
v -4.098287 -5.219406 1.642916
v -4.098287 -5.219406 1.805956
v -3.938566 -5.334692 1.527629
v -4.098287 -5.334692 1.527629
v -4.098287 -5.219406 1.642916
v -3.938565 -13.669070 -1.530966
v -4.098286 -13.669070 -1.530966
v -4.098286 -13.832110 -1.530966
v -3.938565 -13.553790 -1.646253
v -4.098286 -13.553790 -1.646253
v -4.098286 -13.669070 -1.530966
v -3.938566 -13.553790 -1.809293
v -4.098286 -13.553790 -1.809293
v -4.098286 -13.553790 -1.646253
v -3.938566 -13.553790 -1.809293
v -3.938565 -13.669070 -1.924580
v -4.098286 -13.669070 -1.924580
v -3.938565 -13.832110 -1.924580
v -4.098286 -13.832110 -1.924580
v -4.098286 -13.669070 -1.924580
v -3.938565 -13.947400 -1.809293
v -4.098286 -13.947400 -1.809293
v -4.098286 -13.832110 -1.924580
v -4.098286 -13.832110 -1.530966
v -4.098286 -13.669070 -1.530966
v -4.098286 -13.669070 -1.924580
v -4.098286 -13.669070 -1.530966
v -4.098286 -13.553790 -1.646253
v -4.098286 -13.669070 -1.924580
v -4.098286 -13.553790 -1.646253
v -4.098286 -13.553790 -1.809293
v -4.098286 -13.669070 -1.924580
v -4.098286 -13.669070 -1.924580
v -4.098286 -13.832110 -1.924580
v -4.098286 -13.832110 -1.530966
v -4.098286 -13.832110 -1.924580
v -4.098286 -13.947400 -1.809293
v -4.098286 -13.832110 -1.530966
v -3.938565 -13.947400 -1.646253
v -4.098286 -13.947400 -1.646253
v -4.098286 -13.947400 -1.809293
v -3.938565 -13.832110 -1.530966
v -4.098286 -13.832110 -1.530966
v -4.098286 -13.947400 -1.646253
v -3.938566 -8.054105 -4.087339
v -4.098286 -8.054105 -4.087339
v -4.098286 -8.054105 -4.250379
v -3.938566 -7.938819 -3.972052
v -4.098286 -7.938819 -3.972052
v -4.098286 -8.054105 -4.087339
v -3.938566 -7.775779 -3.972052
v -4.098286 -7.775779 -3.972052
v -4.098286 -7.938819 -3.972052
v -3.938566 -7.660492 -4.087339
v -4.098286 -7.660492 -4.087339
v -4.098286 -7.775779 -3.972052
v -3.938566 -7.660492 -4.250379
v -4.098286 -7.660492 -4.250379
v -4.098286 -7.660492 -4.087339
v -3.938566 -7.775779 -4.365665
v -4.098286 -7.775779 -4.365665
v -4.098286 -7.660492 -4.250379
v -4.098286 -8.054105 -4.250379
v -4.098286 -8.054105 -4.087339
v -4.098286 -7.660492 -4.087339
v -4.098286 -8.054105 -4.087339
v -4.098286 -7.938819 -3.972052
v -4.098286 -7.660492 -4.087339
v -4.098286 -7.938819 -3.972052
v -4.098286 -7.775779 -3.972052
v -4.098286 -7.660492 -4.087339
v -4.098286 -7.660492 -4.087339
v -4.098286 -7.660492 -4.250379
v -4.098286 -7.775779 -4.365665
v -4.098286 -7.775779 -4.365665
v -4.098286 -7.938819 -4.365666
v -4.098286 -8.054105 -4.250379
v -3.938566 -7.938819 -4.365666
v -4.098286 -7.938819 -4.365666
v -4.098286 -7.775779 -4.365665
v -3.938566 -8.054105 -4.250379
v -4.098286 -8.054105 -4.250379
v -4.098286 -7.938819 -4.365666
v -3.938565 -11.112700 4.084002
v -4.098286 -11.112700 4.084002
v -4.098286 -11.112700 4.247042
v -3.938565 -11.227990 3.968716
v -4.098286 -11.227990 3.968716
v -4.098286 -11.112700 4.084002
v -3.938565 -11.227990 3.968716
v -3.938565 -11.391030 3.968715
v -4.098286 -11.391030 3.968715
v -3.938565 -11.506310 4.084002
v -4.098286 -11.506310 4.084002
v -4.098286 -11.391030 3.968715
v -3.938565 -11.506310 4.084002
v -3.938565 -11.506310 4.247042
v -4.098286 -11.506310 4.247042
v -3.938565 -11.506310 4.247042
v -3.938565 -11.391030 4.362329
v -4.098286 -11.391030 4.362329
v -4.098286 -11.112700 4.247042
v -4.098286 -11.112700 4.084002
v -4.098286 -11.227990 3.968716
v -4.098286 -11.227990 3.968716
v -4.098286 -11.391030 3.968715
v -4.098286 -11.506310 4.084002
v -4.098286 -11.506310 4.084002
v -4.098286 -11.506310 4.247042
v -4.098286 -11.391030 4.362329
v -4.098286 -11.391030 4.362329
v -4.098286 -11.227990 4.362329
v -4.098286 -11.112700 4.247042
v -4.098286 -11.112700 4.247042
v -4.098286 -11.227990 3.968716
v -4.098286 -11.391030 4.362329
v -3.938565 -11.227990 4.362329
v -4.098286 -11.227990 4.362329
v -4.098286 -11.391030 4.362329
v -3.938565 -11.112700 4.247042
v -4.098286 -11.112700 4.247042
v -4.098286 -11.227990 4.362329
v -3.938566 -7.775774 3.968714
v -4.098286 -7.775774 3.968714
v -4.098286 -7.660488 4.084000
v -3.938566 -7.938814 3.968714
v -4.098286 -7.938814 3.968714
v -4.098286 -7.775774 3.968714
v -3.938566 -8.054101 4.084000
v -4.098286 -8.054101 4.084000
v -4.098286 -7.938814 3.968714
v -3.938566 -8.054100 4.247040
v -4.098286 -8.054100 4.247040
v -4.098286 -8.054101 4.084000
v -3.938566 -7.938814 4.362328
v -4.098286 -7.938814 4.362328
v -4.098286 -8.054100 4.247040
v -3.938566 -7.775774 4.362327
v -4.098286 -7.775774 4.362327
v -4.098286 -7.938814 4.362328
v -4.098286 -7.660488 4.084000
v -4.098286 -7.775774 3.968714
v -4.098286 -8.054100 4.247040
v -4.098286 -7.775774 3.968714
v -4.098286 -7.938814 3.968714
v -4.098286 -8.054100 4.247040
v -4.098286 -7.938814 3.968714
v -4.098286 -8.054101 4.084000
v -4.098286 -8.054100 4.247040
v -4.098286 -8.054100 4.247040
v -4.098286 -7.938814 4.362328
v -4.098286 -7.775774 4.362327
v -4.098286 -7.775774 4.362327
v -4.098286 -7.660487 4.247040
v -4.098286 -7.660488 4.084000
v -3.938566 -7.660487 4.247040
v -4.098286 -7.660487 4.247040
v -4.098286 -7.775774 4.362327
v -3.938566 -7.660488 4.084000
v -4.098286 -7.660488 4.084000
v -4.098286 -7.660487 4.247040
v -3.938565 -11.391030 -3.972050
v -4.098286 -11.391030 -3.972050
v -4.098286 -11.506320 -4.087337
v -3.938566 -11.227990 -3.972050
v -4.098286 -11.227990 -3.972050
v -4.098286 -11.391030 -3.972050
v -3.938566 -11.112700 -4.087337
v -4.098286 -11.112700 -4.087337
v -4.098286 -11.227990 -3.972050
v -3.938566 -11.112700 -4.087337
v -3.938565 -11.112700 -4.250377
v -4.098286 -11.112700 -4.250377
v -3.938565 -11.227990 -4.365664
v -4.098286 -11.227990 -4.365664
v -4.098286 -11.112700 -4.250377
v -3.938565 -11.391030 -4.365664
v -4.098286 -11.391030 -4.365664
v -4.098286 -11.227990 -4.365664
v -4.098286 -11.506320 -4.087337
v -4.098286 -11.391030 -3.972050
v -4.098286 -11.112700 -4.250377
v -4.098286 -11.391030 -3.972050
v -4.098286 -11.227990 -3.972050
v -4.098286 -11.112700 -4.250377
v -4.098286 -11.227990 -3.972050
v -4.098286 -11.112700 -4.087337
v -4.098286 -11.112700 -4.250377
v -4.098286 -11.112700 -4.250377
v -4.098286 -11.227990 -4.365664
v -4.098286 -11.391030 -4.365664
v -4.098286 -11.391030 -4.365664
v -4.098286 -11.506320 -4.250377
v -4.098286 -11.112700 -4.250377
v -3.938565 -11.506320 -4.250377
v -4.098286 -11.506320 -4.250377
v -4.098286 -11.391030 -4.365664
v -3.938565 -11.506320 -4.250377
v -3.938565 -11.506320 -4.087337
v -4.098286 -11.506320 -4.087337
v -3.938565 -13.553780 1.805961
v -4.098286 -13.553780 1.805961
v -4.098286 -13.669070 1.921247
v -3.938565 -13.553780 1.642920
v -4.098286 -13.553780 1.642920
v -4.098286 -13.553780 1.805961
v -3.938565 -13.669070 1.527633
v -4.098286 -13.669070 1.527633
v -4.098286 -13.553780 1.642920
v -3.938565 -13.832110 1.527634
v -4.098286 -13.832110 1.527634
v -4.098286 -13.669070 1.527633
v -3.938565 -13.832110 1.527634
v -3.938565 -13.947400 1.642921
v -4.098286 -13.947400 1.642920
v -3.938565 -13.947400 1.642921
v -3.938565 -13.947400 1.805960
v -4.098286 -13.947400 1.805960
v -4.098286 -13.669070 1.921247
v -4.098286 -13.553780 1.805961
v -4.098286 -13.553780 1.642920
v -4.098286 -13.553780 1.642920
v -4.098286 -13.669070 1.527633
v -4.098286 -13.669070 1.921247
v -4.098286 -13.669070 1.527633
v -4.098286 -13.832110 1.527634
v -4.098286 -13.669070 1.921247
v -4.098286 -13.832110 1.527634
v -4.098286 -13.947400 1.642920
v -4.098286 -13.947400 1.805960
v -4.098286 -13.947400 1.805960
v -4.098286 -13.832110 1.921247
v -4.098286 -13.832110 1.527634
v -3.938565 -13.832110 1.921247
v -4.098286 -13.832110 1.921247
v -4.098286 -13.947400 1.805960
v -3.938565 -13.669070 1.921247
v -4.098286 -13.669070 1.921247
v -4.098286 -13.832110 1.921247
v -4.080368 -13.752930 -2.893131
v -3.810110 -13.736490 -2.878644
v -3.810110 -13.093610 -3.608042
v -4.001807 -13.837050 -4.263313
v -4.080368 -13.110040 -3.622529
v -3.810110 -13.093610 -3.608042
v -4.072017 -14.392080 -3.543334
v -4.140048 -13.762510 -2.988436
v -4.140048 -13.205800 -3.620071
v -4.001807 -14.479940 -3.533914
v -4.001807 -13.837050 -4.263313
v -3.731549 -13.820620 -4.248826
v -4.001807 -13.837050 -4.263313
v -4.001807 -14.479940 -3.533914
v -4.072017 -14.392080 -3.543334
v -4.140048 -13.762510 -2.988436
v -4.072017 -14.392080 -3.543334
v -4.001807 -14.479940 -3.533914
v -4.072018 -13.835370 -4.174970
v -4.140048 -13.205800 -3.620071
v -4.080368 -13.110040 -3.622529
v -4.140048 -13.205800 -3.620071
v -4.140048 -13.762510 -2.988436
v -4.080368 -13.752930 -2.893131
v -3.810110 -13.736490 -2.878644
v -4.080368 -13.752930 -2.893131
v -4.001807 -14.479940 -3.533914
v -3.773100 -13.802190 -4.458079
v -3.772162 -13.829450 -4.444639
v -3.775368 -13.773480 -4.448328
v -3.772162 -13.829450 -4.444639
v -3.772242 -14.361910 -3.839038
v -3.775368 -13.773480 -4.448328
v -3.772242 -14.361910 -3.839038
v -3.862680 -13.524320 -3.102130
v -3.775368 -13.773480 -4.448328
v -3.862680 -13.524320 -3.102130
v -3.864703 -13.498730 -3.093431
v -3.865538 -13.474430 -3.105410
v -3.775368 -13.773480 -4.448328
v -3.862680 -13.524320 -3.102130
v -3.862248 -12.968860 -3.740394
v -3.865538 -13.474430 -3.105410
v -3.865462 -12.965350 -3.684410
v -3.862680 -13.524320 -3.102130
v -3.865462 -12.965350 -3.684410
v -3.864519 -12.955520 -3.713166
v -3.862248 -12.968860 -3.740394
v -3.865538 -13.474430 -3.105410
v -3.773417 -13.468820 -3.100472
v -3.773341 -12.959750 -3.679472
v -3.683247 -13.767880 -4.443390
v -3.775368 -13.773480 -4.448328
v -3.862248 -12.968860 -3.740394
v -3.772162 -13.829450 -4.444639
v -3.773100 -13.802190 -4.458079
v -3.680979 -13.796590 -4.453141
v -3.775368 -13.773480 -4.448328
v -3.683247 -13.767880 -4.443390
v -3.680979 -13.796590 -4.453141
v -3.773341 -12.959750 -3.679472
v -3.772398 -12.949910 -3.708229
v -3.864519 -12.955520 -3.713166
v -3.770127 -12.963260 -3.735456
v -3.862248 -12.968860 -3.740394
v -3.864519 -12.955520 -3.713166
v -3.680041 -13.823850 -4.439701
v -3.680120 -14.356310 -3.834100
v -3.772242 -14.361910 -3.839038
v -3.647913 -13.103520 -4.032810
v -3.667100 -12.925950 -3.876307
v -3.937358 -12.942390 -3.890794
v -3.937358 -12.516970 -4.373465
v -3.667100 -12.500530 -4.358978
v -3.647913 -12.678090 -4.515480
v -3.667100 -12.500530 -4.358978
v -3.937358 -12.516970 -4.373465
v -3.937358 -12.942390 -3.890794
v -3.918171 -13.119950 -4.047296
v -3.918171 -12.694530 -4.529967
v -3.647913 -12.678090 -4.515480
v -3.937358 -12.942390 -3.890794
v -3.937358 -12.516970 -4.373465
v -3.918171 -12.694530 -4.529967
v -3.846311 -12.869040 -4.432757
v -3.642076 -12.856620 -4.421809
v -3.642076 -12.740280 -4.553795
v -3.826269 -13.054510 -4.596231
v -3.826269 -12.938180 -4.728218
v -3.622034 -12.925760 -4.717270
v -3.826269 -12.938180 -4.728218
v -3.826269 -13.054510 -4.596231
v -3.846311 -12.869040 -4.432757
v -3.642076 -12.740280 -4.553795
v -3.622034 -12.925760 -4.717270
v -3.826269 -12.938180 -4.728218
v -3.826269 -13.054510 -4.596231
v -3.622034 -13.042090 -4.585284
v -3.642076 -12.856620 -4.421809
v -3.768690 -12.927550 -4.373844
v -3.768690 -12.886030 -4.420954
v -3.841589 -12.890460 -4.424862
v -3.834435 -12.998190 -4.436101
v -3.834435 -12.956670 -4.483211
v -3.761536 -12.952230 -4.479304
v -3.834435 -12.956670 -4.483211
v -3.834435 -12.998190 -4.436101
v -3.841589 -12.931990 -4.377752
v -3.768690 -12.886030 -4.420954
v -3.761536 -12.952230 -4.479304
v -3.834435 -12.956670 -4.483211
v -3.834435 -12.998190 -4.436101
v -3.761536 -12.993760 -4.432194
v -3.768690 -12.927550 -4.373844
v -3.768690 -12.986050 -4.307480
v -3.768690 -12.944520 -4.354590
v -3.841589 -12.948960 -4.358498
v -3.834434 -13.015160 -4.416847
v -3.761536 -13.010730 -4.412940
v -3.761536 -13.052250 -4.365829
v -3.841589 -12.948960 -4.358498
v -3.834434 -13.015160 -4.416847
v -3.834435 -13.056680 -4.369737
v -3.768690 -12.944520 -4.354590
v -3.761536 -13.010730 -4.412940
v -3.834434 -13.015160 -4.416847
v -3.834435 -13.056680 -4.369737
v -3.761536 -13.052250 -4.365829
v -3.768690 -12.986050 -4.307480
v -3.768690 -13.044450 -4.241218
v -3.768690 -13.002930 -4.288328
v -3.841589 -13.007360 -4.292235
v -3.834435 -13.073560 -4.350585
v -3.761536 -13.069130 -4.346678
v -3.761536 -13.110650 -4.299567
v -3.841589 -13.007360 -4.292235
v -3.834435 -13.073560 -4.350585
v -3.834435 -13.115080 -4.303474
v -3.761536 -13.069130 -4.346678
v -3.834435 -13.073560 -4.350585
v -3.841589 -13.007360 -4.292235
v -3.834435 -13.115080 -4.303474
v -3.761536 -13.110650 -4.299567
v -3.768690 -13.044450 -4.241218
v -3.817594 -13.887640 -4.715831
v -3.644602 -13.877120 -4.706558
v -3.679345 -13.555610 -4.423177
v -3.852337 -13.206110 -4.840911
v -3.679345 -13.195590 -4.831638
v -3.644602 -13.517110 -5.115020
v -3.679345 -13.195590 -4.831638
v -3.852337 -13.206110 -4.840911
v -3.852337 -13.566130 -4.432449
v -3.817594 -13.527630 -5.124293
v -3.644602 -13.517110 -5.115020
v -3.644602 -13.877120 -4.706558
v -3.852337 -13.206110 -4.840911
v -3.817594 -13.527630 -5.124293
v -3.817594 -13.887640 -4.715831
v -3.865538 -13.474430 -3.105410
v -3.864703 -13.498730 -3.093431
v -3.772582 -13.493120 -3.088494
v -3.862680 -13.524320 -3.102130
v -3.770559 -13.518720 -3.097192
v -3.772582 -13.493120 -3.088494
v -3.772242 -14.361910 -3.839038
v -3.680120 -14.356310 -3.834100
v -3.770559 -13.518720 -3.097192
v -3.849771 -12.647400 -4.426931
v -3.840784 -12.611790 -4.493687
v -3.850109 -12.621150 -4.498722
v -3.848158 -12.663100 -4.439214
v -3.858931 -12.655860 -4.433607
v -3.850109 -12.621150 -4.498722
v -3.838997 -12.654650 -4.432538
v -3.848158 -12.663100 -4.439214
v -3.839744 -12.630650 -4.500252
v -3.838997 -12.654650 -4.432538
v -3.830419 -12.621290 -4.495217
v -3.840784 -12.611790 -4.493687
v -3.840784 -12.611790 -4.493687
v -3.823227 -12.596160 -4.573623
v -3.833252 -12.606030 -4.575070
v -3.850109 -12.621150 -4.498722
v -3.833252 -12.606030 -4.575070
v -3.823700 -12.616120 -4.572425
v -3.830419 -12.621290 -4.495217
v -3.839744 -12.630650 -4.500252
v -3.823700 -12.616120 -4.572425
v -3.840784 -12.611790 -4.493687
v -3.830419 -12.621290 -4.495217
v -3.813676 -12.606250 -4.570978
v -3.823227 -12.596160 -4.573623
v -3.810433 -12.618300 -4.639197
v -3.821471 -12.626260 -4.635350
v -3.833252 -12.606030 -4.575070
v -3.821471 -12.626260 -4.635350
v -3.812847 -12.634600 -4.627863
v -3.813676 -12.606250 -4.570978
v -3.823700 -12.616120 -4.572425
v -3.812847 -12.634600 -4.627863
v -3.823227 -12.596160 -4.573623
v -3.813676 -12.606250 -4.570978
v -3.801809 -12.626640 -4.631711
v -3.821471 -12.626260 -4.635350
v -3.810433 -12.618300 -4.639197
v -3.799491 -12.724830 -4.720704
v -3.812847 -12.634600 -4.627863
v -3.821471 -12.626260 -4.635350
v -3.810893 -12.730480 -4.714534
v -3.812847 -12.634600 -4.627863
v -3.802604 -12.736690 -4.704905
v -3.791202 -12.731040 -4.711074
v -3.801809 -12.626640 -4.631711
v -3.791202 -12.731040 -4.711074
v -3.799491 -12.724830 -4.720704
v -3.810893 -12.730480 -4.714534
v -3.799491 -12.724830 -4.720704
v -3.784083 -12.881280 -4.830646
v -3.802604 -12.736690 -4.704905
v -3.810893 -12.730480 -4.714534
v -3.795485 -12.886930 -4.824476
v -3.802604 -12.736690 -4.704905
v -3.787197 -12.893140 -4.814846
v -3.775795 -12.887490 -4.821016
v -3.791202 -12.731040 -4.711074
v -3.775795 -12.887490 -4.821016
v -3.784083 -12.881280 -4.830646
v -3.784083 -12.881280 -4.830646
v -3.773393 -12.986600 -4.910570
v -3.784878 -12.991390 -4.903848
v -3.795485 -12.886930 -4.824476
v -3.784878 -12.991390 -4.903848
v -3.776700 -12.996430 -4.893470
v -3.775795 -12.887490 -4.821016
v -3.787197 -12.893140 -4.814846
v -3.776700 -12.996430 -4.893470
v -3.784083 -12.881280 -4.830646
v -3.775795 -12.887490 -4.821016
v -3.765217 -12.991640 -4.900192
v -3.773393 -12.986600 -4.910570
v -3.767868 -13.054620 -4.936492
v -3.779600 -13.056220 -4.928760
v -3.784878 -12.991390 -4.903848
v -3.779600 -13.056220 -4.928760
v -3.771757 -13.056950 -4.917014
v -3.765217 -12.991640 -4.900192
v -3.776700 -12.996430 -4.893470
v -3.771757 -13.056950 -4.917014
v -3.773393 -12.986600 -4.910570
v -3.765217 -12.991640 -4.900192
v -3.760026 -13.055350 -4.924746
v -3.779600 -13.056220 -4.928760
v -3.767868 -13.054620 -4.936492
v -3.763141 -13.144590 -4.922585
v -3.771757 -13.056950 -4.917014
v -3.779600 -13.056220 -4.928760
v -3.775087 -13.142200 -4.915401
v -3.771757 -13.056950 -4.917014
v -3.767534 -13.137520 -4.904398
v -3.755588 -13.139910 -4.911582
v -3.760026 -13.055350 -4.924746
v -3.755588 -13.139910 -4.911582
v -3.763141 -13.144590 -4.922585
v -3.763141 -13.144590 -4.922585
v -3.761255 -13.223910 -4.867796
v -3.773273 -13.218190 -4.863017
v -3.775087 -13.142200 -4.915401
v -3.773273 -13.218190 -4.863017
v -3.765820 -13.209000 -4.855270
v -3.755588 -13.139910 -4.911582
v -3.767534 -13.137520 -4.904398
v -3.765820 -13.209000 -4.855270
v -3.763141 -13.144590 -4.922585
v -3.755588 -13.139910 -4.911582
v -3.753802 -13.214720 -4.860050
v -3.866551 -12.991530 -3.723449
v -3.867265 -12.844990 -3.876371
v -3.876426 -12.852740 -3.883857
v -3.875712 -12.999980 -3.730125
v -3.876426 -12.852740 -3.883857
v -3.865652 -12.859280 -3.890275
v -3.855777 -12.998770 -3.729056
v -3.864938 -13.007230 -3.735732
v -3.865652 -12.859280 -3.890275
v -3.866551 -12.991530 -3.723449
v -3.855777 -12.998770 -3.729056
v -3.856492 -12.851530 -3.882789
v -3.867265 -12.844990 -3.876371
v -3.868842 -12.604140 -4.120233
v -3.878002 -12.611890 -4.127719
v -3.876426 -12.852740 -3.883857
v -3.878002 -12.611890 -4.127719
v -3.867227 -12.618430 -4.134137
v -3.856492 -12.851530 -3.882789
v -3.865652 -12.859280 -3.890275
v -3.867227 -12.618430 -4.134137
v -3.867265 -12.844990 -3.876371
v -3.856492 -12.851530 -3.882789
v -3.858067 -12.610680 -4.126651
v -3.868842 -12.604140 -4.120233
v -3.869581 -12.456000 -4.275041
v -3.878710 -12.464900 -4.281155
v -3.878002 -12.611890 -4.127719
v -3.878710 -12.464900 -4.281155
v -3.867917 -12.472090 -4.286794
v -3.858067 -12.610680 -4.126651
v -3.867227 -12.618430 -4.134137
v -3.867917 -12.472090 -4.286794
v -3.868842 -12.604140 -4.120233
v -3.858067 -12.610680 -4.126651
v -3.858788 -12.463190 -4.280680
v -3.869581 -12.456000 -4.275041
v -3.873948 -12.420590 -4.341142
v -3.882904 -12.431100 -4.344198
v -3.878710 -12.464900 -4.281155
v -3.882904 -12.431100 -4.344198
v -3.872000 -12.439320 -4.347876
v -3.858788 -12.463190 -4.280680
v -3.867917 -12.472090 -4.286794
v -3.872000 -12.439320 -4.347876
v -3.869581 -12.456000 -4.275041
v -3.858788 -12.463190 -4.280680
v -3.863044 -12.428810 -4.344820
v -3.882904 -12.431100 -4.344198
v -3.873948 -12.420590 -4.341142
v -3.880775 -12.403790 -4.431246
v -3.882904 -12.431100 -4.344198
v -3.889560 -12.414870 -4.431059
v -3.878490 -12.423660 -4.431526
v -3.872000 -12.439320 -4.347876
v -3.878490 -12.423660 -4.431526
v -3.869704 -12.412580 -4.431713
v -3.873948 -12.420590 -4.341142
v -3.863044 -12.428810 -4.344820
v -3.869704 -12.412580 -4.431713
v -3.889560 -12.414870 -4.431059
v -3.880775 -12.403790 -4.431246
v -3.879835 -12.420980 -4.534997
v -3.889560 -12.414870 -4.431059
v -3.888719 -12.431580 -4.532051
v -3.877811 -12.439570 -4.527895
v -3.878490 -12.423660 -4.431526
v -3.877811 -12.439570 -4.527895
v -3.868928 -12.428970 -4.530841
v -3.880775 -12.403790 -4.431246
v -3.869704 -12.412580 -4.431713
v -3.868928 -12.428970 -4.530841
v -3.888719 -12.431580 -4.532051
v -3.879835 -12.420980 -4.534997
v -3.857975 -12.479080 -4.630277
v -3.877811 -12.439570 -4.527895
v -3.888719 -12.431580 -4.532051
v -3.867206 -12.488730 -4.625625
v -3.877811 -12.439570 -4.527895
v -3.857053 -12.494650 -4.617758
v -3.847822 -12.485000 -4.622410
v -3.868928 -12.428970 -4.530841
v -3.847822 -12.485000 -4.622410
v -3.857975 -12.479080 -4.630277
v -3.857975 -12.479080 -4.630277
v -3.824763 -12.557470 -4.708729
v -3.834367 -12.566130 -4.703011
v -3.857053 -12.494650 -4.617758
v -3.867206 -12.488730 -4.625625
v -3.834367 -12.566130 -4.703011
v -3.847822 -12.485000 -4.622410
v -3.857053 -12.494650 -4.617758
v -3.824630 -12.570950 -4.693957
v -3.847822 -12.485000 -4.622410
v -3.815026 -12.562290 -4.699675
v -3.824763 -12.557470 -4.708729
v -3.824763 -12.557470 -4.708729
v -3.804516 -12.626020 -4.766301
v -3.814476 -12.633380 -4.759469
v -3.824630 -12.570950 -4.693957
v -3.834367 -12.566130 -4.703011
v -3.814476 -12.633380 -4.759469
v -3.815026 -12.562290 -4.699675
v -3.824630 -12.570950 -4.693957
v -3.804666 -12.638460 -4.750640
v -3.815026 -12.562290 -4.699675
v -3.794706 -12.631110 -4.757472
v -3.804516 -12.626020 -4.766301
v -3.814476 -12.633380 -4.759469
v -3.804516 -12.626020 -4.766301
v -3.793596 -12.734060 -4.847134
v -3.814476 -12.633380 -4.759469
v -3.803694 -12.740470 -4.839591
v -3.793858 -12.745730 -4.830897
v -3.804666 -12.638460 -4.750640
v -3.793858 -12.745730 -4.830897
v -3.783760 -12.739320 -4.838439
v -3.804516 -12.626020 -4.766301
v -3.794706 -12.631110 -4.757472
v -3.783760 -12.739320 -4.838439
v -3.793596 -12.734060 -4.847134
v -3.778747 -12.886070 -4.951664
v -3.788890 -12.892030 -4.943816
v -3.803694 -12.740470 -4.839591
v -3.788890 -12.892030 -4.943816
v -3.779098 -12.896840 -4.934813
v -3.783760 -12.739320 -4.838439
v -3.793858 -12.745730 -4.830897
v -3.779098 -12.896840 -4.934813
v -3.793596 -12.734060 -4.847134
v -3.783760 -12.739320 -4.838439
v -3.768957 -12.890880 -4.942661
v -3.778747 -12.886070 -4.951664
v -3.769500 -12.986290 -5.010477
v -3.779798 -12.990480 -5.001736
v -3.788890 -12.892030 -4.943816
v -3.779798 -12.990480 -5.001736
v -3.770164 -12.993490 -4.991831
v -3.768957 -12.890880 -4.942661
v -3.779098 -12.896840 -4.934813
v -3.770164 -12.993490 -4.991831
v -3.778747 -12.886070 -4.951664
v -3.768957 -12.890880 -4.942661
v -3.759866 -12.989310 -5.000572
v -3.769500 -12.986290 -5.010477
v -3.764098 -13.061650 -5.025768
v -3.774634 -13.062490 -5.016372
v -3.779798 -12.990480 -5.001736
v -3.774634 -13.062490 -5.016372
v -3.765242 -13.062120 -5.005806
v -3.759866 -12.989310 -5.000572
v -3.770164 -12.993490 -4.991831
v -3.765242 -13.062120 -5.005806
v -3.769500 -12.986290 -5.010477
v -3.759866 -12.989310 -5.000572
v -3.754705 -13.061280 -5.015202
v -3.764098 -13.061650 -5.025768
v -3.758571 -13.167850 -5.008384
v -3.769315 -13.164580 -4.999788
v -3.774634 -13.062490 -5.016372
v -3.769315 -13.164580 -4.999788
v -3.760132 -13.160060 -4.990029
v -3.754705 -13.061280 -5.015202
v -3.765242 -13.062120 -5.005806
v -3.760132 -13.160060 -4.990029
v -3.764098 -13.061650 -5.025768
v -3.754705 -13.061280 -5.015202
v -3.749387 -13.163320 -4.998625
v -3.769315 -13.164580 -4.999788
v -3.758571 -13.167850 -5.008384
v -3.756014 -13.293300 -4.913762
v -3.760132 -13.160060 -4.990029
v -3.769315 -13.164580 -4.999788
v -3.766836 -13.286500 -4.907713
v -3.760132 -13.160060 -4.990029
v -3.757732 -13.278400 -4.900528
v -3.746910 -13.285210 -4.906577
v -3.749387 -13.163320 -4.998625
v -3.746910 -13.285210 -4.906577
v -3.756014 -13.293300 -4.913762
v -3.936146 -13.803690 -2.970199
v -3.882276 -13.835930 -3.002743
v -3.886482 -13.885450 -2.944397
v -3.890341 -13.765400 -2.932312
v -3.936146 -13.803690 -2.970199
v -3.940067 -13.847500 -2.918163
v -3.890341 -13.765400 -2.932312
v -3.894208 -13.808090 -2.881499
v -3.840624 -13.846050 -2.907733
v -3.836472 -13.797630 -2.964856
v -3.840624 -13.846050 -2.907733
v -3.886482 -13.885450 -2.944397
v -3.940067 -13.847500 -2.918163
v -3.886482 -13.885450 -2.944397
v -3.896736 -13.959100 -2.852385
v -3.894208 -13.808090 -2.881499
v -3.940067 -13.847500 -2.918163
v -3.950241 -13.920510 -2.826915
v -3.894208 -13.808090 -2.881499
v -3.904436 -13.881540 -2.789731
v -3.850930 -13.920120 -2.815201
v -3.840624 -13.846050 -2.907733
v -3.850930 -13.920120 -2.815201
v -3.896736 -13.959100 -2.852385
v -3.950241 -13.920510 -2.826915
v -3.896736 -13.959100 -2.852385
v -3.909577 -14.050280 -2.743609
v -3.904436 -13.881540 -2.789731
v -3.950241 -13.920510 -2.826915
v -3.963249 -14.012930 -2.716689
v -3.904436 -13.881540 -2.789731
v -3.917618 -13.975240 -2.678000
v -3.863945 -14.012580 -2.704921
v -3.850930 -13.920120 -2.815201
v -3.863945 -14.012580 -2.704921
v -3.909577 -14.050280 -2.743609
v -3.963249 -14.012930 -2.716689
v -3.909577 -14.050280 -2.743609
v -3.921607 -14.150250 -2.636875
v -3.917618 -13.975240 -2.678000
v -3.963249 -14.012930 -2.716689
v -3.975633 -14.116020 -2.606721
v -3.917618 -13.975240 -2.678000
v -3.930288 -14.080860 -2.565398
v -3.876263 -14.115090 -2.595551
v -3.863945 -14.012580 -2.704921
v -3.876263 -14.115090 -2.595551
v -3.921607 -14.150250 -2.636875
v -3.975633 -14.116020 -2.606721
v -3.921607 -14.150250 -2.636875
v -3.929424 -14.248330 -2.552035
v -3.930288 -14.080860 -2.565398
v -3.975633 -14.116020 -2.606721
v -3.983948 -14.221480 -2.515889
v -3.930288 -14.080860 -2.565398
v -3.938986 -14.192000 -2.469966
v -3.884462 -14.218840 -2.506112
v -3.876263 -14.115090 -2.595551
v -3.884462 -14.218840 -2.506112
v -3.929424 -14.248330 -2.552035
v -3.983948 -14.221480 -2.515889
v -3.929424 -14.248330 -2.552035
v -3.930087 -14.332540 -2.506949
v -3.938986 -14.192000 -2.469966
v -3.983948 -14.221480 -2.515889
v -3.984685 -14.320620 -2.463626
v -3.938986 -14.192000 -2.469966
v -3.939786 -14.303540 -2.411740
v -3.885188 -14.315450 -2.455063
v -3.884462 -14.218840 -2.506112
v -3.885188 -14.315450 -2.455063
v -3.930087 -14.332540 -2.506949
v -3.930087 -14.332540 -2.506949
v -3.924628 -14.428890 -2.496752
v -3.978515 -14.433130 -2.451165
v -3.984685 -14.320620 -2.463626
v -3.978515 -14.433130 -2.451165
v -3.932941 -14.431380 -2.397129
v -3.885188 -14.315450 -2.455063
v -3.939786 -14.303540 -2.411740
v -3.932941 -14.431380 -2.397129
v -3.930087 -14.332540 -2.506949
v -3.885188 -14.315450 -2.455063
v -3.879053 -14.427140 -2.442716
v -3.924628 -14.428890 -2.496752
v -3.917259 -14.535610 -2.513143
v -3.970473 -14.549830 -2.468802
v -3.978515 -14.433130 -2.451165
v -3.970473 -14.549830 -2.468802
v -3.924180 -14.558710 -2.416092
v -3.879053 -14.427140 -2.442716
v -3.932941 -14.431380 -2.397129
v -3.924180 -14.558710 -2.416092
v -3.924628 -14.428890 -2.496752
v -3.879053 -14.427140 -2.442716
v -3.870967 -14.544490 -2.460433
v -3.917259 -14.535610 -2.513143
v -3.908494 -14.648140 -2.548982
v -3.961289 -14.667830 -2.506263
v -3.970473 -14.549830 -2.468802
v -3.961289 -14.667830 -2.506263
v -3.914550 -14.682530 -2.455279
v -3.870967 -14.544490 -2.460433
v -3.924180 -14.558710 -2.416092
v -3.914550 -14.682530 -2.455279
v -3.917259 -14.535610 -2.513143
v -3.870967 -14.544490 -2.460433
v -3.861756 -14.662840 -2.497998
v -3.908494 -14.648140 -2.548982
v -3.899122 -14.761490 -2.595231
v -3.951742 -14.783320 -2.553340
v -3.961289 -14.667830 -2.506263
v -3.951742 -14.783320 -2.553340
v -3.904818 -14.800290 -2.503239
v -3.861756 -14.662840 -2.497998
v -3.914550 -14.682530 -2.455279
v -3.904818 -14.800290 -2.503239
v -3.908494 -14.648140 -2.548982
v -3.861756 -14.662840 -2.497998
v -3.852198 -14.778460 -2.545129
v -3.899122 -14.761490 -2.595231
v -3.889913 -14.871620 -2.642076
v -3.942611 -14.892500 -2.599804
v -3.951742 -14.783320 -2.553340
v -3.942611 -14.892500 -2.599804
v -3.895770 -14.908470 -2.549296
v -3.852198 -14.778460 -2.545129
v -3.904818 -14.800290 -2.503239
v -3.895770 -14.908470 -2.549296
v -3.899122 -14.761490 -2.595231
v -3.852198 -14.778460 -2.545129
v -3.843072 -14.887590 -2.591568
v -3.942611 -14.892500 -2.599804
v -3.889913 -14.871620 -2.642076
v -3.881885 -14.971760 -2.678062
v -3.895770 -14.908470 -2.549296
v -3.942611 -14.892500 -2.599804
v -3.934614 -14.992290 -2.635657
v -3.895770 -14.908470 -2.549296
v -3.887948 -15.006310 -2.584415
v -3.835218 -14.985780 -2.626820
v -3.843072 -14.887590 -2.591568
v -3.835218 -14.985780 -2.626820
v -3.881885 -14.971760 -2.678062
v -3.934614 -14.992290 -2.635657
v -3.881885 -14.971760 -2.678062
v -3.865570 -15.112980 -2.729735
v -3.887948 -15.006310 -2.584415
v -3.934614 -14.992290 -2.635657
v -3.918024 -15.135930 -2.688242
v -3.887948 -15.006310 -2.584415
v -3.871369 -15.149850 -2.636961
v -3.818916 -15.126890 -2.678454
v -3.835218 -14.985780 -2.626820
v -3.818916 -15.126890 -2.678454
v -3.865570 -15.112980 -2.729735
v -3.865570 -15.112980 -2.729735
v -3.833757 -15.333690 -2.820904
v -3.885947 -15.358530 -2.780171
v -3.918024 -15.135930 -2.688242
v -3.885947 -15.358530 -2.780171
v -3.839241 -15.372810 -2.729038
v -3.818916 -15.126890 -2.678454
v -3.871369 -15.149850 -2.636961
v -3.839241 -15.372810 -2.729038
v -3.865570 -15.112980 -2.729735
v -3.818916 -15.126890 -2.678454
v -3.787052 -15.347970 -2.769771
v -3.833757 -15.333690 -2.820904
v -3.791121 -15.604990 -2.935052
v -3.843237 -15.630300 -2.894513
v -3.885947 -15.358530 -2.780171
v -3.843237 -15.630300 -2.894513
v -3.796605 -15.644110 -2.843184
v -3.787052 -15.347970 -2.769771
v -3.839241 -15.372810 -2.729038
v -3.796605 -15.644110 -2.843184
v -3.833757 -15.333690 -2.820904
v -3.787052 -15.347970 -2.769771
v -3.744488 -15.618800 -2.883723
v -3.791121 -15.604990 -2.935052
v -3.742568 -15.896430 -3.054995
v -3.794713 -15.921560 -3.014386
v -3.843237 -15.630300 -2.894513
v -3.794713 -15.921560 -3.014386
v -3.748268 -15.934250 -2.962600
v -3.744488 -15.618800 -2.883723
v -3.796605 -15.644110 -2.843184
v -3.748268 -15.934250 -2.962600
v -3.791121 -15.604990 -2.935052
v -3.744488 -15.618800 -2.883723
v -3.696123 -15.909120 -3.003209
v -3.742568 -15.896430 -3.054995
v -3.692901 -16.178240 -3.163800
v -3.745199 -16.202520 -3.122865
v -3.794713 -15.921560 -3.014386
v -3.745199 -16.202520 -3.122865
v -3.699146 -16.212990 -3.070240
v -3.696123 -15.909120 -3.003209
v -3.748268 -15.934250 -2.962600
v -3.699146 -16.212990 -3.070240
v -3.742568 -15.896430 -3.054995
v -3.696123 -15.909120 -3.003209
v -3.646848 -16.188720 -3.111175
v -3.745199 -16.202520 -3.122865
v -3.692901 -16.178240 -3.163800
v -3.647246 -16.418890 -3.243872
v -3.699146 -16.212990 -3.070240
v -3.745199 -16.202520 -3.122865
v -3.699464 -16.443570 -3.203077
v -3.699146 -16.212990 -3.070240
v -3.653826 -16.451930 -3.149717
v -3.601608 -16.427250 -3.190511
v -3.646848 -16.188720 -3.111175
v -3.601608 -16.427250 -3.190511
v -3.647246 -16.418890 -3.243872
v -3.699464 -16.443570 -3.203077
v -3.647246 -16.418890 -3.243872
v -3.595922 -16.641630 -3.319529
v -3.653826 -16.451930 -3.149717
v -3.699464 -16.443570 -3.203077
v -3.647430 -16.669390 -3.279831
v -3.653826 -16.451930 -3.149717
v -3.601758 -16.677900 -3.226522
v -3.550251 -16.650130 -3.266219
v -3.601608 -16.427250 -3.190511
v -3.550251 -16.650130 -3.266219
v -3.595922 -16.641630 -3.319529
v -3.595922 -16.641630 -3.319529
v -3.530149 -16.883800 -3.418791
v -3.580854 -16.914570 -3.380296
v -3.647430 -16.669390 -3.279831
v -3.580854 -16.914570 -3.380296
v -3.534903 -16.924130 -3.327407
v -3.550251 -16.650130 -3.266219
v -3.601758 -16.677900 -3.226522
v -3.534903 -16.924130 -3.327407
v -3.595922 -16.641630 -3.319529
v -3.550251 -16.650130 -3.266219
v -3.484197 -16.893350 -3.365902
v -3.530149 -16.883800 -3.418791
v -3.456850 -17.132440 -3.529110
v -3.507182 -17.164490 -3.491176
v -3.580854 -16.914570 -3.380296
v -3.507182 -17.164490 -3.491176
v -3.461166 -17.174270 -3.438384
v -3.484197 -16.893350 -3.365902
v -3.534903 -16.924130 -3.327407
v -3.461166 -17.174270 -3.438384
v -3.530149 -16.883800 -3.418791
v -3.484197 -16.893350 -3.365902
v -3.410834 -17.142210 -3.476318
v -3.456850 -17.132440 -3.529110
v -3.383454 -17.372650 -3.637197
v -3.433806 -17.404640 -3.599232
v -3.507182 -17.164490 -3.491176
v -3.433806 -17.404640 -3.599232
v -3.387951 -17.413890 -3.546205
v -3.410834 -17.142210 -3.476318
v -3.461166 -17.174270 -3.438384
v -3.387951 -17.413890 -3.546205
v -3.456850 -17.132440 -3.529110
v -3.410834 -17.142210 -3.476318
v -3.337599 -17.381900 -3.584171
v -3.383454 -17.372650 -3.637197
v -3.317246 -17.590200 -3.729921
v -3.368156 -17.620330 -3.691186
v -3.433806 -17.404640 -3.599232
v -3.368156 -17.620330 -3.691186
v -3.322804 -17.627900 -3.637465
v -3.337599 -17.381900 -3.584171
v -3.387951 -17.413890 -3.546205
v -3.322804 -17.627900 -3.637465
v -3.383454 -17.372650 -3.637197
v -3.337599 -17.381900 -3.584171
v -3.271894 -17.597770 -3.676200
v -3.317246 -17.590200 -3.729921
v -3.265446 -17.771360 -3.794086
v -3.317671 -17.796800 -3.753770
v -3.368156 -17.620330 -3.691186
v -3.317671 -17.796800 -3.753770
v -3.273338 -17.800730 -3.698824
v -3.271894 -17.597770 -3.676200
v -3.322804 -17.627900 -3.637465
v -3.273338 -17.800730 -3.698824
v -3.317246 -17.590200 -3.729921
v -3.271894 -17.597770 -3.676200
v -3.221113 -17.775290 -3.739140
v -3.932048 -11.872240 -4.342130
v -3.932048 -11.027900 -4.691869
v -3.747797 -11.781330 -5.985942
v -2.722721 -11.872240 -4.342130
v -3.932048 -11.872240 -4.342130
v -3.747797 -12.301120 -5.770638
v -3.747797 -11.781330 -5.985942
v -3.932048 -11.027900 -4.691869
v -2.722721 -11.027900 -4.691869
v -3.431210 -12.461450 -7.627880
v -3.747797 -11.781330 -5.985942
v -2.722721 -11.738350 -5.948054
v -2.722721 -12.258140 -5.732750
v -3.747797 -12.301120 -5.770638
v -3.431210 -12.981240 -7.412576
v -3.747797 -12.301120 -5.770638
v -3.747797 -11.781330 -5.985942
v -3.431210 -12.461450 -7.627880
v -3.747797 -15.629760 -2.174153
v -3.932048 -14.297940 -1.419138
v -3.932048 -13.948200 -2.263481
v -2.722721 -14.297940 -1.419138
v -3.932048 -14.297940 -1.419138
v -3.747797 -15.629760 -2.174153
v -3.747797 -15.414450 -2.693943
v -3.932048 -13.948200 -2.263481
v -2.722721 -13.948200 -2.263481
v -3.431210 -17.174060 -3.422798
v -3.747797 -15.414450 -2.693943
v -2.722721 -15.414450 -2.693943
v -2.722721 -15.629760 -2.174153
v -3.747797 -15.629760 -2.174153
v -3.431210 -17.389360 -2.903007
v -3.431210 -17.389360 -2.903007
v -3.747797 -15.629760 -2.174153
v -3.747797 -15.414450 -2.693943
v -3.150907 -13.287150 -8.217000
v -3.431210 -12.981240 -7.412576
v -3.431210 -12.461450 -7.627880
v -2.722721 -12.938250 -7.374688
v -3.431210 -12.981240 -7.412576
v -3.150907 -13.287150 -8.217000
v -3.150907 -12.767360 -8.432304
v -3.431210 -12.461450 -7.627880
v -2.722721 -12.418460 -7.589992
v -3.150907 -18.066720 -3.183575
v -3.431210 -17.389360 -2.903007
v -3.431210 -17.174060 -3.422798
v -2.722721 -17.389370 -2.903007
v -3.431210 -17.389360 -2.903007
v -3.150907 -18.066720 -3.183575
v -3.150907 -17.851410 -3.703365
v -3.431210 -17.174060 -3.422798
v -2.722721 -17.174060 -3.422798
v -3.866708 -14.402820 -4.463724
v -3.934789 -14.574600 -4.275897
v -3.987506 -14.085320 -3.847522
v -3.702483 -14.323390 -4.534234
v -3.866708 -14.402820 -4.463724
v -3.919426 -13.913540 -4.035348
v -3.702675 -14.797560 -3.992667
v -3.755393 -14.308280 -3.564292
v -3.919562 -14.248830 -3.652403
v -3.866844 -14.738110 -4.080779
v -3.919562 -14.248830 -3.652403
v -3.987506 -14.085320 -3.847522
v -3.934789 -14.574600 -4.275897
v -3.910576 -14.609090 -4.306084
v -3.845970 -14.764570 -4.120548
v -3.910576 -14.609090 -4.306084
v -3.859823 -14.620900 -4.316405
v -3.803270 -14.756990 -4.154002
v -3.866844 -14.738110 -4.080779
v -3.845970 -14.764570 -4.120548
v -3.698820 -14.817860 -4.041571
v -3.845970 -14.764570 -4.120548
v -3.803270 -14.756990 -4.154002
v -3.697210 -14.795400 -4.097078
v -3.698640 -14.374550 -4.547886
v -3.845840 -14.445740 -4.484687
v -3.866708 -14.402820 -4.463724
v -3.697061 -14.426600 -4.518290
v -3.803157 -14.477920 -4.472738
v -3.845840 -14.445740 -4.484687
v -3.845840 -14.445740 -4.484687
v -3.910576 -14.609090 -4.306084
v -3.934789 -14.574600 -4.275897
v -3.803157 -14.477920 -4.472738
v -3.859823 -14.620900 -4.316405
v -3.910576 -14.609090 -4.306084
v -3.803270 -14.756990 -4.154002
v -3.859823 -14.620900 -4.316405
v -3.697210 -14.795400 -4.097078
v -3.859823 -14.620900 -4.316405
v -3.803157 -14.477920 -4.472738
v -3.697061 -14.426600 -4.518290
v -3.938566 -5.606429 -1.802705
v -4.098287 -5.606429 -1.802705
v -4.098287 -5.491142 -1.917991
v -3.938566 -5.606429 -1.639665
v -4.098287 -5.606429 -1.639665
v -4.098287 -5.606429 -1.802705
v -3.938566 -5.491142 -1.524377
v -4.098287 -5.491142 -1.524377
v -4.098287 -5.606429 -1.639665
v -3.938566 -5.328102 -1.524378
v -4.098287 -5.328102 -1.524378
v -4.098287 -5.491142 -1.524377
v -3.938566 -5.212815 -1.639665
v -4.098287 -5.212815 -1.639665
v -4.098287 -5.328102 -1.524378
v -3.938566 -5.212815 -1.802705
v -4.098287 -5.212815 -1.802705
v -4.098287 -5.212815 -1.639665
v -4.098287 -5.491142 -1.917991
v -4.098287 -5.606429 -1.802705
v -4.098287 -5.606429 -1.639665
v -4.098287 -5.606429 -1.639665
v -4.098287 -5.491142 -1.524377
v -4.098287 -5.328102 -1.524378
v -4.098287 -5.328102 -1.524378
v -4.098287 -5.212815 -1.639665
v -4.098287 -5.212815 -1.802705
v -4.098287 -5.212815 -1.802705
v -4.098286 -5.328102 -1.917992
v -4.098287 -5.491142 -1.917991
v -4.098287 -5.491142 -1.917991
v -4.098287 -5.606429 -1.639665
v -4.098287 -5.328102 -1.524378
v -3.938566 -5.212815 -1.802705
v -3.938566 -5.328102 -1.917992
v -4.098286 -5.328102 -1.917992
v -3.938566 -5.491142 -1.917991
v -4.098287 -5.491142 -1.917991
v -4.098286 -5.328102 -1.917992
v -3.722721 0.416599 -0.001677
v -2.722721 0.416599 -0.001677
v -2.722721 0.224450 -1.952581
v -3.722721 -11.534300 9.806185
v -2.722721 -11.534300 9.806185
v -2.722721 -9.583397 9.998332
v -3.722720 -19.391250 -1.952571
v -3.722720 -18.822200 -3.828501
v -2.722721 -18.822200 -3.828501
v -3.722721 0.224454 1.949227
v -2.722721 0.224454 1.949227
v -2.722721 0.416599 -0.001677
v -3.722721 -13.410230 9.237129
v -2.722721 -13.410230 9.237129
v -2.722721 -11.534300 9.806185
v -3.722720 -18.822200 -3.828501
v -3.722720 -17.898100 -5.557368
v -2.722721 -17.898100 -5.557368
v -3.722721 -0.344602 3.825160
v -2.722721 -0.344602 3.825160
v -2.722721 0.224454 1.949227
v -3.722720 -15.139100 8.313029
v -2.722721 -15.139100 8.313029
v -2.722721 -13.410230 9.237129
v -3.722720 -19.583400 -0.001668
v -3.722720 -19.391250 -1.952571
v -2.722721 -19.391260 -1.952571
v -3.722720 -19.583400 -0.001668
v -2.722721 -19.583400 -0.001668
v -2.722721 -19.391260 1.949234
v -3.722721 -9.583396 9.998332
v -2.722721 -9.583397 9.998332
v -2.722721 -7.632493 9.806184
v -3.722721 -7.632493 9.806184
v -2.722721 -7.632493 9.806184
v -2.722721 -5.756562 9.237126
v -3.722720 -9.583400 -10.001670
v -3.722720 -7.632512 -9.809523
v -2.722721 -7.632512 -9.809523
v -3.722720 -11.534300 -9.809519
v -3.722720 -9.583400 -10.001670
v -2.722721 -9.583401 -10.001670
v -3.722721 0.224450 -1.952581
v -2.722721 0.224450 -1.952581
v -2.722721 -0.344610 -3.828511
v -3.722721 -0.344610 -3.828511
v -2.722721 -0.344610 -3.828511
v -2.722721 -1.268711 -5.557379
v -3.722720 -19.391250 1.949234
v -2.722721 -19.391260 1.949234
v -2.722721 -18.822200 3.825165
v -3.722721 -5.756562 9.237126
v -2.722721 -5.756562 9.237126
v -2.722721 -4.027694 8.313026
v -3.722721 -2.512342 -7.072743
v -3.722721 -1.268711 -5.557379
v -2.722721 -1.268711 -5.557379
v -3.722720 -13.410230 -9.240462
v -3.722720 -11.534300 -9.809519
v -2.722721 -11.534300 -9.809519
v -3.722720 -18.822200 3.825165
v -2.722721 -18.822200 3.825165
v -2.722721 -17.898100 5.554034
v -3.722721 -4.027693 8.313026
v -2.722721 -4.027694 8.313026
v -2.722721 -2.512328 7.069396
v -3.722721 -4.027709 -8.316370
v -3.722721 -2.512342 -7.072743
v -2.722721 -2.512342 -7.072743
v -3.722720 -15.139100 -8.316363
v -3.722720 -13.410230 -9.240462
v -2.722721 -13.410230 -9.240462
v -3.722720 -16.654470 7.069400
v -2.722721 -16.654470 7.069400
v -2.722721 -15.139100 8.313029
v -3.722720 -17.898100 5.554034
v -2.722721 -17.898100 5.554034
v -2.722721 -16.654470 7.069400
v -3.722721 -1.268700 5.554028
v -2.722721 -1.268700 5.554028
v -2.722721 -0.344602 3.825160
v -3.722721 -2.512328 7.069396
v -2.722721 -2.512328 7.069396
v -2.722721 -1.268700 5.554028
v -3.722720 -7.632512 -9.809523
v -3.722721 -5.756579 -9.240468
v -2.722721 -5.756579 -9.240468
v -3.722721 -4.027709 -8.316370
v -2.722721 -4.027709 -8.316370
v -2.722721 -5.756579 -9.240468
v -3.722720 -17.898100 -5.557368
v -3.722720 -16.654470 -7.072734
v -2.722721 -16.654470 -7.072734
v -3.722720 -16.654470 -7.072734
v -3.722720 -15.139100 -8.316363
v -2.722721 -15.139100 -8.316363
vt 0.230474 0.220267
vt 0.233850 0.209874
vt 0.230474 0.209874
vt 0.173541 0.404517
vt 0.151623 0.406941
vt 0.156523 0.416126
vt 0.187962 0.389732
vt 0.166898 0.396466
vt 0.173541 0.404517
vt 0.199245 0.372360
vt 0.179836 0.383126
vt 0.187962 0.389732
vt 0.207058 0.353094
vt 0.189953 0.367424
vt 0.199245 0.372360
vt 0.211070 0.332633
vt 0.196970 0.349999
vt 0.207058 0.353094
vt 0.211070 0.311752
vt 0.200560 0.331519
vt 0.211070 0.332633
vt 0.207068 0.291257
vt 0.200531 0.312675
vt 0.211070 0.311752
vt 0.199174 0.271937
vt 0.196912 0.294188
vt 0.207068 0.291257
vt 0.187681 0.254555
vt 0.189792 0.276778
vt 0.199174 0.271937
vt 0.173056 0.239792
vt 0.179440 0.261116
vt 0.187681 0.254555
vt 0.155918 0.228200
vt 0.166269 0.247802
vt 0.173056 0.239792
vt 0.136950 0.220210
vt 0.150840 0.237329
vt 0.155918 0.228200
vt 0.116912 0.216088
vt 0.133763 0.230097
vt 0.136950 0.220210
vt 0.096471 0.216037
vt 0.115751 0.226369
vt 0.116912 0.216088
vt 0.582886 0.546969
vt 0.604448 0.540475
vt 0.597656 0.532199
vt 0.571282 0.564336
vt 0.591162 0.553761
vt 0.582886 0.546969
vt 0.571282 0.564336
vt 0.573534 0.586741
vt 0.580724 0.569383
vt 0.559214 0.604119
vt 0.573534 0.586741
vt 0.563289 0.583633
vt 0.559214 0.625006
vt 0.569869 0.605168
vt 0.559214 0.604119
vt 0.559214 0.625006
vt 0.573534 0.642384
vt 0.569869 0.623957
vt 0.571282 0.664790
vt 0.573534 0.642384
vt 0.563289 0.645492
vt 0.571282 0.664790
vt 0.591163 0.675365
vt 0.580724 0.659743
vt 0.597656 0.696926
vt 0.591163 0.675365
vt 0.582886 0.682157
vt 0.615023 0.708530
vt 0.604448 0.688650
vt 0.597656 0.696926
vt 0.634320 0.716524
vt 0.620070 0.699088
vt 0.615023 0.708530
vt 0.654806 0.720598
vt 0.637428 0.706278
vt 0.634320 0.716524
vt 0.675693 0.720598
vt 0.655855 0.709944
vt 0.654806 0.720598
vt 0.696179 0.716524
vt 0.674644 0.709944
vt 0.675693 0.720598
vt 0.715476 0.708530
vt 0.693071 0.706278
vt 0.696179 0.716524
vt 0.715476 0.708530
vt 0.726051 0.688650
vt 0.710429 0.699088
vt 0.747613 0.682157
vt 0.726051 0.688650
vt 0.732843 0.696926
vt 0.747613 0.682157
vt 0.749775 0.659743
vt 0.739336 0.675365
vt 0.759217 0.664790
vt 0.756965 0.642384
vt 0.749775 0.659743
vt 0.767210 0.645492
vt 0.760630 0.623957
vt 0.756965 0.642384
vt 0.771285 0.625007
vt 0.760630 0.605169
vt 0.760630 0.623957
vt 0.767210 0.583633
vt 0.760630 0.605169
vt 0.771285 0.604119
vt 0.759217 0.564336
vt 0.756965 0.586741
vt 0.767210 0.583633
vt 0.747613 0.546969
vt 0.749775 0.569383
vt 0.759217 0.564336
vt 0.747613 0.546969
vt 0.726051 0.540476
vt 0.739336 0.553761
vt 0.732843 0.532199
vt 0.710429 0.530037
vt 0.726051 0.540476
vt 0.696179 0.512602
vt 0.710429 0.530037
vt 0.715476 0.520595
vt 0.675693 0.508527
vt 0.693071 0.522847
vt 0.696179 0.512602
vt 0.675693 0.508527
vt 0.655855 0.519182
vt 0.674644 0.519182
vt 0.654806 0.508527
vt 0.637428 0.522847
vt 0.655855 0.519182
vt 0.634320 0.512602
vt 0.620070 0.530037
vt 0.637428 0.522847
vt 0.597656 0.532199
vt 0.620070 0.530037
vt 0.615023 0.520595
vt 0.156523 0.416126
vt 0.134616 0.414146
vt 0.137580 0.424101
vt 0.137580 0.424101
vt 0.116553 0.417802
vt 0.117467 0.428129
vt 0.117467 0.428129
vt 0.098158 0.417771
vt 0.096989 0.428056
vt 0.096989 0.428056
vt 0.080165 0.414058
vt 0.076962 0.423893
vt 0.004080 0.332271
vt 0.014502 0.312495
vt 0.004007 0.311481
vt 0.076962 0.423893
vt 0.063287 0.406810
vt 0.058180 0.415813
vt 0.007991 0.352697
vt 0.014590 0.331350
vt 0.004080 0.332271
vt 0.058180 0.415813
vt 0.048173 0.396291
vt 0.041359 0.404157
vt 0.004007 0.311481
vt 0.017805 0.294015
vt 0.007728 0.291070
vt 0.041359 0.404157
vt 0.035220 0.382937
vt 0.026972 0.389378
vt 0.007728 0.291070
vt 0.024536 0.276625
vt 0.015257 0.271808
vt 0.026972 0.389378
vt 0.025072 0.367257
vt 0.015695 0.371990
vt 0.015257 0.271808
vt 0.034482 0.260974
vt 0.026365 0.254447
vt 0.015695 0.371990
vt 0.018130 0.349838
vt 0.007991 0.352697
vt 0.026365 0.254447
vt 0.047294 0.247659
vt 0.040655 0.239669
vt 0.040655 0.239669
vt 0.062466 0.237197
vt 0.057566 0.228061
vt 0.057566 0.228061
vt 0.079390 0.229995
vt 0.076423 0.220080
vt 0.076423 0.220080
vt 0.097390 0.226338
vt 0.096471 0.216037
vt 0.908151 0.203908
vt 0.902879 0.186250
vt 0.897127 0.194867
vt 0.920484 0.180811
vt 0.902879 0.186250
vt 0.915455 0.192967
vt 0.920484 0.180811
vt 0.908856 0.166514
vt 0.906839 0.176676
vt 0.923040 0.154752
vt 0.908856 0.166514
vt 0.923045 0.167907
vt 0.923040 0.154752
vt 0.906826 0.145992
vt 0.908851 0.156153
vt 0.915429 0.129698
vt 0.906826 0.145992
vt 0.920468 0.141850
vt 0.908116 0.118763
vt 0.902857 0.136422
vt 0.915429 0.129698
vt 0.898811 0.109464
vt 0.897098 0.127810
vt 0.908116 0.118763
vt 0.898811 0.109464
vt 0.881153 0.114735
vt 0.889769 0.120488
vt 0.875714 0.097131
vt 0.881153 0.114735
vt 0.887870 0.102160
vt 0.862811 0.094570
vt 0.871579 0.110775
vt 0.875714 0.097131
vt 0.862811 0.094570
vt 0.851057 0.108763
vt 0.861417 0.108758
vt 0.836754 0.097147
vt 0.851057 0.108763
vt 0.849655 0.094575
vt 0.824602 0.102186
vt 0.840896 0.110789
vt 0.836754 0.097147
vt 0.824602 0.102186
vt 0.822714 0.120518
vt 0.831326 0.114758
vt 0.813666 0.109499
vt 0.815392 0.127847
vt 0.822714 0.120518
vt 0.797063 0.129747
vt 0.815392 0.127847
vt 0.804368 0.118806
vt 0.792034 0.141903
vt 0.809639 0.136464
vt 0.797063 0.129747
vt 0.792034 0.141903
vt 0.803662 0.156200
vt 0.805678 0.146038
vt 0.789473 0.154807
vt 0.803666 0.166561
vt 0.803662 0.156200
vt 0.789478 0.167963
vt 0.805692 0.176722
vt 0.803666 0.166561
vt 0.792050 0.180864
vt 0.809661 0.186292
vt 0.805692 0.176722
vt 0.804402 0.203952
vt 0.809661 0.186292
vt 0.797089 0.193017
vt 0.813708 0.213250
vt 0.815421 0.194904
vt 0.804402 0.203952
vt 0.813708 0.213250
vt 0.831367 0.207979
vt 0.822750 0.202227
vt 0.824650 0.220555
vt 0.840940 0.211939
vt 0.831367 0.207979
vt 0.849710 0.228145
vt 0.840940 0.211939
vt 0.836806 0.225584
vt 0.862865 0.228139
vt 0.851103 0.213956
vt 0.849710 0.228145
vt 0.862865 0.228139
vt 0.871623 0.211926
vt 0.861463 0.213951
vt 0.875766 0.225567
vt 0.881193 0.207956
vt 0.871623 0.211926
vt 0.887918 0.220528
vt 0.889805 0.202197
vt 0.881193 0.207956
vt 0.908151 0.203908
vt 0.889805 0.202197
vt 0.898853 0.213214
vt 0.655108 0.175999
vt 0.662816 0.169280
vt 0.658795 0.167097
vt 0.230474 0.365770
vt 0.233850 0.355377
vt 0.230474 0.355377
vt 0.230474 0.230660
vt 0.233850 0.220267
vt 0.230474 0.220267
vt 0.230474 0.376163
vt 0.233850 0.365770
vt 0.230474 0.365770
vt 0.230474 0.241053
vt 0.233850 0.230660
vt 0.230474 0.230660
vt 0.230474 0.386556
vt 0.233850 0.376163
vt 0.230474 0.376163
vt 0.230474 0.251446
vt 0.233850 0.241053
vt 0.230474 0.241053
vt 0.230474 0.396949
vt 0.233850 0.386556
vt 0.230474 0.386556
vt 0.230474 0.261839
vt 0.233850 0.251446
vt 0.230474 0.251446
vt 0.230474 0.137122
vt 0.233850 0.126729
vt 0.230474 0.126729
vt 0.230474 0.407342
vt 0.233850 0.396949
vt 0.230474 0.396949
vt 0.230474 0.272232
vt 0.233850 0.261839
vt 0.230474 0.261839
vt 0.230474 0.126729
vt 0.233850 0.116336
vt 0.230474 0.116336
vt 0.230474 0.417735
vt 0.233850 0.407342
vt 0.230474 0.407342
vt 0.230474 0.282625
vt 0.233850 0.272232
vt 0.230474 0.272232
vt 0.230474 0.147515
vt 0.233850 0.137122
vt 0.230474 0.137122
vt 0.230474 0.428129
vt 0.233850 0.417735
vt 0.230474 0.417735
vt 0.230474 0.293018
vt 0.233850 0.282625
vt 0.230474 0.282625
vt 0.230474 0.157908
vt 0.233850 0.147515
vt 0.230474 0.147515
vt 0.230474 0.105943
vt 0.233850 0.095550
vt 0.230474 0.095550
vt 0.230474 0.293018
vt 0.233850 0.303411
vt 0.233850 0.293018
vt 0.230474 0.168302
vt 0.233850 0.157908
vt 0.230474 0.157908
vt 0.230474 0.116336
vt 0.233850 0.105943
vt 0.230474 0.105943
vt 0.230474 0.313805
vt 0.233850 0.303411
vt 0.230474 0.303411
vt 0.230474 0.178695
vt 0.233850 0.168302
vt 0.230474 0.168302
vt 0.230474 0.324198
vt 0.233850 0.313805
vt 0.230474 0.313805
vt 0.230474 0.189088
vt 0.233850 0.178695
vt 0.230474 0.178695
vt 0.230474 0.334591
vt 0.233850 0.324198
vt 0.230474 0.324198
vt 0.230474 0.199481
vt 0.233850 0.189088
vt 0.230474 0.189088
vt 0.230474 0.344984
vt 0.233850 0.334591
vt 0.230474 0.334591
vt 0.230474 0.209874
vt 0.233850 0.199481
vt 0.230474 0.199481
vt 0.230474 0.355377
vt 0.233850 0.344984
vt 0.230474 0.344984
vt 0.931299 0.222939
vt 0.908012 0.224384
vt 0.917843 0.236395
vt 0.919313 0.213077
vt 0.898853 0.213214
vt 0.908012 0.224384
vt 0.917843 0.236395
vt 0.894722 0.233270
vt 0.902021 0.246968
vt 0.908012 0.224384
vt 0.887918 0.220528
vt 0.894722 0.233270
vt 0.902021 0.246968
vt 0.879954 0.239392
vt 0.884440 0.254251
vt 0.879954 0.239392
vt 0.887918 0.220528
vt 0.875766 0.225567
vt 0.865776 0.257964
vt 0.879954 0.239392
vt 0.864275 0.242516
vt 0.879954 0.239392
vt 0.862865 0.228139
vt 0.864275 0.242516
vt 0.865776 0.257964
vt 0.848287 0.242520
vt 0.846746 0.257965
vt 0.864275 0.242516
vt 0.849710 0.228145
vt 0.848287 0.242520
vt 0.846746 0.257965
vt 0.832607 0.239406
vt 0.828082 0.254253
vt 0.848287 0.242520
vt 0.836806 0.225584
vt 0.832607 0.239406
vt 0.810500 0.246970
vt 0.832607 0.239406
vt 0.817835 0.233291
vt 0.817835 0.233291
vt 0.836806 0.225584
vt 0.824650 0.220555
vt 0.794677 0.236398
vt 0.817835 0.233291
vt 0.804539 0.224413
vt 0.817835 0.233291
vt 0.813708 0.213250
vt 0.804539 0.224413
vt 0.794677 0.236398
vt 0.793232 0.213111
vt 0.781220 0.222942
vt 0.804539 0.224413
vt 0.804402 0.203952
vt 0.793232 0.213111
vt 0.770648 0.207119
vt 0.793232 0.213111
vt 0.784346 0.199820
vt 0.784346 0.199820
vt 0.804402 0.203952
vt 0.797089 0.193017
vt 0.770648 0.207119
vt 0.778224 0.185052
vt 0.763365 0.189538
vt 0.784346 0.199820
vt 0.792050 0.180864
vt 0.778224 0.185052
vt 0.759652 0.170873
vt 0.778224 0.185052
vt 0.775101 0.169372
vt 0.775101 0.169372
vt 0.792050 0.180864
vt 0.789478 0.167963
vt 0.759652 0.170873
vt 0.775097 0.153385
vt 0.759652 0.151843
vt 0.775101 0.169372
vt 0.789473 0.154807
vt 0.775097 0.153385
vt 0.763365 0.133178
vt 0.775097 0.153385
vt 0.778212 0.137704
vt 0.775097 0.153385
vt 0.792034 0.141903
vt 0.778212 0.137704
vt 0.770647 0.115597
vt 0.778212 0.137704
vt 0.784326 0.122932
vt 0.778212 0.137704
vt 0.797063 0.129747
vt 0.784326 0.122932
vt 0.770647 0.115597
vt 0.793205 0.109637
vt 0.781220 0.099774
vt 0.784326 0.122932
vt 0.804368 0.118806
vt 0.793205 0.109637
vt 0.794676 0.086317
vt 0.793205 0.109637
vt 0.804507 0.098329
vt 0.804507 0.098329
vt 0.804368 0.118806
vt 0.813666 0.109499
vt 0.794676 0.086317
vt 0.817798 0.089443
vt 0.810499 0.075745
vt 0.817798 0.089443
vt 0.813666 0.109499
vt 0.824602 0.102186
vt 0.810499 0.075745
vt 0.832567 0.083322
vt 0.828081 0.068462
vt 0.817798 0.089443
vt 0.836754 0.097147
vt 0.832567 0.083322
vt 0.846745 0.064750
vt 0.832567 0.083322
vt 0.848246 0.080199
vt 0.832567 0.083322
vt 0.849655 0.094575
vt 0.848246 0.080199
vt 0.865775 0.064750
vt 0.848246 0.080199
vt 0.864233 0.080195
vt 0.864233 0.080195
vt 0.849655 0.094575
vt 0.862811 0.094570
vt 0.865775 0.064750
vt 0.879913 0.083310
vt 0.884439 0.068463
vt 0.864233 0.080195
vt 0.875714 0.097131
vt 0.879913 0.083310
vt 0.884439 0.068463
vt 0.894685 0.089424
vt 0.902020 0.075745
vt 0.879913 0.083310
vt 0.887870 0.102160
vt 0.894685 0.089424
vt 0.917842 0.086318
vt 0.894685 0.089424
vt 0.907980 0.098302
vt 0.907980 0.098302
vt 0.887870 0.102160
vt 0.898811 0.109464
vt 0.931298 0.099774
vt 0.907980 0.098302
vt 0.919287 0.109604
vt 0.907980 0.098302
vt 0.908116 0.118763
vt 0.919287 0.109604
vt 0.931298 0.099774
vt 0.928172 0.122895
vt 0.941870 0.115596
vt 0.919287 0.109604
vt 0.915429 0.129698
vt 0.928172 0.122895
vt 0.949152 0.133178
vt 0.928172 0.122895
vt 0.934293 0.137663
vt 0.934293 0.137663
vt 0.915429 0.129698
vt 0.920468 0.141850
vt 0.952865 0.151842
vt 0.934293 0.137663
vt 0.937416 0.153342
vt 0.937416 0.153342
vt 0.920468 0.141850
vt 0.923040 0.154752
vt 0.952865 0.151842
vt 0.937420 0.169329
vt 0.952865 0.170871
vt 0.937416 0.153342
vt 0.923045 0.167907
vt 0.937420 0.169329
vt 0.949152 0.189535
vt 0.937420 0.169329
vt 0.934305 0.185010
vt 0.934305 0.185010
vt 0.923045 0.167907
vt 0.920484 0.180811
vt 0.941870 0.207116
vt 0.934305 0.185010
vt 0.928191 0.199781
vt 0.934305 0.185010
vt 0.915455 0.192967
vt 0.928191 0.199781
vt 0.941870 0.207116
vt 0.919313 0.213077
vt 0.931299 0.222939
vt 0.928191 0.199781
vt 0.908151 0.203908
vt 0.919313 0.213077
vt 0.807068 0.507544
vt 0.803521 0.519526
vt 0.810853 0.514626
vt 0.798427 0.513319
vt 0.797285 0.525761
vt 0.803521 0.519526
vt 0.791078 0.520668
vt 0.792385 0.533094
vt 0.797285 0.525761
vt 0.781326 0.538911
vt 0.792385 0.533094
vt 0.785304 0.529309
vt 0.781326 0.538911
vt 0.787290 0.549891
vt 0.789010 0.541242
vt 0.779299 0.559497
vt 0.787290 0.549891
vt 0.779299 0.549104
vt 0.779299 0.559497
vt 0.789010 0.567360
vt 0.787290 0.558710
vt 0.785304 0.579293
vt 0.789010 0.567360
vt 0.781326 0.569691
vt 0.785304 0.579293
vt 0.797285 0.582840
vt 0.792385 0.575508
vt 0.798427 0.595283
vt 0.797285 0.582840
vt 0.791078 0.587934
vt 0.807068 0.601057
vt 0.803521 0.589076
vt 0.798427 0.595283
vt 0.807068 0.601057
vt 0.819001 0.597351
vt 0.810853 0.593976
vt 0.826863 0.607062
vt 0.819001 0.597351
vt 0.816670 0.605035
vt 0.826863 0.607062
vt 0.836469 0.599071
vt 0.827650 0.599071
vt 0.847450 0.605035
vt 0.836469 0.599071
vt 0.837256 0.607062
vt 0.857052 0.601057
vt 0.845119 0.597351
vt 0.847450 0.605035
vt 0.865693 0.595283
vt 0.853267 0.593976
vt 0.857052 0.601057
vt 0.873042 0.587934
vt 0.860599 0.589076
vt 0.865693 0.595283
vt 0.873042 0.587934
vt 0.871735 0.575508
vt 0.866835 0.582840
vt 0.878816 0.579293
vt 0.875110 0.567360
vt 0.871735 0.575508
vt 0.884821 0.559497
vt 0.875110 0.567360
vt 0.882794 0.569691
vt 0.884821 0.559497
vt 0.876830 0.549891
vt 0.876830 0.558710
vt 0.882794 0.538911
vt 0.876830 0.549891
vt 0.884821 0.549104
vt 0.878816 0.529309
vt 0.875110 0.541242
vt 0.882794 0.538911
vt 0.878816 0.529309
vt 0.866835 0.525762
vt 0.871735 0.533094
vt 0.873042 0.520668
vt 0.860599 0.519526
vt 0.866835 0.525762
vt 0.857052 0.507544
vt 0.860599 0.519526
vt 0.865693 0.513319
vt 0.857052 0.507544
vt 0.845119 0.511251
vt 0.853267 0.514626
vt 0.837257 0.501540
vt 0.845119 0.511251
vt 0.847450 0.503567
vt 0.837257 0.501540
vt 0.827651 0.509531
vt 0.836469 0.509531
vt 0.826863 0.501540
vt 0.819001 0.511251
vt 0.827651 0.509531
vt 0.816670 0.503567
vt 0.810853 0.514626
vt 0.819001 0.511251
vt 0.749192 0.175955
vt 0.746515 0.185825
vt 0.751072 0.185406
vt 0.653229 0.185448
vt 0.659477 0.177356
vt 0.655108 0.175999
vt 0.745504 0.167052
vt 0.744804 0.177255
vt 0.749192 0.175955
vt 0.653229 0.195080
vt 0.657778 0.185926
vt 0.653229 0.185448
vt 0.740149 0.159040
vt 0.741454 0.169183
vt 0.745504 0.167052
vt 0.655107 0.204526
vt 0.657783 0.194661
vt 0.653229 0.195080
vt 0.733333 0.152226
vt 0.736593 0.161920
vt 0.740149 0.159040
vt 0.658791 0.213422
vt 0.659492 0.203227
vt 0.655107 0.204526
vt 0.725316 0.146874
vt 0.730407 0.155746
vt 0.733333 0.152226
vt 0.664137 0.221425
vt 0.662837 0.211295
vt 0.658791 0.213422
vt 0.716409 0.143191
vt 0.723135 0.150897
vt 0.725316 0.146874
vt 0.725348 0.233568
vt 0.715184 0.232889
vt 0.716482 0.237244
vt 0.670934 0.228221
vt 0.667687 0.218553
vt 0.664137 0.221425
vt 0.706956 0.141318
vt 0.715055 0.147562
vt 0.716409 0.143191
vt 0.716482 0.237244
vt 0.706694 0.234628
vt 0.707116 0.239108
vt 0.678873 0.233556
vt 0.673854 0.224726
vt 0.670934 0.228221
vt 0.697318 0.141326
vt 0.706481 0.145869
vt 0.706956 0.141318
vt 0.733346 0.228221
vt 0.723220 0.229532
vt 0.725348 0.233568
vt 0.687565 0.237437
vt 0.681108 0.229585
vt 0.678873 0.233556
vt 0.687869 0.143215
vt 0.697741 0.145883
vt 0.697318 0.141326
vt 0.740154 0.221409
vt 0.730468 0.224670
vt 0.733346 0.228221
vt 0.697676 0.239094
vt 0.689428 0.233055
vt 0.688643 0.237495
vt 0.678969 0.146911
vt 0.689172 0.147601
vt 0.687869 0.143215
vt 0.745505 0.213398
vt 0.736637 0.218486
vt 0.740154 0.221409
vt 0.707116 0.239108
vt 0.698082 0.234725
vt 0.697676 0.239094
vt 0.678969 0.146911
vt 0.673842 0.155825
vt 0.681103 0.150958
vt 0.749192 0.204495
vt 0.741484 0.211215
vt 0.745505 0.213398
vt 0.664148 0.159085
vt 0.673842 0.155825
vt 0.670960 0.152270
vt 0.751072 0.195043
vt 0.744822 0.203138
vt 0.749192 0.204495
vt 0.658795 0.167097
vt 0.667667 0.162010
vt 0.664148 0.159085
vt 0.751072 0.185406
vt 0.746521 0.194565
vt 0.751072 0.195043
vt 0.715184 0.232889
vt 0.722858 0.228860
vt 0.714960 0.232162
vt 0.723220 0.229532
vt 0.729981 0.224080
vt 0.722858 0.228860
vt 0.736637 0.218486
vt 0.729981 0.224080
vt 0.730468 0.224670
vt 0.741484 0.211215
vt 0.736044 0.218001
vt 0.736637 0.218486
vt 0.741484 0.211215
vt 0.744089 0.202916
vt 0.740809 0.210855
vt 0.746521 0.194565
vt 0.744089 0.202916
vt 0.744822 0.203138
vt 0.746515 0.185825
vt 0.745759 0.194490
vt 0.746521 0.194565
vt 0.744804 0.177255
vt 0.745753 0.185900
vt 0.746515 0.185825
vt 0.744804 0.177255
vt 0.740779 0.169544
vt 0.744072 0.177477
vt 0.736593 0.161920
vt 0.740779 0.169544
vt 0.741454 0.169183
vt 0.730407 0.155746
vt 0.736002 0.162406
vt 0.736593 0.161920
vt 0.723135 0.150897
vt 0.729922 0.156338
vt 0.730407 0.155746
vt 0.715055 0.147562
vt 0.722774 0.151573
vt 0.723135 0.150897
vt 0.706481 0.145869
vt 0.714834 0.148295
vt 0.715055 0.147562
vt 0.706481 0.145869
vt 0.697817 0.146644
vt 0.706407 0.146631
vt 0.689172 0.147601
vt 0.697817 0.146644
vt 0.697741 0.145883
vt 0.689172 0.147601
vt 0.681465 0.151633
vt 0.689396 0.148333
vt 0.673842 0.155825
vt 0.681465 0.151633
vt 0.681103 0.150958
vt 0.667667 0.162010
vt 0.674328 0.156416
vt 0.673842 0.155825
vt 0.667667 0.162010
vt 0.663491 0.169641
vt 0.668259 0.162496
vt 0.659477 0.177356
vt 0.663491 0.169641
vt 0.662816 0.169280
vt 0.657778 0.185926
vt 0.660209 0.177578
vt 0.659477 0.177356
vt 0.657778 0.185926
vt 0.658545 0.194586
vt 0.658540 0.186000
vt 0.657783 0.194661
vt 0.660224 0.203005
vt 0.658545 0.194586
vt 0.662837 0.211295
vt 0.660224 0.203005
vt 0.659492 0.203227
vt 0.662837 0.211295
vt 0.668278 0.218068
vt 0.663511 0.210934
vt 0.667687 0.218553
vt 0.674339 0.224135
vt 0.668278 0.218068
vt 0.681108 0.229585
vt 0.674339 0.224135
vt 0.673854 0.224726
vt 0.689428 0.233055
vt 0.681471 0.228914
vt 0.681108 0.229585
vt 0.698082 0.234725
vt 0.689655 0.232300
vt 0.689428 0.233055
vt 0.706694 0.234628
vt 0.698150 0.233967
vt 0.698082 0.234725
vt 0.715184 0.232889
vt 0.706613 0.233876
vt 0.706694 0.234628
vt 0.986888 0.383863
vt 0.985186 0.382126
vt 0.985186 0.383863
vt 0.986888 0.382126
vt 0.985186 0.380389
vt 0.985186 0.382126
vt 0.985186 0.380389
vt 0.986888 0.378652
vt 0.985186 0.378652
vt 0.986888 0.392549
vt 0.985186 0.390812
vt 0.985186 0.392549
vt 0.985186 0.390812
vt 0.986888 0.389075
vt 0.985186 0.389075
vt 0.986888 0.389075
vt 0.985186 0.387338
vt 0.985186 0.389075
vt 0.995834 0.558588
vt 0.995834 0.556851
vt 0.991640 0.558588
vt 0.986888 0.387338
vt 0.985186 0.385601
vt 0.985186 0.387338
vt 0.986888 0.385601
vt 0.985186 0.383863
vt 0.985186 0.385601
vt 0.983272 0.914665
vt 0.981570 0.912928
vt 0.981570 0.914665
vt 0.983272 0.912928
vt 0.981570 0.911191
vt 0.981570 0.912928
vt 0.983272 0.911191
vt 0.981570 0.909454
vt 0.981570 0.911191
vt 0.981570 0.909454
vt 0.983272 0.907717
vt 0.981570 0.907717
vt 0.983272 0.907717
vt 0.981570 0.905979
vt 0.981570 0.907717
vt 0.983272 0.905979
vt 0.981570 0.904242
vt 0.981570 0.905979
vt 0.994606 0.572024
vt 0.995834 0.569058
vt 0.992868 0.567830
vt 0.983272 0.904242
vt 0.981570 0.902505
vt 0.981570 0.904242
vt 0.983272 0.916402
vt 0.981570 0.914665
vt 0.981570 0.916402
vt 0.984751 0.983833
vt 0.983049 0.982096
vt 0.983049 0.983833
vt 0.984751 0.995993
vt 0.983049 0.994256
vt 0.983049 0.995993
vt 0.984751 0.994256
vt 0.983049 0.992519
vt 0.983049 0.994256
vt 0.983049 0.992519
vt 0.984751 0.990782
vt 0.983049 0.990782
vt 0.984751 0.990782
vt 0.983049 0.989045
vt 0.983049 0.990782
vt 0.984751 0.989045
vt 0.983049 0.987307
vt 0.983049 0.989045
vt 0.674377 0.005515
vt 0.671411 0.004287
vt 0.670183 0.007252
vt 0.984751 0.987307
vt 0.983049 0.985570
vt 0.983049 0.987307
vt 0.984751 0.985570
vt 0.983049 0.983833
vt 0.983049 0.985570
vt 0.982482 0.784267
vt 0.984183 0.786004
vt 0.984183 0.784267
vt 0.982482 0.786004
vt 0.984183 0.787741
vt 0.984183 0.786004
vt 0.984183 0.787741
vt 0.982482 0.789478
vt 0.984183 0.789478
vt 0.982482 0.789478
vt 0.984183 0.791216
vt 0.984183 0.789478
vt 0.984183 0.791216
vt 0.982482 0.792953
vt 0.984183 0.792953
vt 0.984183 0.779056
vt 0.982482 0.780793
vt 0.984183 0.780793
vt 0.992849 0.240319
vt 0.991620 0.243285
vt 0.994586 0.244513
vt 0.982482 0.780793
vt 0.984183 0.782530
vt 0.984183 0.780793
vt 0.982482 0.782530
vt 0.984183 0.784267
vt 0.984183 0.782530
vt 0.982752 0.837749
vt 0.984454 0.839486
vt 0.984454 0.837749
vt 0.982752 0.839486
vt 0.984454 0.841223
vt 0.984454 0.839486
vt 0.982752 0.841223
vt 0.984454 0.842960
vt 0.984454 0.841223
vt 0.982752 0.842960
vt 0.984454 0.844697
vt 0.984454 0.842960
vt 0.982752 0.830800
vt 0.984454 0.832537
vt 0.984454 0.830800
vt 0.982752 0.832537
vt 0.984454 0.834274
vt 0.984454 0.832537
vt 0.269689 0.009434
vt 0.272655 0.008206
vt 0.271427 0.005240
vt 0.984454 0.834274
vt 0.982752 0.836011
vt 0.984454 0.836011
vt 0.982752 0.836011
vt 0.984454 0.837749
vt 0.984454 0.836011
vt 0.983272 0.894491
vt 0.981570 0.892754
vt 0.981570 0.894491
vt 0.983272 0.892754
vt 0.981570 0.891017
vt 0.981570 0.892754
vt 0.983272 0.891017
vt 0.981570 0.889280
vt 0.981570 0.891017
vt 0.981570 0.889280
vt 0.983272 0.887543
vt 0.981570 0.887543
vt 0.983272 0.887543
vt 0.981570 0.885806
vt 0.981570 0.887543
vt 0.983272 0.885806
vt 0.981570 0.884068
vt 0.981570 0.885806
vt 0.252952 0.005480
vt 0.251724 0.004252
vt 0.249986 0.008446
vt 0.983272 0.884068
vt 0.981570 0.882331
vt 0.981570 0.884068
vt 0.981570 0.882331
vt 0.983272 0.880594
vt 0.981570 0.880594
vt 0.982482 0.760619
vt 0.984183 0.762356
vt 0.984183 0.760619
vt 0.982482 0.762356
vt 0.984183 0.764093
vt 0.984183 0.762356
vt 0.982482 0.764093
vt 0.984183 0.765830
vt 0.984183 0.764093
vt 0.982482 0.765830
vt 0.984183 0.767567
vt 0.984183 0.765830
vt 0.984183 0.767567
vt 0.982482 0.769305
vt 0.984183 0.769305
vt 0.984183 0.769305
vt 0.982482 0.771042
vt 0.984183 0.771042
vt 0.615196 0.006839
vt 0.616424 0.009804
vt 0.619389 0.008576
vt 0.982482 0.757144
vt 0.984183 0.758882
vt 0.984183 0.757144
vt 0.982482 0.758882
vt 0.984183 0.760619
vt 0.984183 0.758882
vt 0.981541 0.925430
vt 0.984431 0.935790
vt 0.984431 0.925430
vt 0.981602 0.732315
vt 0.984491 0.721956
vt 0.981602 0.721956
vt 0.397427 0.018271
vt 0.388456 0.027242
vt 0.397427 0.027242
vt 0.983626 0.561664
vt 0.980737 0.572024
vt 0.983626 0.572024
vt 0.979756 0.571330
vt 0.980737 0.561664
vt 0.979756 0.562358
vt 0.981541 0.943803
vt 0.980560 0.953469
vt 0.981541 0.954163
vt 0.981602 0.721956
vt 0.980620 0.731621
vt 0.981602 0.732315
vt 0.981541 0.925430
vt 0.980560 0.935096
vt 0.981541 0.935790
vt 0.981541 0.943803
vt 0.984431 0.954163
vt 0.984431 0.943803
vt 0.635544 0.040335
vt 0.635967 0.040758
vt 0.644559 0.040383
vt 0.992691 0.056736
vt 0.991707 0.048522
vt 0.991707 0.056736
vt 0.463085 0.056640
vt 0.464070 0.068096
vt 0.464070 0.056640
vt 0.464070 0.055992
vt 0.463085 0.056316
vt 0.464070 0.056316
vt 0.463085 0.056316
vt 0.464070 0.056640
vt 0.464070 0.056316
vt 0.463085 0.068744
vt 0.464070 0.068420
vt 0.463085 0.068420
vt 0.464070 0.068420
vt 0.463085 0.068096
vt 0.463085 0.068420
vt 0.222712 0.008950
vt 0.221727 0.017542
vt 0.222712 0.017542
vt 0.527919 0.029216
vt 0.525389 0.026327
vt 0.525389 0.029216
vt 0.525389 0.038961
vt 0.527919 0.036072
vt 0.525389 0.036072
vt 0.527919 0.029216
vt 0.530808 0.036072
vt 0.530808 0.029216
vt 0.525389 0.029216
vt 0.522500 0.036072
vt 0.525389 0.036072
vt 0.527919 0.029216
vt 0.525389 0.036072
vt 0.527919 0.036072
vt 0.429736 0.015907
vt 0.429954 0.018776
vt 0.431280 0.017451
vt 0.427867 0.014038
vt 0.424998 0.013820
vt 0.426542 0.015364
vt 0.429736 0.015907
vt 0.426542 0.015364
vt 0.428411 0.017233
vt 0.426867 0.018776
vt 0.426542 0.015364
vt 0.424998 0.016908
vt 0.431280 0.014363
vt 0.427867 0.014038
vt 0.429736 0.015907
vt 0.931112 0.006366
vt 0.931034 0.007390
vt 0.931585 0.006839
vt 0.932252 0.006172
vt 0.932330 0.005148
vt 0.931778 0.005699
vt 0.931585 0.006839
vt 0.931778 0.005699
vt 0.931112 0.006366
vt 0.930561 0.005815
vt 0.931778 0.005699
vt 0.931227 0.005148
vt 0.932136 0.007390
vt 0.932252 0.006172
vt 0.931585 0.006839
vt 0.977292 0.037916
vt 0.977214 0.038940
vt 0.977765 0.038389
vt 0.978984 0.037171
vt 0.977959 0.037249
vt 0.978432 0.037722
vt 0.977292 0.037916
vt 0.978432 0.037722
vt 0.977959 0.037249
vt 0.976741 0.037365
vt 0.977959 0.037249
vt 0.977408 0.036698
vt 0.978316 0.038940
vt 0.978432 0.037722
vt 0.977765 0.038389
vt 0.993789 0.994302
vt 0.992765 0.994224
vt 0.993316 0.994775
vt 0.994534 0.995993
vt 0.994456 0.994969
vt 0.993983 0.995442
vt 0.993789 0.994302
vt 0.993983 0.995442
vt 0.994456 0.994969
vt 0.993789 0.994302
vt 0.995007 0.994418
vt 0.994340 0.993751
vt 0.992765 0.995326
vt 0.993983 0.995442
vt 0.993316 0.994775
vt 0.689546 0.017124
vt 0.694127 0.015274
vt 0.689546 0.015274
vt 0.689546 0.024774
vt 0.694127 0.022925
vt 0.689546 0.022925
vt 0.694127 0.017124
vt 0.695976 0.022925
vt 0.695976 0.017124
vt 0.687696 0.017124
vt 0.689546 0.022925
vt 0.689546 0.017124
vt 0.689546 0.017124
vt 0.694127 0.022925
vt 0.694127 0.017124
vt 0.990164 0.534859
vt 0.989179 0.535148
vt 0.990164 0.535148
vt 0.989179 0.535148
vt 0.990164 0.535437
vt 0.990164 0.535148
vt 0.990164 0.547363
vt 0.989179 0.535437
vt 0.989179 0.547363
vt 0.991642 0.889086
vt 0.991775 0.888412
vt 0.991645 0.888420
vt 0.991518 0.888446
vt 0.991642 0.889086
vt 0.991645 0.888420
vt 0.991398 0.888439
vt 0.991518 0.889084
vt 0.991518 0.888446
vt 0.991769 0.889088
vt 0.991908 0.888440
vt 0.991775 0.888412
vt 0.991632 0.889841
vt 0.991769 0.889088
vt 0.991642 0.889086
vt 0.991491 0.889841
vt 0.991642 0.889086
vt 0.991518 0.889084
vt 0.991391 0.889080
vt 0.991491 0.889841
vt 0.991518 0.889084
vt 0.991769 0.889088
vt 0.991911 0.889838
vt 0.991895 0.889088
vt 0.991627 0.890531
vt 0.991772 0.889841
vt 0.991632 0.889841
vt 0.991468 0.890531
vt 0.991632 0.889841
vt 0.991491 0.889841
vt 0.991352 0.889832
vt 0.991468 0.890531
vt 0.991491 0.889841
vt 0.991772 0.889841
vt 0.991942 0.890529
vt 0.991911 0.889838
vt 0.991627 0.890531
vt 0.991777 0.892007
vt 0.991784 0.890532
vt 0.991468 0.890531
vt 0.991624 0.892007
vt 0.991627 0.890531
vt 0.991331 0.892009
vt 0.991468 0.890531
vt 0.991309 0.890528
vt 0.991777 0.892007
vt 0.991942 0.890529
vt 0.991784 0.890532
vt 0.991624 0.892007
vt 0.991776 0.894054
vt 0.991777 0.892007
vt 0.991477 0.892008
vt 0.991622 0.894053
vt 0.991624 0.892007
vt 0.991327 0.894052
vt 0.991477 0.892008
vt 0.991331 0.892009
vt 0.991776 0.894054
vt 0.991931 0.892008
vt 0.991777 0.892007
vt 0.991616 0.895484
vt 0.991776 0.894054
vt 0.991622 0.894053
vt 0.991464 0.895483
vt 0.991622 0.894053
vt 0.991475 0.894053
vt 0.991327 0.894052
vt 0.991464 0.895483
vt 0.991475 0.894053
vt 0.991776 0.894054
vt 0.991924 0.895484
vt 0.991928 0.894054
vt 0.991613 0.896265
vt 0.991770 0.895485
vt 0.991616 0.895484
vt 0.991449 0.896264
vt 0.991616 0.895484
vt 0.991464 0.895483
vt 0.991312 0.895479
vt 0.991449 0.896264
vt 0.991464 0.895483
vt 0.991770 0.895485
vt 0.991942 0.896267
vt 0.991924 0.895484
vt 0.991613 0.896265
vt 0.991761 0.897224
vt 0.991776 0.896266
vt 0.991449 0.896264
vt 0.991611 0.897225
vt 0.991613 0.896265
vt 0.991315 0.897227
vt 0.991449 0.896264
vt 0.991285 0.896263
vt 0.991761 0.897224
vt 0.991942 0.896267
vt 0.991776 0.896266
vt 0.991606 0.898213
vt 0.991761 0.897224
vt 0.991611 0.897225
vt 0.991456 0.898178
vt 0.991611 0.897225
vt 0.991464 0.897225
vt 0.991315 0.897227
vt 0.991456 0.898178
vt 0.991464 0.897225
vt 0.991761 0.897224
vt 0.991933 0.898202
vt 0.991909 0.897225
vt 0.977096 0.150895
vt 0.977246 0.148797
vt 0.977107 0.148787
vt 0.976956 0.150895
vt 0.977107 0.148787
vt 0.976966 0.148776
vt 0.976826 0.148785
vt 0.976956 0.150895
vt 0.976966 0.148776
vt 0.977246 0.148797
vt 0.977376 0.150897
vt 0.977386 0.148788
vt 0.977076 0.154296
vt 0.977236 0.150896
vt 0.977096 0.150895
vt 0.976937 0.154295
vt 0.977096 0.150895
vt 0.976956 0.150895
vt 0.976816 0.150894
vt 0.976937 0.154295
vt 0.976956 0.150895
vt 0.977236 0.150896
vt 0.977359 0.154297
vt 0.977376 0.150897
vt 0.977064 0.156476
vt 0.977216 0.154296
vt 0.977076 0.154296
vt 0.976918 0.156476
vt 0.977076 0.154296
vt 0.976937 0.154295
vt 0.976798 0.154294
vt 0.976918 0.156476
vt 0.976937 0.154295
vt 0.977216 0.154296
vt 0.977355 0.156475
vt 0.977359 0.154297
vt 0.977059 0.157243
vt 0.977209 0.156476
vt 0.977064 0.156476
vt 0.976911 0.157244
vt 0.977064 0.156476
vt 0.976918 0.156476
vt 0.976774 0.156472
vt 0.976911 0.157244
vt 0.976918 0.156476
vt 0.977209 0.156476
vt 0.977370 0.157242
vt 0.977355 0.156475
vt 0.977059 0.157243
vt 0.977212 0.158203
vt 0.977218 0.157243
vt 0.976911 0.158204
vt 0.977059 0.157243
vt 0.976911 0.157244
vt 0.976761 0.158206
vt 0.976911 0.157244
vt 0.976756 0.157243
vt 0.977218 0.157243
vt 0.977366 0.158204
vt 0.977370 0.157242
vt 0.977058 0.158202
vt 0.977210 0.159287
vt 0.977212 0.158203
vt 0.976909 0.159288
vt 0.977058 0.158202
vt 0.976911 0.158204
vt 0.976763 0.159290
vt 0.976911 0.158204
vt 0.976761 0.158206
vt 0.977212 0.158203
vt 0.977365 0.159288
vt 0.977366 0.158204
vt 0.977061 0.159288
vt 0.977207 0.160439
vt 0.977210 0.159287
vt 0.976909 0.159288
vt 0.977063 0.160440
vt 0.977061 0.159288
vt 0.976783 0.160441
vt 0.976909 0.159288
vt 0.976763 0.159290
vt 0.977207 0.160439
vt 0.977365 0.159288
vt 0.977210 0.159287
vt 0.977067 0.161607
vt 0.977207 0.160439
vt 0.977063 0.160440
vt 0.976923 0.160440
vt 0.977067 0.161607
vt 0.977063 0.160440
vt 0.976783 0.160441
vt 0.976925 0.161607
vt 0.976923 0.160440
vt 0.977215 0.161606
vt 0.977352 0.160439
vt 0.977207 0.160439
vt 0.977070 0.162563
vt 0.977215 0.161606
vt 0.977067 0.161607
vt 0.976925 0.161607
vt 0.977070 0.162563
vt 0.977067 0.161607
vt 0.976779 0.161606
vt 0.976921 0.162563
vt 0.976925 0.161607
vt 0.977221 0.162562
vt 0.977361 0.161606
vt 0.977215 0.161606
vt 0.977070 0.162563
vt 0.977216 0.163977
vt 0.977221 0.162562
vt 0.976926 0.163977
vt 0.977070 0.162563
vt 0.976921 0.162563
vt 0.976781 0.163978
vt 0.976921 0.162563
vt 0.976773 0.162563
vt 0.977221 0.162562
vt 0.977364 0.163977
vt 0.977369 0.162562
vt 0.977069 0.165893
vt 0.977216 0.163977
vt 0.977071 0.163977
vt 0.976923 0.165893
vt 0.977071 0.163977
vt 0.976926 0.163977
vt 0.976781 0.163978
vt 0.976923 0.165893
vt 0.976926 0.163977
vt 0.977216 0.163977
vt 0.977368 0.165893
vt 0.977364 0.163977
vt 0.977070 0.167129
vt 0.977218 0.165893
vt 0.977069 0.165893
vt 0.976916 0.167130
vt 0.977069 0.165893
vt 0.976923 0.165893
vt 0.976778 0.165892
vt 0.976916 0.167130
vt 0.976923 0.165893
vt 0.977218 0.165893
vt 0.977378 0.167126
vt 0.977368 0.165893
vt 0.977066 0.167967
vt 0.977224 0.167129
vt 0.977070 0.167129
vt 0.976903 0.167967
vt 0.977070 0.167129
vt 0.976916 0.167130
vt 0.976763 0.167126
vt 0.976903 0.167967
vt 0.976916 0.167130
vt 0.977224 0.167129
vt 0.977405 0.167963
vt 0.977378 0.167126
vt 0.977073 0.169258
vt 0.977236 0.167967
vt 0.977066 0.167967
vt 0.976890 0.169260
vt 0.977066 0.167967
vt 0.976903 0.167967
vt 0.976739 0.167962
vt 0.976890 0.169260
vt 0.976903 0.167967
vt 0.977236 0.167967
vt 0.977439 0.169256
vt 0.977405 0.167963
vt 0.977073 0.169258
vt 0.977256 0.171274
vt 0.977255 0.169258
vt 0.976890 0.169260
vt 0.977073 0.171248
vt 0.977073 0.169258
vt 0.976742 0.171250
vt 0.976890 0.169260
vt 0.976707 0.169260
vt 0.977256 0.171274
vt 0.977439 0.169256
vt 0.977255 0.169258
vt 0.946342 0.740412
vt 0.947108 0.741151
vt 0.947101 0.740329
vt 0.945583 0.740427
vt 0.946345 0.741151
vt 0.946342 0.740412
vt 0.944808 0.741142
vt 0.945583 0.740427
vt 0.944827 0.740334
vt 0.947108 0.741151
vt 0.947862 0.740342
vt 0.947101 0.740329
vt 0.946345 0.741151
vt 0.947105 0.742428
vt 0.947108 0.741151
vt 0.945574 0.741146
vt 0.946339 0.742425
vt 0.946345 0.741151
vt 0.944814 0.742423
vt 0.945574 0.741146
vt 0.944808 0.741142
vt 0.947105 0.742428
vt 0.947865 0.741149
vt 0.947108 0.741151
vt 0.946339 0.742425
vt 0.947109 0.743995
vt 0.947105 0.742428
vt 0.945575 0.742424
vt 0.946336 0.743993
vt 0.946339 0.742425
vt 0.944806 0.743985
vt 0.945575 0.742424
vt 0.944814 0.742423
vt 0.947109 0.743995
vt 0.947868 0.742425
vt 0.947105 0.742428
vt 0.946336 0.743993
vt 0.947124 0.745655
vt 0.947109 0.743995
vt 0.945570 0.743992
vt 0.946331 0.745651
vt 0.946336 0.743993
vt 0.944783 0.745634
vt 0.945570 0.743992
vt 0.944806 0.743985
vt 0.947124 0.745655
vt 0.947881 0.743984
vt 0.947109 0.743995
vt 0.946331 0.745651
vt 0.947147 0.747226
vt 0.947124 0.745655
vt 0.945557 0.745646
vt 0.946310 0.747206
vt 0.946331 0.745651
vt 0.944750 0.747181
vt 0.945557 0.745646
vt 0.944783 0.745634
vt 0.947147 0.747226
vt 0.947917 0.745630
vt 0.947124 0.745655
vt 0.946310 0.747206
vt 0.947172 0.748483
vt 0.947147 0.747226
vt 0.945534 0.747196
vt 0.946290 0.748485
vt 0.946310 0.747206
vt 0.944704 0.748484
vt 0.945534 0.747196
vt 0.944750 0.747181
vt 0.947172 0.748483
vt 0.947993 0.747178
vt 0.947147 0.747226
vt 0.946307 0.749788
vt 0.947172 0.748483
vt 0.946290 0.748485
vt 0.945532 0.749797
vt 0.946290 0.748485
vt 0.945514 0.748484
vt 0.944704 0.748484
vt 0.945532 0.749797
vt 0.945514 0.748484
vt 0.947172 0.748483
vt 0.948011 0.749817
vt 0.948072 0.748477
vt 0.946327 0.751116
vt 0.947158 0.749768
vt 0.946307 0.749788
vt 0.945565 0.751127
vt 0.946307 0.749788
vt 0.945532 0.749797
vt 0.944754 0.749821
vt 0.945565 0.751127
vt 0.945532 0.749797
vt 0.947158 0.749768
vt 0.947928 0.751146
vt 0.948011 0.749817
vt 0.946340 0.752468
vt 0.947130 0.751107
vt 0.946327 0.751116
vt 0.945591 0.752476
vt 0.946327 0.751116
vt 0.945565 0.751127
vt 0.944808 0.751150
vt 0.945591 0.752476
vt 0.945565 0.751127
vt 0.947130 0.751107
vt 0.947873 0.752486
vt 0.947928 0.751146
vt 0.946352 0.753801
vt 0.947109 0.752464
vt 0.946340 0.752468
vt 0.945606 0.753808
vt 0.946340 0.752468
vt 0.945591 0.752476
vt 0.944845 0.752491
vt 0.945606 0.753808
vt 0.945591 0.752476
vt 0.947109 0.752464
vt 0.947844 0.753806
vt 0.947873 0.752486
vt 0.946366 0.755054
vt 0.947100 0.753797
vt 0.946352 0.753801
vt 0.945615 0.755060
vt 0.946352 0.753801
vt 0.945606 0.753808
vt 0.944862 0.753814
vt 0.945615 0.755060
vt 0.945606 0.753808
vt 0.947100 0.753797
vt 0.947834 0.755054
vt 0.947844 0.753806
vt 0.946366 0.755054
vt 0.947097 0.756157
vt 0.947099 0.755052
vt 0.945615 0.755060
vt 0.946364 0.756159
vt 0.946366 0.755054
vt 0.944890 0.756171
vt 0.945615 0.755060
vt 0.944864 0.755069
vt 0.947097 0.756157
vt 0.947834 0.755054
vt 0.947099 0.755052
vt 0.946364 0.756159
vt 0.947111 0.757746
vt 0.947097 0.756157
vt 0.945630 0.756163
vt 0.946368 0.757752
vt 0.946364 0.756159
vt 0.944897 0.757759
vt 0.945630 0.756163
vt 0.944890 0.756171
vt 0.947111 0.757746
vt 0.947836 0.756151
vt 0.947097 0.756157
vt 0.946389 0.760281
vt 0.947111 0.757746
vt 0.946368 0.757752
vt 0.945651 0.760285
vt 0.946368 0.757752
vt 0.945636 0.757756
vt 0.944897 0.757759
vt 0.945651 0.760285
vt 0.945636 0.757756
vt 0.947111 0.757746
vt 0.947864 0.760273
vt 0.947855 0.757740
vt 0.946406 0.763386
vt 0.947126 0.760277
vt 0.946389 0.760281
vt 0.945667 0.763390
vt 0.946389 0.760281
vt 0.945651 0.760285
vt 0.944912 0.760289
vt 0.945667 0.763390
vt 0.945651 0.760285
vt 0.947126 0.760277
vt 0.947882 0.763377
vt 0.947864 0.760273
vt 0.946424 0.766713
vt 0.947144 0.763382
vt 0.946406 0.763386
vt 0.945684 0.766717
vt 0.946406 0.763386
vt 0.945667 0.763390
vt 0.944929 0.763393
vt 0.945684 0.766717
vt 0.945667 0.763390
vt 0.947144 0.763382
vt 0.947906 0.766704
vt 0.947882 0.763377
vt 0.946449 0.769912
vt 0.947165 0.766709
vt 0.946424 0.766713
vt 0.945700 0.769917
vt 0.946424 0.766713
vt 0.945684 0.766717
vt 0.944943 0.766720
vt 0.945700 0.769917
vt 0.945684 0.766717
vt 0.947165 0.766709
vt 0.947932 0.769902
vt 0.947906 0.766704
vt 0.946449 0.769912
vt 0.947203 0.772604
vt 0.947188 0.769907
vt 0.945700 0.769917
vt 0.946464 0.772609
vt 0.946449 0.769912
vt 0.944983 0.772621
vt 0.945700 0.769917
vt 0.944952 0.769923
vt 0.947203 0.772604
vt 0.947932 0.769902
vt 0.947188 0.769907
vt 0.946464 0.772609
vt 0.947227 0.775153
vt 0.947203 0.772604
vt 0.945725 0.772616
vt 0.946477 0.775159
vt 0.946464 0.772609
vt 0.944993 0.775168
vt 0.945725 0.772616
vt 0.944983 0.772621
vt 0.947227 0.775153
vt 0.947945 0.772597
vt 0.947203 0.772604
vt 0.946500 0.778020
vt 0.947227 0.775153
vt 0.946477 0.775159
vt 0.945759 0.778023
vt 0.946477 0.775159
vt 0.945738 0.775164
vt 0.944993 0.775168
vt 0.945759 0.778023
vt 0.945738 0.775164
vt 0.947227 0.775153
vt 0.947982 0.778014
vt 0.947977 0.775148
vt 0.946516 0.780978
vt 0.947241 0.778016
vt 0.946500 0.778020
vt 0.945777 0.780982
vt 0.946500 0.778020
vt 0.945759 0.778023
vt 0.945018 0.778029
vt 0.945777 0.780982
vt 0.945759 0.778023
vt 0.947241 0.778016
vt 0.947994 0.780970
vt 0.947982 0.778014
vt 0.946532 0.783840
vt 0.947255 0.780974
vt 0.946516 0.780978
vt 0.945790 0.783844
vt 0.946516 0.780978
vt 0.945777 0.780982
vt 0.945037 0.780986
vt 0.945790 0.783844
vt 0.945777 0.780982
vt 0.947255 0.780974
vt 0.948015 0.783829
vt 0.947994 0.780970
vt 0.946551 0.786411
vt 0.947273 0.783836
vt 0.946532 0.783840
vt 0.945797 0.786417
vt 0.946532 0.783840
vt 0.945790 0.783844
vt 0.945048 0.783845
vt 0.945797 0.786417
vt 0.945790 0.783844
vt 0.947273 0.783836
vt 0.948042 0.786397
vt 0.948015 0.783829
vt 0.946558 0.788473
vt 0.947297 0.786406
vt 0.946551 0.786411
vt 0.945808 0.788448
vt 0.946551 0.786411
vt 0.945797 0.786417
vt 0.945044 0.786418
vt 0.945808 0.788448
vt 0.945797 0.786417
vt 0.947297 0.786406
vt 0.948072 0.788470
vt 0.948042 0.786397
vt 0.120351 0.092060
vt 0.104146 0.099782
vt 0.120319 0.098167
vt 0.120319 0.098167
vt 0.106901 0.112447
vt 0.122053 0.109212
vt 0.120351 0.092060
vt 0.107183 0.077502
vt 0.104122 0.090028
vt 0.139320 0.092354
vt 0.122209 0.081083
vt 0.120351 0.092060
vt 0.139237 0.098095
vt 0.122053 0.109212
vt 0.140607 0.105337
vt 0.139320 0.092354
vt 0.120319 0.098167
vt 0.139237 0.098095
vt 0.654001 0.761566
vt 0.637351 0.753650
vt 0.637306 0.763464
vt 0.654001 0.761566
vt 0.640213 0.776140
vt 0.656333 0.772521
vt 0.653998 0.755429
vt 0.640172 0.740976
vt 0.637351 0.753650
vt 0.674011 0.755636
vt 0.656251 0.744476
vt 0.653998 0.755429
vt 0.674100 0.761257
vt 0.656333 0.772521
vt 0.676092 0.768254
vt 0.674100 0.761257
vt 0.653998 0.755429
vt 0.654001 0.761566
vt 0.148645 0.098139
vt 0.139320 0.092354
vt 0.139237 0.098095
vt 0.148645 0.098139
vt 0.140607 0.105337
vt 0.149962 0.102533
vt 0.148724 0.092105
vt 0.140640 0.085090
vt 0.139320 0.092354
vt 0.682145 0.761483
vt 0.674011 0.755636
vt 0.674100 0.761257
vt 0.682145 0.761483
vt 0.676092 0.768254
vt 0.683554 0.765842
vt 0.682158 0.755408
vt 0.675996 0.748603
vt 0.674011 0.755636
vt 0.976707 0.108167
vt 0.983659 0.105359
vt 0.976707 0.105359
vt 0.976707 0.110250
vt 0.983659 0.108167
vt 0.976707 0.108167
vt 0.983659 0.102552
vt 0.976707 0.100468
vt 0.976707 0.102552
vt 0.983659 0.105359
vt 0.976707 0.102552
vt 0.976707 0.105359
vt 0.507214 0.012799
vt 0.508210 0.015319
vt 0.507793 0.012799
vt 0.507793 0.012799
vt 0.508734 0.015093
vt 0.508336 0.012799
vt 0.507703 0.015548
vt 0.509342 0.016808
vt 0.508210 0.015319
vt 0.508210 0.015319
vt 0.509599 0.016174
vt 0.508734 0.015093
vt 0.507703 0.010050
vt 0.509342 0.008790
vt 0.508974 0.008344
vt 0.508210 0.010279
vt 0.509599 0.009424
vt 0.509342 0.008790
vt 0.507214 0.012799
vt 0.508210 0.010279
vt 0.507703 0.010050
vt 0.507793 0.012799
vt 0.508734 0.010505
vt 0.508210 0.010279
vt 0.072837 0.043627
vt 0.071098 0.046609
vt 0.072837 0.049592
vt 0.962538 0.019637
vt 0.959909 0.022267
vt 0.959909 0.025985
vt 0.315113 0.058973
vt 0.318702 0.064178
vt 0.318702 0.057486
vt 0.361301 0.061428
vt 0.355083 0.062570
vt 0.358672 0.064057
vt 0.312484 0.065320
vt 0.318702 0.064178
vt 0.315112 0.062691
vt 0.365019 0.061428
vt 0.359815 0.057838
vt 0.361301 0.061428
vt 0.308766 0.065320
vt 0.313970 0.068910
vt 0.312484 0.065320
vt 0.367648 0.064057
vt 0.366507 0.057839
vt 0.365019 0.061428
vt 0.306136 0.062691
vt 0.307278 0.068909
vt 0.308766 0.065320
vt 0.367648 0.064057
vt 0.371238 0.069261
vt 0.371238 0.062570
vt 0.964276 0.988557
vt 0.958883 0.984838
vt 0.958883 0.988557
vt 0.964276 0.984838
vt 0.958883 0.981120
vt 0.958883 0.984838
vt 0.964276 0.981120
vt 0.958883 0.977401
vt 0.958883 0.981120
vt 0.964276 0.977401
vt 0.958883 0.973683
vt 0.958883 0.977401
vt 0.964276 0.973683
vt 0.958883 0.969965
vt 0.958883 0.973683
vt 0.964276 0.969965
vt 0.958883 0.966246
vt 0.958883 0.969965
vt 0.964276 0.995993
vt 0.958883 0.992275
vt 0.958883 0.995993
vt 0.958883 0.992275
vt 0.964276 0.988557
vt 0.958883 0.988557
vt 0.952408 0.616329
vt 0.954713 0.609639
vt 0.952408 0.609639
vt 0.954713 0.623020
vt 0.952408 0.616329
vt 0.952408 0.623020
vt 0.954713 0.576186
vt 0.952408 0.569495
vt 0.952408 0.576186
vt 0.954713 0.582877
vt 0.952408 0.576186
vt 0.952408 0.582877
vt 0.954713 0.589567
vt 0.952408 0.582877
vt 0.952408 0.589567
vt 0.954713 0.596257
vt 0.952408 0.589567
vt 0.952408 0.596257
vt 0.954713 0.602948
vt 0.952408 0.596257
vt 0.952408 0.602948
vt 0.954713 0.609639
vt 0.952408 0.602948
vt 0.952408 0.609639
vt 0.358672 0.064057
vt 0.355083 0.069262
vt 0.358672 0.067775
vt 0.312484 0.056344
vt 0.318702 0.057486
vt 0.313970 0.052754
vt 0.361301 0.070404
vt 0.355083 0.069262
vt 0.359814 0.073994
vt 0.308765 0.056344
vt 0.313970 0.052754
vt 0.307278 0.052755
vt 0.365019 0.070404
vt 0.359814 0.073994
vt 0.366506 0.073993
vt 0.306136 0.058973
vt 0.307278 0.052755
vt 0.302547 0.057486
vt 0.367648 0.067775
vt 0.366506 0.073993
vt 0.371238 0.069261
vt 0.306136 0.058973
vt 0.302547 0.064177
vt 0.306136 0.062691
vt 0.887440 0.034027
vt 0.885233 0.030378
vt 0.884810 0.031399
vt 0.906471 0.034026
vt 0.907491 0.038168
vt 0.907491 0.033604
vt 0.887440 0.034027
vt 0.888461 0.038168
vt 0.888461 0.033605
vt 0.903842 0.040374
vt 0.907491 0.038168
vt 0.906471 0.037745
vt 0.884811 0.040374
vt 0.888461 0.038168
vt 0.887440 0.037745
vt 0.903842 0.040374
vt 0.899701 0.041395
vt 0.904265 0.041395
vt 0.884811 0.040374
vt 0.880670 0.041395
vt 0.885234 0.041395
vt 0.897495 0.037745
vt 0.899701 0.041395
vt 0.900124 0.040374
vt 0.659616 0.731569
vt 0.655897 0.732962
vt 0.659616 0.732962
vt 0.655897 0.731569
vt 0.652179 0.732962
vt 0.655897 0.732962
vt 0.652179 0.731569
vt 0.648461 0.732962
vt 0.652179 0.732962
vt 0.648461 0.731569
vt 0.644742 0.732962
vt 0.648461 0.732962
vt 0.644742 0.731569
vt 0.641024 0.732962
vt 0.644742 0.732962
vt 0.641024 0.731569
vt 0.637306 0.732962
vt 0.641024 0.732962
vt 0.667053 0.731569
vt 0.663334 0.732962
vt 0.667053 0.732962
vt 0.663334 0.731569
vt 0.659616 0.732962
vt 0.663334 0.732962
vt 0.582322 0.733852
vt 0.586885 0.732600
vt 0.582322 0.732600
vt 0.577760 0.733852
vt 0.582322 0.732600
vt 0.577760 0.732600
vt 0.609697 0.733852
vt 0.614259 0.732600
vt 0.609697 0.732600
vt 0.605134 0.733852
vt 0.609697 0.732600
vt 0.605134 0.732600
vt 0.600572 0.733852
vt 0.605134 0.732600
vt 0.600572 0.732600
vt 0.596010 0.733852
vt 0.600572 0.732600
vt 0.596010 0.732600
vt 0.591447 0.733852
vt 0.596010 0.732600
vt 0.591447 0.732600
vt 0.586885 0.733852
vt 0.591447 0.732600
vt 0.586885 0.732600
vt 0.903842 0.031397
vt 0.907491 0.033604
vt 0.904265 0.030377
vt 0.881092 0.031398
vt 0.885233 0.030378
vt 0.880669 0.030378
vt 0.903842 0.031397
vt 0.899702 0.030377
vt 0.900124 0.031397
vt 0.878463 0.034027
vt 0.880669 0.030378
vt 0.877443 0.033605
vt 0.900124 0.031397
vt 0.896474 0.033604
vt 0.897495 0.034027
vt 0.878463 0.034027
vt 0.877443 0.038168
vt 0.878463 0.037745
vt 0.897495 0.037745
vt 0.896474 0.033604
vt 0.896474 0.038168
vt 0.878463 0.037745
vt 0.880670 0.041395
vt 0.881093 0.040374
vt 0.754847 0.470766
vt 0.724010 0.474485
vt 0.754847 0.474485
vt 0.754847 0.474485
vt 0.724010 0.478203
vt 0.754847 0.478203
vt 0.754847 0.478203
vt 0.724010 0.481922
vt 0.754847 0.481922
vt 0.754847 0.481922
vt 0.724010 0.485640
vt 0.754847 0.485640
vt 0.754847 0.485640
vt 0.724010 0.489358
vt 0.754847 0.489358
vt 0.754847 0.489358
vt 0.724010 0.493077
vt 0.754847 0.493077
vt 0.754847 0.493077
vt 0.724010 0.496795
vt 0.754847 0.496795
vt 0.587201 0.485043
vt 0.576592 0.499023
vt 0.592399 0.500514
vt 0.936690 0.916402
vt 0.930907 0.910918
vt 0.930907 0.916402
vt 0.710798 0.483330
vt 0.693901 0.488066
vt 0.705501 0.498767
vt 0.936690 0.895137
vt 0.930907 0.910918
vt 0.936690 0.910918
vt 0.930907 0.856140
vt 0.936690 0.840263
vt 0.930907 0.840263
vt 0.930907 0.862186
vt 0.936690 0.856140
vt 0.930907 0.856140
vt 0.747169 0.759399
vt 0.747107 0.766975
vt 0.760854 0.763299
vt 0.936690 0.889090
vt 0.930907 0.895137
vt 0.936690 0.895137
vt 0.936690 0.875638
vt 0.930907 0.879643
vt 0.936690 0.879643
vt 0.685249 0.470748
vt 0.682836 0.477929
vt 0.697045 0.478708
vt 0.930907 0.875638
vt 0.936690 0.871634
vt 0.930907 0.871634
vt 0.936690 0.889090
vt 0.930907 0.883854
vt 0.930907 0.889090
vt 0.930907 0.862186
vt 0.936690 0.867423
vt 0.936690 0.862186
vt 0.775362 0.763418
vt 0.760773 0.773171
vt 0.775258 0.776140
vt 0.930907 0.758299
vt 0.936690 0.763783
vt 0.936690 0.758299
vt 0.851844 0.480804
vt 0.837417 0.490795
vt 0.851844 0.493526
vt 0.930907 0.778466
vt 0.936690 0.763783
vt 0.930907 0.763783
vt 0.936690 0.817463
vt 0.930907 0.832249
vt 0.936690 0.832249
vt 0.936690 0.811417
vt 0.930907 0.817463
vt 0.936690 0.817463
vt 0.930907 0.784512
vt 0.936690 0.778466
vt 0.930907 0.778466
vt 0.930907 0.797965
vt 0.936690 0.793960
vt 0.930907 0.793960
vt 0.823588 0.477248
vt 0.823651 0.484823
vt 0.837336 0.480923
vt 0.936690 0.797965
vt 0.930907 0.801969
vt 0.936690 0.801969
vt 0.930907 0.784512
vt 0.936690 0.789749
vt 0.936690 0.784512
vt 0.936690 0.811417
vt 0.930907 0.806180
vt 0.930907 0.811417
vt 0.808614 0.019836
vt 0.805985 0.022466
vt 0.805985 0.026184
vt 0.196387 0.063269
vt 0.199976 0.058064
vt 0.196386 0.059551
vt 0.947062 0.929148
vt 0.940844 0.928006
vt 0.943473 0.930635
vt 0.199976 0.058064
vt 0.193758 0.056922
vt 0.196386 0.059551
vt 0.942330 0.924416
vt 0.937126 0.928006
vt 0.940844 0.928006
vt 0.195244 0.053333
vt 0.190040 0.056922
vt 0.193758 0.056922
vt 0.935639 0.924416
vt 0.934497 0.930635
vt 0.937126 0.928006
vt 0.188552 0.053333
vt 0.187410 0.059551
vt 0.190040 0.056922
vt 0.934497 0.930635
vt 0.930907 0.935839
vt 0.934497 0.934353
vt 0.963893 0.721160
vt 0.958501 0.724879
vt 0.963893 0.724879
vt 0.963893 0.717442
vt 0.958501 0.721160
vt 0.963893 0.721160
vt 0.963893 0.713723
vt 0.958501 0.717442
vt 0.963893 0.717442
vt 0.963893 0.710005
vt 0.958501 0.713723
vt 0.963893 0.713723
vt 0.963893 0.706287
vt 0.958501 0.710005
vt 0.963893 0.710005
vt 0.963893 0.702568
vt 0.958501 0.706287
vt 0.963893 0.706287
vt 0.963893 0.728597
vt 0.958501 0.732315
vt 0.963893 0.732315
vt 0.963893 0.728597
vt 0.958501 0.724879
vt 0.958501 0.728597
vt 0.950061 0.637724
vt 0.952366 0.644414
vt 0.952366 0.637724
vt 0.950061 0.637724
vt 0.952366 0.631033
vt 0.950061 0.631033
vt 0.950061 0.684557
vt 0.952366 0.677867
vt 0.950061 0.677867
vt 0.950061 0.677867
vt 0.952366 0.671176
vt 0.950061 0.671176
vt 0.950061 0.671176
vt 0.952366 0.664486
vt 0.950061 0.664486
vt 0.950061 0.664486
vt 0.952366 0.657795
vt 0.950061 0.657795
vt 0.950061 0.657795
vt 0.952366 0.651105
vt 0.950061 0.651105
vt 0.950061 0.651105
vt 0.952366 0.644414
vt 0.950061 0.644414
vt 0.947062 0.935840
vt 0.943473 0.930635
vt 0.943473 0.934353
vt 0.193757 0.065898
vt 0.199976 0.064756
vt 0.196387 0.063269
vt 0.940844 0.936982
vt 0.947062 0.935840
vt 0.943473 0.934353
vt 0.190040 0.065898
vt 0.195244 0.069488
vt 0.193757 0.065898
vt 0.937126 0.936982
vt 0.942330 0.940571
vt 0.940844 0.936982
vt 0.187410 0.063269
vt 0.188552 0.069488
vt 0.190040 0.065898
vt 0.934497 0.934353
vt 0.935639 0.940571
vt 0.937126 0.936982
vt 0.183821 0.058065
vt 0.187410 0.063269
vt 0.187410 0.059551
vt 0.934536 0.033604
vt 0.935556 0.037745
vt 0.935556 0.034027
vt 0.922872 0.040374
vt 0.926522 0.038168
vt 0.925501 0.037745
vt 0.935556 0.037745
vt 0.937763 0.041395
vt 0.938185 0.040374
vt 0.926522 0.038168
vt 0.925501 0.034026
vt 0.925501 0.037745
vt 0.937763 0.041395
vt 0.941903 0.040374
vt 0.938185 0.040374
vt 0.925501 0.034026
vt 0.923295 0.030377
vt 0.922872 0.031397
vt 0.941903 0.040374
vt 0.945553 0.038168
vt 0.944532 0.037745
vt 0.923295 0.030377
vt 0.919154 0.031397
vt 0.922872 0.031397
vt 0.971153 0.935571
vt 0.972546 0.931853
vt 0.971153 0.931853
vt 0.971153 0.939289
vt 0.972546 0.935571
vt 0.971153 0.935571
vt 0.971153 0.943008
vt 0.972546 0.939289
vt 0.971153 0.939289
vt 0.971153 0.946726
vt 0.972546 0.943008
vt 0.971153 0.943008
vt 0.971153 0.950445
vt 0.972546 0.946726
vt 0.971153 0.946726
vt 0.971153 0.954163
vt 0.972546 0.950445
vt 0.971153 0.950445
vt 0.971153 0.928134
vt 0.972546 0.924416
vt 0.971153 0.924416
vt 0.971153 0.931853
vt 0.972546 0.928134
vt 0.971153 0.928134
vt 0.962130 0.450069
vt 0.960878 0.454631
vt 0.962130 0.454631
vt 0.962130 0.454631
vt 0.960878 0.459194
vt 0.962130 0.459194
vt 0.962130 0.422694
vt 0.960878 0.427257
vt 0.962130 0.427257
vt 0.962130 0.427257
vt 0.960878 0.431819
vt 0.962130 0.431819
vt 0.962130 0.431819
vt 0.960878 0.436381
vt 0.962130 0.436381
vt 0.962130 0.436381
vt 0.960878 0.440944
vt 0.962130 0.440944
vt 0.962130 0.440944
vt 0.960878 0.445506
vt 0.962130 0.445506
vt 0.962130 0.445506
vt 0.960878 0.450069
vt 0.962130 0.450069
vt 0.919154 0.040374
vt 0.923295 0.041395
vt 0.922872 0.040374
vt 0.938185 0.031397
vt 0.934536 0.033604
vt 0.935556 0.034027
vt 0.915505 0.038168
vt 0.919154 0.040374
vt 0.916526 0.037745
vt 0.941903 0.031397
vt 0.937763 0.030377
vt 0.938185 0.031397
vt 0.915505 0.033604
vt 0.916526 0.037745
vt 0.916526 0.034027
vt 0.945553 0.033604
vt 0.941903 0.031397
vt 0.944532 0.034026
vt 0.919154 0.031397
vt 0.915505 0.033604
vt 0.916526 0.034027
vt 0.945553 0.038168
vt 0.944532 0.034026
vt 0.944532 0.037745
vt 0.930907 0.879643
vt 0.936690 0.883853
vt 0.936690 0.879643
vt 0.936690 0.871634
vt 0.930907 0.867423
vt 0.930907 0.871634
vt 0.936690 0.793960
vt 0.930907 0.789749
vt 0.930907 0.793960
vt 0.930907 0.801969
vt 0.936690 0.806180
vt 0.936690 0.801969
vt 0.559239 0.490444
vt 0.561652 0.497625
vt 0.573448 0.489665
vt 0.700190 0.469350
vt 0.710798 0.483330
vt 0.715997 0.467860
vt 0.710699 0.500514
vt 0.710798 0.483330
vt 0.705501 0.498767
vt 0.570303 0.480307
vt 0.587201 0.485043
vt 0.581903 0.469607
vt 0.587102 0.467860
vt 0.587201 0.485043
vt 0.592399 0.483296
vt 0.950870 0.995993
vt 0.945087 0.979673
vt 0.945087 0.995993
vt 0.837255 0.471051
vt 0.851844 0.480804
vt 0.851740 0.468083
vt 0.857328 0.493481
vt 0.851844 0.480804
vt 0.851844 0.493526
vt 0.760935 0.753428
vt 0.775362 0.763418
vt 0.775362 0.750696
vt 0.780846 0.750741
vt 0.775362 0.763418
vt 0.780846 0.763463
vt 0.528283 0.077902
vt 0.522500 0.065180
vt 0.522500 0.077902
vt 0.522500 0.059696
vt 0.528283 0.065180
vt 0.528283 0.059696
vt 0.945087 0.974188
vt 0.950870 0.979673
vt 0.950870 0.974188
vt 0.945087 0.957868
vt 0.950870 0.974188
vt 0.950870 0.957868
vt 0.522500 0.046974
vt 0.528283 0.059696
vt 0.528283 0.046974
vt 0.628400 0.483330
vt 0.617792 0.469350
vt 0.614647 0.478708
vt 0.205482 0.202540
vt 0.199699 0.208024
vt 0.205482 0.208024
vt 0.669599 0.485043
vt 0.652701 0.480307
vt 0.655846 0.489665
vt 0.205482 0.202540
vt 0.199699 0.186758
vt 0.199699 0.202540
vt 0.199699 0.131884
vt 0.205482 0.147761
vt 0.205482 0.131884
vt 0.199699 0.147761
vt 0.205482 0.153807
vt 0.205482 0.147761
vt 0.866672 0.484823
vt 0.880357 0.480923
vt 0.866610 0.477248
vt 0.205482 0.186758
vt 0.199699 0.180712
vt 0.199699 0.186758
vt 0.205482 0.171264
vt 0.199699 0.167260
vt 0.199699 0.171264
vt 0.644050 0.497625
vt 0.655846 0.489665
vt 0.641637 0.490444
vt 0.199699 0.163255
vt 0.205482 0.167260
vt 0.205482 0.163255
vt 0.199699 0.180712
vt 0.205482 0.175475
vt 0.199699 0.175475
vt 0.205482 0.153807
vt 0.199699 0.159044
vt 0.205482 0.159044
vt 0.894866 0.480804
vt 0.880276 0.471051
vt 0.880357 0.480923
vt 0.936690 0.744801
vt 0.930907 0.750285
vt 0.936690 0.750285
vt 0.808823 0.480805
vt 0.794396 0.470814
vt 0.794314 0.480686
vt 0.936690 0.744801
vt 0.930907 0.730117
vt 0.930907 0.744801
vt 0.930907 0.676335
vt 0.936690 0.691121
vt 0.936690 0.676335
vt 0.930907 0.691121
vt 0.936690 0.697167
vt 0.936690 0.691121
vt 0.936690 0.730117
vt 0.930907 0.724071
vt 0.930907 0.730117
vt 0.936690 0.714624
vt 0.930907 0.710619
vt 0.930907 0.714624
vt 0.780567 0.484361
vt 0.794314 0.480686
vt 0.780629 0.476785
vt 0.930907 0.706614
vt 0.936690 0.710619
vt 0.936690 0.706614
vt 0.930907 0.724071
vt 0.936690 0.718835
vt 0.930907 0.718835
vt 0.936690 0.697167
vt 0.930907 0.702403
vt 0.936690 0.702403
vt 0.205482 0.171264
vt 0.199699 0.175475
vt 0.205482 0.175475
vt 0.199699 0.163255
vt 0.205482 0.159044
vt 0.199699 0.159044
vt 0.936690 0.714624
vt 0.930907 0.718835
vt 0.936690 0.718835
vt 0.930907 0.706614
vt 0.936690 0.702403
vt 0.930907 0.702403
vt 0.600438 0.477929
vt 0.614647 0.478708
vt 0.602851 0.470748
vt 0.669599 0.485043
vt 0.658991 0.499023
vt 0.674798 0.500514
vt 0.669599 0.485043
vt 0.669500 0.467860
vt 0.664301 0.469607
vt 0.628400 0.483330
vt 0.611502 0.488066
vt 0.623102 0.498767
vt 0.628301 0.500514
vt 0.628400 0.483330
vt 0.623102 0.498767
vt 0.944704 0.710511
vt 0.950487 0.694190
vt 0.944704 0.694190
vt 0.808823 0.480805
vt 0.794233 0.490557
vt 0.808718 0.493526
vt 0.808823 0.480805
vt 0.814307 0.468128
vt 0.808823 0.468083
vt 0.894866 0.480804
vt 0.880439 0.490795
vt 0.894866 0.493526
vt 0.900350 0.493481
vt 0.894866 0.480804
vt 0.894866 0.493526
vt 0.740104 0.052238
vt 0.745887 0.039516
vt 0.740104 0.039516
vt 0.745887 0.052238
vt 0.740104 0.057722
vt 0.745887 0.057722
vt 0.950487 0.710511
vt 0.944704 0.715995
vt 0.950487 0.715995
vt 0.950487 0.715995
vt 0.944704 0.732315
vt 0.950487 0.732315
vt 0.745887 0.057722
vt 0.740104 0.070443
vt 0.745887 0.070443
vt 0.754847 0.496795
vt 0.724010 0.500514
vt 0.754847 0.500513
vt 0.984428 0.448770
vt 0.982726 0.447033
vt 0.982726 0.448770
vt 0.984428 0.447033
vt 0.982726 0.445296
vt 0.982726 0.447033
vt 0.984428 0.459194
vt 0.982726 0.457456
vt 0.982726 0.459194
vt 0.984428 0.457456
vt 0.982726 0.455719
vt 0.982726 0.457456
vt 0.984428 0.455719
vt 0.982726 0.453982
vt 0.982726 0.455719
vt 0.984428 0.453982
vt 0.982726 0.452245
vt 0.982726 0.453982
vt 0.825941 0.006246
vt 0.822975 0.007474
vt 0.824203 0.010440
vt 0.982726 0.452245
vt 0.984428 0.450508
vt 0.982726 0.450508
vt 0.984428 0.450508
vt 0.982726 0.448770
vt 0.982726 0.450508
vt 0.513507 0.667351
vt 0.505300 0.692663
vt 0.522927 0.675049
vt 0.337903 0.666233
vt 0.315371 0.652795
vt 0.328450 0.673621
vt 0.372207 0.492467
vt 0.388916 0.472602
vt 0.366489 0.482052
vt 0.497582 0.683284
vt 0.484593 0.706455
vt 0.505300 0.692663
vt 0.315371 0.652795
vt 0.318248 0.626661
vt 0.306690 0.629829
vt 0.392459 0.483924
vt 0.412690 0.467701
vt 0.388916 0.472602
vt 0.478877 0.695761
vt 0.461615 0.715889
vt 0.484593 0.706455
vt 0.306690 0.629829
vt 0.314547 0.604682
vt 0.302547 0.605679
vt 0.354048 0.504920
vt 0.366489 0.482052
vt 0.346344 0.495837
vt 0.338716 0.520797
vt 0.346344 0.495837
vt 0.329333 0.513417
vt 0.353240 0.682303
vt 0.328450 0.673621
vt 0.345444 0.691438
vt 0.371499 0.695003
vt 0.345444 0.691438
vt 0.365674 0.705523
vt 0.513570 0.520997
vt 0.536809 0.534078
vt 0.522999 0.513294
vt 0.497703 0.504970
vt 0.522999 0.513294
vt 0.505452 0.495592
vt 0.526028 0.648582
vt 0.522927 0.675049
vt 0.536785 0.654298
vt 0.534656 0.627703
vt 0.536785 0.654298
vt 0.546332 0.631215
vt 0.326807 0.539470
vt 0.329333 0.513417
vt 0.316127 0.534061
vt 0.391953 0.703822
vt 0.365674 0.705523
vt 0.388332 0.715307
vt 0.539057 0.605525
vt 0.546332 0.631215
vt 0.551200 0.606696
vt 0.479046 0.492352
vt 0.505452 0.495592
vt 0.484806 0.481638
vt 0.318710 0.560210
vt 0.316127 0.534061
vt 0.307158 0.556925
vt 0.413788 0.708406
vt 0.388332 0.715307
vt 0.412517 0.720401
vt 0.539060 0.582905
vt 0.551200 0.606696
vt 0.551200 0.581692
vt 0.458274 0.483658
vt 0.484806 0.481638
vt 0.461787 0.472010
vt 0.302547 0.605679
vt 0.314613 0.582216
vt 0.302633 0.581103
vt 0.314613 0.582216
vt 0.307158 0.556925
vt 0.302633 0.581103
vt 0.458124 0.704300
vt 0.437271 0.720598
vt 0.461615 0.715889
vt 0.437271 0.720598
vt 0.413788 0.708406
vt 0.412517 0.720401
vt 0.526058 0.539816
vt 0.546337 0.557171
vt 0.536809 0.534078
vt 0.534668 0.560717
vt 0.551200 0.581692
vt 0.546337 0.557171
vt 0.413992 0.479590
vt 0.437246 0.467207
vt 0.412690 0.467701
vt 0.436179 0.479210
vt 0.461787 0.472010
vt 0.437246 0.467207
vt 0.219084 0.209874
vt 0.222460 0.220267
vt 0.222460 0.209874
vt 0.632108 0.796431
vt 0.621998 0.816016
vt 0.637228 0.805489
vt 0.615167 0.808134
vt 0.609109 0.829397
vt 0.621998 0.816016
vt 0.600839 0.822987
vt 0.599017 0.845112
vt 0.609109 0.829397
vt 0.589635 0.840389
vt 0.592042 0.862533
vt 0.599017 0.845112
vt 0.581918 0.859661
vt 0.588468 0.881022
vt 0.592042 0.862533
vt 0.577974 0.880049
vt 0.588226 0.899852
vt 0.588468 0.881022
vt 0.577760 0.900779
vt 0.591347 0.918255
vt 0.588226 0.899852
vt 0.581311 0.921116
vt 0.597933 0.935552
vt 0.591347 0.918255
vt 0.588697 0.940298
vt 0.607757 0.951109
vt 0.597933 0.935552
vt 0.599678 0.957578
vt 0.620475 0.964348
vt 0.607757 0.951109
vt 0.613864 0.972297
vt 0.635595 0.974758
vt 0.620475 0.964348
vt 0.630707 0.983878
vt 0.652527 0.981944
vt 0.635595 0.974758
vt 0.649554 0.991875
vt 0.670601 0.985608
vt 0.652527 0.981944
vt 0.669659 0.995963
vt 0.689118 0.985618
vt 0.670601 0.985608
vt 0.571516 0.292356
vt 0.578009 0.270794
vt 0.563240 0.285564
vt 0.584801 0.279071
vt 0.595376 0.259190
vt 0.578009 0.270794
vt 0.595376 0.259190
vt 0.617781 0.261442
vt 0.614674 0.251197
vt 0.617781 0.261442
vt 0.635159 0.247122
vt 0.614674 0.251197
vt 0.636209 0.257777
vt 0.656047 0.247122
vt 0.635159 0.247122
vt 0.656047 0.247122
vt 0.673425 0.261442
vt 0.676532 0.251197
vt 0.673425 0.261442
vt 0.695830 0.259190
vt 0.676532 0.251197
vt 0.695830 0.259190
vt 0.706405 0.279071
vt 0.713197 0.270794
vt 0.706405 0.279071
vt 0.727966 0.285564
vt 0.713197 0.270794
vt 0.719690 0.292356
vt 0.739571 0.302931
vt 0.727966 0.285564
vt 0.730128 0.307978
vt 0.747564 0.322228
vt 0.739571 0.302931
vt 0.747564 0.322228
vt 0.740984 0.343763
vt 0.751639 0.342714
vt 0.740984 0.343763
vt 0.751639 0.363601
vt 0.751639 0.342714
vt 0.740984 0.362552
vt 0.747564 0.384087
vt 0.751639 0.363601
vt 0.737318 0.380979
vt 0.739571 0.403384
vt 0.747564 0.384087
vt 0.739571 0.403384
vt 0.719690 0.413959
vt 0.727966 0.420751
vt 0.719690 0.413959
vt 0.713197 0.435521
vt 0.727966 0.420751
vt 0.713197 0.435521
vt 0.690783 0.437683
vt 0.695830 0.447125
vt 0.695830 0.447125
vt 0.673425 0.444873
vt 0.676533 0.455119
vt 0.676533 0.455119
vt 0.654997 0.448539
vt 0.656047 0.459194
vt 0.656047 0.459194
vt 0.636209 0.448539
vt 0.635160 0.459194
vt 0.636209 0.448539
vt 0.614674 0.455119
vt 0.635160 0.459194
vt 0.617782 0.444873
vt 0.595376 0.447126
vt 0.614674 0.455119
vt 0.600423 0.437683
vt 0.578009 0.435521
vt 0.595376 0.447126
vt 0.578009 0.435521
vt 0.571516 0.413960
vt 0.563240 0.420752
vt 0.563240 0.420752
vt 0.561078 0.398338
vt 0.551636 0.403385
vt 0.561078 0.398338
vt 0.543642 0.384088
vt 0.551636 0.403385
vt 0.553888 0.380980
vt 0.539567 0.363602
vt 0.543642 0.384088
vt 0.539567 0.363602
vt 0.550222 0.343764
vt 0.539567 0.342714
vt 0.539567 0.342714
vt 0.553888 0.325336
vt 0.543642 0.322228
vt 0.543642 0.322228
vt 0.561078 0.307978
vt 0.551635 0.302931
vt 0.561078 0.307978
vt 0.563240 0.285564
vt 0.551635 0.302931
vt 0.650998 0.788348
vt 0.637228 0.805489
vt 0.654203 0.798223
vt 0.671080 0.784203
vt 0.654203 0.798223
vt 0.672247 0.794499
vt 0.691548 0.784153
vt 0.672247 0.794499
vt 0.690636 0.794458
vt 0.711584 0.788185
vt 0.690636 0.794458
vt 0.708628 0.798093
vt 0.774457 0.899438
vt 0.784996 0.879484
vt 0.774484 0.880601
vt 0.730417 0.796142
vt 0.708628 0.798093
vt 0.725530 0.805275
vt 0.774484 0.880601
vt 0.780972 0.859022
vt 0.770880 0.862121
vt 0.747333 0.807708
vt 0.725530 0.805275
vt 0.740702 0.815737
vt 0.780940 0.920874
vt 0.774457 0.899438
vt 0.770784 0.917916
vt 0.761778 0.822422
vt 0.740702 0.815737
vt 0.753674 0.829052
vt 0.772992 0.940185
vt 0.770784 0.917916
vt 0.763607 0.935326
vt 0.773148 0.839750
vt 0.753674 0.829052
vt 0.763876 0.844709
vt 0.753243 0.951005
vt 0.772992 0.940185
vt 0.763607 0.935326
vt 0.780972 0.859022
vt 0.763876 0.844709
vt 0.770880 0.862121
vt 0.740058 0.964331
vt 0.761494 0.957574
vt 0.753243 0.951005
vt 0.729630 0.983981
vt 0.740058 0.964331
vt 0.724558 0.974788
vt 0.710505 0.991958
vt 0.724558 0.974788
vt 0.707350 0.981974
vt 0.690242 0.995993
vt 0.707350 0.981974
vt 0.689118 0.985618
vt 0.908151 0.320035
vt 0.902879 0.337693
vt 0.915455 0.330977
vt 0.902879 0.337693
vt 0.920484 0.343133
vt 0.915455 0.330977
vt 0.920484 0.343133
vt 0.908856 0.357430
vt 0.923045 0.356036
vt 0.908856 0.357430
vt 0.923040 0.369192
vt 0.923045 0.356036
vt 0.923040 0.369192
vt 0.906826 0.377951
vt 0.920468 0.382093
vt 0.906826 0.377951
vt 0.915429 0.394245
vt 0.920468 0.382093
vt 0.902857 0.387521
vt 0.908116 0.405180
vt 0.915429 0.394245
vt 0.897098 0.396133
vt 0.898811 0.414479
vt 0.908116 0.405180
vt 0.898811 0.414479
vt 0.881153 0.409208
vt 0.887870 0.421783
vt 0.881153 0.409208
vt 0.875714 0.426813
vt 0.887870 0.421783
vt 0.871579 0.413168
vt 0.862811 0.429374
vt 0.875714 0.426813
vt 0.862811 0.429374
vt 0.851057 0.415180
vt 0.849655 0.429368
vt 0.851057 0.415180
vt 0.836754 0.426796
vt 0.849655 0.429368
vt 0.840896 0.413154
vt 0.824602 0.421757
vt 0.836754 0.426796
vt 0.824602 0.421757
vt 0.822714 0.403425
vt 0.813666 0.414444
vt 0.813666 0.414444
vt 0.815391 0.396096
vt 0.804368 0.405138
vt 0.815391 0.396096
vt 0.797063 0.394196
vt 0.804368 0.405138
vt 0.809639 0.387479
vt 0.792034 0.382040
vt 0.797063 0.394196
vt 0.792034 0.382040
vt 0.803662 0.367743
vt 0.789473 0.369136
vt 0.789473 0.369136
vt 0.803666 0.357382
vt 0.789478 0.355981
vt 0.789478 0.355981
vt 0.805692 0.347221
vt 0.792050 0.343079
vt 0.792050 0.343079
vt 0.809661 0.337651
vt 0.797089 0.330927
vt 0.809661 0.337651
vt 0.804402 0.319991
vt 0.797089 0.330927
vt 0.815421 0.329039
vt 0.813709 0.310693
vt 0.804402 0.319991
vt 0.813709 0.310693
vt 0.831367 0.315964
vt 0.824650 0.303389
vt 0.824650 0.303389
vt 0.840940 0.312004
vt 0.836806 0.298359
vt 0.840940 0.312004
vt 0.849710 0.295798
vt 0.836806 0.298359
vt 0.851103 0.309987
vt 0.862865 0.295804
vt 0.849710 0.295798
vt 0.862865 0.295804
vt 0.871623 0.312018
vt 0.875766 0.298376
vt 0.875766 0.298376
vt 0.881193 0.315987
vt 0.887918 0.303416
vt 0.887918 0.303416
vt 0.889805 0.321747
vt 0.898853 0.310729
vt 0.889805 0.321747
vt 0.908151 0.320035
vt 0.898853 0.310729
vt 0.494316 0.137250
vt 0.503181 0.142338
vt 0.497834 0.134328
vt 0.222460 0.355377
vt 0.219084 0.365770
vt 0.222460 0.365770
vt 0.219084 0.220267
vt 0.222460 0.230660
vt 0.222460 0.220267
vt 0.219084 0.365770
vt 0.222460 0.376163
vt 0.222460 0.365770
vt 0.219084 0.230660
vt 0.222460 0.241053
vt 0.222460 0.230660
vt 0.219084 0.376163
vt 0.222460 0.386556
vt 0.222460 0.376163
vt 0.219084 0.241053
vt 0.222460 0.251446
vt 0.222460 0.241053
vt 0.219084 0.386556
vt 0.222460 0.396949
vt 0.222460 0.386556
vt 0.219084 0.251446
vt 0.222460 0.261839
vt 0.222460 0.251446
vt 0.219084 0.126730
vt 0.222460 0.137123
vt 0.222460 0.126730
vt 0.219084 0.396949
vt 0.222460 0.407342
vt 0.222460 0.396949
vt 0.219084 0.261839
vt 0.222460 0.272232
vt 0.222460 0.261839
vt 0.219084 0.116336
vt 0.222460 0.126730
vt 0.222460 0.116336
vt 0.219084 0.407342
vt 0.222460 0.417735
vt 0.222460 0.407342
vt 0.219084 0.272232
vt 0.222460 0.282625
vt 0.222460 0.272232
vt 0.219084 0.137123
vt 0.222460 0.147516
vt 0.222460 0.137123
vt 0.219084 0.417735
vt 0.222460 0.428129
vt 0.222460 0.417735
vt 0.219084 0.282625
vt 0.222460 0.293019
vt 0.222460 0.282625
vt 0.219084 0.147516
vt 0.222460 0.157909
vt 0.222460 0.147516
vt 0.219084 0.095550
vt 0.222460 0.105943
vt 0.222460 0.095550
vt 0.222460 0.293019
vt 0.219084 0.303412
vt 0.222460 0.303412
vt 0.219084 0.157909
vt 0.222460 0.168302
vt 0.222460 0.157909
vt 0.219084 0.105943
vt 0.222460 0.116336
vt 0.222460 0.105943
vt 0.219084 0.303412
vt 0.222460 0.313805
vt 0.222460 0.303412
vt 0.219084 0.168302
vt 0.222460 0.178695
vt 0.222460 0.168302
vt 0.219084 0.313805
vt 0.222460 0.324198
vt 0.222460 0.313805
vt 0.219084 0.178695
vt 0.222460 0.189088
vt 0.222460 0.178695
vt 0.219084 0.324198
vt 0.222460 0.334591
vt 0.222460 0.324198
vt 0.219084 0.189088
vt 0.222460 0.199481
vt 0.222460 0.189088
vt 0.219084 0.334591
vt 0.222460 0.344984
vt 0.222460 0.334591
vt 0.219084 0.199481
vt 0.222460 0.209874
vt 0.222460 0.199481
vt 0.219084 0.344984
vt 0.222460 0.355377
vt 0.222460 0.344984
vt 0.908012 0.299559
vt 0.931299 0.301005
vt 0.917843 0.287548
vt 0.898853 0.310729
vt 0.919313 0.310867
vt 0.908012 0.299559
vt 0.894722 0.290673
vt 0.917843 0.287548
vt 0.902021 0.276975
vt 0.894722 0.290673
vt 0.898853 0.310729
vt 0.908012 0.299559
vt 0.879954 0.284551
vt 0.902021 0.276975
vt 0.884440 0.269692
vt 0.879954 0.284551
vt 0.887918 0.303416
vt 0.894722 0.290673
vt 0.865776 0.265979
vt 0.879954 0.284551
vt 0.884440 0.269692
vt 0.862865 0.295804
vt 0.879954 0.284551
vt 0.864275 0.281428
vt 0.846746 0.265978
vt 0.864275 0.281428
vt 0.865776 0.265979
vt 0.849710 0.295798
vt 0.864275 0.281428
vt 0.848288 0.281423
vt 0.832607 0.284538
vt 0.846746 0.265978
vt 0.828082 0.269691
vt 0.836806 0.298359
vt 0.848288 0.281423
vt 0.832607 0.284538
vt 0.810500 0.276973
vt 0.832607 0.284538
vt 0.828082 0.269691
vt 0.817835 0.290652
vt 0.836806 0.298359
vt 0.832607 0.284538
vt 0.794677 0.287545
vt 0.817835 0.290652
vt 0.810500 0.276973
vt 0.813709 0.310693
vt 0.817835 0.290652
vt 0.804540 0.299530
vt 0.793232 0.310832
vt 0.794677 0.287545
vt 0.781220 0.301001
vt 0.804402 0.319991
vt 0.804540 0.299530
vt 0.793232 0.310832
vt 0.770648 0.316824
vt 0.793232 0.310832
vt 0.781220 0.301001
vt 0.797089 0.330927
vt 0.793232 0.310832
vt 0.784346 0.324123
vt 0.778224 0.338892
vt 0.770648 0.316824
vt 0.763365 0.334406
vt 0.792050 0.343079
vt 0.784346 0.324123
vt 0.778224 0.338892
vt 0.759652 0.353070
vt 0.778224 0.338892
vt 0.763365 0.334406
vt 0.775101 0.354571
vt 0.792050 0.343079
vt 0.778224 0.338892
vt 0.775097 0.370558
vt 0.759652 0.353070
vt 0.759652 0.372100
vt 0.789473 0.369136
vt 0.775101 0.354571
vt 0.775097 0.370558
vt 0.763365 0.390765
vt 0.775097 0.370558
vt 0.759652 0.372100
vt 0.792034 0.382040
vt 0.775097 0.370558
vt 0.778212 0.386239
vt 0.770647 0.408346
vt 0.778212 0.386239
vt 0.763365 0.390765
vt 0.797063 0.394196
vt 0.778212 0.386239
vt 0.784326 0.401011
vt 0.793205 0.414307
vt 0.770647 0.408346
vt 0.781220 0.424169
vt 0.804368 0.405138
vt 0.784326 0.401011
vt 0.793205 0.414307
vt 0.794676 0.437626
vt 0.793205 0.414307
vt 0.781220 0.424169
vt 0.804507 0.425614
vt 0.804368 0.405138
vt 0.793205 0.414307
vt 0.817798 0.434500
vt 0.794676 0.437626
vt 0.810499 0.448199
vt 0.817798 0.434500
vt 0.813666 0.414444
vt 0.804507 0.425614
vt 0.828080 0.455481
vt 0.817798 0.434500
vt 0.810499 0.448199
vt 0.836754 0.426796
vt 0.817798 0.434500
vt 0.832566 0.440622
vt 0.846745 0.459194
vt 0.832566 0.440622
vt 0.828080 0.455481
vt 0.848246 0.443745
vt 0.836754 0.426796
vt 0.832566 0.440622
vt 0.865775 0.459193
vt 0.848246 0.443745
vt 0.846745 0.459194
vt 0.864233 0.443749
vt 0.849655 0.429368
vt 0.848246 0.443745
vt 0.879913 0.440634
vt 0.865775 0.459193
vt 0.884439 0.455481
vt 0.875714 0.426813
vt 0.864233 0.443749
vt 0.879913 0.440634
vt 0.894685 0.434519
vt 0.884439 0.455481
vt 0.902020 0.448198
vt 0.887870 0.421783
vt 0.879913 0.440634
vt 0.894685 0.434519
vt 0.917843 0.437626
vt 0.894685 0.434519
vt 0.902020 0.448198
vt 0.907980 0.425641
vt 0.887870 0.421783
vt 0.894685 0.434519
vt 0.919287 0.414339
vt 0.917843 0.437626
vt 0.931298 0.424169
vt 0.919287 0.414339
vt 0.898811 0.414479
vt 0.907980 0.425641
vt 0.928172 0.401049
vt 0.931298 0.424169
vt 0.941870 0.408347
vt 0.915429 0.394245
vt 0.919287 0.414339
vt 0.928172 0.401049
vt 0.934293 0.386280
vt 0.941870 0.408347
vt 0.949152 0.390765
vt 0.920468 0.382093
vt 0.928172 0.401049
vt 0.934293 0.386280
vt 0.937416 0.370601
vt 0.949152 0.390765
vt 0.952864 0.372102
vt 0.937416 0.370601
vt 0.920468 0.382093
vt 0.934293 0.386280
vt 0.937420 0.354614
vt 0.952864 0.372102
vt 0.952864 0.353072
vt 0.923045 0.356036
vt 0.937416 0.370601
vt 0.937420 0.354614
vt 0.934305 0.338933
vt 0.952864 0.353072
vt 0.949152 0.334408
vt 0.934305 0.338933
vt 0.923045 0.356036
vt 0.937420 0.354614
vt 0.928191 0.324162
vt 0.949152 0.334408
vt 0.941870 0.316827
vt 0.915455 0.330977
vt 0.934305 0.338933
vt 0.928191 0.324162
vt 0.919313 0.310867
vt 0.941870 0.316827
vt 0.931299 0.301005
vt 0.908151 0.320035
vt 0.928191 0.324162
vt 0.919313 0.310867
vt 0.807068 0.714593
vt 0.803521 0.702612
vt 0.798427 0.708819
vt 0.798427 0.708819
vt 0.797285 0.696376
vt 0.791078 0.701470
vt 0.791078 0.701470
vt 0.792385 0.689044
vt 0.785304 0.692829
vt 0.792385 0.689044
vt 0.781326 0.683227
vt 0.785304 0.692829
vt 0.781326 0.683227
vt 0.787290 0.672247
vt 0.779299 0.673034
vt 0.787290 0.672247
vt 0.779299 0.662641
vt 0.779299 0.673034
vt 0.779299 0.662641
vt 0.789010 0.654778
vt 0.781326 0.652447
vt 0.789010 0.654778
vt 0.785304 0.642845
vt 0.781326 0.652447
vt 0.785304 0.642845
vt 0.797285 0.639298
vt 0.791078 0.634204
vt 0.797285 0.639298
vt 0.798427 0.626855
vt 0.791078 0.634204
vt 0.803520 0.633062
vt 0.807068 0.621081
vt 0.798427 0.626855
vt 0.807068 0.621081
vt 0.819001 0.624787
vt 0.816670 0.617103
vt 0.819001 0.624787
vt 0.826863 0.615076
vt 0.816670 0.617103
vt 0.826863 0.615076
vt 0.836469 0.623067
vt 0.837256 0.615076
vt 0.836469 0.623067
vt 0.847450 0.617103
vt 0.837256 0.615076
vt 0.847450 0.617103
vt 0.853267 0.628162
vt 0.857052 0.621081
vt 0.853267 0.628162
vt 0.865693 0.626855
vt 0.857052 0.621081
vt 0.860599 0.633062
vt 0.873042 0.634204
vt 0.865693 0.626855
vt 0.873042 0.634204
vt 0.871735 0.646631
vt 0.878816 0.642845
vt 0.878816 0.642845
vt 0.875109 0.654778
vt 0.882794 0.652447
vt 0.875109 0.654778
vt 0.884821 0.662641
vt 0.882794 0.652447
vt 0.884821 0.662641
vt 0.876830 0.672247
vt 0.884821 0.673034
vt 0.876830 0.672247
vt 0.882794 0.683227
vt 0.884821 0.673034
vt 0.875109 0.680896
vt 0.878816 0.692829
vt 0.882794 0.683227
vt 0.878816 0.692829
vt 0.866835 0.696377
vt 0.873042 0.701471
vt 0.873042 0.701471
vt 0.860599 0.702613
vt 0.865693 0.708820
vt 0.860599 0.702613
vt 0.857052 0.714594
vt 0.865693 0.708820
vt 0.857052 0.714594
vt 0.845119 0.710887
vt 0.847450 0.718571
vt 0.845119 0.710887
vt 0.837256 0.720598
vt 0.847450 0.718571
vt 0.837256 0.720598
vt 0.827650 0.712607
vt 0.826863 0.720598
vt 0.826863 0.720598
vt 0.819001 0.710887
vt 0.816670 0.718571
vt 0.816670 0.718571
vt 0.810853 0.707512
vt 0.807068 0.714593
vt 0.415525 0.169797
vt 0.410978 0.160643
vt 0.410977 0.170272
vt 0.499161 0.144519
vt 0.506863 0.151237
vt 0.503181 0.142338
vt 0.415531 0.161062
vt 0.412854 0.151198
vt 0.410978 0.160643
vt 0.502495 0.152592
vt 0.508739 0.160681
vt 0.506863 0.151237
vt 0.417239 0.152496
vt 0.416538 0.142300
vt 0.412854 0.151198
vt 0.504193 0.161159
vt 0.508739 0.170307
vt 0.508739 0.160681
vt 0.420585 0.144429
vt 0.421888 0.134291
vt 0.416538 0.142300
vt 0.504189 0.169891
vt 0.506867 0.179741
vt 0.508739 0.170307
vt 0.425442 0.137170
vt 0.428699 0.127481
vt 0.421888 0.134291
vt 0.502489 0.178451
vt 0.503205 0.188617
vt 0.506867 0.179741
vt 0.431623 0.130998
vt 0.436710 0.122132
vt 0.428699 0.127481
vt 0.454912 0.214403
vt 0.446797 0.208152
vt 0.445495 0.212525
vt 0.499168 0.186513
vt 0.497927 0.196593
vt 0.503205 0.188617
vt 0.438891 0.126152
vt 0.445609 0.118450
vt 0.436710 0.122132
vt 0.464024 0.209907
vt 0.454912 0.214403
vt 0.464479 0.214401
vt 0.494373 0.193780
vt 0.491315 0.203401
vt 0.497927 0.196593
vt 0.446963 0.122818
vt 0.455056 0.116576
vt 0.445609 0.118450
vt 0.446797 0.208152
vt 0.436616 0.208831
vt 0.445495 0.212525
vt 0.488305 0.200015
vt 0.483736 0.209033
vt 0.491315 0.203401
vt 0.455531 0.121124
vt 0.464686 0.116582
vt 0.455056 0.116576
vt 0.438751 0.204793
vt 0.428625 0.203468
vt 0.436616 0.208831
vt 0.480983 0.205196
vt 0.473778 0.212594
vt 0.482510 0.209487
vt 0.464265 0.121136
vt 0.474130 0.118467
vt 0.464686 0.116582
vt 0.431510 0.199923
vt 0.421834 0.196644
vt 0.428625 0.203468
vt 0.472586 0.208318
vt 0.464479 0.214401
vt 0.473778 0.212594
vt 0.474130 0.118467
vt 0.480893 0.126204
vt 0.483024 0.122158
vt 0.425357 0.193729
vt 0.416505 0.188623
vt 0.421834 0.196644
vt 0.480893 0.126204
vt 0.491028 0.127514
vt 0.483024 0.122158
vt 0.420529 0.186452
vt 0.412844 0.179717
vt 0.416505 0.188623
vt 0.488148 0.131066
vt 0.497834 0.134328
vt 0.491028 0.127514
vt 0.417214 0.178369
vt 0.410977 0.170272
vt 0.412844 0.179717
vt 0.455333 0.209874
vt 0.447020 0.207423
vt 0.446797 0.208152
vt 0.446797 0.208152
vt 0.439113 0.204120
vt 0.438751 0.204793
vt 0.439113 0.204120
vt 0.431510 0.199923
vt 0.438751 0.204793
vt 0.431997 0.199333
vt 0.425357 0.193729
vt 0.431510 0.199923
vt 0.425357 0.193729
vt 0.421205 0.186093
vt 0.420529 0.186452
vt 0.421205 0.186093
vt 0.417214 0.178369
vt 0.420529 0.186452
vt 0.417947 0.178149
vt 0.415525 0.169797
vt 0.417214 0.178369
vt 0.416286 0.169723
vt 0.415531 0.161062
vt 0.415525 0.169797
vt 0.415531 0.161062
vt 0.417971 0.152718
vt 0.417239 0.152496
vt 0.417971 0.152718
vt 0.420585 0.144429
vt 0.417239 0.152496
vt 0.421260 0.144790
vt 0.425442 0.137170
vt 0.420585 0.144429
vt 0.426033 0.137655
vt 0.431623 0.130998
vt 0.425442 0.137170
vt 0.432108 0.131590
vt 0.438891 0.126152
vt 0.431623 0.130998
vt 0.439251 0.126827
vt 0.446963 0.122818
vt 0.438891 0.126152
vt 0.446963 0.122818
vt 0.455605 0.121886
vt 0.455531 0.121124
vt 0.455605 0.121886
vt 0.464265 0.121136
vt 0.455531 0.121124
vt 0.464265 0.121136
vt 0.472605 0.123583
vt 0.472828 0.122851
vt 0.472605 0.123583
vt 0.480893 0.126204
vt 0.472828 0.122851
vt 0.480531 0.126879
vt 0.488148 0.131066
vt 0.480893 0.126204
vt 0.488148 0.131066
vt 0.493725 0.137735
vt 0.494316 0.137250
vt 0.493725 0.137735
vt 0.499161 0.144519
vt 0.494316 0.137250
vt 0.498486 0.144879
vt 0.502495 0.152592
vt 0.499161 0.144519
vt 0.502495 0.152592
vt 0.503431 0.161234
vt 0.504193 0.161159
vt 0.504193 0.161159
vt 0.503428 0.169816
vt 0.504189 0.169891
vt 0.503428 0.169816
vt 0.502489 0.178451
vt 0.504189 0.169891
vt 0.501757 0.178230
vt 0.499168 0.186513
vt 0.502489 0.178451
vt 0.499168 0.186513
vt 0.493779 0.193303
vt 0.494373 0.193780
vt 0.493779 0.193303
vt 0.488305 0.200015
vt 0.494373 0.193780
vt 0.487810 0.199438
vt 0.480983 0.205196
vt 0.488305 0.200015
vt 0.480614 0.204493
vt 0.472586 0.208318
vt 0.480983 0.205196
vt 0.472380 0.207574
vt 0.464024 0.209907
vt 0.472586 0.208318
vt 0.463956 0.209149
vt 0.455333 0.209874
vt 0.464024 0.209907
vt 0.961015 0.469113
vt 0.959278 0.467411
vt 0.959278 0.469113
vt 0.962753 0.469113
vt 0.961015 0.467411
vt 0.961015 0.469113
vt 0.948855 0.469113
vt 0.950592 0.467411
vt 0.948855 0.467411
vt 0.952330 0.469113
vt 0.950592 0.467411
vt 0.950592 0.469113
vt 0.952330 0.469113
vt 0.954067 0.467411
vt 0.952330 0.467411
vt 0.955804 0.469113
vt 0.954067 0.467411
vt 0.954067 0.469113
vt 0.994586 0.252527
vt 0.991620 0.253755
vt 0.992849 0.256721
vt 0.957541 0.469113
vt 0.955804 0.467411
vt 0.955804 0.469113
vt 0.959278 0.469113
vt 0.957541 0.467411
vt 0.957541 0.469113
vt 0.985186 0.361952
vt 0.986888 0.360215
vt 0.985186 0.360215
vt 0.985186 0.363690
vt 0.986888 0.361952
vt 0.985186 0.361952
vt 0.985186 0.365427
vt 0.986888 0.363690
vt 0.985186 0.363690
vt 0.985186 0.365427
vt 0.986888 0.367164
vt 0.986888 0.365427
vt 0.985186 0.368901
vt 0.986888 0.367164
vt 0.985186 0.367164
vt 0.985186 0.370638
vt 0.986888 0.368901
vt 0.985186 0.368901
vt 0.392650 0.009029
vt 0.392650 0.007292
vt 0.391422 0.006064
vt 0.985186 0.358478
vt 0.986888 0.356741
vt 0.985186 0.356741
vt 0.985186 0.360215
vt 0.986888 0.358478
vt 0.985186 0.358478
vt 0.987154 0.169537
vt 0.985452 0.171274
vt 0.987154 0.171274
vt 0.987154 0.167800
vt 0.985452 0.169537
vt 0.987154 0.169537
vt 0.987154 0.166063
vt 0.985452 0.167800
vt 0.987154 0.167800
vt 0.987154 0.164326
vt 0.985452 0.166063
vt 0.987154 0.166063
vt 0.987154 0.162589
vt 0.985452 0.164326
vt 0.987154 0.164326
vt 0.987154 0.160851
vt 0.985452 0.162589
vt 0.987154 0.162589
vt 0.995814 0.231078
vt 0.994586 0.228112
vt 0.991620 0.229340
vt 0.987154 0.159114
vt 0.985452 0.160851
vt 0.987154 0.160851
vt 0.987154 0.157377
vt 0.985452 0.159114
vt 0.987154 0.159114
vt 0.986854 0.194189
vt 0.985152 0.195927
vt 0.986854 0.195927
vt 0.986854 0.192452
vt 0.985152 0.194189
vt 0.986854 0.194189
vt 0.986854 0.192452
vt 0.985152 0.190715
vt 0.985152 0.192452
vt 0.986854 0.188978
vt 0.985152 0.190715
vt 0.986854 0.190715
vt 0.986854 0.202875
vt 0.985152 0.201138
vt 0.985152 0.202875
vt 0.986854 0.201138
vt 0.985152 0.199401
vt 0.985152 0.201138
vt 0.166196 0.009477
vt 0.169162 0.010705
vt 0.170390 0.007740
vt 0.986854 0.197664
vt 0.985152 0.199401
vt 0.986854 0.199401
vt 0.986854 0.195927
vt 0.985152 0.197664
vt 0.986854 0.197664
vt 0.271935 0.017448
vt 0.273672 0.019150
vt 0.273672 0.017448
vt 0.270198 0.017448
vt 0.271935 0.019150
vt 0.271935 0.017448
vt 0.268461 0.017448
vt 0.270198 0.019150
vt 0.270198 0.017448
vt 0.280621 0.017448
vt 0.282358 0.019150
vt 0.282358 0.017448
vt 0.278884 0.017448
vt 0.280621 0.019150
vt 0.280621 0.017448
vt 0.277147 0.017448
vt 0.278884 0.019150
vt 0.278884 0.017448
vt 0.445579 0.004540
vt 0.444350 0.007506
vt 0.447316 0.008734
vt 0.275410 0.017448
vt 0.277147 0.019150
vt 0.277147 0.017448
vt 0.273672 0.017448
vt 0.275410 0.019150
vt 0.275410 0.017448
vt 0.986888 0.345253
vt 0.985186 0.346990
vt 0.986888 0.346990
vt 0.986888 0.343516
vt 0.985186 0.345253
vt 0.986888 0.345253
vt 0.986888 0.341779
vt 0.985186 0.343516
vt 0.986888 0.343516
vt 0.986888 0.341779
vt 0.985186 0.340041
vt 0.985186 0.341779
vt 0.986888 0.338304
vt 0.985186 0.340041
vt 0.986888 0.340041
vt 0.986888 0.336567
vt 0.985186 0.338304
vt 0.986888 0.338304
vt 0.040689 0.008403
vt 0.041918 0.007175
vt 0.037724 0.005437
vt 0.986888 0.334830
vt 0.985186 0.336567
vt 0.986888 0.336567
vt 0.986888 0.348727
vt 0.985186 0.346990
vt 0.985186 0.348727
vt 0.986504 0.699713
vt 0.984802 0.701451
vt 0.986504 0.701451
vt 0.986504 0.697976
vt 0.984802 0.699713
vt 0.986504 0.699713
vt 0.986504 0.696239
vt 0.984802 0.697976
vt 0.986504 0.697976
vt 0.986504 0.694502
vt 0.984802 0.696239
vt 0.986504 0.696239
vt 0.986504 0.694502
vt 0.984802 0.692765
vt 0.984802 0.694502
vt 0.986504 0.706662
vt 0.984802 0.704925
vt 0.984802 0.706662
vt 0.992712 0.631997
vt 0.990975 0.631997
vt 0.992712 0.636191
vt 0.986504 0.703188
vt 0.984802 0.704925
vt 0.986504 0.704925
vt 0.986504 0.701451
vt 0.984802 0.703188
vt 0.986504 0.703188
vt 0.735117 0.731980
vt 0.724758 0.729092
vt 0.724758 0.731981
vt 0.981109 0.067106
vt 0.983998 0.077466
vt 0.983998 0.067106
vt 0.444350 0.025719
vt 0.453321 0.016748
vt 0.444350 0.016748
vt 0.823957 0.018454
vt 0.826846 0.028813
vt 0.826846 0.018454
vt 0.823957 0.028813
vt 0.822975 0.019148
vt 0.822975 0.028119
vt 0.972984 0.966468
vt 0.982649 0.965486
vt 0.972289 0.965486
vt 0.980127 0.067800
vt 0.981109 0.077466
vt 0.981109 0.067106
vt 0.725452 0.732962
vt 0.735117 0.731980
vt 0.724758 0.731981
vt 0.972289 0.962597
vt 0.982649 0.965486
vt 0.982649 0.962597
vt 0.962727 0.560144
vt 0.971742 0.560095
vt 0.963150 0.559721
vt 0.934148 0.950692
vt 0.925933 0.949707
vt 0.925933 0.950692
vt 0.988359 0.622372
vt 0.989344 0.610915
vt 0.988359 0.610915
vt 0.989344 0.623020
vt 0.988359 0.622696
vt 0.988359 0.623020
vt 0.989344 0.622372
vt 0.988359 0.622696
vt 0.989344 0.622696
vt 0.988359 0.610267
vt 0.989344 0.610591
vt 0.989344 0.610267
vt 0.988359 0.610915
vt 0.989344 0.610591
vt 0.988359 0.610591
vt 0.095905 0.016922
vt 0.094920 0.008330
vt 0.094920 0.016922
vt 0.544987 0.024255
vt 0.542457 0.027145
vt 0.544987 0.027145
vt 0.542457 0.034000
vt 0.544987 0.036889
vt 0.544987 0.034000
vt 0.539567 0.034000
vt 0.542457 0.027145
vt 0.539567 0.027145
vt 0.544987 0.027145
vt 0.547876 0.034000
vt 0.547876 0.027145
vt 0.542457 0.027145
vt 0.544987 0.034000
vt 0.544987 0.027145
vt 0.557433 0.015828
vt 0.557215 0.018697
vt 0.558759 0.017153
vt 0.559302 0.013959
vt 0.562171 0.013741
vt 0.560846 0.012415
vt 0.560627 0.015284
vt 0.557433 0.015828
vt 0.558759 0.017153
vt 0.560302 0.018697
vt 0.560627 0.015284
vt 0.558759 0.017153
vt 0.559302 0.013959
vt 0.555889 0.014284
vt 0.557433 0.015828
vt 0.994445 0.028614
vt 0.994367 0.027590
vt 0.993894 0.028063
vt 0.993227 0.027396
vt 0.993149 0.026372
vt 0.992676 0.026845
vt 0.993700 0.026923
vt 0.993894 0.028063
vt 0.994367 0.027590
vt 0.994918 0.027039
vt 0.993700 0.026923
vt 0.994367 0.027590
vt 0.993227 0.027396
vt 0.993343 0.028614
vt 0.993894 0.028063
vt 0.400664 0.009784
vt 0.401688 0.009706
vt 0.401215 0.009234
vt 0.402355 0.009040
vt 0.402433 0.008015
vt 0.401882 0.008566
vt 0.401688 0.009706
vt 0.401882 0.008566
vt 0.401215 0.009234
vt 0.402239 0.010258
vt 0.402355 0.009040
vt 0.401688 0.009706
vt 0.401882 0.008566
vt 0.400664 0.008682
vt 0.401215 0.009234
vt 0.993238 0.983495
vt 0.993316 0.984519
vt 0.993789 0.984046
vt 0.993983 0.985186
vt 0.995007 0.985264
vt 0.994456 0.984713
vt 0.993316 0.984519
vt 0.994456 0.984713
vt 0.993789 0.984046
vt 0.993432 0.985737
vt 0.993316 0.984519
vt 0.992765 0.985070
vt 0.994456 0.984713
vt 0.994340 0.983495
vt 0.993789 0.984046
vt 0.677833 0.022925
vt 0.679683 0.018343
vt 0.677833 0.018343
vt 0.672032 0.018343
vt 0.670183 0.022925
vt 0.672032 0.022925
vt 0.672032 0.016494
vt 0.677833 0.018343
vt 0.677833 0.016494
vt 0.672032 0.022925
vt 0.677833 0.024774
vt 0.677833 0.022925
vt 0.672032 0.018343
vt 0.677833 0.022925
vt 0.677833 0.018343
vt 0.988856 0.508558
vt 0.989841 0.508847
vt 0.989841 0.508558
vt 0.988856 0.509136
vt 0.989841 0.508847
vt 0.988856 0.508847
vt 0.988856 0.521062
vt 0.989841 0.509136
vt 0.988856 0.509136
vt 0.991775 0.880399
vt 0.991642 0.879725
vt 0.991645 0.880391
vt 0.991518 0.880365
vt 0.991642 0.879725
vt 0.991518 0.879727
vt 0.991398 0.880372
vt 0.991518 0.879727
vt 0.991391 0.879731
vt 0.991908 0.880371
vt 0.991769 0.879723
vt 0.991775 0.880399
vt 0.991769 0.879723
vt 0.991632 0.878970
vt 0.991642 0.879725
vt 0.991642 0.879725
vt 0.991491 0.878970
vt 0.991518 0.879727
vt 0.991391 0.879731
vt 0.991491 0.878970
vt 0.991352 0.878980
vt 0.991769 0.879723
vt 0.991911 0.878973
vt 0.991772 0.878970
vt 0.991772 0.878970
vt 0.991627 0.878280
vt 0.991632 0.878970
vt 0.991632 0.878970
vt 0.991468 0.878281
vt 0.991491 0.878970
vt 0.991352 0.878980
vt 0.991468 0.878281
vt 0.991309 0.878284
vt 0.991772 0.878970
vt 0.991942 0.878283
vt 0.991784 0.878280
vt 0.991627 0.878280
vt 0.991777 0.876804
vt 0.991624 0.876804
vt 0.991468 0.878281
vt 0.991624 0.876804
vt 0.991477 0.876803
vt 0.991468 0.878281
vt 0.991331 0.876802
vt 0.991309 0.878284
vt 0.991942 0.878283
vt 0.991777 0.876804
vt 0.991784 0.878280
vt 0.991624 0.876804
vt 0.991776 0.874757
vt 0.991622 0.874758
vt 0.991477 0.876803
vt 0.991622 0.874758
vt 0.991475 0.874758
vt 0.991477 0.876803
vt 0.991327 0.874759
vt 0.991331 0.876802
vt 0.991931 0.876804
vt 0.991776 0.874757
vt 0.991777 0.876804
vt 0.991776 0.874757
vt 0.991616 0.873327
vt 0.991622 0.874758
vt 0.991622 0.874758
vt 0.991464 0.873328
vt 0.991475 0.874758
vt 0.991327 0.874759
vt 0.991464 0.873328
vt 0.991312 0.873332
vt 0.991776 0.874757
vt 0.991924 0.873328
vt 0.991770 0.873327
vt 0.991770 0.873327
vt 0.991613 0.872546
vt 0.991616 0.873327
vt 0.991616 0.873327
vt 0.991449 0.872547
vt 0.991464 0.873328
vt 0.991312 0.873332
vt 0.991449 0.872547
vt 0.991285 0.872548
vt 0.991770 0.873327
vt 0.991942 0.872544
vt 0.991776 0.872545
vt 0.991613 0.872546
vt 0.991761 0.871587
vt 0.991611 0.871586
vt 0.991449 0.872547
vt 0.991611 0.871586
vt 0.991464 0.871586
vt 0.991449 0.872547
vt 0.991315 0.871584
vt 0.991285 0.872548
vt 0.991942 0.872544
vt 0.991761 0.871587
vt 0.991776 0.872545
vt 0.991761 0.871587
vt 0.991606 0.870598
vt 0.991611 0.871586
vt 0.991611 0.871586
vt 0.991456 0.870633
vt 0.991464 0.871586
vt 0.991315 0.871584
vt 0.991456 0.870633
vt 0.991306 0.870610
vt 0.991761 0.871587
vt 0.991933 0.870609
vt 0.991771 0.870571
vt 0.977247 0.140741
vt 0.977096 0.138643
vt 0.977107 0.140752
vt 0.977107 0.140752
vt 0.976956 0.138644
vt 0.976967 0.140762
vt 0.976827 0.140753
vt 0.976956 0.138644
vt 0.976816 0.138644
vt 0.977247 0.140741
vt 0.977377 0.138641
vt 0.977236 0.138642
vt 0.977236 0.138642
vt 0.977076 0.135243
vt 0.977096 0.138643
vt 0.977096 0.138643
vt 0.976937 0.135243
vt 0.976956 0.138644
vt 0.976816 0.138644
vt 0.976937 0.135243
vt 0.976799 0.135245
vt 0.977236 0.138642
vt 0.977359 0.135241
vt 0.977217 0.135242
vt 0.977217 0.135242
vt 0.977064 0.133062
vt 0.977076 0.135243
vt 0.977076 0.135243
vt 0.976919 0.133062
vt 0.976937 0.135243
vt 0.976799 0.135245
vt 0.976919 0.133062
vt 0.976774 0.133066
vt 0.977217 0.135242
vt 0.977355 0.133064
vt 0.977209 0.133062
vt 0.977209 0.133062
vt 0.977059 0.132295
vt 0.977064 0.133062
vt 0.977064 0.133062
vt 0.976911 0.132294
vt 0.976919 0.133062
vt 0.976774 0.133066
vt 0.976911 0.132294
vt 0.976756 0.132295
vt 0.977209 0.133062
vt 0.977370 0.132296
vt 0.977218 0.132295
vt 0.977059 0.132295
vt 0.977213 0.131336
vt 0.977059 0.131336
vt 0.977059 0.132295
vt 0.976911 0.131334
vt 0.976911 0.132294
vt 0.976911 0.132294
vt 0.976761 0.131332
vt 0.976756 0.132295
vt 0.977218 0.132295
vt 0.977366 0.131335
vt 0.977213 0.131336
vt 0.977059 0.131336
vt 0.977210 0.130251
vt 0.977061 0.130251
vt 0.977059 0.131336
vt 0.976909 0.130250
vt 0.976911 0.131334
vt 0.976911 0.131334
vt 0.976763 0.130248
vt 0.976761 0.131332
vt 0.977213 0.131336
vt 0.977365 0.130250
vt 0.977210 0.130251
vt 0.977061 0.130251
vt 0.977207 0.129099
vt 0.977063 0.129098
vt 0.976909 0.130250
vt 0.977063 0.129098
vt 0.976923 0.129098
vt 0.976909 0.130250
vt 0.976783 0.129097
vt 0.976763 0.130248
vt 0.977365 0.130250
vt 0.977207 0.129099
vt 0.977210 0.130251
vt 0.977207 0.129099
vt 0.977067 0.127931
vt 0.977063 0.129098
vt 0.976923 0.129098
vt 0.977067 0.127931
vt 0.976925 0.127931
vt 0.976783 0.129097
vt 0.976925 0.127931
vt 0.976779 0.127932
vt 0.977353 0.129099
vt 0.977215 0.127932
vt 0.977207 0.129099
vt 0.977215 0.127932
vt 0.977070 0.126976
vt 0.977067 0.127931
vt 0.976925 0.127931
vt 0.977070 0.126976
vt 0.976921 0.126976
vt 0.976779 0.127932
vt 0.976921 0.126976
vt 0.976773 0.126976
vt 0.977361 0.127933
vt 0.977221 0.126976
vt 0.977215 0.127932
vt 0.977070 0.126976
vt 0.977216 0.125561
vt 0.977071 0.125561
vt 0.977070 0.126976
vt 0.976926 0.125561
vt 0.976921 0.126976
vt 0.976921 0.126976
vt 0.976781 0.125561
vt 0.976773 0.126976
vt 0.977221 0.126976
vt 0.977364 0.125561
vt 0.977216 0.125561
vt 0.977216 0.125561
vt 0.977069 0.123645
vt 0.977071 0.125561
vt 0.977071 0.125561
vt 0.976923 0.123645
vt 0.976926 0.125561
vt 0.976781 0.125561
vt 0.976923 0.123645
vt 0.976778 0.123646
vt 0.977216 0.125561
vt 0.977368 0.123646
vt 0.977218 0.123645
vt 0.977218 0.123645
vt 0.977070 0.122409
vt 0.977069 0.123645
vt 0.977069 0.123645
vt 0.976916 0.122408
vt 0.976923 0.123645
vt 0.976778 0.123646
vt 0.976916 0.122408
vt 0.976763 0.122412
vt 0.977218 0.123645
vt 0.977378 0.122412
vt 0.977224 0.122409
vt 0.977224 0.122409
vt 0.977066 0.121571
vt 0.977070 0.122409
vt 0.977070 0.122409
vt 0.976903 0.121571
vt 0.976916 0.122408
vt 0.976763 0.122412
vt 0.976903 0.121571
vt 0.976739 0.121576
vt 0.977224 0.122409
vt 0.977405 0.121576
vt 0.977236 0.121571
vt 0.977236 0.121571
vt 0.977073 0.120280
vt 0.977066 0.121571
vt 0.977066 0.121571
vt 0.976890 0.120278
vt 0.976903 0.121571
vt 0.976739 0.121576
vt 0.976890 0.120278
vt 0.976707 0.120278
vt 0.977236 0.121571
vt 0.977439 0.120282
vt 0.977255 0.120280
vt 0.977073 0.120280
vt 0.977256 0.118264
vt 0.977073 0.118290
vt 0.976890 0.120278
vt 0.977073 0.118290
vt 0.976907 0.118313
vt 0.976890 0.120278
vt 0.976742 0.118288
vt 0.976707 0.120278
vt 0.977439 0.120282
vt 0.977256 0.118264
vt 0.977255 0.120280
vt 0.946342 0.844614
vt 0.947108 0.843875
vt 0.946345 0.843875
vt 0.945583 0.844599
vt 0.946345 0.843875
vt 0.945574 0.843880
vt 0.945583 0.844599
vt 0.944808 0.843884
vt 0.944827 0.844692
vt 0.947862 0.844684
vt 0.947108 0.843875
vt 0.947101 0.844697
vt 0.946345 0.843875
vt 0.947105 0.842598
vt 0.946339 0.842601
vt 0.945574 0.843880
vt 0.946339 0.842601
vt 0.945575 0.842602
vt 0.945574 0.843880
vt 0.944814 0.842603
vt 0.944808 0.843884
vt 0.947865 0.843877
vt 0.947105 0.842598
vt 0.947108 0.843875
vt 0.946339 0.842601
vt 0.947109 0.841031
vt 0.946336 0.841033
vt 0.945575 0.842602
vt 0.946336 0.841033
vt 0.945570 0.841034
vt 0.945575 0.842602
vt 0.944806 0.841041
vt 0.944814 0.842603
vt 0.947868 0.842601
vt 0.947109 0.841031
vt 0.947105 0.842598
vt 0.946336 0.841033
vt 0.947124 0.839371
vt 0.946331 0.839375
vt 0.945570 0.841034
vt 0.946331 0.839375
vt 0.945557 0.839380
vt 0.945570 0.841034
vt 0.944783 0.839392
vt 0.944806 0.841041
vt 0.947881 0.841042
vt 0.947124 0.839371
vt 0.947109 0.841031
vt 0.946331 0.839375
vt 0.947147 0.837800
vt 0.946310 0.837820
vt 0.945557 0.839380
vt 0.946310 0.837820
vt 0.945534 0.837830
vt 0.945557 0.839380
vt 0.944750 0.837845
vt 0.944783 0.839392
vt 0.947917 0.839396
vt 0.947147 0.837800
vt 0.947124 0.839371
vt 0.946310 0.837820
vt 0.947172 0.836543
vt 0.946290 0.836541
vt 0.945534 0.837830
vt 0.946290 0.836541
vt 0.945514 0.836542
vt 0.945534 0.837830
vt 0.944704 0.836542
vt 0.944750 0.837845
vt 0.947993 0.837848
vt 0.947172 0.836543
vt 0.947147 0.837800
vt 0.947172 0.836543
vt 0.946307 0.835238
vt 0.946290 0.836541
vt 0.946290 0.836541
vt 0.945532 0.835229
vt 0.945514 0.836542
vt 0.944704 0.836542
vt 0.945532 0.835229
vt 0.944754 0.835205
vt 0.947172 0.836543
vt 0.948011 0.835209
vt 0.947158 0.835258
vt 0.947158 0.835258
vt 0.946326 0.833910
vt 0.946307 0.835238
vt 0.946307 0.835238
vt 0.945565 0.833899
vt 0.945532 0.835229
vt 0.944754 0.835205
vt 0.945565 0.833899
vt 0.944808 0.833876
vt 0.947158 0.835258
vt 0.947928 0.833880
vt 0.947130 0.833919
vt 0.947130 0.833919
vt 0.946340 0.832558
vt 0.946326 0.833910
vt 0.946326 0.833910
vt 0.945591 0.832550
vt 0.945565 0.833899
vt 0.944808 0.833876
vt 0.945591 0.832550
vt 0.944845 0.832535
vt 0.947130 0.833919
vt 0.947873 0.832540
vt 0.947109 0.832562
vt 0.947109 0.832562
vt 0.946352 0.831225
vt 0.946340 0.832558
vt 0.946340 0.832558
vt 0.945606 0.831218
vt 0.945591 0.832550
vt 0.944845 0.832535
vt 0.945606 0.831218
vt 0.944862 0.831212
vt 0.947109 0.832562
vt 0.947844 0.831220
vt 0.947100 0.831229
vt 0.947100 0.831229
vt 0.946366 0.829973
vt 0.946352 0.831225
vt 0.946352 0.831225
vt 0.945615 0.829966
vt 0.945606 0.831218
vt 0.944862 0.831212
vt 0.945615 0.829966
vt 0.944864 0.829957
vt 0.947100 0.831229
vt 0.947834 0.829972
vt 0.947099 0.829974
vt 0.946366 0.829973
vt 0.947097 0.828869
vt 0.946364 0.828867
vt 0.945615 0.829966
vt 0.946364 0.828867
vt 0.945630 0.828863
vt 0.945615 0.829966
vt 0.944890 0.828855
vt 0.944864 0.829957
vt 0.947834 0.829972
vt 0.947097 0.828869
vt 0.947099 0.829974
vt 0.946364 0.828867
vt 0.947111 0.827280
vt 0.946368 0.827275
vt 0.945630 0.828863
vt 0.946368 0.827275
vt 0.945636 0.827270
vt 0.945630 0.828863
vt 0.944897 0.827267
vt 0.944890 0.828855
vt 0.947836 0.828875
vt 0.947111 0.827280
vt 0.947097 0.828869
vt 0.947111 0.827280
vt 0.946389 0.824745
vt 0.946368 0.827275
vt 0.946368 0.827275
vt 0.945651 0.824741
vt 0.945636 0.827270
vt 0.944897 0.827267
vt 0.945651 0.824741
vt 0.944912 0.824737
vt 0.947111 0.827280
vt 0.947864 0.824753
vt 0.947126 0.824750
vt 0.947126 0.824750
vt 0.946406 0.821640
vt 0.946389 0.824745
vt 0.946389 0.824745
vt 0.945667 0.821636
vt 0.945651 0.824741
vt 0.944912 0.824737
vt 0.945667 0.821636
vt 0.944929 0.821633
vt 0.947126 0.824750
vt 0.947882 0.821649
vt 0.947144 0.821644
vt 0.947144 0.821644
vt 0.946423 0.818313
vt 0.946406 0.821640
vt 0.946406 0.821640
vt 0.945684 0.818309
vt 0.945667 0.821636
vt 0.944929 0.821633
vt 0.945684 0.818309
vt 0.944943 0.818306
vt 0.947144 0.821644
vt 0.947906 0.818322
vt 0.947165 0.818317
vt 0.947165 0.818317
vt 0.946448 0.815114
vt 0.946423 0.818313
vt 0.946423 0.818313
vt 0.945700 0.815109
vt 0.945684 0.818309
vt 0.944943 0.818306
vt 0.945700 0.815109
vt 0.944952 0.815103
vt 0.947165 0.818317
vt 0.947931 0.815124
vt 0.947188 0.815119
vt 0.946448 0.815114
vt 0.947202 0.812422
vt 0.946464 0.812417
vt 0.945700 0.815109
vt 0.946464 0.812417
vt 0.945725 0.812411
vt 0.945700 0.815109
vt 0.944983 0.812405
vt 0.944952 0.815103
vt 0.947931 0.815124
vt 0.947202 0.812422
vt 0.947188 0.815119
vt 0.946464 0.812417
vt 0.947227 0.809873
vt 0.946477 0.809867
vt 0.945725 0.812411
vt 0.946477 0.809867
vt 0.945738 0.809862
vt 0.945725 0.812411
vt 0.944993 0.809858
vt 0.944983 0.812405
vt 0.947945 0.812429
vt 0.947227 0.809873
vt 0.947202 0.812422
vt 0.947227 0.809873
vt 0.946500 0.807006
vt 0.946477 0.809867
vt 0.946477 0.809867
vt 0.945759 0.807003
vt 0.945738 0.809862
vt 0.944993 0.809858
vt 0.945759 0.807003
vt 0.945018 0.806997
vt 0.947227 0.809873
vt 0.947982 0.807012
vt 0.947241 0.807010
vt 0.947241 0.807010
vt 0.946516 0.804048
vt 0.946500 0.807006
vt 0.946500 0.807006
vt 0.945777 0.804044
vt 0.945759 0.807003
vt 0.945018 0.806997
vt 0.945777 0.804044
vt 0.945037 0.804040
vt 0.947241 0.807010
vt 0.947994 0.804056
vt 0.947255 0.804052
vt 0.947255 0.804052
vt 0.946532 0.801186
vt 0.946516 0.804048
vt 0.946516 0.804048
vt 0.945790 0.801182
vt 0.945777 0.804044
vt 0.945037 0.804040
vt 0.945790 0.801182
vt 0.945048 0.801181
vt 0.947255 0.804052
vt 0.948015 0.801197
vt 0.947273 0.801190
vt 0.947273 0.801190
vt 0.946551 0.798615
vt 0.946532 0.801186
vt 0.946532 0.801186
vt 0.945797 0.798609
vt 0.945790 0.801182
vt 0.945048 0.801181
vt 0.945797 0.798609
vt 0.945044 0.798608
vt 0.947273 0.801190
vt 0.948042 0.798629
vt 0.947297 0.798620
vt 0.947297 0.798620
vt 0.946558 0.796553
vt 0.946551 0.798615
vt 0.946551 0.798615
vt 0.945808 0.796578
vt 0.945797 0.798609
vt 0.945044 0.798608
vt 0.945808 0.796578
vt 0.945058 0.796537
vt 0.947297 0.798620
vt 0.948072 0.796557
vt 0.947315 0.796520
vt 0.158000 0.090167
vt 0.174205 0.097889
vt 0.174174 0.091781
vt 0.160755 0.077502
vt 0.174174 0.091781
vt 0.175907 0.080737
vt 0.174205 0.097889
vt 0.161037 0.112447
vt 0.176063 0.108865
vt 0.193174 0.097595
vt 0.176063 0.108865
vt 0.194494 0.104859
vt 0.175907 0.080737
vt 0.193091 0.091854
vt 0.194461 0.084612
vt 0.174174 0.091781
vt 0.193174 0.097595
vt 0.193091 0.091854
vt 0.708311 0.755681
vt 0.691568 0.763413
vt 0.708226 0.761818
vt 0.694682 0.740991
vt 0.708311 0.755681
vt 0.710732 0.744772
vt 0.708226 0.761818
vt 0.694244 0.776140
vt 0.710382 0.772814
vt 0.728288 0.761791
vt 0.710382 0.772814
vt 0.730242 0.768840
vt 0.710732 0.744772
vt 0.728351 0.756157
vt 0.730375 0.749172
vt 0.728351 0.756157
vt 0.708226 0.761818
vt 0.728288 0.761791
vt 0.202499 0.091810
vt 0.193174 0.097595
vt 0.202578 0.097844
vt 0.194461 0.084612
vt 0.202499 0.091810
vt 0.203817 0.087416
vt 0.202578 0.097844
vt 0.194494 0.104859
vt 0.203817 0.102223
vt 0.736412 0.755942
vt 0.728288 0.761791
vt 0.736431 0.762024
vt 0.730375 0.749172
vt 0.736412 0.755942
vt 0.737825 0.751591
vt 0.736431 0.762024
vt 0.730242 0.768840
vt 0.737825 0.766453
vt 0.976741 0.049038
vt 0.983693 0.051845
vt 0.983693 0.049038
vt 0.976741 0.046954
vt 0.983693 0.049038
vt 0.983693 0.046954
vt 0.976741 0.056736
vt 0.983693 0.054652
vt 0.976741 0.054652
vt 0.976741 0.054652
vt 0.983693 0.051845
vt 0.976741 0.051845
vt 0.496816 0.012799
vt 0.497811 0.010279
vt 0.497304 0.010050
vt 0.497395 0.012799
vt 0.498335 0.010505
vt 0.497811 0.010279
vt 0.497304 0.010050
vt 0.498943 0.008790
vt 0.498576 0.008344
vt 0.497811 0.010279
vt 0.499200 0.009424
vt 0.498943 0.008790
vt 0.498943 0.016808
vt 0.497304 0.015548
vt 0.498576 0.017254
vt 0.499200 0.016174
vt 0.497811 0.015319
vt 0.498943 0.016808
vt 0.497811 0.015319
vt 0.496816 0.012799
vt 0.497304 0.015548
vt 0.498335 0.015093
vt 0.497395 0.012799
vt 0.497811 0.015319
vt 0.954147 0.555517
vt 0.952408 0.558499
vt 0.954147 0.561482
vt 0.982752 0.822786
vt 0.984454 0.821049
vt 0.982752 0.821049
vt 0.982752 0.810626
vt 0.984454 0.808889
vt 0.982752 0.808889
vt 0.982752 0.812363
vt 0.984454 0.810626
vt 0.982752 0.810626
vt 0.982752 0.814100
vt 0.984454 0.812363
vt 0.982752 0.812363
vt 0.982752 0.815837
vt 0.984454 0.814100
vt 0.982752 0.814100
vt 0.982752 0.817575
vt 0.984454 0.815837
vt 0.982752 0.815837
vt 0.126390 0.009224
vt 0.129356 0.010452
vt 0.130584 0.007487
vt 0.982752 0.817575
vt 0.984454 0.819312
vt 0.984454 0.817575
vt 0.982752 0.821049
vt 0.984454 0.819312
vt 0.982752 0.819312
vt 0.490638 0.674670
vt 0.513507 0.667351
vt 0.504996 0.660250
vt 0.335895 0.642684
vt 0.337903 0.666233
vt 0.346565 0.659611
vt 0.377302 0.501982
vt 0.392459 0.483924
vt 0.372207 0.492467
vt 0.473770 0.685971
vt 0.497582 0.683284
vt 0.490638 0.674670
vt 0.328821 0.623926
vt 0.326093 0.647440
vt 0.335895 0.642684
vt 0.395556 0.494239
vt 0.413992 0.479590
vt 0.392459 0.483924
vt 0.455051 0.693718
vt 0.478877 0.695761
vt 0.473770 0.685971
vt 0.325631 0.603897
vt 0.318248 0.626661
vt 0.328821 0.623926
vt 0.360967 0.513243
vt 0.372207 0.492467
vt 0.354048 0.504920
vt 0.360967 0.513243
vt 0.338716 0.520797
vt 0.347187 0.527591
vt 0.346565 0.659611
vt 0.353240 0.682303
vt 0.360415 0.674072
vt 0.360415 0.674072
vt 0.371499 0.695003
vt 0.376896 0.685492
vt 0.504892 0.527923
vt 0.526058 0.539816
vt 0.513570 0.520997
vt 0.490543 0.513435
vt 0.513570 0.520997
vt 0.497703 0.504970
vt 0.504996 0.660250
vt 0.526028 0.648582
vt 0.516279 0.643272
vt 0.516279 0.643272
vt 0.534656 0.627703
vt 0.524048 0.624391
vt 0.347187 0.527591
vt 0.326807 0.539470
vt 0.336506 0.544484
vt 0.376896 0.685492
vt 0.391953 0.703822
vt 0.395353 0.693410
vt 0.527999 0.604338
vt 0.534656 0.627703
vt 0.539057 0.605525
vt 0.473695 0.502045
vt 0.497703 0.504970
vt 0.479046 0.492352
vt 0.336506 0.544484
vt 0.318710 0.560210
vt 0.329260 0.563301
vt 0.395353 0.693410
vt 0.413788 0.708406
vt 0.415054 0.697506
vt 0.527980 0.583889
vt 0.539057 0.605525
vt 0.539060 0.582905
vt 0.454959 0.494239
vt 0.479046 0.492352
vt 0.458274 0.483658
vt 0.325607 0.583332
vt 0.314547 0.604682
vt 0.325631 0.603897
vt 0.329260 0.563301
vt 0.314613 0.582216
vt 0.325607 0.583332
vt 0.435219 0.697612
vt 0.458124 0.704300
vt 0.455051 0.693718
vt 0.415054 0.697506
vt 0.436139 0.708570
vt 0.435219 0.697612
vt 0.516196 0.544936
vt 0.534668 0.560717
vt 0.526058 0.539816
vt 0.527980 0.583889
vt 0.534668 0.560717
vt 0.523994 0.563831
vt 0.415096 0.490219
vt 0.436179 0.479210
vt 0.413992 0.479590
vt 0.435063 0.490356
vt 0.458274 0.483658
vt 0.436179 0.479210
vt 0.230474 0.220267
vt 0.233850 0.220267
vt 0.233850 0.209874
vt 0.173541 0.404517
vt 0.166898 0.396466
vt 0.151623 0.406941
vt 0.187962 0.389732
vt 0.179836 0.383126
vt 0.166898 0.396466
vt 0.199245 0.372360
vt 0.189953 0.367424
vt 0.179836 0.383126
vt 0.207058 0.353094
vt 0.196970 0.349999
vt 0.189953 0.367424
vt 0.211070 0.332633
vt 0.200560 0.331519
vt 0.196970 0.349999
vt 0.211070 0.311752
vt 0.200531 0.312675
vt 0.200560 0.331519
vt 0.207068 0.291257
vt 0.196912 0.294188
vt 0.200531 0.312675
vt 0.199174 0.271937
vt 0.189792 0.276778
vt 0.196912 0.294188
vt 0.187681 0.254555
vt 0.179440 0.261116
vt 0.189792 0.276778
vt 0.173056 0.239792
vt 0.166269 0.247802
vt 0.179440 0.261116
vt 0.155918 0.228200
vt 0.150840 0.237329
vt 0.166269 0.247802
vt 0.136950 0.220210
vt 0.133763 0.230097
vt 0.150840 0.237329
vt 0.116912 0.216088
vt 0.115751 0.226369
vt 0.133763 0.230097
vt 0.096471 0.216037
vt 0.097390 0.226338
vt 0.115751 0.226369
vt 0.582886 0.546969
vt 0.591162 0.553761
vt 0.604448 0.540475
vt 0.571282 0.564336
vt 0.580724 0.569383
vt 0.591162 0.553761
vt 0.571282 0.564336
vt 0.563289 0.583633
vt 0.573534 0.586741
vt 0.559214 0.604119
vt 0.569869 0.605168
vt 0.573534 0.586741
vt 0.559214 0.625006
vt 0.569869 0.623957
vt 0.569869 0.605168
vt 0.559214 0.625006
vt 0.563289 0.645492
vt 0.573534 0.642384
vt 0.571282 0.664790
vt 0.580724 0.659743
vt 0.573534 0.642384
vt 0.571282 0.664790
vt 0.582886 0.682157
vt 0.591163 0.675365
vt 0.597656 0.696926
vt 0.604448 0.688650
vt 0.591163 0.675365
vt 0.615023 0.708530
vt 0.620070 0.699088
vt 0.604448 0.688650
vt 0.634320 0.716524
vt 0.637428 0.706278
vt 0.620070 0.699088
vt 0.654806 0.720598
vt 0.655855 0.709944
vt 0.637428 0.706278
vt 0.675693 0.720598
vt 0.674644 0.709944
vt 0.655855 0.709944
vt 0.696179 0.716524
vt 0.693071 0.706278
vt 0.674644 0.709944
vt 0.715476 0.708530
vt 0.710429 0.699088
vt 0.693071 0.706278
vt 0.715476 0.708530
vt 0.732843 0.696926
vt 0.726051 0.688650
vt 0.747613 0.682157
vt 0.739336 0.675365
vt 0.726051 0.688650
vt 0.747613 0.682157
vt 0.759217 0.664790
vt 0.749775 0.659743
vt 0.759217 0.664790
vt 0.767210 0.645492
vt 0.756965 0.642384
vt 0.767210 0.645492
vt 0.771285 0.625007
vt 0.760630 0.623957
vt 0.771285 0.625007
vt 0.771285 0.604119
vt 0.760630 0.605169
vt 0.767210 0.583633
vt 0.756965 0.586741
vt 0.760630 0.605169
vt 0.759217 0.564336
vt 0.749775 0.569383
vt 0.756965 0.586741
vt 0.747613 0.546969
vt 0.739336 0.553761
vt 0.749775 0.569383
vt 0.747613 0.546969
vt 0.732843 0.532199
vt 0.726051 0.540476
vt 0.732843 0.532199
vt 0.715476 0.520595
vt 0.710429 0.530037
vt 0.696179 0.512602
vt 0.693071 0.522847
vt 0.710429 0.530037
vt 0.675693 0.508527
vt 0.674644 0.519182
vt 0.693071 0.522847
vt 0.675693 0.508527
vt 0.654806 0.508527
vt 0.655855 0.519182
vt 0.654806 0.508527
vt 0.634320 0.512602
vt 0.637428 0.522847
vt 0.634320 0.512602
vt 0.615023 0.520595
vt 0.620070 0.530037
vt 0.597656 0.532199
vt 0.604448 0.540475
vt 0.620070 0.530037
vt 0.156523 0.416126
vt 0.151623 0.406941
vt 0.134616 0.414146
vt 0.137580 0.424101
vt 0.134616 0.414146
vt 0.116553 0.417802
vt 0.117467 0.428129
vt 0.116553 0.417802
vt 0.098158 0.417771
vt 0.096989 0.428056
vt 0.098158 0.417771
vt 0.080165 0.414058
vt 0.004080 0.332271
vt 0.014590 0.331350
vt 0.014502 0.312495
vt 0.076962 0.423893
vt 0.080165 0.414058
vt 0.063287 0.406810
vt 0.007991 0.352697
vt 0.018130 0.349838
vt 0.014590 0.331350
vt 0.058180 0.415813
vt 0.063287 0.406810
vt 0.048173 0.396291
vt 0.004007 0.311481
vt 0.014502 0.312495
vt 0.017805 0.294015
vt 0.041359 0.404157
vt 0.048173 0.396291
vt 0.035220 0.382937
vt 0.007728 0.291070
vt 0.017805 0.294015
vt 0.024536 0.276625
vt 0.026972 0.389378
vt 0.035220 0.382937
vt 0.025072 0.367257
vt 0.015257 0.271808
vt 0.024536 0.276625
vt 0.034482 0.260974
vt 0.015695 0.371990
vt 0.025072 0.367257
vt 0.018130 0.349838
vt 0.026365 0.254447
vt 0.034482 0.260974
vt 0.047294 0.247659
vt 0.040655 0.239669
vt 0.047294 0.247659
vt 0.062466 0.237197
vt 0.057566 0.228061
vt 0.062466 0.237197
vt 0.079390 0.229995
vt 0.076423 0.220080
vt 0.079390 0.229995
vt 0.097390 0.226338
vt 0.908151 0.203908
vt 0.915455 0.192967
vt 0.902879 0.186250
vt 0.920484 0.180811
vt 0.906839 0.176676
vt 0.902879 0.186250
vt 0.920484 0.180811
vt 0.923045 0.167907
vt 0.908856 0.166514
vt 0.923040 0.154752
vt 0.908851 0.156153
vt 0.908856 0.166514
vt 0.923040 0.154752
vt 0.920468 0.141850
vt 0.906826 0.145992
vt 0.915429 0.129698
vt 0.902857 0.136422
vt 0.906826 0.145992
vt 0.908116 0.118763
vt 0.897098 0.127810
vt 0.902857 0.136422
vt 0.898811 0.109464
vt 0.889769 0.120488
vt 0.897098 0.127810
vt 0.898811 0.109464
vt 0.887870 0.102160
vt 0.881153 0.114735
vt 0.875714 0.097131
vt 0.871579 0.110775
vt 0.881153 0.114735
vt 0.862811 0.094570
vt 0.861417 0.108758
vt 0.871579 0.110775
vt 0.862811 0.094570
vt 0.849655 0.094575
vt 0.851057 0.108763
vt 0.836754 0.097147
vt 0.840896 0.110789
vt 0.851057 0.108763
vt 0.824602 0.102186
vt 0.831326 0.114758
vt 0.840896 0.110789
vt 0.824602 0.102186
vt 0.813666 0.109499
vt 0.822714 0.120518
vt 0.813666 0.109499
vt 0.804368 0.118806
vt 0.815392 0.127847
vt 0.797063 0.129747
vt 0.809639 0.136464
vt 0.815392 0.127847
vt 0.792034 0.141903
vt 0.805678 0.146038
vt 0.809639 0.136464
vt 0.792034 0.141903
vt 0.789473 0.154807
vt 0.803662 0.156200
vt 0.789473 0.154807
vt 0.789478 0.167963
vt 0.803666 0.166561
vt 0.789478 0.167963
vt 0.792050 0.180864
vt 0.805692 0.176722
vt 0.792050 0.180864
vt 0.797089 0.193017
vt 0.809661 0.186292
vt 0.804402 0.203952
vt 0.815421 0.194904
vt 0.809661 0.186292
vt 0.813708 0.213250
vt 0.822750 0.202227
vt 0.815421 0.194904
vt 0.813708 0.213250
vt 0.824650 0.220555
vt 0.831367 0.207979
vt 0.824650 0.220555
vt 0.836806 0.225584
vt 0.840940 0.211939
vt 0.849710 0.228145
vt 0.851103 0.213956
vt 0.840940 0.211939
vt 0.862865 0.228139
vt 0.861463 0.213951
vt 0.851103 0.213956
vt 0.862865 0.228139
vt 0.875766 0.225567
vt 0.871623 0.211926
vt 0.875766 0.225567
vt 0.887918 0.220528
vt 0.881193 0.207956
vt 0.887918 0.220528
vt 0.898853 0.213214
vt 0.889805 0.202197
vt 0.908151 0.203908
vt 0.897127 0.194867
vt 0.889805 0.202197
vt 0.655108 0.175999
vt 0.659477 0.177356
vt 0.662816 0.169280
vt 0.230474 0.365770
vt 0.233850 0.365770
vt 0.233850 0.355377
vt 0.230474 0.230660
vt 0.233850 0.230660
vt 0.233850 0.220267
vt 0.230474 0.376163
vt 0.233850 0.376163
vt 0.233850 0.365770
vt 0.230474 0.241053
vt 0.233850 0.241053
vt 0.233850 0.230660
vt 0.230474 0.386556
vt 0.233850 0.386556
vt 0.233850 0.376163
vt 0.230474 0.251446
vt 0.233850 0.251446
vt 0.233850 0.241053
vt 0.230474 0.396949
vt 0.233850 0.396949
vt 0.233850 0.386556
vt 0.230474 0.261839
vt 0.233850 0.261839
vt 0.233850 0.251446
vt 0.230474 0.137122
vt 0.233850 0.137122
vt 0.233850 0.126729
vt 0.230474 0.407342
vt 0.233850 0.407342
vt 0.233850 0.396949
vt 0.230474 0.272232
vt 0.233850 0.272232
vt 0.233850 0.261839
vt 0.230474 0.126729
vt 0.233850 0.126729
vt 0.233850 0.116336
vt 0.230474 0.417735
vt 0.233850 0.417735
vt 0.233850 0.407342
vt 0.230474 0.282625
vt 0.233850 0.282625
vt 0.233850 0.272232
vt 0.230474 0.147515
vt 0.233850 0.147515
vt 0.233850 0.137122
vt 0.230474 0.428129
vt 0.233850 0.428129
vt 0.233850 0.417735
vt 0.230474 0.293018
vt 0.233850 0.293018
vt 0.233850 0.282625
vt 0.230474 0.157908
vt 0.233850 0.157908
vt 0.233850 0.147515
vt 0.230474 0.105943
vt 0.233850 0.105943
vt 0.233850 0.095550
vt 0.230474 0.293018
vt 0.230474 0.303411
vt 0.233850 0.303411
vt 0.230474 0.168302
vt 0.233850 0.168302
vt 0.233850 0.157908
vt 0.230474 0.116336
vt 0.233850 0.116336
vt 0.233850 0.105943
vt 0.230474 0.313805
vt 0.233850 0.313805
vt 0.233850 0.303411
vt 0.230474 0.178695
vt 0.233850 0.178695
vt 0.233850 0.168302
vt 0.230474 0.324198
vt 0.233850 0.324198
vt 0.233850 0.313805
vt 0.230474 0.189088
vt 0.233850 0.189088
vt 0.233850 0.178695
vt 0.230474 0.334591
vt 0.233850 0.334591
vt 0.233850 0.324198
vt 0.230474 0.199481
vt 0.233850 0.199481
vt 0.233850 0.189088
vt 0.230474 0.344984
vt 0.233850 0.344984
vt 0.233850 0.334591
vt 0.230474 0.209874
vt 0.233850 0.209874
vt 0.233850 0.199481
vt 0.230474 0.355377
vt 0.233850 0.355377
vt 0.233850 0.344984
vt 0.931299 0.222939
vt 0.919313 0.213077
vt 0.908012 0.224384
vt 0.919313 0.213077
vt 0.908151 0.203908
vt 0.898853 0.213214
vt 0.917843 0.236395
vt 0.908012 0.224384
vt 0.894722 0.233270
vt 0.908012 0.224384
vt 0.898853 0.213214
vt 0.887918 0.220528
vt 0.902021 0.246968
vt 0.894722 0.233270
vt 0.879954 0.239392
vt 0.879954 0.239392
vt 0.894722 0.233270
vt 0.887918 0.220528
vt 0.865776 0.257964
vt 0.884440 0.254251
vt 0.879954 0.239392
vt 0.879954 0.239392
vt 0.875766 0.225567
vt 0.862865 0.228139
vt 0.865776 0.257964
vt 0.864275 0.242516
vt 0.848287 0.242520
vt 0.864275 0.242516
vt 0.862865 0.228139
vt 0.849710 0.228145
vt 0.846746 0.257965
vt 0.848287 0.242520
vt 0.832607 0.239406
vt 0.848287 0.242520
vt 0.849710 0.228145
vt 0.836806 0.225584
vt 0.810500 0.246970
vt 0.828082 0.254253
vt 0.832607 0.239406
vt 0.817835 0.233291
vt 0.832607 0.239406
vt 0.836806 0.225584
vt 0.794677 0.236398
vt 0.810500 0.246970
vt 0.817835 0.233291
vt 0.817835 0.233291
vt 0.824650 0.220555
vt 0.813708 0.213250
vt 0.794677 0.236398
vt 0.804539 0.224413
vt 0.793232 0.213111
vt 0.804539 0.224413
vt 0.813708 0.213250
vt 0.804402 0.203952
vt 0.770648 0.207119
vt 0.781220 0.222942
vt 0.793232 0.213111
vt 0.784346 0.199820
vt 0.793232 0.213111
vt 0.804402 0.203952
vt 0.770648 0.207119
vt 0.784346 0.199820
vt 0.778224 0.185052
vt 0.784346 0.199820
vt 0.797089 0.193017
vt 0.792050 0.180864
vt 0.759652 0.170873
vt 0.763365 0.189538
vt 0.778224 0.185052
vt 0.775101 0.169372
vt 0.778224 0.185052
vt 0.792050 0.180864
vt 0.759652 0.170873
vt 0.775101 0.169372
vt 0.775097 0.153385
vt 0.775101 0.169372
vt 0.789478 0.167963
vt 0.789473 0.154807
vt 0.763365 0.133178
vt 0.759652 0.151843
vt 0.775097 0.153385
vt 0.775097 0.153385
vt 0.789473 0.154807
vt 0.792034 0.141903
vt 0.770647 0.115597
vt 0.763365 0.133178
vt 0.778212 0.137704
vt 0.778212 0.137704
vt 0.792034 0.141903
vt 0.797063 0.129747
vt 0.770647 0.115597
vt 0.784326 0.122932
vt 0.793205 0.109637
vt 0.784326 0.122932
vt 0.797063 0.129747
vt 0.804368 0.118806
vt 0.794676 0.086317
vt 0.781220 0.099774
vt 0.793205 0.109637
vt 0.804507 0.098329
vt 0.793205 0.109637
vt 0.804368 0.118806
vt 0.794676 0.086317
vt 0.804507 0.098329
vt 0.817798 0.089443
vt 0.817798 0.089443
vt 0.804507 0.098329
vt 0.813666 0.109499
vt 0.810499 0.075745
vt 0.817798 0.089443
vt 0.832567 0.083322
vt 0.817798 0.089443
vt 0.824602 0.102186
vt 0.836754 0.097147
vt 0.846745 0.064750
vt 0.828081 0.068462
vt 0.832567 0.083322
vt 0.832567 0.083322
vt 0.836754 0.097147
vt 0.849655 0.094575
vt 0.865775 0.064750
vt 0.846745 0.064750
vt 0.848246 0.080199
vt 0.864233 0.080195
vt 0.848246 0.080199
vt 0.849655 0.094575
vt 0.865775 0.064750
vt 0.864233 0.080195
vt 0.879913 0.083310
vt 0.864233 0.080195
vt 0.862811 0.094570
vt 0.875714 0.097131
vt 0.884439 0.068463
vt 0.879913 0.083310
vt 0.894685 0.089424
vt 0.879913 0.083310
vt 0.875714 0.097131
vt 0.887870 0.102160
vt 0.917842 0.086318
vt 0.902020 0.075745
vt 0.894685 0.089424
vt 0.907980 0.098302
vt 0.894685 0.089424
vt 0.887870 0.102160
vt 0.931298 0.099774
vt 0.917842 0.086318
vt 0.907980 0.098302
vt 0.907980 0.098302
vt 0.898811 0.109464
vt 0.908116 0.118763
vt 0.931298 0.099774
vt 0.919287 0.109604
vt 0.928172 0.122895
vt 0.919287 0.109604
vt 0.908116 0.118763
vt 0.915429 0.129698
vt 0.949152 0.133178
vt 0.941870 0.115596
vt 0.928172 0.122895
vt 0.934293 0.137663
vt 0.928172 0.122895
vt 0.915429 0.129698
vt 0.952865 0.151842
vt 0.949152 0.133178
vt 0.934293 0.137663
vt 0.937416 0.153342
vt 0.934293 0.137663
vt 0.920468 0.141850
vt 0.952865 0.151842
vt 0.937416 0.153342
vt 0.937420 0.169329
vt 0.937416 0.153342
vt 0.923040 0.154752
vt 0.923045 0.167907
vt 0.949152 0.189535
vt 0.952865 0.170871
vt 0.937420 0.169329
vt 0.934305 0.185010
vt 0.937420 0.169329
vt 0.923045 0.167907
vt 0.941870 0.207116
vt 0.949152 0.189535
vt 0.934305 0.185010
vt 0.934305 0.185010
vt 0.920484 0.180811
vt 0.915455 0.192967
vt 0.941870 0.207116
vt 0.928191 0.199781
vt 0.919313 0.213077
vt 0.928191 0.199781
vt 0.915455 0.192967
vt 0.908151 0.203908
vt 0.807068 0.507544
vt 0.798427 0.513319
vt 0.803521 0.519526
vt 0.798427 0.513319
vt 0.791078 0.520668
vt 0.797285 0.525761
vt 0.791078 0.520668
vt 0.785304 0.529309
vt 0.792385 0.533094
vt 0.781326 0.538911
vt 0.789010 0.541242
vt 0.792385 0.533094
vt 0.781326 0.538911
vt 0.779299 0.549104
vt 0.787290 0.549891
vt 0.779299 0.559497
vt 0.787290 0.558710
vt 0.787290 0.549891
vt 0.779299 0.559497
vt 0.781326 0.569691
vt 0.789010 0.567360
vt 0.785304 0.579293
vt 0.792385 0.575508
vt 0.789010 0.567360
vt 0.785304 0.579293
vt 0.791078 0.587934
vt 0.797285 0.582840
vt 0.798427 0.595283
vt 0.803521 0.589076
vt 0.797285 0.582840
vt 0.807068 0.601057
vt 0.810853 0.593976
vt 0.803521 0.589076
vt 0.807068 0.601057
vt 0.816670 0.605035
vt 0.819001 0.597351
vt 0.826863 0.607062
vt 0.827650 0.599071
vt 0.819001 0.597351
vt 0.826863 0.607062
vt 0.837256 0.607062
vt 0.836469 0.599071
vt 0.847450 0.605035
vt 0.845119 0.597351
vt 0.836469 0.599071
vt 0.857052 0.601057
vt 0.853267 0.593976
vt 0.845119 0.597351
vt 0.865693 0.595283
vt 0.860599 0.589076
vt 0.853267 0.593976
vt 0.873042 0.587934
vt 0.866835 0.582840
vt 0.860599 0.589076
vt 0.873042 0.587934
vt 0.878816 0.579293
vt 0.871735 0.575508
vt 0.878816 0.579293
vt 0.882794 0.569691
vt 0.875110 0.567360
vt 0.884821 0.559497
vt 0.876830 0.558710
vt 0.875110 0.567360
vt 0.884821 0.559497
vt 0.884821 0.549104
vt 0.876830 0.549891
vt 0.882794 0.538911
vt 0.875110 0.541242
vt 0.876830 0.549891
vt 0.878816 0.529309
vt 0.871735 0.533094
vt 0.875110 0.541242
vt 0.878816 0.529309
vt 0.873042 0.520668
vt 0.866835 0.525762
vt 0.873042 0.520668
vt 0.865693 0.513319
vt 0.860599 0.519526
vt 0.857052 0.507544
vt 0.853267 0.514626
vt 0.860599 0.519526
vt 0.857052 0.507544
vt 0.847450 0.503567
vt 0.845119 0.511251
vt 0.837257 0.501540
vt 0.836469 0.509531
vt 0.845119 0.511251
vt 0.837257 0.501540
vt 0.826863 0.501540
vt 0.827651 0.509531
vt 0.826863 0.501540
vt 0.816670 0.503567
vt 0.819001 0.511251
vt 0.816670 0.503567
vt 0.807068 0.507544
vt 0.810853 0.514626
vt 0.749192 0.175955
vt 0.744804 0.177255
vt 0.746515 0.185825
vt 0.653229 0.185448
vt 0.657778 0.185926
vt 0.659477 0.177356
vt 0.745504 0.167052
vt 0.741454 0.169183
vt 0.744804 0.177255
vt 0.653229 0.195080
vt 0.657783 0.194661
vt 0.657778 0.185926
vt 0.740149 0.159040
vt 0.736593 0.161920
vt 0.741454 0.169183
vt 0.655107 0.204526
vt 0.659492 0.203227
vt 0.657783 0.194661
vt 0.733333 0.152226
vt 0.730407 0.155746
vt 0.736593 0.161920
vt 0.658791 0.213422
vt 0.662837 0.211295
vt 0.659492 0.203227
vt 0.725316 0.146874
vt 0.723135 0.150897
vt 0.730407 0.155746
vt 0.664137 0.221425
vt 0.667687 0.218553
vt 0.662837 0.211295
vt 0.716409 0.143191
vt 0.715055 0.147562
vt 0.723135 0.150897
vt 0.725348 0.233568
vt 0.723220 0.229532
vt 0.715184 0.232889
vt 0.670934 0.228221
vt 0.673854 0.224726
vt 0.667687 0.218553
vt 0.706956 0.141318
vt 0.706481 0.145869
vt 0.715055 0.147562
vt 0.716482 0.237244
vt 0.715184 0.232889
vt 0.706694 0.234628
vt 0.678873 0.233556
vt 0.681108 0.229585
vt 0.673854 0.224726
vt 0.697318 0.141326
vt 0.697741 0.145883
vt 0.706481 0.145869
vt 0.733346 0.228221
vt 0.730468 0.224670
vt 0.723220 0.229532
vt 0.687565 0.237437
vt 0.689428 0.233055
vt 0.681108 0.229585
vt 0.687869 0.143215
vt 0.689172 0.147601
vt 0.697741 0.145883
vt 0.740154 0.221409
vt 0.736637 0.218486
vt 0.730468 0.224670
vt 0.697676 0.239094
vt 0.698082 0.234725
vt 0.689428 0.233055
vt 0.678969 0.146911
vt 0.681103 0.150958
vt 0.689172 0.147601
vt 0.745505 0.213398
vt 0.741484 0.211215
vt 0.736637 0.218486
vt 0.707116 0.239108
vt 0.706694 0.234628
vt 0.698082 0.234725
vt 0.678969 0.146911
vt 0.670960 0.152270
vt 0.673842 0.155825
vt 0.749192 0.204495
vt 0.744822 0.203138
vt 0.741484 0.211215
vt 0.664148 0.159085
vt 0.667667 0.162010
vt 0.673842 0.155825
vt 0.751072 0.195043
vt 0.746521 0.194565
vt 0.744822 0.203138
vt 0.658795 0.167097
vt 0.662816 0.169280
vt 0.667667 0.162010
vt 0.751072 0.185406
vt 0.746515 0.185825
vt 0.746521 0.194565
vt 0.715184 0.232889
vt 0.723220 0.229532
vt 0.722858 0.228860
vt 0.723220 0.229532
vt 0.730468 0.224670
vt 0.729981 0.224080
vt 0.736637 0.218486
vt 0.736044 0.218001
vt 0.729981 0.224080
vt 0.741484 0.211215
vt 0.740809 0.210855
vt 0.736044 0.218001
vt 0.741484 0.211215
vt 0.744822 0.203138
vt 0.744089 0.202916
vt 0.746521 0.194565
vt 0.745759 0.194490
vt 0.744089 0.202916
vt 0.746515 0.185825
vt 0.745753 0.185900
vt 0.745759 0.194490
vt 0.744804 0.177255
vt 0.744072 0.177477
vt 0.745753 0.185900
vt 0.744804 0.177255
vt 0.741454 0.169183
vt 0.740779 0.169544
vt 0.736593 0.161920
vt 0.736002 0.162406
vt 0.740779 0.169544
vt 0.730407 0.155746
vt 0.729922 0.156338
vt 0.736002 0.162406
vt 0.723135 0.150897
vt 0.722774 0.151573
vt 0.729922 0.156338
vt 0.715055 0.147562
vt 0.714834 0.148295
vt 0.722774 0.151573
vt 0.706481 0.145869
vt 0.706407 0.146631
vt 0.714834 0.148295
vt 0.706481 0.145869
vt 0.697741 0.145883
vt 0.697817 0.146644
vt 0.689172 0.147601
vt 0.689396 0.148333
vt 0.697817 0.146644
vt 0.689172 0.147601
vt 0.681103 0.150958
vt 0.681465 0.151633
vt 0.673842 0.155825
vt 0.674328 0.156416
vt 0.681465 0.151633
vt 0.667667 0.162010
vt 0.668259 0.162496
vt 0.674328 0.156416
vt 0.667667 0.162010
vt 0.662816 0.169280
vt 0.663491 0.169641
vt 0.659477 0.177356
vt 0.660209 0.177578
vt 0.663491 0.169641
vt 0.657778 0.185926
vt 0.658540 0.186000
vt 0.660209 0.177578
vt 0.657778 0.185926
vt 0.657783 0.194661
vt 0.658545 0.194586
vt 0.657783 0.194661
vt 0.659492 0.203227
vt 0.660224 0.203005
vt 0.662837 0.211295
vt 0.663511 0.210934
vt 0.660224 0.203005
vt 0.662837 0.211295
vt 0.667687 0.218553
vt 0.668278 0.218068
vt 0.667687 0.218553
vt 0.673854 0.224726
vt 0.674339 0.224135
vt 0.681108 0.229585
vt 0.681471 0.228914
vt 0.674339 0.224135
vt 0.689428 0.233055
vt 0.689655 0.232300
vt 0.681471 0.228914
vt 0.698082 0.234725
vt 0.698150 0.233967
vt 0.689655 0.232300
vt 0.706694 0.234628
vt 0.706613 0.233876
vt 0.698150 0.233967
vt 0.715184 0.232889
vt 0.714960 0.232162
vt 0.706613 0.233876
vt 0.986888 0.383863
vt 0.986888 0.382126
vt 0.985186 0.382126
vt 0.986888 0.382126
vt 0.986888 0.380389
vt 0.985186 0.380389
vt 0.985186 0.380389
vt 0.986888 0.380389
vt 0.986888 0.378652
vt 0.986888 0.392549
vt 0.986888 0.390812
vt 0.985186 0.390812
vt 0.985186 0.390812
vt 0.986888 0.390812
vt 0.986888 0.389075
vt 0.986888 0.389075
vt 0.986888 0.387338
vt 0.985186 0.387338
vt 0.995834 0.556851
vt 0.994606 0.555622
vt 0.992868 0.555622
vt 0.992868 0.555622
vt 0.991640 0.556851
vt 0.995834 0.556851
vt 0.991640 0.556851
vt 0.991640 0.558588
vt 0.995834 0.556851
vt 0.991640 0.558588
vt 0.992868 0.559816
vt 0.994606 0.559816
vt 0.994606 0.559816
vt 0.995834 0.558588
vt 0.991640 0.558588
vt 0.986888 0.387338
vt 0.986888 0.385601
vt 0.985186 0.385601
vt 0.986888 0.385601
vt 0.986888 0.383863
vt 0.985186 0.383863
vt 0.983272 0.914665
vt 0.983272 0.912928
vt 0.981570 0.912928
vt 0.983272 0.912928
vt 0.983272 0.911191
vt 0.981570 0.911191
vt 0.983272 0.911191
vt 0.983272 0.909454
vt 0.981570 0.909454
vt 0.981570 0.909454
vt 0.983272 0.909454
vt 0.983272 0.907717
vt 0.983272 0.907717
vt 0.983272 0.905979
vt 0.981570 0.905979
vt 0.983272 0.905979
vt 0.983272 0.904242
vt 0.981570 0.904242
vt 0.991640 0.570795
vt 0.992868 0.572024
vt 0.994606 0.572024
vt 0.994606 0.572024
vt 0.995834 0.570795
vt 0.995834 0.569058
vt 0.995834 0.569058
vt 0.994606 0.567830
vt 0.992868 0.567830
vt 0.992868 0.567830
vt 0.991640 0.569058
vt 0.991640 0.570795
vt 0.991640 0.570795
vt 0.994606 0.572024
vt 0.992868 0.567830
vt 0.983272 0.904242
vt 0.983272 0.902505
vt 0.981570 0.902505
vt 0.983272 0.916402
vt 0.983272 0.914665
vt 0.981570 0.914665
vt 0.984751 0.983833
vt 0.984751 0.982096
vt 0.983049 0.982096
vt 0.984751 0.995993
vt 0.984751 0.994256
vt 0.983049 0.994256
vt 0.984751 0.994256
vt 0.984751 0.992519
vt 0.983049 0.992519
vt 0.983049 0.992519
vt 0.984751 0.992519
vt 0.984751 0.990782
vt 0.984751 0.990782
vt 0.984751 0.989045
vt 0.983049 0.989045
vt 0.984751 0.989045
vt 0.984751 0.987307
vt 0.983049 0.987307
vt 0.673148 0.008481
vt 0.674377 0.007252
vt 0.674377 0.005515
vt 0.674377 0.005515
vt 0.673148 0.004287
vt 0.671411 0.004287
vt 0.671411 0.004287
vt 0.670183 0.005515
vt 0.670183 0.007252
vt 0.670183 0.007252
vt 0.671411 0.008481
vt 0.673148 0.008481
vt 0.673148 0.008481
vt 0.674377 0.005515
vt 0.670183 0.007252
vt 0.984751 0.987307
vt 0.984751 0.985570
vt 0.983049 0.985570
vt 0.984751 0.985570
vt 0.984751 0.983833
vt 0.983049 0.983833
vt 0.982482 0.784267
vt 0.982482 0.786004
vt 0.984183 0.786004
vt 0.982482 0.786004
vt 0.982482 0.787741
vt 0.984183 0.787741
vt 0.984183 0.787741
vt 0.982482 0.787741
vt 0.982482 0.789478
vt 0.982482 0.789478
vt 0.982482 0.791216
vt 0.984183 0.791216
vt 0.984183 0.791216
vt 0.982482 0.791216
vt 0.982482 0.792953
vt 0.984183 0.779056
vt 0.982482 0.779056
vt 0.982482 0.780793
vt 0.992849 0.240319
vt 0.991620 0.241548
vt 0.991620 0.243285
vt 0.991620 0.243285
vt 0.992849 0.244513
vt 0.994586 0.244513
vt 0.994586 0.244513
vt 0.995814 0.243285
vt 0.995814 0.241548
vt 0.995814 0.241548
vt 0.994586 0.240319
vt 0.994586 0.244513
vt 0.994586 0.240319
vt 0.992849 0.240319
vt 0.994586 0.244513
vt 0.982482 0.780793
vt 0.982482 0.782530
vt 0.984183 0.782530
vt 0.982482 0.782530
vt 0.982482 0.784267
vt 0.984183 0.784267
vt 0.982752 0.837749
vt 0.982752 0.839486
vt 0.984454 0.839486
vt 0.982752 0.839486
vt 0.982752 0.841223
vt 0.984454 0.841223
vt 0.982752 0.841223
vt 0.982752 0.842960
vt 0.984454 0.842960
vt 0.982752 0.842960
vt 0.982752 0.844697
vt 0.984454 0.844697
vt 0.982752 0.830800
vt 0.982752 0.832537
vt 0.984454 0.832537
vt 0.982752 0.832537
vt 0.982752 0.834274
vt 0.984454 0.834274
vt 0.271427 0.005240
vt 0.269689 0.005240
vt 0.269689 0.009434
vt 0.269689 0.005240
vt 0.268461 0.006469
vt 0.269689 0.009434
vt 0.268461 0.006469
vt 0.268461 0.008206
vt 0.269689 0.009434
vt 0.269689 0.009434
vt 0.271427 0.009434
vt 0.272655 0.008206
vt 0.272655 0.008206
vt 0.272655 0.006469
vt 0.271427 0.005240
vt 0.984454 0.834274
vt 0.982752 0.834274
vt 0.982752 0.836011
vt 0.982752 0.836011
vt 0.982752 0.837749
vt 0.984454 0.837749
vt 0.983272 0.894491
vt 0.983272 0.892754
vt 0.981570 0.892754
vt 0.983272 0.892754
vt 0.983272 0.891017
vt 0.981570 0.891017
vt 0.983272 0.891017
vt 0.983272 0.889280
vt 0.981570 0.889280
vt 0.981570 0.889280
vt 0.983272 0.889280
vt 0.983272 0.887543
vt 0.983272 0.887543
vt 0.983272 0.885806
vt 0.981570 0.885806
vt 0.983272 0.885806
vt 0.983272 0.884068
vt 0.981570 0.884068
vt 0.251724 0.004252
vt 0.249986 0.004252
vt 0.249986 0.008446
vt 0.249986 0.004252
vt 0.248758 0.005480
vt 0.249986 0.008446
vt 0.248758 0.005480
vt 0.248758 0.007217
vt 0.249986 0.008446
vt 0.249986 0.008446
vt 0.251724 0.008446
vt 0.252952 0.007217
vt 0.252952 0.007217
vt 0.252952 0.005480
vt 0.249986 0.008446
vt 0.983272 0.884068
vt 0.983272 0.882331
vt 0.981570 0.882331
vt 0.981570 0.882331
vt 0.983272 0.882331
vt 0.983272 0.880594
vt 0.982482 0.760619
vt 0.982482 0.762356
vt 0.984183 0.762356
vt 0.982482 0.762356
vt 0.982482 0.764093
vt 0.984183 0.764093
vt 0.982482 0.764093
vt 0.982482 0.765830
vt 0.984183 0.765830
vt 0.982482 0.765830
vt 0.982482 0.767567
vt 0.984183 0.767567
vt 0.984183 0.767567
vt 0.982482 0.767567
vt 0.982482 0.769305
vt 0.984183 0.769305
vt 0.982482 0.769305
vt 0.982482 0.771042
vt 0.618161 0.005611
vt 0.616424 0.005611
vt 0.615196 0.006839
vt 0.615196 0.006839
vt 0.615196 0.008576
vt 0.616424 0.009804
vt 0.616424 0.009804
vt 0.618161 0.009804
vt 0.619389 0.008576
vt 0.619389 0.008576
vt 0.619389 0.006839
vt 0.618161 0.005611
vt 0.618161 0.005611
vt 0.615196 0.006839
vt 0.619389 0.008576
vt 0.982482 0.757144
vt 0.982482 0.758882
vt 0.984183 0.758882
vt 0.982482 0.758882
vt 0.982482 0.760619
vt 0.984183 0.760619
vt 0.981541 0.925430
vt 0.981541 0.935790
vt 0.984431 0.935790
vt 0.981602 0.732315
vt 0.984491 0.732315
vt 0.984491 0.721956
vt 0.397427 0.018271
vt 0.388456 0.018271
vt 0.388456 0.027242
vt 0.983626 0.561664
vt 0.980737 0.561664
vt 0.980737 0.572024
vt 0.979756 0.571330
vt 0.980737 0.572024
vt 0.980737 0.561664
vt 0.981541 0.943803
vt 0.980560 0.944498
vt 0.980560 0.953469
vt 0.981602 0.721956
vt 0.980620 0.722650
vt 0.980620 0.731621
vt 0.981541 0.925430
vt 0.980560 0.926125
vt 0.980560 0.935096
vt 0.981541 0.943803
vt 0.981541 0.954163
vt 0.984431 0.954163
vt 0.644559 0.028458
vt 0.635967 0.028455
vt 0.635544 0.028878
vt 0.635967 0.028455
vt 0.635668 0.028579
vt 0.635544 0.028878
vt 0.635544 0.028878
vt 0.635544 0.040335
vt 0.644559 0.040383
vt 0.644559 0.028458
vt 0.635544 0.028878
vt 0.644559 0.040383
vt 0.635544 0.040335
vt 0.635668 0.040634
vt 0.635967 0.040758
vt 0.635967 0.040758
vt 0.644182 0.040761
vt 0.644559 0.040383
vt 0.644182 0.040761
vt 0.644449 0.040650
vt 0.644559 0.040383
vt 0.992691 0.056736
vt 0.992691 0.048522
vt 0.991707 0.048522
vt 0.463085 0.056640
vt 0.463085 0.068096
vt 0.464070 0.068096
vt 0.464070 0.055992
vt 0.463085 0.055992
vt 0.463085 0.056316
vt 0.463085 0.056316
vt 0.463085 0.056640
vt 0.464070 0.056640
vt 0.463085 0.068744
vt 0.464070 0.068744
vt 0.464070 0.068420
vt 0.464070 0.068420
vt 0.464070 0.068096
vt 0.463085 0.068096
vt 0.222712 0.008950
vt 0.221727 0.008950
vt 0.221727 0.017542
vt 0.527919 0.029216
vt 0.527919 0.026327
vt 0.525389 0.026327
vt 0.525389 0.038961
vt 0.527919 0.038961
vt 0.527919 0.036072
vt 0.527919 0.029216
vt 0.527919 0.036072
vt 0.530808 0.036072
vt 0.525389 0.029216
vt 0.522500 0.029216
vt 0.522500 0.036072
vt 0.527919 0.029216
vt 0.525389 0.029216
vt 0.525389 0.036072
vt 0.429736 0.015907
vt 0.428411 0.017233
vt 0.429954 0.018776
vt 0.427867 0.014038
vt 0.426324 0.012494
vt 0.424998 0.013820
vt 0.429736 0.015907
vt 0.427867 0.014038
vt 0.426542 0.015364
vt 0.426867 0.018776
vt 0.428411 0.017233
vt 0.426542 0.015364
vt 0.431280 0.014363
vt 0.429411 0.012494
vt 0.427867 0.014038
vt 0.931112 0.006366
vt 0.930561 0.006917
vt 0.931034 0.007390
vt 0.932252 0.006172
vt 0.932803 0.005621
vt 0.932330 0.005148
vt 0.931585 0.006839
vt 0.932252 0.006172
vt 0.931778 0.005699
vt 0.930561 0.005815
vt 0.931112 0.006366
vt 0.931778 0.005699
vt 0.932136 0.007390
vt 0.932803 0.006723
vt 0.932252 0.006172
vt 0.977292 0.037916
vt 0.976741 0.038467
vt 0.977214 0.038940
vt 0.978984 0.037171
vt 0.978510 0.036698
vt 0.977959 0.037249
vt 0.977292 0.037916
vt 0.977765 0.038389
vt 0.978432 0.037722
vt 0.976741 0.037365
vt 0.977292 0.037916
vt 0.977959 0.037249
vt 0.978316 0.038940
vt 0.978984 0.038273
vt 0.978432 0.037722
vt 0.993789 0.994302
vt 0.993238 0.993751
vt 0.992765 0.994224
vt 0.994534 0.995993
vt 0.995007 0.995520
vt 0.994456 0.994969
vt 0.993789 0.994302
vt 0.993316 0.994775
vt 0.993983 0.995442
vt 0.993789 0.994302
vt 0.994456 0.994969
vt 0.995007 0.994418
vt 0.992765 0.995326
vt 0.993432 0.995993
vt 0.993983 0.995442
vt 0.689546 0.017124
vt 0.694127 0.017124
vt 0.694127 0.015274
vt 0.689546 0.024774
vt 0.694127 0.024774
vt 0.694127 0.022925
vt 0.694127 0.017124
vt 0.694127 0.022925
vt 0.695976 0.022925
vt 0.687696 0.017124
vt 0.687696 0.022925
vt 0.689546 0.022925
vt 0.689546 0.017124
vt 0.689546 0.022925
vt 0.694127 0.022925
vt 0.990164 0.534859
vt 0.989179 0.534859
vt 0.989179 0.535148
vt 0.989179 0.535148
vt 0.989179 0.535437
vt 0.990164 0.535437
vt 0.990164 0.547363
vt 0.990164 0.535437
vt 0.989179 0.535437
vt 0.991642 0.889086
vt 0.991769 0.889088
vt 0.991775 0.888412
vt 0.991518 0.888446
vt 0.991518 0.889084
vt 0.991642 0.889086
vt 0.991398 0.888439
vt 0.991391 0.889080
vt 0.991518 0.889084
vt 0.991769 0.889088
vt 0.991895 0.889088
vt 0.991908 0.888440
vt 0.991632 0.889841
vt 0.991772 0.889841
vt 0.991769 0.889088
vt 0.991491 0.889841
vt 0.991632 0.889841
vt 0.991642 0.889086
vt 0.991391 0.889080
vt 0.991352 0.889832
vt 0.991491 0.889841
vt 0.991769 0.889088
vt 0.991772 0.889841
vt 0.991911 0.889838
vt 0.991627 0.890531
vt 0.991784 0.890532
vt 0.991772 0.889841
vt 0.991468 0.890531
vt 0.991627 0.890531
vt 0.991632 0.889841
vt 0.991352 0.889832
vt 0.991309 0.890528
vt 0.991468 0.890531
vt 0.991772 0.889841
vt 0.991784 0.890532
vt 0.991942 0.890529
vt 0.991627 0.890531
vt 0.991624 0.892007
vt 0.991777 0.892007
vt 0.991468 0.890531
vt 0.991477 0.892008
vt 0.991624 0.892007
vt 0.991331 0.892009
vt 0.991477 0.892008
vt 0.991468 0.890531
vt 0.991777 0.892007
vt 0.991931 0.892008
vt 0.991942 0.890529
vt 0.991624 0.892007
vt 0.991622 0.894053
vt 0.991776 0.894054
vt 0.991477 0.892008
vt 0.991475 0.894053
vt 0.991622 0.894053
vt 0.991327 0.894052
vt 0.991475 0.894053
vt 0.991477 0.892008
vt 0.991776 0.894054
vt 0.991928 0.894054
vt 0.991931 0.892008
vt 0.991616 0.895484
vt 0.991770 0.895485
vt 0.991776 0.894054
vt 0.991464 0.895483
vt 0.991616 0.895484
vt 0.991622 0.894053
vt 0.991327 0.894052
vt 0.991312 0.895479
vt 0.991464 0.895483
vt 0.991776 0.894054
vt 0.991770 0.895485
vt 0.991924 0.895484
vt 0.991613 0.896265
vt 0.991776 0.896266
vt 0.991770 0.895485
vt 0.991449 0.896264
vt 0.991613 0.896265
vt 0.991616 0.895484
vt 0.991312 0.895479
vt 0.991285 0.896263
vt 0.991449 0.896264
vt 0.991770 0.895485
vt 0.991776 0.896266
vt 0.991942 0.896267
vt 0.991613 0.896265
vt 0.991611 0.897225
vt 0.991761 0.897224
vt 0.991449 0.896264
vt 0.991464 0.897225
vt 0.991611 0.897225
vt 0.991315 0.897227
vt 0.991464 0.897225
vt 0.991449 0.896264
vt 0.991761 0.897224
vt 0.991909 0.897225
vt 0.991942 0.896267
vt 0.991606 0.898213
vt 0.991771 0.898240
vt 0.991761 0.897224
vt 0.991456 0.898178
vt 0.991606 0.898213
vt 0.991611 0.897225
vt 0.991315 0.897227
vt 0.991306 0.898201
vt 0.991456 0.898178
vt 0.991761 0.897224
vt 0.991771 0.898240
vt 0.991933 0.898202
vt 0.977096 0.150895
vt 0.977236 0.150896
vt 0.977246 0.148797
vt 0.976956 0.150895
vt 0.977096 0.150895
vt 0.977107 0.148787
vt 0.976826 0.148785
vt 0.976816 0.150894
vt 0.976956 0.150895
vt 0.977246 0.148797
vt 0.977236 0.150896
vt 0.977376 0.150897
vt 0.977076 0.154296
vt 0.977216 0.154296
vt 0.977236 0.150896
vt 0.976937 0.154295
vt 0.977076 0.154296
vt 0.977096 0.150895
vt 0.976816 0.150894
vt 0.976798 0.154294
vt 0.976937 0.154295
vt 0.977236 0.150896
vt 0.977216 0.154296
vt 0.977359 0.154297
vt 0.977064 0.156476
vt 0.977209 0.156476
vt 0.977216 0.154296
vt 0.976918 0.156476
vt 0.977064 0.156476
vt 0.977076 0.154296
vt 0.976798 0.154294
vt 0.976774 0.156472
vt 0.976918 0.156476
vt 0.977216 0.154296
vt 0.977209 0.156476
vt 0.977355 0.156475
vt 0.977059 0.157243
vt 0.977218 0.157243
vt 0.977209 0.156476
vt 0.976911 0.157244
vt 0.977059 0.157243
vt 0.977064 0.156476
vt 0.976774 0.156472
vt 0.976756 0.157243
vt 0.976911 0.157244
vt 0.977209 0.156476
vt 0.977218 0.157243
vt 0.977370 0.157242
vt 0.977059 0.157243
vt 0.977058 0.158202
vt 0.977212 0.158203
vt 0.976911 0.158204
vt 0.977058 0.158202
vt 0.977059 0.157243
vt 0.976761 0.158206
vt 0.976911 0.158204
vt 0.976911 0.157244
vt 0.977218 0.157243
vt 0.977212 0.158203
vt 0.977366 0.158204
vt 0.977058 0.158202
vt 0.977061 0.159288
vt 0.977210 0.159287
vt 0.976909 0.159288
vt 0.977061 0.159288
vt 0.977058 0.158202
vt 0.976763 0.159290
vt 0.976909 0.159288
vt 0.976911 0.158204
vt 0.977212 0.158203
vt 0.977210 0.159287
vt 0.977365 0.159288
vt 0.977061 0.159288
vt 0.977063 0.160440
vt 0.977207 0.160439
vt 0.976909 0.159288
vt 0.976923 0.160440
vt 0.977063 0.160440
vt 0.976783 0.160441
vt 0.976923 0.160440
vt 0.976909 0.159288
vt 0.977207 0.160439
vt 0.977352 0.160439
vt 0.977365 0.159288
vt 0.977067 0.161607
vt 0.977215 0.161606
vt 0.977207 0.160439
vt 0.976923 0.160440
vt 0.976925 0.161607
vt 0.977067 0.161607
vt 0.976783 0.160441
vt 0.976779 0.161606
vt 0.976925 0.161607
vt 0.977215 0.161606
vt 0.977361 0.161606
vt 0.977352 0.160439
vt 0.977070 0.162563
vt 0.977221 0.162562
vt 0.977215 0.161606
vt 0.976925 0.161607
vt 0.976921 0.162563
vt 0.977070 0.162563
vt 0.976779 0.161606
vt 0.976773 0.162563
vt 0.976921 0.162563
vt 0.977221 0.162562
vt 0.977369 0.162562
vt 0.977361 0.161606
vt 0.977070 0.162563
vt 0.977071 0.163977
vt 0.977216 0.163977
vt 0.976926 0.163977
vt 0.977071 0.163977
vt 0.977070 0.162563
vt 0.976781 0.163978
vt 0.976926 0.163977
vt 0.976921 0.162563
vt 0.977221 0.162562
vt 0.977216 0.163977
vt 0.977364 0.163977
vt 0.977069 0.165893
vt 0.977218 0.165893
vt 0.977216 0.163977
vt 0.976923 0.165893
vt 0.977069 0.165893
vt 0.977071 0.163977
vt 0.976781 0.163978
vt 0.976778 0.165892
vt 0.976923 0.165893
vt 0.977216 0.163977
vt 0.977218 0.165893
vt 0.977368 0.165893
vt 0.977070 0.167129
vt 0.977224 0.167129
vt 0.977218 0.165893
vt 0.976916 0.167130
vt 0.977070 0.167129
vt 0.977069 0.165893
vt 0.976778 0.165892
vt 0.976763 0.167126
vt 0.976916 0.167130
vt 0.977218 0.165893
vt 0.977224 0.167129
vt 0.977378 0.167126
vt 0.977066 0.167967
vt 0.977236 0.167967
vt 0.977224 0.167129
vt 0.976903 0.167967
vt 0.977066 0.167967
vt 0.977070 0.167129
vt 0.976763 0.167126
vt 0.976739 0.167962
vt 0.976903 0.167967
vt 0.977224 0.167129
vt 0.977236 0.167967
vt 0.977405 0.167963
vt 0.977073 0.169258
vt 0.977255 0.169258
vt 0.977236 0.167967
vt 0.976890 0.169260
vt 0.977073 0.169258
vt 0.977066 0.167967
vt 0.976739 0.167962
vt 0.976707 0.169260
vt 0.976890 0.169260
vt 0.977236 0.167967
vt 0.977255 0.169258
vt 0.977439 0.169256
vt 0.977073 0.169258
vt 0.977073 0.171248
vt 0.977256 0.171274
vt 0.976890 0.169260
vt 0.976907 0.171225
vt 0.977073 0.171248
vt 0.976742 0.171250
vt 0.976907 0.171225
vt 0.976890 0.169260
vt 0.977256 0.171274
vt 0.977439 0.171249
vt 0.977439 0.169256
vt 0.946342 0.740412
vt 0.946345 0.741151
vt 0.947108 0.741151
vt 0.945583 0.740427
vt 0.945574 0.741146
vt 0.946345 0.741151
vt 0.944808 0.741142
vt 0.945574 0.741146
vt 0.945583 0.740427
vt 0.947108 0.741151
vt 0.947865 0.741149
vt 0.947862 0.740342
vt 0.946345 0.741151
vt 0.946339 0.742425
vt 0.947105 0.742428
vt 0.945574 0.741146
vt 0.945575 0.742424
vt 0.946339 0.742425
vt 0.944814 0.742423
vt 0.945575 0.742424
vt 0.945574 0.741146
vt 0.947105 0.742428
vt 0.947868 0.742425
vt 0.947865 0.741149
vt 0.946339 0.742425
vt 0.946336 0.743993
vt 0.947109 0.743995
vt 0.945575 0.742424
vt 0.945570 0.743992
vt 0.946336 0.743993
vt 0.944806 0.743985
vt 0.945570 0.743992
vt 0.945575 0.742424
vt 0.947109 0.743995
vt 0.947881 0.743984
vt 0.947868 0.742425
vt 0.946336 0.743993
vt 0.946331 0.745651
vt 0.947124 0.745655
vt 0.945570 0.743992
vt 0.945557 0.745646
vt 0.946331 0.745651
vt 0.944783 0.745634
vt 0.945557 0.745646
vt 0.945570 0.743992
vt 0.947124 0.745655
vt 0.947917 0.745630
vt 0.947881 0.743984
vt 0.946331 0.745651
vt 0.946310 0.747206
vt 0.947147 0.747226
vt 0.945557 0.745646
vt 0.945534 0.747196
vt 0.946310 0.747206
vt 0.944750 0.747181
vt 0.945534 0.747196
vt 0.945557 0.745646
vt 0.947147 0.747226
vt 0.947993 0.747178
vt 0.947917 0.745630
vt 0.946310 0.747206
vt 0.946290 0.748485
vt 0.947172 0.748483
vt 0.945534 0.747196
vt 0.945514 0.748484
vt 0.946290 0.748485
vt 0.944704 0.748484
vt 0.945514 0.748484
vt 0.945534 0.747196
vt 0.947172 0.748483
vt 0.948072 0.748477
vt 0.947993 0.747178
vt 0.946307 0.749788
vt 0.947158 0.749768
vt 0.947172 0.748483
vt 0.945532 0.749797
vt 0.946307 0.749788
vt 0.946290 0.748485
vt 0.944704 0.748484
vt 0.944754 0.749821
vt 0.945532 0.749797
vt 0.947172 0.748483
vt 0.947158 0.749768
vt 0.948011 0.749817
vt 0.946327 0.751116
vt 0.947130 0.751107
vt 0.947158 0.749768
vt 0.945565 0.751127
vt 0.946327 0.751116
vt 0.946307 0.749788
vt 0.944754 0.749821
vt 0.944808 0.751150
vt 0.945565 0.751127
vt 0.947158 0.749768
vt 0.947130 0.751107
vt 0.947928 0.751146
vt 0.946340 0.752468
vt 0.947109 0.752464
vt 0.947130 0.751107
vt 0.945591 0.752476
vt 0.946340 0.752468
vt 0.946327 0.751116
vt 0.944808 0.751150
vt 0.944845 0.752491
vt 0.945591 0.752476
vt 0.947130 0.751107
vt 0.947109 0.752464
vt 0.947873 0.752486
vt 0.946352 0.753801
vt 0.947100 0.753797
vt 0.947109 0.752464
vt 0.945606 0.753808
vt 0.946352 0.753801
vt 0.946340 0.752468
vt 0.944845 0.752491
vt 0.944862 0.753814
vt 0.945606 0.753808
vt 0.947109 0.752464
vt 0.947100 0.753797
vt 0.947844 0.753806
vt 0.946366 0.755054
vt 0.947099 0.755052
vt 0.947100 0.753797
vt 0.945615 0.755060
vt 0.946366 0.755054
vt 0.946352 0.753801
vt 0.944862 0.753814
vt 0.944864 0.755069
vt 0.945615 0.755060
vt 0.947100 0.753797
vt 0.947099 0.755052
vt 0.947834 0.755054
vt 0.946366 0.755054
vt 0.946364 0.756159
vt 0.947097 0.756157
vt 0.945615 0.755060
vt 0.945630 0.756163
vt 0.946364 0.756159
vt 0.944890 0.756171
vt 0.945630 0.756163
vt 0.945615 0.755060
vt 0.947097 0.756157
vt 0.947836 0.756151
vt 0.947834 0.755054
vt 0.946364 0.756159
vt 0.946368 0.757752
vt 0.947111 0.757746
vt 0.945630 0.756163
vt 0.945636 0.757756
vt 0.946368 0.757752
vt 0.944897 0.757759
vt 0.945636 0.757756
vt 0.945630 0.756163
vt 0.947111 0.757746
vt 0.947855 0.757740
vt 0.947836 0.756151
vt 0.946389 0.760281
vt 0.947126 0.760277
vt 0.947111 0.757746
vt 0.945651 0.760285
vt 0.946389 0.760281
vt 0.946368 0.757752
vt 0.944897 0.757759
vt 0.944912 0.760289
vt 0.945651 0.760285
vt 0.947111 0.757746
vt 0.947126 0.760277
vt 0.947864 0.760273
vt 0.946406 0.763386
vt 0.947144 0.763382
vt 0.947126 0.760277
vt 0.945667 0.763390
vt 0.946406 0.763386
vt 0.946389 0.760281
vt 0.944912 0.760289
vt 0.944929 0.763393
vt 0.945667 0.763390
vt 0.947126 0.760277
vt 0.947144 0.763382
vt 0.947882 0.763377
vt 0.946424 0.766713
vt 0.947165 0.766709
vt 0.947144 0.763382
vt 0.945684 0.766717
vt 0.946424 0.766713
vt 0.946406 0.763386
vt 0.944929 0.763393
vt 0.944943 0.766720
vt 0.945684 0.766717
vt 0.947144 0.763382
vt 0.947165 0.766709
vt 0.947906 0.766704
vt 0.946449 0.769912
vt 0.947188 0.769907
vt 0.947165 0.766709
vt 0.945700 0.769917
vt 0.946449 0.769912
vt 0.946424 0.766713
vt 0.944943 0.766720
vt 0.944952 0.769923
vt 0.945700 0.769917
vt 0.947165 0.766709
vt 0.947188 0.769907
vt 0.947932 0.769902
vt 0.946449 0.769912
vt 0.946464 0.772609
vt 0.947203 0.772604
vt 0.945700 0.769917
vt 0.945725 0.772616
vt 0.946464 0.772609
vt 0.944983 0.772621
vt 0.945725 0.772616
vt 0.945700 0.769917
vt 0.947203 0.772604
vt 0.947945 0.772597
vt 0.947932 0.769902
vt 0.946464 0.772609
vt 0.946477 0.775159
vt 0.947227 0.775153
vt 0.945725 0.772616
vt 0.945738 0.775164
vt 0.946477 0.775159
vt 0.944993 0.775168
vt 0.945738 0.775164
vt 0.945725 0.772616
vt 0.947227 0.775153
vt 0.947977 0.775148
vt 0.947945 0.772597
vt 0.946500 0.778020
vt 0.947241 0.778016
vt 0.947227 0.775153
vt 0.945759 0.778023
vt 0.946500 0.778020
vt 0.946477 0.775159
vt 0.944993 0.775168
vt 0.945018 0.778029
vt 0.945759 0.778023
vt 0.947227 0.775153
vt 0.947241 0.778016
vt 0.947982 0.778014
vt 0.946516 0.780978
vt 0.947255 0.780974
vt 0.947241 0.778016
vt 0.945777 0.780982
vt 0.946516 0.780978
vt 0.946500 0.778020
vt 0.945018 0.778029
vt 0.945037 0.780986
vt 0.945777 0.780982
vt 0.947241 0.778016
vt 0.947255 0.780974
vt 0.947994 0.780970
vt 0.946532 0.783840
vt 0.947273 0.783836
vt 0.947255 0.780974
vt 0.945790 0.783844
vt 0.946532 0.783840
vt 0.946516 0.780978
vt 0.945037 0.780986
vt 0.945048 0.783845
vt 0.945790 0.783844
vt 0.947255 0.780974
vt 0.947273 0.783836
vt 0.948015 0.783829
vt 0.946551 0.786411
vt 0.947297 0.786406
vt 0.947273 0.783836
vt 0.945797 0.786417
vt 0.946551 0.786411
vt 0.946532 0.783840
vt 0.945048 0.783845
vt 0.945044 0.786418
vt 0.945797 0.786417
vt 0.947273 0.783836
vt 0.947297 0.786406
vt 0.948042 0.786397
vt 0.946558 0.788473
vt 0.947315 0.788506
vt 0.947297 0.786406
vt 0.945808 0.788448
vt 0.946558 0.788473
vt 0.946551 0.786411
vt 0.945044 0.786418
vt 0.945058 0.788489
vt 0.945808 0.788448
vt 0.947297 0.786406
vt 0.947315 0.788506
vt 0.948072 0.788470
vt 0.120351 0.092060
vt 0.104122 0.090028
vt 0.104146 0.099782
vt 0.120319 0.098167
vt 0.104146 0.099782
vt 0.106901 0.112447
vt 0.120351 0.092060
vt 0.122209 0.081083
vt 0.107183 0.077502
vt 0.139320 0.092354
vt 0.140640 0.085090
vt 0.122209 0.081083
vt 0.139237 0.098095
vt 0.120319 0.098167
vt 0.122053 0.109212
vt 0.139320 0.092354
vt 0.120351 0.092060
vt 0.120319 0.098167
vt 0.654001 0.761566
vt 0.653998 0.755429
vt 0.637351 0.753650
vt 0.654001 0.761566
vt 0.637306 0.763464
vt 0.640213 0.776140
vt 0.653998 0.755429
vt 0.656251 0.744476
vt 0.640172 0.740976
vt 0.674011 0.755636
vt 0.675996 0.748603
vt 0.656251 0.744476
vt 0.674100 0.761257
vt 0.654001 0.761566
vt 0.656333 0.772521
vt 0.674100 0.761257
vt 0.674011 0.755636
vt 0.653998 0.755429
vt 0.148645 0.098139
vt 0.148724 0.092105
vt 0.139320 0.092354
vt 0.148645 0.098139
vt 0.139237 0.098095
vt 0.140607 0.105337
vt 0.148724 0.092105
vt 0.149962 0.087726
vt 0.140640 0.085090
vt 0.682145 0.761483
vt 0.682158 0.755408
vt 0.674011 0.755636
vt 0.682145 0.761483
vt 0.674100 0.761257
vt 0.676092 0.768254
vt 0.682158 0.755408
vt 0.683554 0.750993
vt 0.675996 0.748603
vt 0.976707 0.108167
vt 0.983659 0.108167
vt 0.983659 0.105359
vt 0.976707 0.110250
vt 0.983659 0.110250
vt 0.983659 0.108167
vt 0.983659 0.102552
vt 0.983659 0.100468
vt 0.976707 0.100468
vt 0.983659 0.105359
vt 0.983659 0.102552
vt 0.976707 0.102552
vt 0.507214 0.012799
vt 0.507703 0.015548
vt 0.508210 0.015319
vt 0.507793 0.012799
vt 0.508210 0.015319
vt 0.508734 0.015093
vt 0.507703 0.015548
vt 0.508974 0.017254
vt 0.509342 0.016808
vt 0.508210 0.015319
vt 0.509342 0.016808
vt 0.509599 0.016174
vt 0.507703 0.010050
vt 0.508210 0.010279
vt 0.509342 0.008790
vt 0.508210 0.010279
vt 0.508734 0.010505
vt 0.509599 0.009424
vt 0.507214 0.012799
vt 0.507793 0.012799
vt 0.508210 0.010279
vt 0.507793 0.012799
vt 0.508336 0.012799
vt 0.508734 0.010505
vt 0.071703 0.044353
vt 0.071098 0.046609
vt 0.072837 0.043627
vt 0.071098 0.046609
vt 0.071703 0.048866
vt 0.072837 0.049592
vt 0.959909 0.025985
vt 0.962538 0.028614
vt 0.966257 0.028614
vt 0.966257 0.028614
vt 0.968886 0.025985
vt 0.959909 0.025985
vt 0.968886 0.025985
vt 0.968886 0.022267
vt 0.959909 0.025985
vt 0.968886 0.022267
vt 0.966257 0.019637
vt 0.959909 0.025985
vt 0.966257 0.019637
vt 0.962538 0.019637
vt 0.959909 0.025985
vt 0.315113 0.058973
vt 0.315112 0.062691
vt 0.318702 0.064178
vt 0.361301 0.061428
vt 0.359815 0.057838
vt 0.355083 0.062570
vt 0.312484 0.065320
vt 0.313970 0.068910
vt 0.318702 0.064178
vt 0.365019 0.061428
vt 0.366507 0.057839
vt 0.359815 0.057838
vt 0.308766 0.065320
vt 0.307278 0.068909
vt 0.313970 0.068910
vt 0.367648 0.064057
vt 0.371238 0.062570
vt 0.366507 0.057839
vt 0.306136 0.062691
vt 0.302547 0.064177
vt 0.307278 0.068909
vt 0.367648 0.064057
vt 0.367648 0.067775
vt 0.371238 0.069261
vt 0.964276 0.988557
vt 0.964276 0.984838
vt 0.958883 0.984838
vt 0.964276 0.984838
vt 0.964276 0.981120
vt 0.958883 0.981120
vt 0.964276 0.981120
vt 0.964276 0.977401
vt 0.958883 0.977401
vt 0.964276 0.977401
vt 0.964276 0.973683
vt 0.958883 0.973683
vt 0.964276 0.973683
vt 0.964276 0.969965
vt 0.958883 0.969965
vt 0.964276 0.969965
vt 0.964276 0.966246
vt 0.958883 0.966246
vt 0.964276 0.995993
vt 0.964276 0.992275
vt 0.958883 0.992275
vt 0.958883 0.992275
vt 0.964276 0.992275
vt 0.964276 0.988557
vt 0.952408 0.616329
vt 0.954713 0.616329
vt 0.954713 0.609639
vt 0.954713 0.623020
vt 0.954713 0.616329
vt 0.952408 0.616329
vt 0.954713 0.576186
vt 0.954713 0.569495
vt 0.952408 0.569495
vt 0.954713 0.582877
vt 0.954713 0.576186
vt 0.952408 0.576186
vt 0.954713 0.589567
vt 0.954713 0.582877
vt 0.952408 0.582877
vt 0.954713 0.596257
vt 0.954713 0.589567
vt 0.952408 0.589567
vt 0.954713 0.602948
vt 0.954713 0.596257
vt 0.952408 0.596257
vt 0.954713 0.609639
vt 0.954713 0.602948
vt 0.952408 0.602948
vt 0.358672 0.064057
vt 0.355083 0.062570
vt 0.355083 0.069262
vt 0.312484 0.056344
vt 0.315113 0.058973
vt 0.318702 0.057486
vt 0.361301 0.070404
vt 0.358672 0.067775
vt 0.355083 0.069262
vt 0.308765 0.056344
vt 0.312484 0.056344
vt 0.313970 0.052754
vt 0.365019 0.070404
vt 0.361301 0.070404
vt 0.359814 0.073994
vt 0.306136 0.058973
vt 0.308765 0.056344
vt 0.307278 0.052755
vt 0.367648 0.067775
vt 0.365019 0.070404
vt 0.366506 0.073993
vt 0.306136 0.058973
vt 0.302547 0.057486
vt 0.302547 0.064177
vt 0.887440 0.034027
vt 0.888461 0.033605
vt 0.885233 0.030378
vt 0.906471 0.034026
vt 0.906471 0.037745
vt 0.907491 0.038168
vt 0.887440 0.034027
vt 0.887440 0.037745
vt 0.888461 0.038168
vt 0.903842 0.040374
vt 0.904265 0.041395
vt 0.907491 0.038168
vt 0.884811 0.040374
vt 0.885234 0.041395
vt 0.888461 0.038168
vt 0.903842 0.040374
vt 0.900124 0.040374
vt 0.899701 0.041395
vt 0.884811 0.040374
vt 0.881093 0.040374
vt 0.880670 0.041395
vt 0.897495 0.037745
vt 0.896474 0.038168
vt 0.899701 0.041395
vt 0.659616 0.731569
vt 0.655897 0.731569
vt 0.655897 0.732962
vt 0.655897 0.731569
vt 0.652179 0.731569
vt 0.652179 0.732962
vt 0.652179 0.731569
vt 0.648461 0.731569
vt 0.648461 0.732962
vt 0.648461 0.731569
vt 0.644742 0.731569
vt 0.644742 0.732962
vt 0.644742 0.731569
vt 0.641024 0.731569
vt 0.641024 0.732962
vt 0.641024 0.731569
vt 0.637306 0.731569
vt 0.637306 0.732962
vt 0.667053 0.731569
vt 0.663334 0.731569
vt 0.663334 0.732962
vt 0.663334 0.731569
vt 0.659616 0.731569
vt 0.659616 0.732962
vt 0.582322 0.733852
vt 0.586885 0.733852
vt 0.586885 0.732600
vt 0.577760 0.733852
vt 0.582322 0.733852
vt 0.582322 0.732600
vt 0.609697 0.733852
vt 0.614259 0.733852
vt 0.614259 0.732600
vt 0.605134 0.733852
vt 0.609697 0.733852
vt 0.609697 0.732600
vt 0.600572 0.733852
vt 0.605134 0.733852
vt 0.605134 0.732600
vt 0.596010 0.733852
vt 0.600572 0.733852
vt 0.600572 0.732600
vt 0.591447 0.733852
vt 0.596010 0.733852
vt 0.596010 0.732600
vt 0.586885 0.733852
vt 0.591447 0.733852
vt 0.591447 0.732600
vt 0.903842 0.031397
vt 0.906471 0.034026
vt 0.907491 0.033604
vt 0.881092 0.031398
vt 0.884810 0.031399
vt 0.885233 0.030378
vt 0.903842 0.031397
vt 0.904265 0.030377
vt 0.899702 0.030377
vt 0.878463 0.034027
vt 0.881092 0.031398
vt 0.880669 0.030378
vt 0.900124 0.031397
vt 0.899702 0.030377
vt 0.896474 0.033604
vt 0.878463 0.034027
vt 0.877443 0.033605
vt 0.877443 0.038168
vt 0.897495 0.037745
vt 0.897495 0.034027
vt 0.896474 0.033604
vt 0.878463 0.037745
vt 0.877443 0.038168
vt 0.880670 0.041395
vt 0.754847 0.470766
vt 0.724010 0.470766
vt 0.724010 0.474485
vt 0.754847 0.474485
vt 0.724010 0.474485
vt 0.724010 0.478203
vt 0.754847 0.478203
vt 0.724010 0.478203
vt 0.724010 0.481922
vt 0.754847 0.481922
vt 0.724010 0.481922
vt 0.724010 0.485640
vt 0.754847 0.485640
vt 0.724010 0.485640
vt 0.724010 0.489358
vt 0.754847 0.489358
vt 0.724010 0.489358
vt 0.724010 0.493077
vt 0.754847 0.493077
vt 0.724010 0.493077
vt 0.724010 0.496795
vt 0.587201 0.485043
vt 0.573448 0.489665
vt 0.576592 0.499023
vt 0.936690 0.916402
vt 0.936690 0.910918
vt 0.930907 0.910918
vt 0.710798 0.483330
vt 0.697045 0.478708
vt 0.693901 0.488066
vt 0.936690 0.895137
vt 0.930907 0.895137
vt 0.930907 0.910918
vt 0.930907 0.856140
vt 0.936690 0.856140
vt 0.936690 0.840263
vt 0.930907 0.862186
vt 0.936690 0.862186
vt 0.936690 0.856140
vt 0.760854 0.763299
vt 0.760935 0.753428
vt 0.754981 0.754481
vt 0.754981 0.754481
vt 0.750099 0.756375
vt 0.760854 0.763299
vt 0.750099 0.756375
vt 0.747169 0.759399
vt 0.760854 0.763299
vt 0.747169 0.759399
vt 0.745838 0.763176
vt 0.747107 0.766975
vt 0.747107 0.766975
vt 0.749987 0.770046
vt 0.760854 0.763299
vt 0.749987 0.770046
vt 0.754837 0.772020
vt 0.760854 0.763299
vt 0.754837 0.772020
vt 0.760773 0.773171
vt 0.760854 0.763299
vt 0.936690 0.889090
vt 0.930907 0.889090
vt 0.930907 0.895137
vt 0.936690 0.875638
vt 0.930907 0.875638
vt 0.930907 0.879643
vt 0.697045 0.478708
vt 0.700190 0.469350
vt 0.694204 0.468501
vt 0.694204 0.468501
vt 0.688974 0.468785
vt 0.697045 0.478708
vt 0.688974 0.468785
vt 0.685249 0.470748
vt 0.697045 0.478708
vt 0.685249 0.470748
vt 0.682811 0.473925
vt 0.682836 0.477929
vt 0.682836 0.477929
vt 0.684620 0.481744
vt 0.697045 0.478708
vt 0.684620 0.481744
vt 0.688616 0.485128
vt 0.697045 0.478708
vt 0.688616 0.485128
vt 0.693901 0.488066
vt 0.697045 0.478708
vt 0.930907 0.875638
vt 0.936690 0.875638
vt 0.936690 0.871634
vt 0.936690 0.889090
vt 0.936690 0.883853
vt 0.930907 0.883854
vt 0.930907 0.862186
vt 0.930907 0.867423
vt 0.936690 0.867423
vt 0.775362 0.763418
vt 0.760854 0.763299
vt 0.760773 0.773171
vt 0.930907 0.758299
vt 0.930907 0.763783
vt 0.936690 0.763783
vt 0.851844 0.480804
vt 0.837336 0.480923
vt 0.837417 0.490795
vt 0.930907 0.778466
vt 0.936690 0.778466
vt 0.936690 0.763783
vt 0.936690 0.817463
vt 0.930907 0.817463
vt 0.930907 0.832249
vt 0.936690 0.811417
vt 0.930907 0.811417
vt 0.930907 0.817463
vt 0.930907 0.784512
vt 0.936690 0.784512
vt 0.936690 0.778466
vt 0.930907 0.797965
vt 0.936690 0.797965
vt 0.936690 0.793960
vt 0.837336 0.480923
vt 0.837255 0.471051
vt 0.831319 0.472202
vt 0.831319 0.472202
vt 0.826469 0.474176
vt 0.837336 0.480923
vt 0.826469 0.474176
vt 0.823588 0.477248
vt 0.837336 0.480923
vt 0.823588 0.477248
vt 0.822320 0.481046
vt 0.823651 0.484823
vt 0.823651 0.484823
vt 0.826581 0.487847
vt 0.837336 0.480923
vt 0.826581 0.487847
vt 0.831463 0.489742
vt 0.837336 0.480923
vt 0.831463 0.489742
vt 0.837417 0.490795
vt 0.837336 0.480923
vt 0.936690 0.797965
vt 0.930907 0.797965
vt 0.930907 0.801969
vt 0.930907 0.784512
vt 0.930907 0.789749
vt 0.936690 0.789749
vt 0.936690 0.811417
vt 0.936690 0.806180
vt 0.930907 0.806180
vt 0.805985 0.026184
vt 0.808614 0.028813
vt 0.812332 0.028813
vt 0.812332 0.028813
vt 0.814962 0.026184
vt 0.805985 0.026184
vt 0.814962 0.026184
vt 0.814962 0.022465
vt 0.805985 0.026184
vt 0.814962 0.022465
vt 0.812332 0.019836
vt 0.805985 0.026184
vt 0.812332 0.019836
vt 0.808614 0.019836
vt 0.805985 0.026184
vt 0.196387 0.063269
vt 0.199976 0.064756
vt 0.199976 0.058064
vt 0.947062 0.929148
vt 0.942330 0.924416
vt 0.940844 0.928006
vt 0.199976 0.058064
vt 0.195244 0.053333
vt 0.193758 0.056922
vt 0.942330 0.924416
vt 0.935639 0.924416
vt 0.937126 0.928006
vt 0.195244 0.053333
vt 0.188552 0.053333
vt 0.190040 0.056922
vt 0.935639 0.924416
vt 0.930907 0.929148
vt 0.934497 0.930635
vt 0.188552 0.053333
vt 0.183821 0.058065
vt 0.187410 0.059551
vt 0.934497 0.930635
vt 0.930907 0.929148
vt 0.930907 0.935839
vt 0.963893 0.721160
vt 0.958501 0.721160
vt 0.958501 0.724879
vt 0.963893 0.717442
vt 0.958501 0.717442
vt 0.958501 0.721160
vt 0.963893 0.713723
vt 0.958501 0.713723
vt 0.958501 0.717442
vt 0.963893 0.710005
vt 0.958501 0.710005
vt 0.958501 0.713723
vt 0.963893 0.706287
vt 0.958501 0.706287
vt 0.958501 0.710005
vt 0.963893 0.702568
vt 0.958501 0.702568
vt 0.958501 0.706287
vt 0.963893 0.728597
vt 0.958501 0.728597
vt 0.958501 0.732315
vt 0.963893 0.728597
vt 0.963893 0.724879
vt 0.958501 0.724879
vt 0.950061 0.637724
vt 0.950061 0.644414
vt 0.952366 0.644414
vt 0.950061 0.637724
vt 0.952366 0.637724
vt 0.952366 0.631033
vt 0.950061 0.684557
vt 0.952366 0.684557
vt 0.952366 0.677867
vt 0.950061 0.677867
vt 0.952366 0.677867
vt 0.952366 0.671176
vt 0.950061 0.671176
vt 0.952366 0.671176
vt 0.952366 0.664486
vt 0.950061 0.664486
vt 0.952366 0.664486
vt 0.952366 0.657795
vt 0.950061 0.657795
vt 0.952366 0.657795
vt 0.952366 0.651105
vt 0.950061 0.651105
vt 0.952366 0.651105
vt 0.952366 0.644414
vt 0.947062 0.935840
vt 0.947062 0.929148
vt 0.943473 0.930635
vt 0.193757 0.065898
vt 0.195244 0.069488
vt 0.199976 0.064756
vt 0.940844 0.936982
vt 0.942330 0.940571
vt 0.947062 0.935840
vt 0.190040 0.065898
vt 0.188552 0.069488
vt 0.195244 0.069488
vt 0.937126 0.936982
vt 0.935639 0.940571
vt 0.942330 0.940571
vt 0.187410 0.063269
vt 0.183821 0.064756
vt 0.188552 0.069488
vt 0.934497 0.934353
vt 0.930907 0.935839
vt 0.935639 0.940571
vt 0.183821 0.058065
vt 0.183821 0.064756
vt 0.187410 0.063269
vt 0.934536 0.033604
vt 0.934536 0.038168
vt 0.935556 0.037745
vt 0.922872 0.040374
vt 0.923295 0.041395
vt 0.926522 0.038168
vt 0.935556 0.037745
vt 0.934536 0.038168
vt 0.937763 0.041395
vt 0.926522 0.038168
vt 0.926522 0.033604
vt 0.925501 0.034026
vt 0.937763 0.041395
vt 0.942326 0.041395
vt 0.941903 0.040374
vt 0.925501 0.034026
vt 0.926522 0.033604
vt 0.923295 0.030377
vt 0.941903 0.040374
vt 0.942326 0.041395
vt 0.945553 0.038168
vt 0.923295 0.030377
vt 0.918732 0.030377
vt 0.919154 0.031397
vt 0.971153 0.935571
vt 0.972546 0.935571
vt 0.972546 0.931853
vt 0.971153 0.939289
vt 0.972546 0.939289
vt 0.972546 0.935571
vt 0.971153 0.943008
vt 0.972546 0.943008
vt 0.972546 0.939289
vt 0.971153 0.946726
vt 0.972546 0.946726
vt 0.972546 0.943008
vt 0.971153 0.950445
vt 0.972546 0.950445
vt 0.972546 0.946726
vt 0.971153 0.954163
vt 0.972546 0.954163
vt 0.972546 0.950445
vt 0.971153 0.928134
vt 0.972546 0.928134
vt 0.972546 0.924416
vt 0.971153 0.931853
vt 0.972546 0.931853
vt 0.972546 0.928134
vt 0.962130 0.450069
vt 0.960878 0.450069
vt 0.960878 0.454631
vt 0.962130 0.454631
vt 0.960878 0.454631
vt 0.960878 0.459194
vt 0.962130 0.422694
vt 0.960878 0.422694
vt 0.960878 0.427257
vt 0.962130 0.427257
vt 0.960878 0.427257
vt 0.960878 0.431819
vt 0.962130 0.431819
vt 0.960878 0.431819
vt 0.960878 0.436381
vt 0.962130 0.436381
vt 0.960878 0.436381
vt 0.960878 0.440944
vt 0.962130 0.440944
vt 0.960878 0.440944
vt 0.960878 0.445506
vt 0.962130 0.445506
vt 0.960878 0.445506
vt 0.960878 0.450069
vt 0.919154 0.040374
vt 0.918732 0.041395
vt 0.923295 0.041395
vt 0.938185 0.031397
vt 0.937763 0.030377
vt 0.934536 0.033604
vt 0.915505 0.038168
vt 0.918732 0.041395
vt 0.919154 0.040374
vt 0.941903 0.031397
vt 0.942326 0.030377
vt 0.937763 0.030377
vt 0.915505 0.033604
vt 0.915505 0.038168
vt 0.916526 0.037745
vt 0.945553 0.033604
vt 0.942326 0.030377
vt 0.941903 0.031397
vt 0.919154 0.031397
vt 0.918732 0.030377
vt 0.915505 0.033604
vt 0.945553 0.038168
vt 0.945553 0.033604
vt 0.944532 0.034026
vt 0.930907 0.879643
vt 0.930907 0.883854
vt 0.936690 0.883853
vt 0.936690 0.871634
vt 0.936690 0.867423
vt 0.930907 0.867423
vt 0.936690 0.793960
vt 0.936690 0.789749
vt 0.930907 0.789749
vt 0.930907 0.801969
vt 0.930907 0.806180
vt 0.936690 0.806180
vt 0.573448 0.489665
vt 0.570303 0.480307
vt 0.565019 0.483245
vt 0.565019 0.483245
vt 0.561022 0.486629
vt 0.573448 0.489665
vt 0.561022 0.486629
vt 0.559239 0.490444
vt 0.573448 0.489665
vt 0.559239 0.490444
vt 0.559214 0.494448
vt 0.561652 0.497625
vt 0.561652 0.497625
vt 0.565377 0.499588
vt 0.573448 0.489665
vt 0.565377 0.499588
vt 0.570606 0.499872
vt 0.573448 0.489665
vt 0.570606 0.499872
vt 0.576592 0.499023
vt 0.573448 0.489665
vt 0.700190 0.469350
vt 0.697045 0.478708
vt 0.710798 0.483330
vt 0.710699 0.500514
vt 0.715997 0.485077
vt 0.710798 0.483330
vt 0.570303 0.480307
vt 0.573448 0.489665
vt 0.587201 0.485043
vt 0.587102 0.467860
vt 0.581903 0.469607
vt 0.587201 0.485043
vt 0.950870 0.995993
vt 0.950870 0.979673
vt 0.945087 0.979673
vt 0.837255 0.471051
vt 0.837336 0.480923
vt 0.851844 0.480804
vt 0.857328 0.493481
vt 0.857328 0.480759
vt 0.851844 0.480804
vt 0.760935 0.753428
vt 0.760854 0.763299
vt 0.775362 0.763418
vt 0.780846 0.750741
vt 0.775362 0.750696
vt 0.775362 0.763418
vt 0.528283 0.077902
vt 0.528283 0.065180
vt 0.522500 0.065180
vt 0.522500 0.059696
vt 0.522500 0.065180
vt 0.528283 0.065180
vt 0.945087 0.974188
vt 0.945087 0.979673
vt 0.950870 0.979673
vt 0.945087 0.957868
vt 0.945087 0.974188
vt 0.950870 0.974188
vt 0.522500 0.046974
vt 0.522500 0.059696
vt 0.528283 0.059696
vt 0.628400 0.483330
vt 0.633598 0.467860
vt 0.617792 0.469350
vt 0.205482 0.202540
vt 0.199699 0.202540
vt 0.199699 0.208024
vt 0.669599 0.485043
vt 0.664301 0.469607
vt 0.652701 0.480307
vt 0.205482 0.202540
vt 0.205482 0.186758
vt 0.199699 0.186758
vt 0.199699 0.131884
vt 0.199699 0.147761
vt 0.205482 0.147761
vt 0.199699 0.147761
vt 0.199699 0.153807
vt 0.205482 0.153807
vt 0.874485 0.489742
vt 0.880439 0.490795
vt 0.880357 0.480923
vt 0.880357 0.480923
vt 0.880276 0.471051
vt 0.874341 0.472202
vt 0.874341 0.472202
vt 0.869490 0.474176
vt 0.880357 0.480923
vt 0.869490 0.474176
vt 0.866610 0.477248
vt 0.880357 0.480923
vt 0.866610 0.477248
vt 0.865342 0.481046
vt 0.866672 0.484823
vt 0.866672 0.484823
vt 0.869602 0.487847
vt 0.880357 0.480923
vt 0.869602 0.487847
vt 0.874485 0.489742
vt 0.880357 0.480923
vt 0.205482 0.186758
vt 0.205482 0.180712
vt 0.199699 0.180712
vt 0.205482 0.171264
vt 0.205482 0.167260
vt 0.199699 0.167260
vt 0.653004 0.499872
vt 0.658991 0.499023
vt 0.655846 0.489665
vt 0.655846 0.489665
vt 0.652701 0.480307
vt 0.647417 0.483245
vt 0.647417 0.483245
vt 0.643420 0.486629
vt 0.655846 0.489665
vt 0.643420 0.486629
vt 0.641637 0.490444
vt 0.655846 0.489665
vt 0.641637 0.490444
vt 0.641612 0.494448
vt 0.644050 0.497625
vt 0.644050 0.497625
vt 0.647775 0.499588
vt 0.655846 0.489665
vt 0.647775 0.499588
vt 0.653004 0.499872
vt 0.655846 0.489665
vt 0.199699 0.163255
vt 0.199699 0.167260
vt 0.205482 0.167260
vt 0.199699 0.180712
vt 0.205482 0.180712
vt 0.205482 0.175475
vt 0.205482 0.153807
vt 0.199699 0.153807
vt 0.199699 0.159044
vt 0.894866 0.480804
vt 0.894761 0.468083
vt 0.880276 0.471051
vt 0.936690 0.744801
vt 0.930907 0.744801
vt 0.930907 0.750285
vt 0.808823 0.480805
vt 0.808823 0.468083
vt 0.794396 0.470814
vt 0.936690 0.744801
vt 0.936690 0.730117
vt 0.930907 0.730117
vt 0.930907 0.676335
vt 0.930907 0.691121
vt 0.936690 0.691121
vt 0.930907 0.691121
vt 0.930907 0.697167
vt 0.936690 0.697167
vt 0.936690 0.730117
vt 0.936690 0.724071
vt 0.930907 0.724071
vt 0.936690 0.714624
vt 0.936690 0.710619
vt 0.930907 0.710619
vt 0.788298 0.489407
vt 0.794233 0.490557
vt 0.794314 0.480686
vt 0.794314 0.480686
vt 0.794396 0.470814
vt 0.788442 0.471867
vt 0.788442 0.471867
vt 0.783559 0.473761
vt 0.794314 0.480686
vt 0.783559 0.473761
vt 0.780629 0.476785
vt 0.794314 0.480686
vt 0.780629 0.476785
vt 0.779299 0.480563
vt 0.780567 0.484361
vt 0.780567 0.484361
vt 0.783447 0.487433
vt 0.794314 0.480686
vt 0.783447 0.487433
vt 0.788298 0.489407
vt 0.794314 0.480686
vt 0.930907 0.706614
vt 0.930907 0.710619
vt 0.936690 0.710619
vt 0.930907 0.724071
vt 0.936690 0.724071
vt 0.936690 0.718835
vt 0.936690 0.697167
vt 0.930907 0.697167
vt 0.930907 0.702403
vt 0.205482 0.171264
vt 0.199699 0.171264
vt 0.199699 0.175475
vt 0.199699 0.163255
vt 0.205482 0.163255
vt 0.205482 0.159044
vt 0.936690 0.714624
vt 0.930907 0.714624
vt 0.930907 0.718835
vt 0.930907 0.706614
vt 0.936690 0.706614
vt 0.936690 0.702403
vt 0.606218 0.485128
vt 0.611502 0.488066
vt 0.614647 0.478708
vt 0.614647 0.478708
vt 0.617792 0.469350
vt 0.611805 0.468501
vt 0.611805 0.468501
vt 0.606576 0.468785
vt 0.614647 0.478708
vt 0.606576 0.468785
vt 0.602851 0.470748
vt 0.614647 0.478708
vt 0.602851 0.470748
vt 0.600413 0.473925
vt 0.600438 0.477929
vt 0.600438 0.477929
vt 0.602221 0.481744
vt 0.614647 0.478708
vt 0.602221 0.481744
vt 0.606218 0.485128
vt 0.614647 0.478708
vt 0.669599 0.485043
vt 0.655846 0.489665
vt 0.658991 0.499023
vt 0.669599 0.485043
vt 0.674798 0.483296
vt 0.669500 0.467860
vt 0.628400 0.483330
vt 0.614647 0.478708
vt 0.611502 0.488066
vt 0.628301 0.500514
vt 0.633598 0.485077
vt 0.628400 0.483330
vt 0.944704 0.710511
vt 0.950487 0.710511
vt 0.950487 0.694190
vt 0.808823 0.480805
vt 0.794314 0.480686
vt 0.794233 0.490557
vt 0.808823 0.480805
vt 0.814307 0.480850
vt 0.814307 0.468128
vt 0.894866 0.480804
vt 0.880357 0.480923
vt 0.880439 0.490795
vt 0.900350 0.493481
vt 0.900350 0.480759
vt 0.894866 0.480804
vt 0.740104 0.052238
vt 0.745887 0.052238
vt 0.745887 0.039516
vt 0.745887 0.052238
vt 0.740104 0.052238
vt 0.740104 0.057722
vt 0.950487 0.710511
vt 0.944704 0.710511
vt 0.944704 0.715995
vt 0.950487 0.715995
vt 0.944704 0.715995
vt 0.944704 0.732315
vt 0.745887 0.057722
vt 0.740104 0.057722
vt 0.740104 0.070443
vt 0.754847 0.496795
vt 0.724010 0.496795
vt 0.724010 0.500514
vt 0.984428 0.448770
vt 0.984428 0.447033
vt 0.982726 0.447033
vt 0.984428 0.447033
vt 0.984428 0.445296
vt 0.982726 0.445296
vt 0.984428 0.459194
vt 0.984428 0.457456
vt 0.982726 0.457456
vt 0.984428 0.457456
vt 0.984428 0.455719
vt 0.982726 0.455719
vt 0.984428 0.455719
vt 0.984428 0.453982
vt 0.982726 0.453982
vt 0.984428 0.453982
vt 0.984428 0.452245
vt 0.982726 0.452245
vt 0.827169 0.009212
vt 0.827169 0.007474
vt 0.825941 0.006246
vt 0.825941 0.006246
vt 0.824203 0.006246
vt 0.822975 0.007474
vt 0.822975 0.007474
vt 0.822975 0.009212
vt 0.824203 0.010440
vt 0.824203 0.010440
vt 0.825941 0.010440
vt 0.827169 0.009212
vt 0.827169 0.009212
vt 0.825941 0.006246
vt 0.824203 0.010440
vt 0.982726 0.452245
vt 0.984428 0.452245
vt 0.984428 0.450508
vt 0.984428 0.450508
vt 0.984428 0.448770
vt 0.982726 0.448770
vt 0.513507 0.667351
vt 0.497582 0.683284
vt 0.505300 0.692663
vt 0.337903 0.666233
vt 0.326093 0.647440
vt 0.315371 0.652795
vt 0.372207 0.492467
vt 0.392459 0.483924
vt 0.388916 0.472602
vt 0.497582 0.683284
vt 0.478877 0.695761
vt 0.484593 0.706455
vt 0.315371 0.652795
vt 0.326093 0.647440
vt 0.318248 0.626661
vt 0.392459 0.483924
vt 0.413992 0.479590
vt 0.412690 0.467701
vt 0.478877 0.695761
vt 0.458124 0.704300
vt 0.461615 0.715889
vt 0.306690 0.629829
vt 0.318248 0.626661
vt 0.314547 0.604682
vt 0.354048 0.504920
vt 0.372207 0.492467
vt 0.366489 0.482052
vt 0.338716 0.520797
vt 0.354048 0.504920
vt 0.346344 0.495837
vt 0.353240 0.682303
vt 0.337903 0.666233
vt 0.328450 0.673621
vt 0.371499 0.695003
vt 0.353240 0.682303
vt 0.345444 0.691438
vt 0.513570 0.520997
vt 0.526058 0.539816
vt 0.536809 0.534078
vt 0.497703 0.504970
vt 0.513570 0.520997
vt 0.522999 0.513294
vt 0.526028 0.648582
vt 0.513507 0.667351
vt 0.522927 0.675049
vt 0.534656 0.627703
vt 0.526028 0.648582
vt 0.536785 0.654298
vt 0.326807 0.539470
vt 0.338716 0.520797
vt 0.329333 0.513417
vt 0.391953 0.703822
vt 0.371499 0.695003
vt 0.365674 0.705523
vt 0.539057 0.605525
vt 0.534656 0.627703
vt 0.546332 0.631215
vt 0.479046 0.492352
vt 0.497703 0.504970
vt 0.505452 0.495592
vt 0.318710 0.560210
vt 0.326807 0.539470
vt 0.316127 0.534061
vt 0.413788 0.708406
vt 0.391953 0.703822
vt 0.388332 0.715307
vt 0.539060 0.582905
vt 0.539057 0.605525
vt 0.551200 0.606696
vt 0.458274 0.483658
vt 0.479046 0.492352
vt 0.484806 0.481638
vt 0.302547 0.605679
vt 0.314547 0.604682
vt 0.314613 0.582216
vt 0.314613 0.582216
vt 0.318710 0.560210
vt 0.307158 0.556925
vt 0.458124 0.704300
vt 0.436139 0.708570
vt 0.437271 0.720598
vt 0.437271 0.720598
vt 0.436139 0.708570
vt 0.413788 0.708406
vt 0.526058 0.539816
vt 0.534668 0.560717
vt 0.546337 0.557171
vt 0.534668 0.560717
vt 0.539060 0.582905
vt 0.551200 0.581692
vt 0.413992 0.479590
vt 0.436179 0.479210
vt 0.437246 0.467207
vt 0.436179 0.479210
vt 0.458274 0.483658
vt 0.461787 0.472010
vt 0.219084 0.209874
vt 0.219084 0.220267
vt 0.222460 0.220267
vt 0.632108 0.796431
vt 0.615167 0.808134
vt 0.621998 0.816016
vt 0.615167 0.808134
vt 0.600839 0.822987
vt 0.609109 0.829397
vt 0.600839 0.822987
vt 0.589635 0.840389
vt 0.599017 0.845112
vt 0.589635 0.840389
vt 0.581918 0.859661
vt 0.592042 0.862533
vt 0.581918 0.859661
vt 0.577974 0.880049
vt 0.588468 0.881022
vt 0.577974 0.880049
vt 0.577760 0.900779
vt 0.588226 0.899852
vt 0.577760 0.900779
vt 0.581311 0.921116
vt 0.591347 0.918255
vt 0.581311 0.921116
vt 0.588697 0.940298
vt 0.597933 0.935552
vt 0.588697 0.940298
vt 0.599678 0.957578
vt 0.607757 0.951109
vt 0.599678 0.957578
vt 0.613864 0.972297
vt 0.620475 0.964348
vt 0.613864 0.972297
vt 0.630707 0.983878
vt 0.635595 0.974758
vt 0.630707 0.983878
vt 0.649554 0.991875
vt 0.652527 0.981944
vt 0.649554 0.991875
vt 0.669659 0.995963
vt 0.670601 0.985608
vt 0.669659 0.995963
vt 0.690242 0.995993
vt 0.689118 0.985618
vt 0.571516 0.292356
vt 0.584801 0.279071
vt 0.578009 0.270794
vt 0.584801 0.279071
vt 0.600423 0.268632
vt 0.595376 0.259190
vt 0.595376 0.259190
vt 0.600423 0.268632
vt 0.617781 0.261442
vt 0.617781 0.261442
vt 0.636209 0.257777
vt 0.635159 0.247122
vt 0.636209 0.257777
vt 0.654997 0.257777
vt 0.656047 0.247122
vt 0.656047 0.247122
vt 0.654997 0.257777
vt 0.673425 0.261442
vt 0.673425 0.261442
vt 0.690783 0.268632
vt 0.695830 0.259190
vt 0.695830 0.259190
vt 0.690783 0.268632
vt 0.706405 0.279071
vt 0.706405 0.279071
vt 0.719690 0.292356
vt 0.727966 0.285564
vt 0.719690 0.292356
vt 0.730128 0.307978
vt 0.739571 0.302931
vt 0.730128 0.307978
vt 0.737318 0.325336
vt 0.747564 0.322228
vt 0.747564 0.322228
vt 0.737318 0.325336
vt 0.740984 0.343763
vt 0.740984 0.343763
vt 0.740984 0.362552
vt 0.751639 0.363601
vt 0.740984 0.362552
vt 0.737318 0.380979
vt 0.747564 0.384087
vt 0.737318 0.380979
vt 0.730128 0.398338
vt 0.739571 0.403384
vt 0.739571 0.403384
vt 0.730128 0.398338
vt 0.719690 0.413959
vt 0.719690 0.413959
vt 0.706405 0.427245
vt 0.713197 0.435521
vt 0.713197 0.435521
vt 0.706405 0.427245
vt 0.690783 0.437683
vt 0.695830 0.447125
vt 0.690783 0.437683
vt 0.673425 0.444873
vt 0.676533 0.455119
vt 0.673425 0.444873
vt 0.654997 0.448539
vt 0.656047 0.459194
vt 0.654997 0.448539
vt 0.636209 0.448539
vt 0.636209 0.448539
vt 0.617782 0.444873
vt 0.614674 0.455119
vt 0.617782 0.444873
vt 0.600423 0.437683
vt 0.595376 0.447126
vt 0.600423 0.437683
vt 0.584801 0.427245
vt 0.578009 0.435521
vt 0.578009 0.435521
vt 0.584801 0.427245
vt 0.571516 0.413960
vt 0.563240 0.420752
vt 0.571516 0.413960
vt 0.561078 0.398338
vt 0.561078 0.398338
vt 0.553888 0.380980
vt 0.543642 0.384088
vt 0.553888 0.380980
vt 0.550222 0.362552
vt 0.539567 0.363602
vt 0.539567 0.363602
vt 0.550222 0.362552
vt 0.550222 0.343764
vt 0.539567 0.342714
vt 0.550222 0.343764
vt 0.553888 0.325336
vt 0.543642 0.322228
vt 0.553888 0.325336
vt 0.561078 0.307978
vt 0.561078 0.307978
vt 0.571516 0.292356
vt 0.563240 0.285564
vt 0.650998 0.788348
vt 0.632108 0.796431
vt 0.637228 0.805489
vt 0.671080 0.784203
vt 0.650998 0.788348
vt 0.654203 0.798223
vt 0.691548 0.784153
vt 0.671080 0.784203
vt 0.672247 0.794499
vt 0.711584 0.788185
vt 0.691548 0.784153
vt 0.690636 0.794458
vt 0.774457 0.899438
vt 0.784996 0.900374
vt 0.784996 0.879484
vt 0.730417 0.796142
vt 0.711584 0.788185
vt 0.708628 0.798093
vt 0.774484 0.880601
vt 0.784996 0.879484
vt 0.780972 0.859022
vt 0.747333 0.807708
vt 0.730417 0.796142
vt 0.725530 0.805275
vt 0.780940 0.920874
vt 0.784996 0.900374
vt 0.774457 0.899438
vt 0.761778 0.822422
vt 0.747333 0.807708
vt 0.740702 0.815737
vt 0.772992 0.940185
vt 0.780940 0.920874
vt 0.770784 0.917916
vt 0.773148 0.839750
vt 0.761778 0.822422
vt 0.753674 0.829052
vt 0.753243 0.951005
vt 0.761494 0.957574
vt 0.772992 0.940185
vt 0.780972 0.859022
vt 0.773148 0.839750
vt 0.763876 0.844709
vt 0.740058 0.964331
vt 0.746853 0.972368
vt 0.761494 0.957574
vt 0.729630 0.983981
vt 0.746853 0.972368
vt 0.740058 0.964331
vt 0.710505 0.991958
vt 0.729630 0.983981
vt 0.724558 0.974788
vt 0.690242 0.995993
vt 0.710505 0.991958
vt 0.707350 0.981974
vt 0.908151 0.320035
vt 0.897127 0.329076
vt 0.902879 0.337693
vt 0.902879 0.337693
vt 0.906839 0.347267
vt 0.920484 0.343133
vt 0.920484 0.343133
vt 0.906839 0.347267
vt 0.908856 0.357430
vt 0.908856 0.357430
vt 0.908852 0.367790
vt 0.923040 0.369192
vt 0.923040 0.369192
vt 0.908852 0.367790
vt 0.906826 0.377951
vt 0.906826 0.377951
vt 0.902857 0.387521
vt 0.915429 0.394245
vt 0.902857 0.387521
vt 0.897098 0.396133
vt 0.908116 0.405180
vt 0.897098 0.396133
vt 0.889769 0.403456
vt 0.898811 0.414479
vt 0.898811 0.414479
vt 0.889769 0.403456
vt 0.881153 0.409208
vt 0.881153 0.409208
vt 0.871579 0.413168
vt 0.875714 0.426813
vt 0.871579 0.413168
vt 0.861417 0.415185
vt 0.862811 0.429374
vt 0.862811 0.429374
vt 0.861417 0.415185
vt 0.851057 0.415180
vt 0.851057 0.415180
vt 0.840896 0.413154
vt 0.836754 0.426796
vt 0.840896 0.413154
vt 0.831326 0.409185
vt 0.824602 0.421757
vt 0.824602 0.421757
vt 0.831326 0.409185
vt 0.822714 0.403425
vt 0.813666 0.414444
vt 0.822714 0.403425
vt 0.815391 0.396096
vt 0.815391 0.396096
vt 0.809639 0.387479
vt 0.797063 0.394196
vt 0.809639 0.387479
vt 0.805678 0.377905
vt 0.792034 0.382040
vt 0.792034 0.382040
vt 0.805678 0.377905
vt 0.803662 0.367743
vt 0.789473 0.369136
vt 0.803662 0.367743
vt 0.803666 0.357382
vt 0.789478 0.355981
vt 0.803666 0.357382
vt 0.805692 0.347221
vt 0.792050 0.343079
vt 0.805692 0.347221
vt 0.809661 0.337651
vt 0.809661 0.337651
vt 0.815421 0.329039
vt 0.804402 0.319991
vt 0.815421 0.329039
vt 0.822750 0.321716
vt 0.813709 0.310693
vt 0.813709 0.310693
vt 0.822750 0.321716
vt 0.831367 0.315964
vt 0.824650 0.303389
vt 0.831367 0.315964
vt 0.840940 0.312004
vt 0.840940 0.312004
vt 0.851103 0.309987
vt 0.849710 0.295798
vt 0.851103 0.309987
vt 0.861463 0.309992
vt 0.862865 0.295804
vt 0.862865 0.295804
vt 0.861463 0.309992
vt 0.871623 0.312018
vt 0.875766 0.298376
vt 0.871623 0.312018
vt 0.881193 0.315987
vt 0.887918 0.303416
vt 0.881193 0.315987
vt 0.889805 0.321747
vt 0.889805 0.321747
vt 0.897127 0.329076
vt 0.908151 0.320035
vt 0.494316 0.137250
vt 0.499161 0.144519
vt 0.503181 0.142338
vt 0.222460 0.355377
vt 0.219084 0.355377
vt 0.219084 0.365770
vt 0.219084 0.220267
vt 0.219084 0.230660
vt 0.222460 0.230660
vt 0.219084 0.365770
vt 0.219084 0.376163
vt 0.222460 0.376163
vt 0.219084 0.230660
vt 0.219084 0.241053
vt 0.222460 0.241053
vt 0.219084 0.376163
vt 0.219084 0.386556
vt 0.222460 0.386556
vt 0.219084 0.241053
vt 0.219084 0.251446
vt 0.222460 0.251446
vt 0.219084 0.386556
vt 0.219084 0.396949
vt 0.222460 0.396949
vt 0.219084 0.251446
vt 0.219084 0.261839
vt 0.222460 0.261839
vt 0.219084 0.126730
vt 0.219084 0.137123
vt 0.222460 0.137123
vt 0.219084 0.396949
vt 0.219084 0.407342
vt 0.222460 0.407342
vt 0.219084 0.261839
vt 0.219084 0.272232
vt 0.222460 0.272232
vt 0.219084 0.116336
vt 0.219084 0.126730
vt 0.222460 0.126730
vt 0.219084 0.407342
vt 0.219084 0.417735
vt 0.222460 0.417735
vt 0.219084 0.272232
vt 0.219084 0.282625
vt 0.222460 0.282625
vt 0.219084 0.137123
vt 0.219084 0.147516
vt 0.222460 0.147516
vt 0.219084 0.417735
vt 0.219084 0.428129
vt 0.222460 0.428129
vt 0.219084 0.282625
vt 0.219084 0.293019
vt 0.222460 0.293019
vt 0.219084 0.147516
vt 0.219084 0.157909
vt 0.222460 0.157909
vt 0.219084 0.095550
vt 0.219084 0.105943
vt 0.222460 0.105943
vt 0.222460 0.293019
vt 0.219084 0.293019
vt 0.219084 0.303412
vt 0.219084 0.157909
vt 0.219084 0.168302
vt 0.222460 0.168302
vt 0.219084 0.105943
vt 0.219084 0.116336
vt 0.222460 0.116336
vt 0.219084 0.303412
vt 0.219084 0.313805
vt 0.222460 0.313805
vt 0.219084 0.168302
vt 0.219084 0.178695
vt 0.222460 0.178695
vt 0.219084 0.313805
vt 0.219084 0.324198
vt 0.222460 0.324198
vt 0.219084 0.178695
vt 0.219084 0.189088
vt 0.222460 0.189088
vt 0.219084 0.324198
vt 0.219084 0.334591
vt 0.222460 0.334591
vt 0.219084 0.189088
vt 0.219084 0.199481
vt 0.222460 0.199481
vt 0.219084 0.334591
vt 0.219084 0.344984
vt 0.222460 0.344984
vt 0.219084 0.199481
vt 0.219084 0.209874
vt 0.222460 0.209874
vt 0.219084 0.344984
vt 0.219084 0.355377
vt 0.222460 0.355377
vt 0.908012 0.299559
vt 0.919313 0.310867
vt 0.931299 0.301005
vt 0.898853 0.310729
vt 0.908151 0.320035
vt 0.919313 0.310867
vt 0.894722 0.290673
vt 0.908012 0.299559
vt 0.917843 0.287548
vt 0.894722 0.290673
vt 0.887918 0.303416
vt 0.898853 0.310729
vt 0.879954 0.284551
vt 0.894722 0.290673
vt 0.902021 0.276975
vt 0.879954 0.284551
vt 0.875766 0.298376
vt 0.887918 0.303416
vt 0.865776 0.265979
vt 0.864275 0.281428
vt 0.879954 0.284551
vt 0.862865 0.295804
vt 0.875766 0.298376
vt 0.879954 0.284551
vt 0.846746 0.265978
vt 0.848288 0.281423
vt 0.864275 0.281428
vt 0.849710 0.295798
vt 0.862865 0.295804
vt 0.864275 0.281428
vt 0.832607 0.284538
vt 0.848288 0.281423
vt 0.846746 0.265978
vt 0.836806 0.298359
vt 0.849710 0.295798
vt 0.848288 0.281423
vt 0.810500 0.276973
vt 0.817835 0.290652
vt 0.832607 0.284538
vt 0.817835 0.290652
vt 0.824650 0.303389
vt 0.836806 0.298359
vt 0.794677 0.287545
vt 0.804540 0.299530
vt 0.817835 0.290652
vt 0.813709 0.310693
vt 0.824650 0.303389
vt 0.817835 0.290652
vt 0.793232 0.310832
vt 0.804540 0.299530
vt 0.794677 0.287545
vt 0.804402 0.319991
vt 0.813709 0.310693
vt 0.804540 0.299530
vt 0.770648 0.316824
vt 0.784346 0.324123
vt 0.793232 0.310832
vt 0.797089 0.330927
vt 0.804402 0.319991
vt 0.793232 0.310832
vt 0.778224 0.338892
vt 0.784346 0.324123
vt 0.770648 0.316824
vt 0.792050 0.343079
vt 0.797089 0.330927
vt 0.784346 0.324123
vt 0.759652 0.353070
vt 0.775101 0.354571
vt 0.778224 0.338892
vt 0.775101 0.354571
vt 0.789478 0.355981
vt 0.792050 0.343079
vt 0.775097 0.370558
vt 0.775101 0.354571
vt 0.759652 0.353070
vt 0.789473 0.369136
vt 0.789478 0.355981
vt 0.775101 0.354571
vt 0.763365 0.390765
vt 0.778212 0.386239
vt 0.775097 0.370558
vt 0.792034 0.382040
vt 0.789473 0.369136
vt 0.775097 0.370558
vt 0.770647 0.408346
vt 0.784326 0.401011
vt 0.778212 0.386239
vt 0.797063 0.394196
vt 0.792034 0.382040
vt 0.778212 0.386239
vt 0.793205 0.414307
vt 0.784326 0.401011
vt 0.770647 0.408346
vt 0.804368 0.405138
vt 0.797063 0.394196
vt 0.784326 0.401011
vt 0.794676 0.437626
vt 0.804507 0.425614
vt 0.793205 0.414307
vt 0.804507 0.425614
vt 0.813666 0.414444
vt 0.804368 0.405138
vt 0.817798 0.434500
vt 0.804507 0.425614
vt 0.794676 0.437626
vt 0.817798 0.434500
vt 0.824602 0.421757
vt 0.813666 0.414444
vt 0.828080 0.455481
vt 0.832566 0.440622
vt 0.817798 0.434500
vt 0.836754 0.426796
vt 0.824602 0.421757
vt 0.817798 0.434500
vt 0.846745 0.459194
vt 0.848246 0.443745
vt 0.832566 0.440622
vt 0.848246 0.443745
vt 0.849655 0.429368
vt 0.836754 0.426796
vt 0.865775 0.459193
vt 0.864233 0.443749
vt 0.848246 0.443745
vt 0.864233 0.443749
vt 0.862811 0.429374
vt 0.849655 0.429368
vt 0.879913 0.440634
vt 0.864233 0.443749
vt 0.865775 0.459193
vt 0.875714 0.426813
vt 0.862811 0.429374
vt 0.864233 0.443749
vt 0.894685 0.434519
vt 0.879913 0.440634
vt 0.884439 0.455481
vt 0.887870 0.421783
vt 0.875714 0.426813
vt 0.879913 0.440634
vt 0.917843 0.437626
vt 0.907980 0.425641
vt 0.894685 0.434519
vt 0.907980 0.425641
vt 0.898811 0.414479
vt 0.887870 0.421783
vt 0.919287 0.414339
vt 0.907980 0.425641
vt 0.917843 0.437626
vt 0.919287 0.414339
vt 0.908116 0.405180
vt 0.898811 0.414479
vt 0.928172 0.401049
vt 0.919287 0.414339
vt 0.931298 0.424169
vt 0.915429 0.394245
vt 0.908116 0.405180
vt 0.919287 0.414339
vt 0.934293 0.386280
vt 0.928172 0.401049
vt 0.941870 0.408347
vt 0.920468 0.382093
vt 0.915429 0.394245
vt 0.928172 0.401049
vt 0.937416 0.370601
vt 0.934293 0.386280
vt 0.949152 0.390765
vt 0.937416 0.370601
vt 0.923040 0.369192
vt 0.920468 0.382093
vt 0.937420 0.354614
vt 0.937416 0.370601
vt 0.952864 0.372102
vt 0.923045 0.356036
vt 0.923040 0.369192
vt 0.937416 0.370601
vt 0.934305 0.338933
vt 0.937420 0.354614
vt 0.952864 0.353072
vt 0.934305 0.338933
vt 0.920484 0.343133
vt 0.923045 0.356036
vt 0.928191 0.324162
vt 0.934305 0.338933
vt 0.949152 0.334408
vt 0.915455 0.330977
vt 0.920484 0.343133
vt 0.934305 0.338933
vt 0.919313 0.310867
vt 0.928191 0.324162
vt 0.941870 0.316827
vt 0.908151 0.320035
vt 0.915455 0.330977
vt 0.928191 0.324162
vt 0.807068 0.714593
vt 0.810853 0.707512
vt 0.803521 0.702612
vt 0.798427 0.708819
vt 0.803521 0.702612
vt 0.797285 0.696376
vt 0.791078 0.701470
vt 0.797285 0.696376
vt 0.792385 0.689044
vt 0.792385 0.689044
vt 0.789010 0.680896
vt 0.781326 0.683227
vt 0.781326 0.683227
vt 0.789010 0.680896
vt 0.787290 0.672247
vt 0.787290 0.672247
vt 0.787290 0.663428
vt 0.779299 0.662641
vt 0.779299 0.662641
vt 0.787290 0.663428
vt 0.789010 0.654778
vt 0.789010 0.654778
vt 0.792385 0.646630
vt 0.785304 0.642845
vt 0.785304 0.642845
vt 0.792385 0.646630
vt 0.797285 0.639298
vt 0.797285 0.639298
vt 0.803520 0.633062
vt 0.798427 0.626855
vt 0.803520 0.633062
vt 0.810853 0.628162
vt 0.807068 0.621081
vt 0.807068 0.621081
vt 0.810853 0.628162
vt 0.819001 0.624787
vt 0.819001 0.624787
vt 0.827650 0.623067
vt 0.826863 0.615076
vt 0.826863 0.615076
vt 0.827650 0.623067
vt 0.836469 0.623067
vt 0.836469 0.623067
vt 0.845119 0.624788
vt 0.847450 0.617103
vt 0.847450 0.617103
vt 0.845119 0.624788
vt 0.853267 0.628162
vt 0.853267 0.628162
vt 0.860599 0.633062
vt 0.865693 0.626855
vt 0.860599 0.633062
vt 0.866835 0.639298
vt 0.873042 0.634204
vt 0.873042 0.634204
vt 0.866835 0.639298
vt 0.871735 0.646631
vt 0.878816 0.642845
vt 0.871735 0.646631
vt 0.875109 0.654778
vt 0.875109 0.654778
vt 0.876830 0.663428
vt 0.884821 0.662641
vt 0.884821 0.662641
vt 0.876830 0.663428
vt 0.876830 0.672247
vt 0.876830 0.672247
vt 0.875109 0.680896
vt 0.882794 0.683227
vt 0.875109 0.680896
vt 0.871735 0.689044
vt 0.878816 0.692829
vt 0.878816 0.692829
vt 0.871735 0.689044
vt 0.866835 0.696377
vt 0.873042 0.701471
vt 0.866835 0.696377
vt 0.860599 0.702613
vt 0.860599 0.702613
vt 0.853266 0.707512
vt 0.857052 0.714594
vt 0.857052 0.714594
vt 0.853266 0.707512
vt 0.845119 0.710887
vt 0.845119 0.710887
vt 0.836469 0.712607
vt 0.837256 0.720598
vt 0.837256 0.720598
vt 0.836469 0.712607
vt 0.827650 0.712607
vt 0.826863 0.720598
vt 0.827650 0.712607
vt 0.819001 0.710887
vt 0.816670 0.718571
vt 0.819001 0.710887
vt 0.810853 0.707512
vt 0.415525 0.169797
vt 0.415531 0.161062
vt 0.410978 0.160643
vt 0.499161 0.144519
vt 0.502495 0.152592
vt 0.506863 0.151237
vt 0.415531 0.161062
vt 0.417239 0.152496
vt 0.412854 0.151198
vt 0.502495 0.152592
vt 0.504193 0.161159
vt 0.508739 0.160681
vt 0.417239 0.152496
vt 0.420585 0.144429
vt 0.416538 0.142300
vt 0.504193 0.161159
vt 0.504189 0.169891
vt 0.508739 0.170307
vt 0.420585 0.144429
vt 0.425442 0.137170
vt 0.421888 0.134291
vt 0.504189 0.169891
vt 0.502489 0.178451
vt 0.506867 0.179741
vt 0.425442 0.137170
vt 0.431623 0.130998
vt 0.428699 0.127481
vt 0.502489 0.178451
vt 0.499168 0.186513
vt 0.503205 0.188617
vt 0.431623 0.130998
vt 0.438891 0.126152
vt 0.436710 0.122132
vt 0.454912 0.214403
vt 0.455333 0.209874
vt 0.446797 0.208152
vt 0.499168 0.186513
vt 0.494373 0.193780
vt 0.497927 0.196593
vt 0.438891 0.126152
vt 0.446963 0.122818
vt 0.445609 0.118450
vt 0.464024 0.209907
vt 0.455333 0.209874
vt 0.454912 0.214403
vt 0.494373 0.193780
vt 0.488305 0.200015
vt 0.491315 0.203401
vt 0.446963 0.122818
vt 0.455531 0.121124
vt 0.455056 0.116576
vt 0.446797 0.208152
vt 0.438751 0.204793
vt 0.436616 0.208831
vt 0.488305 0.200015
vt 0.480983 0.205196
vt 0.483736 0.209033
vt 0.455531 0.121124
vt 0.464265 0.121136
vt 0.464686 0.116582
vt 0.438751 0.204793
vt 0.431510 0.199923
vt 0.428625 0.203468
vt 0.480983 0.205196
vt 0.472586 0.208318
vt 0.473778 0.212594
vt 0.464265 0.121136
vt 0.472828 0.122851
vt 0.474130 0.118467
vt 0.431510 0.199923
vt 0.425357 0.193729
vt 0.421834 0.196644
vt 0.472586 0.208318
vt 0.464024 0.209907
vt 0.464479 0.214401
vt 0.474130 0.118467
vt 0.472828 0.122851
vt 0.480893 0.126204
vt 0.425357 0.193729
vt 0.420529 0.186452
vt 0.416505 0.188623
vt 0.480893 0.126204
vt 0.488148 0.131066
vt 0.491028 0.127514
vt 0.420529 0.186452
vt 0.417214 0.178369
vt 0.412844 0.179717
vt 0.488148 0.131066
vt 0.494316 0.137250
vt 0.497834 0.134328
vt 0.417214 0.178369
vt 0.415525 0.169797
vt 0.410977 0.170272
vt 0.455333 0.209874
vt 0.455410 0.209116
vt 0.447020 0.207423
vt 0.446797 0.208152
vt 0.447020 0.207423
vt 0.439113 0.204120
vt 0.439113 0.204120
vt 0.431997 0.199333
vt 0.431510 0.199923
vt 0.431997 0.199333
vt 0.425949 0.193246
vt 0.425357 0.193729
vt 0.425357 0.193729
vt 0.425949 0.193246
vt 0.421205 0.186093
vt 0.421205 0.186093
vt 0.417947 0.178149
vt 0.417214 0.178369
vt 0.417947 0.178149
vt 0.416286 0.169723
vt 0.415525 0.169797
vt 0.416286 0.169723
vt 0.416293 0.161137
vt 0.415531 0.161062
vt 0.415531 0.161062
vt 0.416293 0.161137
vt 0.417971 0.152718
vt 0.417971 0.152718
vt 0.421260 0.144790
vt 0.420585 0.144429
vt 0.421260 0.144790
vt 0.426033 0.137655
vt 0.425442 0.137170
vt 0.426033 0.137655
vt 0.432108 0.131590
vt 0.431623 0.130998
vt 0.432108 0.131590
vt 0.439251 0.126827
vt 0.438891 0.126152
vt 0.439251 0.126827
vt 0.447185 0.123550
vt 0.446963 0.122818
vt 0.446963 0.122818
vt 0.447185 0.123550
vt 0.455605 0.121886
vt 0.455605 0.121886
vt 0.464189 0.121897
vt 0.464265 0.121136
vt 0.464265 0.121136
vt 0.464189 0.121897
vt 0.472605 0.123583
vt 0.472605 0.123583
vt 0.480531 0.126879
vt 0.480893 0.126204
vt 0.480531 0.126879
vt 0.487662 0.131657
vt 0.488148 0.131066
vt 0.488148 0.131066
vt 0.487662 0.131657
vt 0.493725 0.137735
vt 0.493725 0.137735
vt 0.498486 0.144879
vt 0.499161 0.144519
vt 0.498486 0.144879
vt 0.501763 0.152813
vt 0.502495 0.152592
vt 0.502495 0.152592
vt 0.501763 0.152813
vt 0.503431 0.161234
vt 0.504193 0.161159
vt 0.503431 0.161234
vt 0.503428 0.169816
vt 0.503428 0.169816
vt 0.501757 0.178230
vt 0.502489 0.178451
vt 0.501757 0.178230
vt 0.498494 0.186156
vt 0.499168 0.186513
vt 0.499168 0.186513
vt 0.498494 0.186156
vt 0.493779 0.193303
vt 0.493779 0.193303
vt 0.487810 0.199438
vt 0.488305 0.200015
vt 0.487810 0.199438
vt 0.480614 0.204493
vt 0.480983 0.205196
vt 0.480614 0.204493
vt 0.472380 0.207574
vt 0.472586 0.208318
vt 0.472380 0.207574
vt 0.463956 0.209149
vt 0.464024 0.209907
vt 0.463956 0.209149
vt 0.455410 0.209116
vt 0.455333 0.209874
vt 0.961015 0.469113
vt 0.961015 0.467411
vt 0.959278 0.467411
vt 0.962753 0.469113
vt 0.962753 0.467411
vt 0.961015 0.467411
vt 0.948855 0.469113
vt 0.950592 0.469113
vt 0.950592 0.467411
vt 0.952330 0.469113
vt 0.952330 0.467411
vt 0.950592 0.467411
vt 0.952330 0.469113
vt 0.954067 0.469113
vt 0.954067 0.467411
vt 0.955804 0.469113
vt 0.955804 0.467411
vt 0.954067 0.467411
vt 0.995814 0.255492
vt 0.995814 0.253755
vt 0.994586 0.252527
vt 0.994586 0.252527
vt 0.992849 0.252527
vt 0.991620 0.253755
vt 0.991620 0.253755
vt 0.991620 0.255492
vt 0.992849 0.256721
vt 0.992849 0.256721
vt 0.994586 0.256721
vt 0.995814 0.255492
vt 0.995814 0.255492
vt 0.994586 0.252527
vt 0.992849 0.256721
vt 0.957541 0.469113
vt 0.957541 0.467411
vt 0.955804 0.467411
vt 0.959278 0.469113
vt 0.959278 0.467411
vt 0.957541 0.467411
vt 0.985186 0.361952
vt 0.986888 0.361952
vt 0.986888 0.360215
vt 0.985186 0.363690
vt 0.986888 0.363690
vt 0.986888 0.361952
vt 0.985186 0.365427
vt 0.986888 0.365427
vt 0.986888 0.363690
vt 0.985186 0.365427
vt 0.985186 0.367164
vt 0.986888 0.367164
vt 0.985186 0.368901
vt 0.986888 0.368901
vt 0.986888 0.367164
vt 0.985186 0.370638
vt 0.986888 0.370638
vt 0.986888 0.368901
vt 0.391422 0.006064
vt 0.389685 0.006064
vt 0.389685 0.010258
vt 0.389685 0.006064
vt 0.388456 0.007292
vt 0.389685 0.010258
vt 0.388456 0.007292
vt 0.388456 0.009029
vt 0.389685 0.010258
vt 0.389685 0.010258
vt 0.391422 0.010258
vt 0.391422 0.006064
vt 0.391422 0.010258
vt 0.392650 0.009029
vt 0.391422 0.006064
vt 0.985186 0.358478
vt 0.986888 0.358478
vt 0.986888 0.356741
vt 0.985186 0.360215
vt 0.986888 0.360215
vt 0.986888 0.358478
vt 0.987154 0.169537
vt 0.985452 0.169537
vt 0.985452 0.171274
vt 0.987154 0.167800
vt 0.985452 0.167800
vt 0.985452 0.169537
vt 0.987154 0.166063
vt 0.985452 0.166063
vt 0.985452 0.167800
vt 0.987154 0.164326
vt 0.985452 0.164326
vt 0.985452 0.166063
vt 0.987154 0.162589
vt 0.985452 0.162589
vt 0.985452 0.164326
vt 0.987154 0.160851
vt 0.985452 0.160851
vt 0.985452 0.162589
vt 0.991620 0.229340
vt 0.991620 0.231078
vt 0.995814 0.231078
vt 0.991620 0.231078
vt 0.992849 0.232306
vt 0.995814 0.231078
vt 0.992849 0.232306
vt 0.994586 0.232306
vt 0.995814 0.231078
vt 0.995814 0.231078
vt 0.995814 0.229340
vt 0.994586 0.228112
vt 0.994586 0.228112
vt 0.992849 0.228112
vt 0.991620 0.229340
vt 0.987154 0.159114
vt 0.985452 0.159114
vt 0.985452 0.160851
vt 0.987154 0.157377
vt 0.985452 0.157377
vt 0.985452 0.159114
vt 0.986854 0.194189
vt 0.985152 0.194189
vt 0.985152 0.195927
vt 0.986854 0.192452
vt 0.985152 0.192452
vt 0.985152 0.194189
vt 0.986854 0.192452
vt 0.986854 0.190715
vt 0.985152 0.190715
vt 0.986854 0.188978
vt 0.985152 0.188978
vt 0.985152 0.190715
vt 0.986854 0.202875
vt 0.986854 0.201138
vt 0.985152 0.201138
vt 0.986854 0.201138
vt 0.986854 0.199401
vt 0.985152 0.199401
vt 0.167425 0.006511
vt 0.166196 0.007740
vt 0.166196 0.009477
vt 0.166196 0.009477
vt 0.167425 0.010705
vt 0.169162 0.010705
vt 0.169162 0.010705
vt 0.170390 0.009477
vt 0.170390 0.007740
vt 0.170390 0.007740
vt 0.169162 0.006511
vt 0.167425 0.006511
vt 0.167425 0.006511
vt 0.166196 0.009477
vt 0.170390 0.007740
vt 0.986854 0.197664
vt 0.985152 0.197664
vt 0.985152 0.199401
vt 0.986854 0.195927
vt 0.985152 0.195927
vt 0.985152 0.197664
vt 0.271935 0.017448
vt 0.271935 0.019150
vt 0.273672 0.019150
vt 0.270198 0.017448
vt 0.270198 0.019150
vt 0.271935 0.019150
vt 0.268461 0.017448
vt 0.268461 0.019150
vt 0.270198 0.019150
vt 0.280621 0.017448
vt 0.280621 0.019150
vt 0.282358 0.019150
vt 0.278884 0.017448
vt 0.278884 0.019150
vt 0.280621 0.019150
vt 0.277147 0.017448
vt 0.277147 0.019150
vt 0.278884 0.019150
vt 0.447316 0.008734
vt 0.448544 0.007506
vt 0.445579 0.004540
vt 0.448544 0.007506
vt 0.448544 0.005769
vt 0.445579 0.004540
vt 0.448544 0.005769
vt 0.447316 0.004540
vt 0.445579 0.004540
vt 0.445579 0.004540
vt 0.444350 0.005769
vt 0.444350 0.007506
vt 0.444350 0.007506
vt 0.445579 0.008734
vt 0.447316 0.008734
vt 0.275410 0.017448
vt 0.275410 0.019150
vt 0.277147 0.019150
vt 0.273672 0.017448
vt 0.273672 0.019150
vt 0.275410 0.019150
vt 0.986888 0.345253
vt 0.985186 0.345253
vt 0.985186 0.346990
vt 0.986888 0.343516
vt 0.985186 0.343516
vt 0.985186 0.345253
vt 0.986888 0.341779
vt 0.985186 0.341779
vt 0.985186 0.343516
vt 0.986888 0.341779
vt 0.986888 0.340041
vt 0.985186 0.340041
vt 0.986888 0.338304
vt 0.985186 0.338304
vt 0.985186 0.340041
vt 0.986888 0.336567
vt 0.985186 0.336567
vt 0.985186 0.338304
vt 0.041918 0.007175
vt 0.041918 0.005437
vt 0.037724 0.005437
vt 0.041918 0.005437
vt 0.040689 0.004209
vt 0.037724 0.005437
vt 0.040689 0.004209
vt 0.038952 0.004209
vt 0.037724 0.005437
vt 0.037724 0.005437
vt 0.037724 0.007175
vt 0.038952 0.008403
vt 0.038952 0.008403
vt 0.040689 0.008403
vt 0.037724 0.005437
vt 0.986888 0.334830
vt 0.985186 0.334830
vt 0.985186 0.336567
vt 0.986888 0.348727
vt 0.986888 0.346990
vt 0.985186 0.346990
vt 0.986504 0.699713
vt 0.984802 0.699713
vt 0.984802 0.701451
vt 0.986504 0.697976
vt 0.984802 0.697976
vt 0.984802 0.699713
vt 0.986504 0.696239
vt 0.984802 0.696239
vt 0.984802 0.697976
vt 0.986504 0.694502
vt 0.984802 0.694502
vt 0.984802 0.696239
vt 0.986504 0.694502
vt 0.986504 0.692765
vt 0.984802 0.692765
vt 0.986504 0.706662
vt 0.986504 0.704925
vt 0.984802 0.704925
vt 0.990975 0.631997
vt 0.989747 0.633225
vt 0.989747 0.634963
vt 0.989747 0.634963
vt 0.990975 0.636191
vt 0.990975 0.631997
vt 0.990975 0.636191
vt 0.992712 0.636191
vt 0.990975 0.631997
vt 0.992712 0.636191
vt 0.993941 0.634963
vt 0.993941 0.633225
vt 0.993941 0.633225
vt 0.992712 0.631997
vt 0.992712 0.636191
vt 0.986504 0.703188
vt 0.984802 0.703188
vt 0.984802 0.704925
vt 0.986504 0.701451
vt 0.984802 0.701451
vt 0.984802 0.703188
vt 0.735117 0.731980
vt 0.735117 0.729092
vt 0.724758 0.729092
vt 0.981109 0.067106
vt 0.981109 0.077466
vt 0.983998 0.077466
vt 0.444350 0.025719
vt 0.453321 0.025719
vt 0.453321 0.016748
vt 0.823957 0.018454
vt 0.823957 0.028813
vt 0.826846 0.028813
vt 0.823957 0.028813
vt 0.823957 0.018454
vt 0.822975 0.019148
vt 0.972984 0.966468
vt 0.981954 0.966468
vt 0.982649 0.965486
vt 0.980127 0.067800
vt 0.980127 0.076771
vt 0.981109 0.077466
vt 0.725452 0.732962
vt 0.734423 0.732962
vt 0.735117 0.731980
vt 0.972289 0.962597
vt 0.972289 0.965486
vt 0.982649 0.965486
vt 0.962851 0.571900
vt 0.963150 0.572024
vt 0.962727 0.571600
vt 0.963150 0.572024
vt 0.971742 0.572021
vt 0.962727 0.571600
vt 0.971742 0.572021
vt 0.971742 0.560095
vt 0.962727 0.571600
vt 0.971742 0.560095
vt 0.971631 0.559828
vt 0.971365 0.559718
vt 0.962727 0.571600
vt 0.971742 0.560095
vt 0.962727 0.560144
vt 0.971365 0.559718
vt 0.963150 0.559721
vt 0.971742 0.560095
vt 0.963150 0.559721
vt 0.962851 0.559845
vt 0.962727 0.560144
vt 0.934148 0.950692
vt 0.934148 0.949707
vt 0.925933 0.949707
vt 0.988359 0.622372
vt 0.989344 0.622372
vt 0.989344 0.610915
vt 0.989344 0.623020
vt 0.989344 0.622696
vt 0.988359 0.622696
vt 0.989344 0.622372
vt 0.988359 0.622372
vt 0.988359 0.622696
vt 0.988359 0.610267
vt 0.988359 0.610591
vt 0.989344 0.610591
vt 0.988359 0.610915
vt 0.989344 0.610915
vt 0.989344 0.610591
vt 0.095905 0.016922
vt 0.095905 0.008330
vt 0.094920 0.008330
vt 0.544987 0.024255
vt 0.542457 0.024255
vt 0.542457 0.027145
vt 0.542457 0.034000
vt 0.542457 0.036889
vt 0.544987 0.036889
vt 0.539567 0.034000
vt 0.542457 0.034000
vt 0.542457 0.027145
vt 0.544987 0.027145
vt 0.544987 0.034000
vt 0.547876 0.034000
vt 0.542457 0.027145
vt 0.542457 0.034000
vt 0.544987 0.034000
vt 0.557433 0.015828
vt 0.555889 0.017371
vt 0.557215 0.018697
vt 0.559302 0.013959
vt 0.560627 0.015284
vt 0.562171 0.013741
vt 0.560627 0.015284
vt 0.559302 0.013959
vt 0.557433 0.015828
vt 0.560302 0.018697
vt 0.562171 0.016828
vt 0.560627 0.015284
vt 0.559302 0.013959
vt 0.557758 0.012415
vt 0.555889 0.014284
vt 0.994445 0.028614
vt 0.994918 0.028141
vt 0.994367 0.027590
vt 0.993227 0.027396
vt 0.993700 0.026923
vt 0.993149 0.026372
vt 0.993700 0.026923
vt 0.993227 0.027396
vt 0.993894 0.028063
vt 0.994918 0.027039
vt 0.994251 0.026372
vt 0.993700 0.026923
vt 0.993227 0.027396
vt 0.992676 0.027947
vt 0.993343 0.028614
vt 0.400664 0.009784
vt 0.401137 0.010258
vt 0.401688 0.009706
vt 0.402355 0.009040
vt 0.402906 0.008489
vt 0.402433 0.008015
vt 0.401688 0.009706
vt 0.402355 0.009040
vt 0.401882 0.008566
vt 0.402239 0.010258
vt 0.402906 0.009591
vt 0.402355 0.009040
vt 0.401882 0.008566
vt 0.401331 0.008015
vt 0.400664 0.008682
vt 0.993238 0.983495
vt 0.992765 0.983968
vt 0.993316 0.984519
vt 0.993983 0.985186
vt 0.994534 0.985737
vt 0.995007 0.985264
vt 0.993316 0.984519
vt 0.993983 0.985186
vt 0.994456 0.984713
vt 0.993432 0.985737
vt 0.993983 0.985186
vt 0.993316 0.984519
vt 0.994456 0.984713
vt 0.995007 0.984162
vt 0.994340 0.983495
vt 0.677833 0.022925
vt 0.679683 0.022925
vt 0.679683 0.018343
vt 0.672032 0.018343
vt 0.670183 0.018343
vt 0.670183 0.022925
vt 0.672032 0.016494
vt 0.672032 0.018343
vt 0.677833 0.018343
vt 0.672032 0.022925
vt 0.672032 0.024774
vt 0.677833 0.024774
vt 0.672032 0.018343
vt 0.672032 0.022925
vt 0.677833 0.022925
vt 0.988856 0.508558
vt 0.988856 0.508847
vt 0.989841 0.508847
vt 0.988856 0.509136
vt 0.989841 0.509136
vt 0.989841 0.508847
vt 0.988856 0.521062
vt 0.989841 0.521062
vt 0.989841 0.509136
vt 0.991775 0.880399
vt 0.991769 0.879723
vt 0.991642 0.879725
vt 0.991518 0.880365
vt 0.991645 0.880391
vt 0.991642 0.879725
vt 0.991398 0.880372
vt 0.991518 0.880365
vt 0.991518 0.879727
vt 0.991908 0.880371
vt 0.991896 0.879723
vt 0.991769 0.879723
vt 0.991769 0.879723
vt 0.991772 0.878970
vt 0.991632 0.878970
vt 0.991642 0.879725
vt 0.991632 0.878970
vt 0.991491 0.878970
vt 0.991391 0.879731
vt 0.991518 0.879727
vt 0.991491 0.878970
vt 0.991769 0.879723
vt 0.991896 0.879723
vt 0.991911 0.878973
vt 0.991772 0.878970
vt 0.991784 0.878280
vt 0.991627 0.878280
vt 0.991632 0.878970
vt 0.991627 0.878280
vt 0.991468 0.878281
vt 0.991352 0.878980
vt 0.991491 0.878970
vt 0.991468 0.878281
vt 0.991772 0.878970
vt 0.991911 0.878973
vt 0.991942 0.878283
vt 0.991627 0.878280
vt 0.991784 0.878280
vt 0.991777 0.876804
vt 0.991468 0.878281
vt 0.991627 0.878280
vt 0.991624 0.876804
vt 0.991468 0.878281
vt 0.991477 0.876803
vt 0.991331 0.876802
vt 0.991942 0.878283
vt 0.991931 0.876804
vt 0.991777 0.876804
vt 0.991624 0.876804
vt 0.991777 0.876804
vt 0.991776 0.874757
vt 0.991477 0.876803
vt 0.991624 0.876804
vt 0.991622 0.874758
vt 0.991477 0.876803
vt 0.991475 0.874758
vt 0.991327 0.874759
vt 0.991931 0.876804
vt 0.991928 0.874757
vt 0.991776 0.874757
vt 0.991776 0.874757
vt 0.991770 0.873327
vt 0.991616 0.873327
vt 0.991622 0.874758
vt 0.991616 0.873327
vt 0.991464 0.873328
vt 0.991327 0.874759
vt 0.991475 0.874758
vt 0.991464 0.873328
vt 0.991776 0.874757
vt 0.991928 0.874757
vt 0.991924 0.873328
vt 0.991770 0.873327
vt 0.991776 0.872545
vt 0.991613 0.872546
vt 0.991616 0.873327
vt 0.991613 0.872546
vt 0.991449 0.872547
vt 0.991312 0.873332
vt 0.991464 0.873328
vt 0.991449 0.872547
vt 0.991770 0.873327
vt 0.991924 0.873328
vt 0.991942 0.872544
vt 0.991613 0.872546
vt 0.991776 0.872545
vt 0.991761 0.871587
vt 0.991449 0.872547
vt 0.991613 0.872546
vt 0.991611 0.871586
vt 0.991449 0.872547
vt 0.991464 0.871586
vt 0.991315 0.871584
vt 0.991942 0.872544
vt 0.991909 0.871587
vt 0.991761 0.871587
vt 0.991761 0.871587
vt 0.991771 0.870571
vt 0.991606 0.870598
vt 0.991611 0.871586
vt 0.991606 0.870598
vt 0.991456 0.870633
vt 0.991315 0.871584
vt 0.991464 0.871586
vt 0.991456 0.870633
vt 0.991761 0.871587
vt 0.991909 0.871587
vt 0.991933 0.870609
vt 0.977247 0.140741
vt 0.977236 0.138642
vt 0.977096 0.138643
vt 0.977107 0.140752
vt 0.977096 0.138643
vt 0.976956 0.138644
vt 0.976827 0.140753
vt 0.976967 0.140762
vt 0.976956 0.138644
vt 0.977247 0.140741
vt 0.977387 0.140750
vt 0.977377 0.138641
vt 0.977236 0.138642
vt 0.977217 0.135242
vt 0.977076 0.135243
vt 0.977096 0.138643
vt 0.977076 0.135243
vt 0.976937 0.135243
vt 0.976816 0.138644
vt 0.976956 0.138644
vt 0.976937 0.135243
vt 0.977236 0.138642
vt 0.977377 0.138641
vt 0.977359 0.135241
vt 0.977217 0.135242
vt 0.977209 0.133062
vt 0.977064 0.133062
vt 0.977076 0.135243
vt 0.977064 0.133062
vt 0.976919 0.133062
vt 0.976799 0.135245
vt 0.976937 0.135243
vt 0.976919 0.133062
vt 0.977217 0.135242
vt 0.977359 0.135241
vt 0.977355 0.133064
vt 0.977209 0.133062
vt 0.977218 0.132295
vt 0.977059 0.132295
vt 0.977064 0.133062
vt 0.977059 0.132295
vt 0.976911 0.132294
vt 0.976774 0.133066
vt 0.976919 0.133062
vt 0.976911 0.132294
vt 0.977209 0.133062
vt 0.977355 0.133064
vt 0.977370 0.132296
vt 0.977059 0.132295
vt 0.977218 0.132295
vt 0.977213 0.131336
vt 0.977059 0.132295
vt 0.977059 0.131336
vt 0.976911 0.131334
vt 0.976911 0.132294
vt 0.976911 0.131334
vt 0.976761 0.131332
vt 0.977218 0.132295
vt 0.977370 0.132296
vt 0.977366 0.131335
vt 0.977059 0.131336
vt 0.977213 0.131336
vt 0.977210 0.130251
vt 0.977059 0.131336
vt 0.977061 0.130251
vt 0.976909 0.130250
vt 0.976911 0.131334
vt 0.976909 0.130250
vt 0.976763 0.130248
vt 0.977213 0.131336
vt 0.977366 0.131335
vt 0.977365 0.130250
vt 0.977061 0.130251
vt 0.977210 0.130251
vt 0.977207 0.129099
vt 0.976909 0.130250
vt 0.977061 0.130251
vt 0.977063 0.129098
vt 0.976909 0.130250
vt 0.976923 0.129098
vt 0.976783 0.129097
vt 0.977365 0.130250
vt 0.977353 0.129099
vt 0.977207 0.129099
vt 0.977207 0.129099
vt 0.977215 0.127932
vt 0.977067 0.127931
vt 0.976923 0.129098
vt 0.977063 0.129098
vt 0.977067 0.127931
vt 0.976783 0.129097
vt 0.976923 0.129098
vt 0.976925 0.127931
vt 0.977353 0.129099
vt 0.977361 0.127933
vt 0.977215 0.127932
vt 0.977215 0.127932
vt 0.977221 0.126976
vt 0.977070 0.126976
vt 0.976925 0.127931
vt 0.977067 0.127931
vt 0.977070 0.126976
vt 0.976779 0.127932
vt 0.976925 0.127931
vt 0.976921 0.126976
vt 0.977361 0.127933
vt 0.977369 0.126976
vt 0.977221 0.126976
vt 0.977070 0.126976
vt 0.977221 0.126976
vt 0.977216 0.125561
vt 0.977070 0.126976
vt 0.977071 0.125561
vt 0.976926 0.125561
vt 0.976921 0.126976
vt 0.976926 0.125561
vt 0.976781 0.125561
vt 0.977221 0.126976
vt 0.977369 0.126976
vt 0.977364 0.125561
vt 0.977216 0.125561
vt 0.977218 0.123645
vt 0.977069 0.123645
vt 0.977071 0.125561
vt 0.977069 0.123645
vt 0.976923 0.123645
vt 0.976781 0.125561
vt 0.976926 0.125561
vt 0.976923 0.123645
vt 0.977216 0.125561
vt 0.977364 0.125561
vt 0.977368 0.123646
vt 0.977218 0.123645
vt 0.977224 0.122409
vt 0.977070 0.122409
vt 0.977069 0.123645
vt 0.977070 0.122409
vt 0.976916 0.122408
vt 0.976778 0.123646
vt 0.976923 0.123645
vt 0.976916 0.122408
vt 0.977218 0.123645
vt 0.977368 0.123646
vt 0.977378 0.122412
vt 0.977224 0.122409
vt 0.977236 0.121571
vt 0.977066 0.121571
vt 0.977070 0.122409
vt 0.977066 0.121571
vt 0.976903 0.121571
vt 0.976763 0.122412
vt 0.976916 0.122408
vt 0.976903 0.121571
vt 0.977224 0.122409
vt 0.977378 0.122412
vt 0.977405 0.121576
vt 0.977236 0.121571
vt 0.977255 0.120280
vt 0.977073 0.120280
vt 0.977066 0.121571
vt 0.977073 0.120280
vt 0.976890 0.120278
vt 0.976739 0.121576
vt 0.976903 0.121571
vt 0.976890 0.120278
vt 0.977236 0.121571
vt 0.977405 0.121576
vt 0.977439 0.120282
vt 0.977073 0.120280
vt 0.977255 0.120280
vt 0.977256 0.118264
vt 0.976890 0.120278
vt 0.977073 0.120280
vt 0.977073 0.118290
vt 0.976890 0.120278
vt 0.976907 0.118313
vt 0.976742 0.118288
vt 0.977439 0.120282
vt 0.977439 0.118290
vt 0.977256 0.118264
vt 0.946342 0.844614
vt 0.947101 0.844697
vt 0.947108 0.843875
vt 0.945583 0.844599
vt 0.946342 0.844614
vt 0.946345 0.843875
vt 0.945583 0.844599
vt 0.945574 0.843880
vt 0.944808 0.843884
vt 0.947862 0.844684
vt 0.947865 0.843877
vt 0.947108 0.843875
vt 0.946345 0.843875
vt 0.947108 0.843875
vt 0.947105 0.842598
vt 0.945574 0.843880
vt 0.946345 0.843875
vt 0.946339 0.842601
vt 0.945574 0.843880
vt 0.945575 0.842602
vt 0.944814 0.842603
vt 0.947865 0.843877
vt 0.947868 0.842601
vt 0.947105 0.842598
vt 0.946339 0.842601
vt 0.947105 0.842598
vt 0.947109 0.841031
vt 0.945575 0.842602
vt 0.946339 0.842601
vt 0.946336 0.841033
vt 0.945575 0.842602
vt 0.945570 0.841034
vt 0.944806 0.841041
vt 0.947868 0.842601
vt 0.947881 0.841042
vt 0.947109 0.841031
vt 0.946336 0.841033
vt 0.947109 0.841031
vt 0.947124 0.839371
vt 0.945570 0.841034
vt 0.946336 0.841033
vt 0.946331 0.839375
vt 0.945570 0.841034
vt 0.945557 0.839380
vt 0.944783 0.839392
vt 0.947881 0.841042
vt 0.947917 0.839396
vt 0.947124 0.839371
vt 0.946331 0.839375
vt 0.947124 0.839371
vt 0.947147 0.837800
vt 0.945557 0.839380
vt 0.946331 0.839375
vt 0.946310 0.837820
vt 0.945557 0.839380
vt 0.945534 0.837830
vt 0.944750 0.837845
vt 0.947917 0.839396
vt 0.947993 0.837848
vt 0.947147 0.837800
vt 0.946310 0.837820
vt 0.947147 0.837800
vt 0.947172 0.836543
vt 0.945534 0.837830
vt 0.946310 0.837820
vt 0.946290 0.836541
vt 0.945534 0.837830
vt 0.945514 0.836542
vt 0.944704 0.836542
vt 0.947993 0.837848
vt 0.948072 0.836549
vt 0.947172 0.836543
vt 0.947172 0.836543
vt 0.947158 0.835258
vt 0.946307 0.835238
vt 0.946290 0.836541
vt 0.946307 0.835238
vt 0.945532 0.835229
vt 0.944704 0.836542
vt 0.945514 0.836542
vt 0.945532 0.835229
vt 0.947172 0.836543
vt 0.948072 0.836549
vt 0.948011 0.835209
vt 0.947158 0.835258
vt 0.947130 0.833919
vt 0.946326 0.833910
vt 0.946307 0.835238
vt 0.946326 0.833910
vt 0.945565 0.833899
vt 0.944754 0.835205
vt 0.945532 0.835229
vt 0.945565 0.833899
vt 0.947158 0.835258
vt 0.948011 0.835209
vt 0.947928 0.833880
vt 0.947130 0.833919
vt 0.947109 0.832562
vt 0.946340 0.832558
vt 0.946326 0.833910
vt 0.946340 0.832558
vt 0.945591 0.832550
vt 0.944808 0.833876
vt 0.945565 0.833899
vt 0.945591 0.832550
vt 0.947130 0.833919
vt 0.947928 0.833880
vt 0.947873 0.832540
vt 0.947109 0.832562
vt 0.947100 0.831229
vt 0.946352 0.831225
vt 0.946340 0.832558
vt 0.946352 0.831225
vt 0.945606 0.831218
vt 0.944845 0.832535
vt 0.945591 0.832550
vt 0.945606 0.831218
vt 0.947109 0.832562
vt 0.947873 0.832540
vt 0.947844 0.831220
vt 0.947100 0.831229
vt 0.947099 0.829974
vt 0.946366 0.829973
vt 0.946352 0.831225
vt 0.946366 0.829973
vt 0.945615 0.829966
vt 0.944862 0.831212
vt 0.945606 0.831218
vt 0.945615 0.829966
vt 0.947100 0.831229
vt 0.947844 0.831220
vt 0.947834 0.829972
vt 0.946366 0.829973
vt 0.947099 0.829974
vt 0.947097 0.828869
vt 0.945615 0.829966
vt 0.946366 0.829973
vt 0.946364 0.828867
vt 0.945615 0.829966
vt 0.945630 0.828863
vt 0.944890 0.828855
vt 0.947834 0.829972
vt 0.947836 0.828875
vt 0.947097 0.828869
vt 0.946364 0.828867
vt 0.947097 0.828869
vt 0.947111 0.827280
vt 0.945630 0.828863
vt 0.946364 0.828867
vt 0.946368 0.827275
vt 0.945630 0.828863
vt 0.945636 0.827270
vt 0.944897 0.827267
vt 0.947836 0.828875
vt 0.947855 0.827287
vt 0.947111 0.827280
vt 0.947111 0.827280
vt 0.947126 0.824750
vt 0.946389 0.824745
vt 0.946368 0.827275
vt 0.946389 0.824745
vt 0.945651 0.824741
vt 0.944897 0.827267
vt 0.945636 0.827270
vt 0.945651 0.824741
vt 0.947111 0.827280
vt 0.947855 0.827287
vt 0.947864 0.824753
vt 0.947126 0.824750
vt 0.947144 0.821644
vt 0.946406 0.821640
vt 0.946389 0.824745
vt 0.946406 0.821640
vt 0.945667 0.821636
vt 0.944912 0.824737
vt 0.945651 0.824741
vt 0.945667 0.821636
vt 0.947126 0.824750
vt 0.947864 0.824753
vt 0.947882 0.821649
vt 0.947144 0.821644
vt 0.947165 0.818317
vt 0.946423 0.818313
vt 0.946406 0.821640
vt 0.946423 0.818313
vt 0.945684 0.818309
vt 0.944929 0.821633
vt 0.945667 0.821636
vt 0.945684 0.818309
vt 0.947144 0.821644
vt 0.947882 0.821649
vt 0.947906 0.818322
vt 0.947165 0.818317
vt 0.947188 0.815119
vt 0.946448 0.815114
vt 0.946423 0.818313
vt 0.946448 0.815114
vt 0.945700 0.815109
vt 0.944943 0.818306
vt 0.945684 0.818309
vt 0.945700 0.815109
vt 0.947165 0.818317
vt 0.947906 0.818322
vt 0.947931 0.815124
vt 0.946448 0.815114
vt 0.947188 0.815119
vt 0.947202 0.812422
vt 0.945700 0.815109
vt 0.946448 0.815114
vt 0.946464 0.812417
vt 0.945700 0.815109
vt 0.945725 0.812411
vt 0.944983 0.812405
vt 0.947931 0.815124
vt 0.947945 0.812429
vt 0.947202 0.812422
vt 0.946464 0.812417
vt 0.947202 0.812422
vt 0.947227 0.809873
vt 0.945725 0.812411
vt 0.946464 0.812417
vt 0.946477 0.809867
vt 0.945725 0.812411
vt 0.945738 0.809862
vt 0.944993 0.809858
vt 0.947945 0.812429
vt 0.947977 0.809878
vt 0.947227 0.809873
vt 0.947227 0.809873
vt 0.947241 0.807010
vt 0.946500 0.807006
vt 0.946477 0.809867
vt 0.946500 0.807006
vt 0.945759 0.807003
vt 0.944993 0.809858
vt 0.945738 0.809862
vt 0.945759 0.807003
vt 0.947227 0.809873
vt 0.947977 0.809878
vt 0.947982 0.807012
vt 0.947241 0.807010
vt 0.947255 0.804052
vt 0.946516 0.804048
vt 0.946500 0.807006
vt 0.946516 0.804048
vt 0.945777 0.804044
vt 0.945018 0.806997
vt 0.945759 0.807003
vt 0.945777 0.804044
vt 0.947241 0.807010
vt 0.947982 0.807012
vt 0.947994 0.804056
vt 0.947255 0.804052
vt 0.947273 0.801190
vt 0.946532 0.801186
vt 0.946516 0.804048
vt 0.946532 0.801186
vt 0.945790 0.801182
vt 0.945037 0.804040
vt 0.945777 0.804044
vt 0.945790 0.801182
vt 0.947255 0.804052
vt 0.947994 0.804056
vt 0.948015 0.801197
vt 0.947273 0.801190
vt 0.947297 0.798620
vt 0.946551 0.798615
vt 0.946532 0.801186
vt 0.946551 0.798615
vt 0.945797 0.798609
vt 0.945048 0.801181
vt 0.945790 0.801182
vt 0.945797 0.798609
vt 0.947273 0.801190
vt 0.948015 0.801197
vt 0.948042 0.798629
vt 0.947297 0.798620
vt 0.947315 0.796520
vt 0.946558 0.796553
vt 0.946551 0.798615
vt 0.946558 0.796553
vt 0.945808 0.796578
vt 0.945044 0.798608
vt 0.945797 0.798609
vt 0.945808 0.796578
vt 0.947297 0.798620
vt 0.948042 0.798629
vt 0.948072 0.796557
vt 0.158000 0.090167
vt 0.157976 0.099921
vt 0.174205 0.097889
vt 0.160755 0.077502
vt 0.158000 0.090167
vt 0.174174 0.091781
vt 0.174205 0.097889
vt 0.157976 0.099921
vt 0.161037 0.112447
vt 0.193174 0.097595
vt 0.174205 0.097889
vt 0.176063 0.108865
vt 0.175907 0.080737
vt 0.174174 0.091781
vt 0.193091 0.091854
vt 0.174174 0.091781
vt 0.174205 0.097889
vt 0.193174 0.097595
vt 0.708311 0.755681
vt 0.691641 0.753604
vt 0.691568 0.763413
vt 0.694682 0.740991
vt 0.691641 0.753604
vt 0.708311 0.755681
vt 0.708226 0.761818
vt 0.691568 0.763413
vt 0.694244 0.776140
vt 0.728288 0.761791
vt 0.708226 0.761818
vt 0.710382 0.772814
vt 0.710732 0.744772
vt 0.708311 0.755681
vt 0.728351 0.756157
vt 0.728351 0.756157
vt 0.708311 0.755681
vt 0.708226 0.761818
vt 0.202499 0.091810
vt 0.193091 0.091854
vt 0.193174 0.097595
vt 0.194461 0.084612
vt 0.193091 0.091854
vt 0.202499 0.091810
vt 0.202578 0.097844
vt 0.193174 0.097595
vt 0.194494 0.104859
vt 0.736412 0.755942
vt 0.728351 0.756157
vt 0.728288 0.761791
vt 0.730375 0.749172
vt 0.728351 0.756157
vt 0.736412 0.755942
vt 0.736431 0.762024
vt 0.728288 0.761791
vt 0.730242 0.768840
vt 0.976741 0.049038
vt 0.976741 0.051845
vt 0.983693 0.051845
vt 0.976741 0.046954
vt 0.976741 0.049038
vt 0.983693 0.049038
vt 0.976741 0.056736
vt 0.983693 0.056736
vt 0.983693 0.054652
vt 0.976741 0.054652
vt 0.983693 0.054652
vt 0.983693 0.051845
vt 0.496816 0.012799
vt 0.497395 0.012799
vt 0.497811 0.010279
vt 0.497395 0.012799
vt 0.497938 0.012799
vt 0.498335 0.010505
vt 0.497304 0.010050
vt 0.497811 0.010279
vt 0.498943 0.008790
vt 0.497811 0.010279
vt 0.498335 0.010505
vt 0.499200 0.009424
vt 0.498943 0.016808
vt 0.497811 0.015319
vt 0.497304 0.015548
vt 0.499200 0.016174
vt 0.498335 0.015093
vt 0.497811 0.015319
vt 0.497811 0.015319
vt 0.497395 0.012799
vt 0.496816 0.012799
vt 0.498335 0.015093
vt 0.497938 0.012799
vt 0.497395 0.012799
vt 0.953013 0.556242
vt 0.952408 0.558499
vt 0.954147 0.555517
vt 0.952408 0.558499
vt 0.953013 0.560756
vt 0.954147 0.561482
vt 0.982752 0.822786
vt 0.984454 0.822786
vt 0.984454 0.821049
vt 0.982752 0.810626
vt 0.984454 0.810626
vt 0.984454 0.808889
vt 0.982752 0.812363
vt 0.984454 0.812363
vt 0.984454 0.810626
vt 0.982752 0.814100
vt 0.984454 0.814100
vt 0.984454 0.812363
vt 0.982752 0.815837
vt 0.984454 0.815837
vt 0.984454 0.814100
vt 0.982752 0.817575
vt 0.984454 0.817575
vt 0.984454 0.815837
vt 0.130584 0.007487
vt 0.129356 0.006258
vt 0.127619 0.006258
vt 0.127619 0.006258
vt 0.126390 0.007487
vt 0.126390 0.009224
vt 0.126390 0.009224
vt 0.127619 0.010452
vt 0.129356 0.010452
vt 0.129356 0.010452
vt 0.130584 0.009224
vt 0.130584 0.007487
vt 0.130584 0.007487
vt 0.127619 0.006258
vt 0.126390 0.009224
vt 0.982752 0.817575
vt 0.982752 0.819312
vt 0.984454 0.819312
vt 0.982752 0.821049
vt 0.984454 0.821049
vt 0.984454 0.819312
vt 0.490638 0.674670
vt 0.497582 0.683284
vt 0.513507 0.667351
vt 0.335895 0.642684
vt 0.326093 0.647440
vt 0.337903 0.666233
vt 0.377302 0.501982
vt 0.395556 0.494239
vt 0.392459 0.483924
vt 0.473770 0.685971
vt 0.478877 0.695761
vt 0.497582 0.683284
vt 0.328821 0.623926
vt 0.318248 0.626661
vt 0.326093 0.647440
vt 0.395556 0.494239
vt 0.415096 0.490219
vt 0.413992 0.479590
vt 0.455051 0.693718
vt 0.458124 0.704300
vt 0.478877 0.695761
vt 0.325631 0.603897
vt 0.314547 0.604682
vt 0.318248 0.626661
vt 0.360967 0.513243
vt 0.377302 0.501982
vt 0.372207 0.492467
vt 0.360967 0.513243
vt 0.354048 0.504920
vt 0.338716 0.520797
vt 0.346565 0.659611
vt 0.337903 0.666233
vt 0.353240 0.682303
vt 0.360415 0.674072
vt 0.353240 0.682303
vt 0.371499 0.695003
vt 0.504892 0.527923
vt 0.516196 0.544936
vt 0.526058 0.539816
vt 0.490543 0.513435
vt 0.504892 0.527923
vt 0.513570 0.520997
vt 0.504996 0.660250
vt 0.513507 0.667351
vt 0.526028 0.648582
vt 0.516279 0.643272
vt 0.526028 0.648582
vt 0.534656 0.627703
vt 0.347187 0.527591
vt 0.338716 0.520797
vt 0.326807 0.539470
vt 0.376896 0.685492
vt 0.371499 0.695003
vt 0.391953 0.703822
vt 0.527999 0.604338
vt 0.524048 0.624391
vt 0.534656 0.627703
vt 0.473695 0.502045
vt 0.490543 0.513435
vt 0.497703 0.504970
vt 0.336506 0.544484
vt 0.326807 0.539470
vt 0.318710 0.560210
vt 0.395353 0.693410
vt 0.391953 0.703822
vt 0.413788 0.708406
vt 0.527980 0.583889
vt 0.527999 0.604338
vt 0.539057 0.605525
vt 0.454959 0.494239
vt 0.473695 0.502045
vt 0.479046 0.492352
vt 0.325607 0.583332
vt 0.314613 0.582216
vt 0.314547 0.604682
vt 0.329260 0.563301
vt 0.318710 0.560210
vt 0.314613 0.582216
vt 0.435219 0.697612
vt 0.436139 0.708570
vt 0.458124 0.704300
vt 0.415054 0.697506
vt 0.413788 0.708406
vt 0.436139 0.708570
vt 0.516196 0.544936
vt 0.523994 0.563831
vt 0.534668 0.560717
vt 0.527980 0.583889
vt 0.539060 0.582905
vt 0.534668 0.560717
vt 0.415096 0.490219
vt 0.435063 0.490356
vt 0.436179 0.479210
vt 0.435063 0.490356
vt 0.454959 0.494239
vt 0.458274 0.483658
vn 0.000000 1.000000 -0.000001
vn 0.000000 0.980785 -0.195092
vn 0.000000 0.980785 -0.195092
vn 0.000000 0.707107 -0.707107
vn 0.000000 0.831470 -0.555570
vn 0.000000 0.831470 -0.555570
vn 0.000000 0.555570 -0.831470
vn 0.000000 0.707107 -0.707107
vn 0.000000 0.707107 -0.707107
vn 0.000000 0.382683 -0.923880
vn 0.000000 0.555570 -0.831470
vn 0.000000 0.555570 -0.831470
vn 0.000000 0.195089 -0.980786
vn 0.000000 0.382683 -0.923880
vn 0.000000 0.382683 -0.923880
vn 0.000000 -0.000001 -1.000000
vn 0.000000 0.195089 -0.980785
vn 0.000000 0.195089 -0.980786
vn 0.000000 -0.195090 -0.980785
vn 0.000000 -0.000000 -1.000000
vn 0.000000 -0.000001 -1.000000
vn 0.000000 -0.382684 -0.923879
vn 0.000000 -0.195090 -0.980785
vn 0.000000 -0.195090 -0.980785
vn 0.000000 -0.555571 -0.831469
vn 0.000000 -0.382684 -0.923879
vn 0.000000 -0.382684 -0.923879
vn 0.000000 -0.707107 -0.707106
vn 0.000000 -0.555571 -0.831469
vn 0.000000 -0.555571 -0.831469
vn 0.000000 -0.831470 -0.555570
vn 0.000000 -0.707107 -0.707106
vn 0.000000 -0.707107 -0.707106
vn 0.000000 -0.923880 -0.382683
vn 0.000000 -0.831470 -0.555569
vn 0.000000 -0.831470 -0.555570
vn 0.000000 -0.980785 -0.195090
vn 0.000000 -0.923880 -0.382683
vn 0.000000 -0.923880 -0.382683
vn 0.000000 -1.000000 0.000001
vn 0.000000 -0.980785 -0.195090
vn 0.000000 -0.980785 -0.195090
vn 0.000000 -0.980785 0.195092
vn 0.000000 -1.000000 0.000001
vn 0.000000 -1.000000 0.000001
vn 1.000000 0.000000 0.000000
vn 1.000000 0.000000 0.000000
vn 1.000000 0.000000 0.000000
vn 1.000000 0.000000 0.000000
vn 1.000000 0.000000 0.000000
vn 1.000000 0.000000 0.000000
vn 1.000000 0.000000 0.000000
vn 1.000000 0.000000 0.000000
vn 1.000000 0.000000 0.000000
vn 1.000000 0.000000 0.000000
vn 1.000000 0.000000 0.000000
vn 1.000000 0.000000 0.000000
vn 1.000000 0.000000 0.000000
vn 1.000000 0.000000 0.000000
vn 1.000000 0.000000 0.000000
vn 1.000000 0.000000 0.000000
vn 1.000000 0.000000 0.000000
vn 1.000000 0.000000 0.000000
vn 1.000000 0.000000 0.000000
vn 1.000000 0.000000 0.000000
vn 1.000000 0.000000 0.000000
vn 1.000000 0.000000 0.000000
vn 1.000000 0.000000 0.000000
vn 1.000000 0.000000 0.000000
vn 1.000000 0.000000 0.000000
vn 1.000000 0.000000 0.000000
vn 1.000000 0.000000 0.000000
vn 1.000000 0.000000 0.000000
vn 1.000000 0.000000 0.000000
vn 1.000000 0.000000 0.000000
vn 1.000000 0.000000 0.000000
vn 1.000000 0.000000 0.000000
vn 1.000000 0.000000 0.000000
vn 1.000000 0.000000 0.000000
vn 1.000000 0.000000 0.000000
vn 1.000000 0.000000 0.000000
vn 1.000000 0.000000 0.000000
vn 1.000000 0.000000 0.000000
vn 1.000000 0.000000 0.000000
vn 1.000000 0.000000 0.000000
vn 1.000000 0.000000 0.000000
vn 1.000000 0.000000 0.000000
vn 1.000000 0.000000 0.000000
vn 1.000000 0.000000 0.000000
vn 1.000000 0.000000 0.000000
vn 1.000000 0.000000 0.000000
vn 1.000000 0.000000 0.000000
vn 1.000000 0.000000 0.000000
vn 1.000000 0.000000 0.000000
vn 1.000000 0.000000 0.000000
vn 1.000000 0.000000 0.000000
vn 1.000000 0.000000 0.000000
vn 1.000000 0.000000 0.000000
vn 1.000000 0.000000 0.000000
vn 1.000000 0.000000 0.000000
vn 1.000000 0.000000 0.000000
vn 1.000000 0.000000 0.000000
vn 1.000000 0.000000 0.000000
vn 1.000000 0.000000 0.000000
vn 1.000000 0.000000 0.000000
vn 1.000000 0.000000 0.000000
vn 1.000000 0.000000 0.000000
vn 1.000000 0.000000 0.000000
vn 1.000000 0.000000 0.000000
vn 1.000000 0.000000 0.000000
vn 1.000000 0.000000 0.000000
vn 1.000000 0.000000 0.000000
vn 1.000000 0.000000 0.000000
vn 1.000000 0.000000 0.000000
vn 1.000000 0.000000 0.000000
vn 1.000000 0.000000 0.000000
vn 1.000000 0.000000 0.000000
vn 1.000000 0.000000 0.000000
vn 1.000000 0.000000 0.000000
vn 1.000000 0.000000 0.000000
vn 1.000000 0.000000 0.000000
vn 1.000000 0.000000 0.000000
vn 1.000000 0.000000 0.000000
vn 1.000000 0.000000 0.000000
vn 1.000000 0.000000 0.000000
vn 1.000000 0.000000 0.000000
vn 1.000000 0.000000 0.000000
vn 1.000000 0.000000 0.000000
vn 1.000000 0.000000 0.000000
vn 1.000000 0.000000 0.000000
vn 1.000000 0.000000 0.000000
vn 1.000000 0.000000 0.000000
vn 1.000000 0.000000 0.000000
vn 1.000000 0.000000 0.000000
vn 1.000000 0.000000 0.000000
vn 1.000000 0.000000 0.000000
vn 1.000000 0.000000 0.000000
vn 1.000000 0.000000 0.000000
vn 1.000000 0.000000 0.000000
vn 1.000000 0.000000 0.000000
vn 1.000000 0.000000 0.000000
vn 0.000000 0.831470 -0.555570
vn 0.000000 0.923880 -0.382684
vn 0.000000 0.923879 -0.382684
vn 0.000000 0.923879 -0.382684
vn 0.000000 0.980785 -0.195090
vn 0.000000 0.980785 -0.195090
vn 0.000000 0.980785 -0.195090
vn 0.000000 1.000000 0.000000
vn 0.000000 1.000000 0.000000
vn 0.000000 1.000000 0.000000
vn 0.000000 0.980785 0.195091
vn 0.000000 0.980785 0.195091
vn 0.000000 0.195090 0.980785
vn 0.000000 0.000001 1.000000
vn 0.000000 0.000001 1.000000
vn 0.000000 0.980785 0.195091
vn 0.000000 0.923879 0.382684
vn 0.000000 0.923879 0.382684
vn 0.000000 0.382684 0.923880
vn 0.000000 0.195090 0.980785
vn 0.000000 0.195090 0.980785
vn 0.000000 0.923879 0.382684
vn 0.000000 0.831470 0.555570
vn 0.000000 0.831470 0.555570
vn 0.000000 0.000001 1.000000
vn 0.000000 -0.195089 0.980786
vn 0.000000 -0.195089 0.980785
vn 0.000000 0.831470 0.555570
vn 0.000000 0.707107 0.707107
vn 0.000000 0.707107 0.707107
vn 0.000000 -0.195089 0.980785
vn 0.000000 -0.382682 0.923880
vn 0.000000 -0.382682 0.923880
vn 0.000000 0.707107 0.707107
vn 0.000000 0.555570 0.831470
vn 0.000000 0.555570 0.831470
vn 0.000000 -0.382682 0.923880
vn 0.000000 -0.555569 0.831470
vn 0.000000 -0.555569 0.831470
vn 0.000000 0.555570 0.831470
vn 0.000000 0.382684 0.923879
vn 0.000000 0.382684 0.923880
vn 0.000000 -0.555569 0.831470
vn 0.000000 -0.707106 0.707108
vn 0.000000 -0.707106 0.707108
vn 0.000000 -0.707106 0.707108
vn 0.000000 -0.831469 0.555571
vn 0.000000 -0.831469 0.555571
vn 0.000000 -0.831469 0.555571
vn 0.000000 -0.923879 0.382684
vn 0.000000 -0.923879 0.382684
vn 0.000000 -0.923879 0.382684
vn 0.000000 -0.980785 0.195092
vn 0.000000 -0.980785 0.195092
vn 0.993444 -0.022302 -0.112121
vn 0.998256 0.000000 -0.059039
vn 0.998256 -0.011518 -0.057905
vn 0.993444 0.022302 -0.112121
vn 0.998256 0.000000 -0.059039
vn 0.993444 0.000000 -0.114317
vn 0.993444 0.022302 -0.112121
vn 0.998256 0.022593 -0.054545
vn 0.998256 0.011518 -0.057905
vn 0.993444 0.063511 -0.095051
vn 0.998256 0.022593 -0.054545
vn 0.993444 0.043747 -0.105616
vn 0.993444 0.063511 -0.095051
vn 0.998256 0.041747 -0.041747
vn 0.998256 0.032800 -0.049090
vn 0.993444 0.095051 -0.063511
vn 0.998256 0.041747 -0.041747
vn 0.993444 0.080834 -0.080835
vn 0.993444 0.105615 -0.043747
vn 0.998256 0.049089 -0.032801
vn 0.993444 0.095051 -0.063511
vn 0.993444 0.112121 -0.022302
vn 0.998256 0.054545 -0.022593
vn 0.993444 0.105615 -0.043747
vn 0.993444 0.112121 -0.022302
vn 0.998256 0.059039 0.000000
vn 0.998256 0.057905 -0.011518
vn 0.993444 0.112121 0.022302
vn 0.998256 0.059039 0.000000
vn 0.993444 0.114317 -0.000000
vn 0.993444 0.105615 0.043747
vn 0.998256 0.057905 0.011518
vn 0.993444 0.112121 0.022302
vn 0.993444 0.105615 0.043747
vn 0.998256 0.049090 0.032801
vn 0.998256 0.054545 0.022593
vn 0.993444 0.080835 0.080835
vn 0.998256 0.049090 0.032801
vn 0.993444 0.095051 0.063511
vn 0.993444 0.063511 0.095051
vn 0.998256 0.041747 0.041747
vn 0.993444 0.080835 0.080835
vn 0.993444 0.063511 0.095051
vn 0.998256 0.022593 0.054545
vn 0.998256 0.032801 0.049089
vn 0.993444 0.043747 0.105615
vn 0.998256 0.011518 0.057905
vn 0.998256 0.022593 0.054545
vn 0.993444 0.000000 0.114317
vn 0.998256 0.011518 0.057905
vn 0.993444 0.022302 0.112121
vn 0.993444 -0.022302 0.112121
vn 0.998256 0.000000 0.059040
vn 0.993444 0.000000 0.114317
vn 0.993444 -0.022302 0.112121
vn 0.998256 -0.022593 0.054545
vn 0.998256 -0.011518 0.057905
vn 0.993444 -0.043747 0.105615
vn 0.998256 -0.032801 0.049089
vn 0.998256 -0.022593 0.054545
vn 0.993444 -0.063511 0.095051
vn 0.998256 -0.041747 0.041747
vn 0.998256 -0.032801 0.049089
vn 0.993444 -0.080835 0.080835
vn 0.998256 -0.049089 0.032801
vn 0.998256 -0.041747 0.041747
vn 0.993444 -0.105615 0.043747
vn 0.998256 -0.049089 0.032801
vn 0.993444 -0.095051 0.063511
vn 0.993444 -0.112121 0.022302
vn 0.998256 -0.054545 0.022593
vn 0.993444 -0.105615 0.043747
vn 0.993444 -0.112121 0.022302
vn 0.998256 -0.059039 0.000000
vn 0.998256 -0.057905 0.011518
vn 0.993444 -0.114317 0.000000
vn 0.998256 -0.057905 -0.011518
vn 0.998256 -0.059039 0.000000
vn 0.993444 -0.105616 -0.043747
vn 0.998256 -0.057905 -0.011518
vn 0.993444 -0.112121 -0.022302
vn 0.993444 -0.095051 -0.063511
vn 0.998256 -0.054545 -0.022593
vn 0.993444 -0.105616 -0.043747
vn 0.993444 -0.095051 -0.063511
vn 0.998256 -0.041747 -0.041747
vn 0.998256 -0.049089 -0.032800
vn 0.993444 -0.080835 -0.080834
vn 0.998256 -0.032801 -0.049089
vn 0.998256 -0.041747 -0.041747
vn 0.993444 -0.063511 -0.095051
vn 0.998256 -0.022593 -0.054545
vn 0.998256 -0.032801 -0.049089
vn 0.993444 -0.022302 -0.112121
vn 0.998256 -0.022593 -0.054545
vn 0.993444 -0.043747 -0.105615
vn 0.000000 0.707107 -0.707107
vn 0.000000 0.555570 -0.831470
vn 0.000000 0.555570 -0.831470
vn 0.000000 -0.923880 0.382683
vn 0.000000 -0.831469 0.555571
vn 0.000000 -0.831469 0.555570
vn 0.000000 0.980785 0.195090
vn 0.000000 1.000000 -0.000001
vn 0.000000 1.000000 -0.000001
vn 0.000000 -0.980785 0.195090
vn 0.000000 -0.923880 0.382683
vn 0.000000 -0.923880 0.382683
vn 0.000000 0.923880 0.382683
vn 0.000000 0.980785 0.195090
vn 0.000000 0.980785 0.195090
vn 0.000000 -1.000000 0.000000
vn 0.000000 -0.980785 0.195090
vn 0.000000 -0.980785 0.195090
vn 0.000000 0.831470 0.555570
vn 0.000000 0.923880 0.382683
vn 0.000000 0.923880 0.382683
vn 0.000000 -0.980785 -0.195091
vn 0.000000 -1.000000 0.000000
vn 0.000000 -1.000000 0.000000
vn 0.000000 0.707107 0.707107
vn 0.000000 0.831470 0.555570
vn 0.000000 0.831470 0.555570
vn 0.000000 -0.000001 -1.000000
vn 0.000000 -0.195090 -0.980785
vn 0.000000 -0.195090 -0.980785
vn 0.000000 -0.923879 -0.382684
vn 0.000000 -0.980785 -0.195091
vn 0.000000 -0.980785 -0.195091
vn 0.000000 0.555571 0.831469
vn 0.000000 0.707107 0.707106
vn 0.000000 0.707107 0.707107
vn 0.000000 -0.195090 -0.980785
vn 0.000000 -0.382683 -0.923880
vn 0.000000 -0.382683 -0.923880
vn 0.000000 -0.831469 -0.555571
vn 0.000000 -0.923879 -0.382684
vn 0.000000 -0.923879 -0.382684
vn 0.000000 0.382684 0.923879
vn 0.000000 0.555571 0.831469
vn 0.000000 0.555571 0.831469
vn 0.000000 0.195089 -0.980786
vn 0.000000 -0.000001 -1.000000
vn 0.000000 -0.000001 -1.000000
vn 0.000000 -0.707107 -0.707107
vn 0.000000 -0.831469 -0.555570
vn 0.000000 -0.831469 -0.555571
vn 0.000000 0.195090 0.980785
vn 0.000000 0.382684 0.923879
vn 0.000000 0.382684 0.923879
vn 0.000000 0.382683 -0.923880
vn 0.000000 0.195089 -0.980786
vn 0.000000 0.195089 -0.980786
vn 0.000000 -0.555570 -0.831470
vn 0.000000 -0.707107 -0.707107
vn 0.000000 -0.707107 -0.707107
vn 0.000000 0.195090 0.980785
vn 0.000000 0.000000 1.000000
vn 0.000000 0.195090 0.980785
vn 0.000000 0.555569 -0.831470
vn 0.000000 0.382682 -0.923880
vn 0.000000 0.382683 -0.923880
vn 0.000000 -0.382683 -0.923880
vn 0.000000 -0.555570 -0.831470
vn 0.000000 -0.555570 -0.831470
vn 0.000000 -0.195090 0.980785
vn 0.000000 0.000000 1.000000
vn 0.000000 0.000000 1.000000
vn 0.000000 0.707106 -0.707108
vn 0.000000 0.555569 -0.831470
vn 0.000000 0.555569 -0.831470
vn 0.000000 -0.382683 0.923880
vn 0.000000 -0.195090 0.980785
vn 0.000000 -0.195090 0.980785
vn 0.000000 0.831469 -0.555571
vn 0.000000 0.707106 -0.707108
vn 0.000000 0.707106 -0.707108
vn 0.000000 -0.555570 0.831470
vn 0.000000 -0.382683 0.923880
vn 0.000000 -0.382683 0.923880
vn 0.000000 0.923879 -0.382684
vn 0.000000 0.831469 -0.555571
vn 0.000000 0.831469 -0.555571
vn 0.000000 -0.707107 0.707107
vn 0.000000 -0.555570 0.831470
vn 0.000000 -0.555570 0.831470
vn 0.000000 0.980785 -0.195092
vn 0.000000 0.923879 -0.382684
vn 0.000000 0.923879 -0.382684
vn 0.000000 -0.831469 0.555570
vn 0.000000 -0.707107 0.707107
vn 0.000000 -0.707107 0.707107
vn 0.925558 -0.073862 -0.371331
vn 0.960318 -0.106733 -0.257676
vn 0.925558 -0.144886 -0.349786
vn 0.960318 -0.054412 -0.273548
vn 0.993444 -0.043747 -0.105615
vn 0.960318 -0.106733 -0.257676
vn 0.925558 -0.144886 -0.349786
vn 0.960318 -0.154952 -0.231903
vn 0.925558 -0.210342 -0.314799
vn 0.960318 -0.106733 -0.257676
vn 0.993444 -0.063511 -0.095051
vn 0.960318 -0.154952 -0.231903
vn 0.925558 -0.210342 -0.314799
vn 0.960318 -0.197217 -0.197217
vn 0.925558 -0.267714 -0.267715
vn 0.960318 -0.197217 -0.197217
vn 0.993444 -0.063511 -0.095051
vn 0.993444 -0.080835 -0.080834
vn 0.925558 -0.314798 -0.210342
vn 0.960318 -0.197217 -0.197217
vn 0.960318 -0.231902 -0.154952
vn 0.960318 -0.197217 -0.197217
vn 0.993444 -0.095051 -0.063511
vn 0.960318 -0.231902 -0.154952
vn 0.925558 -0.314798 -0.210342
vn 0.960318 -0.257676 -0.106733
vn 0.925558 -0.349786 -0.144886
vn 0.960318 -0.231902 -0.154952
vn 0.993444 -0.105616 -0.043747
vn 0.960318 -0.257676 -0.106733
vn 0.925558 -0.349786 -0.144886
vn 0.960318 -0.273548 -0.054412
vn 0.925558 -0.371331 -0.073862
vn 0.960318 -0.257676 -0.106733
vn 0.993444 -0.112121 -0.022302
vn 0.960318 -0.273548 -0.054412
vn 0.925558 -0.378605 0.000000
vn 0.960318 -0.273548 -0.054412
vn 0.960318 -0.278907 0.000000
vn 0.960318 -0.278907 0.000000
vn 0.993444 -0.112121 -0.022302
vn 0.993444 -0.114317 0.000000
vn 0.925558 -0.371330 0.073862
vn 0.960318 -0.278907 0.000000
vn 0.960318 -0.273547 0.054412
vn 0.960318 -0.278907 0.000000
vn 0.993444 -0.112121 0.022302
vn 0.960318 -0.273547 0.054412
vn 0.925558 -0.371330 0.073862
vn 0.960318 -0.257676 0.106733
vn 0.925558 -0.349786 0.144886
vn 0.960318 -0.273547 0.054412
vn 0.993444 -0.105615 0.043747
vn 0.960318 -0.257676 0.106733
vn 0.925558 -0.314799 0.210342
vn 0.960318 -0.257676 0.106733
vn 0.960318 -0.231903 0.154952
vn 0.960318 -0.231903 0.154952
vn 0.993444 -0.105615 0.043747
vn 0.993444 -0.095051 0.063511
vn 0.925558 -0.314799 0.210342
vn 0.960318 -0.197217 0.197217
vn 0.925558 -0.267714 0.267714
vn 0.960318 -0.231903 0.154952
vn 0.993444 -0.080835 0.080835
vn 0.960318 -0.197217 0.197217
vn 0.925558 -0.210342 0.314799
vn 0.960318 -0.197217 0.197217
vn 0.960318 -0.154952 0.231903
vn 0.960318 -0.154952 0.231903
vn 0.993444 -0.080835 0.080835
vn 0.993444 -0.063511 0.095051
vn 0.925558 -0.210342 0.314799
vn 0.960318 -0.106733 0.257676
vn 0.925558 -0.144886 0.349786
vn 0.960318 -0.154952 0.231903
vn 0.993444 -0.043747 0.105615
vn 0.960318 -0.106733 0.257676
vn 0.925558 -0.073862 0.371331
vn 0.960318 -0.106733 0.257676
vn 0.960318 -0.054412 0.273548
vn 0.960318 -0.106733 0.257676
vn 0.993444 -0.022302 0.112121
vn 0.960318 -0.054412 0.273548
vn 0.925558 0.000000 0.378605
vn 0.960318 -0.054412 0.273548
vn 0.960318 0.000000 0.278907
vn 0.960318 -0.054412 0.273548
vn 0.993444 0.000000 0.114317
vn 0.960318 0.000000 0.278907
vn 0.925558 0.000000 0.378605
vn 0.960318 0.054412 0.273548
vn 0.925558 0.073862 0.371331
vn 0.960318 0.000000 0.278907
vn 0.993444 0.022302 0.112121
vn 0.960318 0.054412 0.273548
vn 0.925558 0.144886 0.349786
vn 0.960318 0.054412 0.273548
vn 0.960318 0.106733 0.257676
vn 0.960318 0.106733 0.257676
vn 0.993444 0.022302 0.112121
vn 0.993444 0.043747 0.105615
vn 0.925558 0.144886 0.349786
vn 0.960318 0.154952 0.231902
vn 0.925558 0.210342 0.314799
vn 0.960318 0.154952 0.231902
vn 0.993444 0.043747 0.105615
vn 0.993444 0.063511 0.095051
vn 0.925558 0.210342 0.314799
vn 0.960318 0.197217 0.197217
vn 0.925558 0.267715 0.267714
vn 0.960318 0.154952 0.231902
vn 0.993444 0.080835 0.080835
vn 0.960318 0.197217 0.197217
vn 0.925558 0.314799 0.210341
vn 0.960318 0.197217 0.197217
vn 0.960318 0.231903 0.154952
vn 0.960318 0.197217 0.197217
vn 0.993444 0.095051 0.063511
vn 0.960318 0.231903 0.154952
vn 0.925558 0.349786 0.144886
vn 0.960318 0.231903 0.154952
vn 0.960318 0.257676 0.106733
vn 0.960318 0.257676 0.106733
vn 0.993444 0.095051 0.063511
vn 0.993444 0.105615 0.043747
vn 0.925558 0.349786 0.144886
vn 0.960318 0.273548 0.054412
vn 0.925558 0.371331 0.073862
vn 0.960318 0.257676 0.106733
vn 0.993444 0.112121 0.022302
vn 0.960318 0.273548 0.054412
vn 0.925558 0.371331 0.073862
vn 0.960318 0.278907 -0.000000
vn 0.925558 0.378605 -0.000000
vn 0.960318 0.273548 0.054412
vn 0.993444 0.114317 -0.000000
vn 0.960318 0.278907 -0.000000
vn 0.925558 0.371330 -0.073863
vn 0.960318 0.278907 -0.000000
vn 0.960318 0.273548 -0.054412
vn 0.960318 0.273548 -0.054412
vn 0.993444 0.114317 -0.000000
vn 0.993444 0.112121 -0.022302
vn 0.925558 0.349786 -0.144886
vn 0.960318 0.273548 -0.054412
vn 0.960318 0.257676 -0.106733
vn 0.960318 0.273548 -0.054412
vn 0.993444 0.105615 -0.043747
vn 0.960318 0.257676 -0.106733
vn 0.925558 0.349786 -0.144886
vn 0.960318 0.231902 -0.154953
vn 0.925558 0.314798 -0.210342
vn 0.960318 0.257676 -0.106733
vn 0.993444 0.095051 -0.063511
vn 0.960318 0.231902 -0.154953
vn 0.925558 0.267714 -0.267715
vn 0.960318 0.231902 -0.154953
vn 0.960318 0.197217 -0.197217
vn 0.960318 0.197217 -0.197217
vn 0.993444 0.095051 -0.063511
vn 0.993444 0.080834 -0.080835
vn 0.925558 0.210341 -0.314799
vn 0.960318 0.197217 -0.197217
vn 0.960318 0.154952 -0.231903
vn 0.960318 0.154952 -0.231903
vn 0.993444 0.080834 -0.080835
vn 0.993444 0.063511 -0.095051
vn 0.925558 0.210341 -0.314799
vn 0.960318 0.106733 -0.257676
vn 0.925558 0.144886 -0.349786
vn 0.960318 0.154952 -0.231903
vn 0.993444 0.043747 -0.105616
vn 0.960318 0.106733 -0.257676
vn 0.925558 0.073862 -0.371330
vn 0.960318 0.106733 -0.257676
vn 0.960318 0.054412 -0.273548
vn 0.960318 0.054412 -0.273548
vn 0.993444 0.043747 -0.105616
vn 0.993444 0.022302 -0.112121
vn 0.925558 -0.000000 -0.378605
vn 0.960318 0.054412 -0.273548
vn 0.960318 -0.000000 -0.278907
vn 0.960318 0.054412 -0.273548
vn 0.993444 0.000000 -0.114317
vn 0.960318 -0.000000 -0.278907
vn 0.925558 -0.000000 -0.378605
vn 0.960318 -0.054412 -0.273548
vn 0.925558 -0.073862 -0.371331
vn 0.960318 -0.000000 -0.278907
vn 0.993444 -0.022302 -0.112121
vn 0.960318 -0.054412 -0.273548
vn 1.000000 0.000000 0.000000
vn 1.000000 0.000000 0.000000
vn 1.000000 0.000000 0.000000
vn 1.000000 0.000000 0.000000
vn 1.000000 0.000000 -0.000000
vn 1.000000 0.000000 0.000000
vn 1.000000 0.000000 -0.000000
vn 1.000000 0.000000 0.000000
vn 1.000000 0.000000 -0.000000
vn 1.000000 0.000000 0.000000
vn 1.000000 0.000000 0.000000
vn 1.000000 0.000000 0.000000
vn 1.000000 0.000000 0.000000
vn 1.000000 0.000000 0.000000
vn 1.000000 0.000000 0.000000
vn 1.000000 0.000000 0.000000
vn 1.000000 0.000000 0.000000
vn 1.000000 0.000000 0.000000
vn 1.000000 0.000000 0.000000
vn 1.000000 0.000000 0.000000
vn 1.000000 0.000000 0.000000
vn 1.000000 0.000000 0.000000
vn 1.000000 0.000000 0.000000
vn 1.000000 0.000000 0.000000
vn 1.000000 0.000000 0.000000
vn 1.000000 0.000000 0.000000
vn 1.000000 0.000000 0.000000
vn 1.000000 0.000000 0.000000
vn 1.000000 0.000000 0.000000
vn 1.000000 0.000000 0.000000
vn 1.000000 0.000000 0.000000
vn 1.000000 0.000000 0.000000
vn 1.000000 0.000000 0.000000
vn 1.000000 0.000000 0.000000
vn 1.000000 0.000000 0.000000
vn 1.000000 0.000000 0.000000
vn 1.000000 0.000000 0.000000
vn 1.000000 0.000000 0.000000
vn 1.000000 0.000000 0.000000
vn 1.000000 0.000000 0.000000
vn 1.000000 0.000000 0.000000
vn 1.000000 0.000000 0.000000
vn 1.000000 0.000000 0.000000
vn 1.000000 0.000000 0.000000
vn 1.000000 0.000000 0.000000
vn 1.000000 -0.000000 -0.000000
vn 1.000000 0.000000 0.000000
vn 1.000000 0.000000 0.000000
vn 1.000000 0.000000 0.000000
vn 1.000000 -0.000000 0.000000
vn 1.000000 -0.000000 -0.000000
vn 1.000000 0.000000 0.000000
vn 1.000000 0.000000 0.000000
vn 1.000000 0.000000 0.000000
vn 1.000000 0.000000 0.000000
vn 1.000000 0.000000 0.000000
vn 1.000000 0.000000 0.000000
vn 1.000000 0.000000 0.000000
vn 1.000000 0.000000 0.000000
vn 1.000000 0.000000 0.000000
vn 1.000000 0.000000 0.000000
vn 1.000000 0.000000 0.000000
vn 1.000000 0.000000 0.000000
vn 1.000000 0.000000 0.000000
vn 1.000000 0.000000 0.000000
vn 1.000000 0.000000 0.000000
vn 1.000000 0.000000 0.000000
vn 1.000000 0.000000 0.000000
vn 1.000000 0.000000 0.000000
vn 1.000000 0.000000 0.000000
vn 1.000000 0.000000 0.000000
vn 1.000000 0.000000 0.000000
vn 1.000000 0.000000 0.000000
vn 1.000000 0.000000 0.000000
vn 1.000000 0.000000 0.000000
vn 1.000000 0.000000 0.000000
vn 1.000000 0.000000 0.000000
vn 1.000000 0.000000 0.000000
vn 1.000000 0.000000 0.000000
vn 1.000000 0.000000 0.000000
vn 1.000000 0.000000 0.000000
vn 1.000000 0.000000 0.000000
vn 1.000000 0.000000 0.000000
vn 1.000000 0.000000 0.000000
vn 1.000000 0.000000 0.000000
vn 1.000000 0.000000 0.000000
vn 1.000000 0.000000 0.000000
vn 1.000000 0.000000 0.000000
vn 1.000000 0.000000 0.000000
vn 1.000000 0.000000 0.000000
vn 1.000000 0.000000 0.000000
vn 1.000000 0.000000 -0.000000
vn 1.000000 0.000000 0.000000
vn 1.000000 0.000000 0.000000
vn 1.000000 0.000000 0.000000
vn 1.000000 0.000000 -0.000000
vn 0.000000 -0.980785 0.195092
vn 0.000000 -0.923879 0.382684
vn 0.000000 -0.923879 0.382684
vn 0.000000 0.831470 -0.555570
vn 0.000000 0.707107 -0.707107
vn 0.000000 0.707107 -0.707107
vn -0.000000 -1.000000 0.000001
vn 0.000000 -0.980785 0.195092
vn 0.000000 -0.980785 0.195092
vn 0.000000 0.923880 -0.382683
vn 0.000000 0.831470 -0.555570
vn 0.000000 0.831470 -0.555570
vn 0.000000 -0.980785 -0.195090
vn -0.000000 -1.000000 0.000001
vn -0.000000 -1.000000 0.000001
vn 0.000000 0.980785 -0.195090
vn 0.000000 0.923880 -0.382683
vn 0.000000 0.923880 -0.382683
vn 0.000000 -0.923880 -0.382682
vn 0.000000 -0.980785 -0.195090
vn 0.000000 -0.980785 -0.195090
vn -0.000001 1.000000 0.000000
vn 0.000000 0.980785 -0.195090
vn 0.000000 0.980785 -0.195090
vn 0.000000 -0.831470 -0.555570
vn 0.000000 -0.923880 -0.382683
vn 0.000000 -0.923880 -0.382682
vn -0.000000 0.980785 0.195091
vn -0.000000 1.000000 0.000000
vn -0.000001 1.000000 0.000000
vn 0.000000 -0.707107 -0.707107
vn 0.000000 -0.831470 -0.555570
vn 0.000000 -0.831470 -0.555570
vn 0.000000 0.000001 1.000000
vn 0.000000 0.195090 0.980785
vn 0.000000 0.195090 0.980785
vn 0.000000 0.923879 0.382684
vn 0.000000 0.980785 0.195091
vn -0.000000 0.980785 0.195091
vn 0.000000 -0.555571 -0.831469
vn 0.000000 -0.707107 -0.707107
vn 0.000000 -0.707107 -0.707107
vn 0.000000 0.195090 0.980785
vn 0.000000 0.382683 0.923880
vn 0.000000 0.382683 0.923880
vn 0.000000 0.831469 0.555570
vn 0.000000 0.923879 0.382684
vn 0.000000 0.923879 0.382684
vn 0.000000 -0.382684 -0.923879
vn 0.000000 -0.555571 -0.831469
vn 0.000000 -0.555571 -0.831469
vn 0.000000 -0.195090 0.980785
vn 0.000000 0.000001 1.000000
vn 0.000000 0.000001 1.000000
vn 0.000000 0.707107 0.707107
vn 0.000000 0.831469 0.555570
vn 0.000000 0.831469 0.555570
vn 0.000000 -0.195090 -0.980785
vn 0.000000 -0.382684 -0.923879
vn 0.000000 -0.382684 -0.923879
vn 0.000000 -0.382682 0.923880
vn 0.000000 -0.195089 0.980786
vn 0.000000 -0.195090 0.980785
vn 0.000000 0.555570 0.831470
vn 0.000000 0.707107 0.707107
vn 0.000000 0.707107 0.707107
vn 0.000000 0.000000 -1.000000
vn 0.000000 -0.195090 -0.980785
vn 0.000000 -0.195090 -0.980785
vn 0.000000 -0.555569 0.831470
vn 0.000000 -0.382682 0.923880
vn 0.000000 -0.382682 0.923880
vn 0.000000 0.382683 0.923880
vn 0.000000 0.555570 0.831469
vn 0.000000 0.555570 0.831470
vn 0.000000 0.000000 -1.000000
vn 0.000000 0.195090 -0.980785
vn 0.000000 0.000000 -1.000000
vn 0.000000 -0.707106 0.707108
vn 0.000000 -0.555569 0.831471
vn 0.000000 -0.555569 0.831470
vn 0.000000 0.382683 -0.923880
vn 0.000000 0.195090 -0.980785
vn 0.000000 0.195089 -0.980785
vn 0.000000 -0.831469 0.555571
vn 0.000000 -0.707106 0.707108
vn 0.000000 -0.707106 0.707108
vn 0.000000 0.555570 -0.831470
vn 0.000000 0.382683 -0.923880
vn 0.000000 0.382683 -0.923880
vn 0.000000 -0.923879 0.382684
vn 0.000000 -0.831469 0.555571
vn 0.000000 -0.831469 0.555571
vn 1.000000 0.000000 0.000000
vn 1.000000 0.000000 0.000000
vn 1.000000 0.000000 0.000000
vn 1.000000 0.000000 0.000000
vn 1.000000 0.000000 0.000000
vn 1.000000 0.000000 0.000000
vn 1.000000 0.000000 -0.000000
vn 1.000000 0.000000 0.000000
vn 1.000000 0.000000 0.000000
vn 1.000000 0.000000 0.000000
vn 1.000000 0.000000 -0.000000
vn 1.000000 0.000000 -0.000000
vn 1.000000 0.000000 0.000000
vn 1.000000 0.000000 0.000001
vn 1.000000 0.000000 0.000000
vn 1.000000 0.000000 0.000001
vn 1.000000 0.000000 0.000001
vn 1.000000 0.000000 0.000001
vn 1.000000 0.000000 -0.000001
vn 1.000000 0.000000 0.000000
vn 1.000000 0.000000 0.000001
vn 1.000000 0.000000 -0.000000
vn 1.000000 0.000000 -0.000001
vn 1.000000 0.000000 -0.000001
vn 1.000000 0.000000 -0.000000
vn 1.000000 0.000000 0.000000
vn 1.000000 0.000000 -0.000000
vn 1.000000 0.000000 -0.000000
vn 1.000000 0.000000 0.000000
vn 1.000000 0.000000 0.000000
vn 1.000000 0.000000 0.000001
vn 1.000000 0.000000 -0.000000
vn 1.000000 0.000000 -0.000000
vn 1.000000 0.000000 -0.000001
vn 1.000000 0.000000 0.000001
vn 1.000000 0.000000 0.000001
vn 1.000000 0.000000 -0.000001
vn 1.000000 0.000000 -0.000001
vn 1.000000 0.000000 -0.000001
vn 1.000000 0.000000 0.000000
vn 1.000000 0.000000 -0.000001
vn 1.000000 0.000000 -0.000001
vn 1.000000 0.000000 0.000000
vn 1.000000 0.000000 0.000000
vn 1.000000 0.000000 0.000000
vn 1.000000 -0.000000 0.000000
vn 1.000000 0.000000 0.000000
vn 1.000000 0.000000 0.000000
vn 1.000000 -0.000000 0.000000
vn 1.000000 0.000000 0.000000
vn 1.000000 -0.000000 0.000000
vn 1.000000 0.000000 0.000000
vn 1.000000 0.000000 0.000000
vn 1.000000 0.000000 0.000000
vn 1.000000 0.000000 0.000000
vn 1.000000 0.000000 0.000000
vn 1.000000 0.000000 0.000000
vn 1.000000 0.000000 0.000000
vn 1.000000 0.000000 -0.000002
vn 1.000000 0.000000 0.000000
vn 1.000000 0.000000 0.000003
vn 1.000000 0.000000 -0.000002
vn 1.000000 0.000000 -0.000002
vn 1.000000 0.000000 0.000000
vn 1.000000 0.000000 0.000003
vn 1.000000 0.000000 0.000003
vn 1.000000 0.000000 0.000000
vn 1.000000 0.000000 0.000000
vn 1.000000 0.000000 0.000000
vn 1.000000 0.000000 0.000000
vn 1.000000 0.000000 -0.000000
vn 1.000000 0.000000 0.000000
vn 1.000000 0.000000 0.000000
vn 1.000000 0.000000 -0.000000
vn 1.000000 0.000000 -0.000000
vn 1.000000 0.000000 0.000000
vn 1.000000 0.000000 -0.000001
vn 1.000000 0.000000 0.000000
vn 1.000000 0.000000 -0.000000
vn 1.000000 0.000000 0.000000
vn 1.000000 0.000000 -0.000001
vn 1.000000 0.000000 0.000001
vn 1.000000 0.000000 0.000000
vn 1.000000 0.000000 0.000000
vn 1.000000 0.000000 0.000001
vn 1.000000 0.000000 0.000001
vn 1.000000 0.000000 0.000001
vn 1.000000 0.000000 0.000001
vn 1.000000 0.000000 0.000001
vn 1.000000 0.000000 0.000001
vn 1.000000 0.000000 -0.000001
vn 1.000000 0.000000 0.000001
vn 1.000000 0.000000 0.000001
vn 1.000000 0.000000 0.000000
vn 1.000000 0.000000 -0.000001
vn 1.000000 0.000000 -0.000001
vn 0.000000 0.382684 -0.923879
vn 0.000000 -0.382684 -0.923879
vn 0.000000 0.382684 -0.923879
vn 0.000000 -0.382684 -0.923879
vn 0.000000 -0.923880 -0.382683
vn 0.000000 -0.382684 -0.923879
vn 0.000000 -0.923880 -0.382683
vn 0.000000 -0.923880 0.382683
vn 0.000000 -0.923880 0.382683
vn 0.000000 -0.923880 0.382683
vn 0.000000 -0.382684 0.923879
vn 0.000000 -0.923880 0.382683
vn 0.000000 -0.382684 0.923879
vn 0.000000 0.382684 0.923879
vn 0.000000 0.382684 0.923880
vn 0.000000 0.382684 0.923879
vn 0.000000 0.923880 0.382683
vn 0.000000 0.382684 0.923880
vn 1.000000 0.000000 0.000000
vn 1.000000 0.000000 0.000000
vn 1.000000 0.000000 0.000000
vn 0.000000 0.923880 0.382682
vn 0.000000 0.923880 -0.382683
vn 0.000000 0.923880 0.382683
vn 0.000000 0.923880 -0.382683
vn 0.000000 0.382684 -0.923879
vn 0.000000 0.923880 -0.382683
vn 0.000000 -0.382683 0.923880
vn 0.000000 0.382683 0.923880
vn 0.000000 -0.382683 0.923880
vn 0.000000 0.382683 0.923880
vn 0.000000 0.923879 0.382684
vn 0.000000 0.382683 0.923880
vn 0.000000 0.923879 0.382684
vn 0.000000 0.923879 -0.382684
vn 0.000000 0.923879 0.382684
vn 0.000000 0.923879 -0.382684
vn 0.000000 0.382683 -0.923880
vn 0.000000 0.382683 -0.923880
vn 0.000000 0.382683 -0.923880
vn 0.000000 -0.382683 -0.923880
vn 0.000000 0.382683 -0.923880
vn 0.000000 -0.382683 -0.923880
vn 0.000000 -0.923879 -0.382684
vn 0.000000 -0.382683 -0.923880
vn 1.000000 0.000000 0.000000
vn 1.000000 0.000000 0.000000
vn 1.000000 0.000000 0.000000
vn 0.000000 -0.923879 -0.382685
vn 0.000000 -0.923880 0.382683
vn 0.000000 -0.923879 -0.382684
vn 0.000000 -0.923879 0.382684
vn 0.000000 -0.382683 0.923880
vn 0.000000 -0.923880 0.382683
vn 0.000000 -0.923880 -0.382682
vn 0.000000 -0.923880 0.382682
vn 0.000000 -0.923880 -0.382682
vn 0.000000 -0.923880 0.382682
vn 0.000000 -0.382684 0.923879
vn 0.000000 -0.923880 0.382682
vn 0.000000 -0.382684 0.923879
vn 0.000000 0.382684 0.923879
vn 0.000000 -0.382684 0.923879
vn 0.000000 0.382684 0.923879
vn 0.000000 0.923880 0.382683
vn 0.000000 0.923880 0.382682
vn 0.000000 0.923880 0.382683
vn 0.000000 0.923880 -0.382682
vn 0.000000 0.923880 0.382682
vn 0.000000 0.923880 -0.382683
vn 0.000000 0.382684 -0.923879
vn 0.000000 0.923880 -0.382682
vn 1.000000 0.000000 0.000000
vn 1.000000 0.000000 -0.000000
vn 1.000000 -0.000000 -0.000001
vn 0.000000 0.382684 -0.923879
vn 0.000000 -0.382684 -0.923880
vn 0.000000 0.382684 -0.923879
vn 0.000000 -0.382682 -0.923880
vn 0.000000 -0.923880 -0.382682
vn 0.000000 -0.382684 -0.923880
vn 0.000000 0.923881 0.382681
vn 0.000000 0.923880 -0.382684
vn 0.000000 0.923880 0.382681
vn 0.000000 0.923880 -0.382683
vn 0.000000 0.382686 -0.923879
vn 0.000000 0.923880 -0.382684
vn 0.000000 0.382686 -0.923879
vn 0.000000 -0.382681 -0.923880
vn 0.000000 -0.382680 -0.923881
vn 0.000000 -0.382681 -0.923880
vn 0.000000 -0.923879 -0.382684
vn 0.000000 -0.382680 -0.923881
vn 0.000000 -0.923879 -0.382684
vn 0.000000 -0.923880 0.382681
vn -0.000000 -0.923879 0.382684
vn -0.000000 -0.923879 0.382684
vn 0.000000 -0.382683 0.923880
vn 0.000000 -0.382682 0.923880
vn 1.000000 -0.000001 0.000000
vn 1.000000 0.000000 0.000001
vn 1.000000 -0.000000 0.000000
vn 0.000000 -0.382683 0.923880
vn 0.000000 0.382685 0.923879
vn 0.000000 -0.382682 0.923880
vn 0.000000 0.382686 0.923879
vn 0.000000 0.923880 0.382681
vn 0.000000 0.382685 0.923879
vn 0.000000 0.923879 -0.382686
vn 0.000000 0.382683 -0.923880
vn 0.000000 0.923879 -0.382686
vn 0.000000 0.382683 -0.923880
vn 0.000000 -0.382680 -0.923881
vn 0.000000 0.382683 -0.923880
vn 0.000000 -0.382680 -0.923881
vn 0.000000 -0.923879 -0.382684
vn 0.000000 -0.382680 -0.923881
vn 0.000000 -0.923880 -0.382683
vn 0.000000 -0.923879 0.382685
vn 0.000000 -0.923879 -0.382684
vn 0.000000 -0.923879 0.382684
vn 0.000000 -0.382686 0.923879
vn 0.000000 -0.923879 0.382685
vn 0.000000 -0.382685 0.923879
vn 0.000000 0.382685 0.923879
vn 0.000000 -0.382686 0.923879
vn 1.000000 0.000001 0.000000
vn 1.000000 0.000000 0.000000
vn 1.000000 0.000000 0.000000
vn 0.000000 0.382685 0.923879
vn 0.000000 0.923880 0.382682
vn 0.000000 0.923880 0.382682
vn 0.000000 0.923880 0.382682
vn 0.000000 0.923879 -0.382686
vn 0.000000 0.923880 0.382682
vn 0.000000 -0.923880 0.382682
vn 0.000000 -0.382680 0.923881
vn 0.000000 -0.923880 0.382683
vn 0.000000 -0.382682 0.923880
vn 0.000000 0.382685 0.923879
vn 0.000000 -0.382680 0.923881
vn 0.000000 0.382685 0.923879
vn 0.000000 0.923880 0.382682
vn 0.000000 0.382685 0.923879
vn 0.000000 0.923880 0.382682
vn 0.000000 0.923880 -0.382681
vn 0.000000 0.923880 -0.382682
vn 0.000000 0.923880 -0.382681
vn 0.000000 0.382686 -0.923879
vn 0.000000 0.923880 -0.382682
vn 0.000000 0.382686 -0.923879
vn 0.000000 -0.382684 -0.923879
vn 0.000000 0.382686 -0.923879
vn 1.000000 0.000000 0.000000
vn 1.000000 0.000000 0.000000
vn 1.000000 0.000000 0.000000
vn 0.000000 -0.382685 -0.923879
vn 0.000000 -0.923878 -0.382686
vn 0.000000 -0.382684 -0.923879
vn 0.000000 -0.923878 -0.382686
vn 0.000000 -0.923880 0.382682
vn 0.000000 -0.923880 0.382683
vn 0.000000 0.382682 0.923880
vn 0.000000 0.923878 0.382687
vn 0.000000 0.382682 0.923880
vn 0.000000 0.923878 0.382686
vn 0.000000 0.923878 -0.382686
vn 0.000000 0.923878 0.382687
vn 0.000000 0.923879 -0.382686
vn 0.000000 0.382680 -0.923881
vn 0.000000 0.923878 -0.382686
vn 0.000000 0.382681 -0.923881
vn -0.000002 -0.382682 -0.923880
vn 0.000000 0.382680 -0.923881
vn -0.000002 -0.382682 -0.923880
vn -0.000002 -0.923878 -0.382687
vn -0.000003 -0.923879 -0.382684
vn -0.000003 -0.923879 -0.382684
vn 0.000000 -0.923879 0.382684
vn 0.000000 -0.923879 0.382685
vn 1.000000 0.000000 0.000000
vn 1.000000 0.000000 0.000000
vn 1.000000 0.000000 0.000000
vn 0.000000 -0.923879 0.382684
vn 0.000000 -0.382680 0.923881
vn 0.000000 -0.923879 0.382685
vn 0.000000 -0.382681 0.923881
vn 0.000000 0.382682 0.923880
vn 0.000000 -0.382680 0.923881
vn 0.080793 0.747744 0.659054
vn 0.080793 0.747744 0.659054
vn 0.080793 0.747744 0.659054
vn -0.000002 0.661217 -0.750195
vn -0.000002 0.661217 -0.750195
vn -0.000002 0.661217 -0.750195
vn 0.996730 -0.060616 -0.053426
vn 0.996730 -0.060616 -0.053426
vn 0.996730 -0.060616 -0.053426
vn -0.080804 -0.747742 -0.659054
vn -0.080804 -0.747742 -0.659054
vn -0.080804 -0.747742 -0.659054
vn 0.647653 -0.571601 -0.503804
vn 0.647653 -0.571601 -0.503804
vn 0.647653 -0.571601 -0.503804
vn 0.704785 -0.510418 0.492698
vn 0.704785 -0.510418 0.492698
vn 0.704785 -0.510418 0.492698
vn 0.704794 0.424690 -0.568246
vn 0.704794 0.424690 -0.568246
vn 0.704794 0.424690 -0.568246
vn 0.761924 0.485876 0.428247
vn 0.761924 0.485876 0.428247
vn 0.761924 0.485876 0.428247
vn -0.000007 -0.661216 0.750196
vn -0.000007 -0.661216 0.750196
vn -0.000007 -0.661216 0.750196
vn 0.996731 -0.060612 -0.053424
vn 0.996731 -0.060612 -0.053424
vn 0.996731 -0.060612 -0.053424
vn 0.080798 0.748552 0.658135
vn 0.080798 0.748552 0.658135
vn 0.080798 0.748552 0.658135
vn -0.000077 0.660564 -0.750770
vn -0.000077 0.660564 -0.750770
vn -0.000077 0.660564 -0.750770
vn -0.160777 -0.735994 -0.657620
vn -0.212927 -0.082496 -0.973579
vn -0.057233 -0.062425 -0.996407
vn -0.209453 -0.021901 -0.977573
vn -0.081096 0.657095 -0.749433
vn -0.057228 -0.062355 -0.996412
vn 0.160789 0.746458 0.645714
vn 0.212792 0.976155 -0.042913
vn 0.057091 0.996204 -0.065715
vn 0.209337 0.972364 -0.103376
vn 0.080811 0.659175 -0.747635
vn 0.057109 0.996207 -0.065653
vn -0.080790 -0.748553 -0.658134
vn -0.080790 -0.748553 -0.658134
vn -0.080790 -0.748553 -0.658134
vn -0.000003 -0.661216 0.750196
vn -0.000003 -0.661216 0.750196
vn -0.000003 -0.661216 0.750196
vn -0.000004 0.661217 -0.750195
vn -0.000004 0.661217 -0.750195
vn -0.000004 0.661217 -0.750195
vn 0.080797 0.747742 0.659055
vn 0.080797 0.747742 0.659055
vn 0.080797 0.747742 0.659055
vn -0.080802 -0.747742 -0.659054
vn -0.080802 -0.747742 -0.659054
vn -0.080802 -0.747742 -0.659054
vn 0.996730 -0.060615 -0.053426
vn 0.996730 -0.060615 -0.053426
vn 0.996730 -0.060615 -0.053426
vn 0.080810 0.747740 0.659056
vn 0.080810 0.747740 0.659056
vn 0.080810 0.747740 0.659056
vn -0.080794 -0.747741 -0.659056
vn -0.080794 -0.747741 -0.659056
vn -0.080794 -0.747741 -0.659056
vn 0.996730 -0.060617 -0.053427
vn 0.996730 -0.060617 -0.053427
vn 0.996730 -0.060617 -0.053427
vn -0.000002 0.661215 -0.750196
vn -0.000002 0.661215 -0.750196
vn -0.000002 0.661215 -0.750196
vn 0.000000 -0.661217 0.750195
vn 0.000000 -0.661217 0.750195
vn 0.000000 -0.661217 0.750195
vn 0.080821 0.747727 0.659069
vn 0.080821 0.747727 0.659069
vn 0.080821 0.747727 0.659069
vn -0.080795 -0.747742 -0.659056
vn -0.080795 -0.747742 -0.659056
vn -0.080795 -0.747742 -0.659056
vn 0.996730 -0.060615 -0.053427
vn 0.996730 -0.060615 -0.053427
vn 0.996730 -0.060615 -0.053427
vn -0.000002 0.661214 -0.750198
vn -0.000002 0.661214 -0.750198
vn -0.000002 0.661214 -0.750198
vn -0.000018 -0.661211 0.750200
vn -0.000018 -0.661211 0.750200
vn -0.000018 -0.661211 0.750200
vn 0.080814 0.747742 0.659054
vn 0.080814 0.747742 0.659054
vn 0.080814 0.747742 0.659054
vn -0.080774 -0.747747 -0.659053
vn -0.080774 -0.747747 -0.659053
vn -0.080774 -0.747747 -0.659053
vn 0.996730 -0.060614 -0.053443
vn 0.996730 -0.060614 -0.053443
vn 0.996730 -0.060614 -0.053443
vn -0.000008 0.661224 -0.750189
vn -0.000008 0.661224 -0.750189
vn -0.000008 0.661224 -0.750189
vn -0.000018 -0.661213 0.750198
vn -0.000018 -0.661213 0.750198
vn -0.000018 -0.661213 0.750198
vn 0.080813 0.747742 0.659054
vn 0.080813 0.747742 0.659054
vn 0.080813 0.747742 0.659054
vn -0.080799 -0.747749 -0.659047
vn -0.080799 -0.747749 -0.659047
vn -0.080799 -0.747749 -0.659047
vn 0.996730 -0.060616 -0.053427
vn 0.996730 -0.060616 -0.053427
vn 0.996730 -0.060616 -0.053427
vn 0.000000 0.661224 -0.750188
vn 0.000000 0.661224 -0.750188
vn 0.000000 0.661224 -0.750188
vn -0.000018 -0.661213 0.750198
vn -0.000018 -0.661213 0.750198
vn -0.000018 -0.661213 0.750198
vn 0.000006 -0.661218 0.750194
vn 0.000006 -0.661218 0.750194
vn 0.000006 -0.661218 0.750194
vn 0.000000 0.661218 -0.750194
vn 0.000000 0.661218 -0.750194
vn 0.000000 0.661218 -0.750194
vn 0.080796 0.747742 0.659055
vn 0.080796 0.747742 0.659055
vn 0.080796 0.747742 0.659055
vn -0.080796 -0.747744 -0.659053
vn -0.080796 -0.747744 -0.659053
vn -0.080796 -0.747744 -0.659053
vn 0.996730 -0.060615 -0.053426
vn 0.996730 -0.060615 -0.053426
vn 0.996730 -0.060615 -0.053426
vn 0.008453 0.746764 0.665035
vn -0.100241 0.102917 0.989626
vn 0.057184 0.062260 0.996421
vn -0.103500 0.039343 0.993851
vn -0.071547 -0.649652 0.756858
vn 0.057179 0.062229 0.996423
vn 0.000092 -0.660546 0.750786
vn 0.000092 -0.660546 0.750786
vn 0.000092 -0.660546 0.750786
vn 0.985754 0.067261 -0.154157
vn 0.117596 0.882900 0.454598
vn 0.992790 0.070520 -0.096930
vn -0.027440 -0.884369 -0.465982
vn 0.985754 0.067261 -0.154157
vn 0.992790 0.070520 -0.096930
vn -0.981661 0.075839 0.174900
vn -0.032844 -0.942373 -0.332948
vn -0.027440 -0.884369 -0.465982
vn 0.068110 0.943012 0.325714
vn -0.981661 0.075839 0.174900
vn 0.117596 0.882900 0.454598
vn 0.969614 0.124123 -0.210813
vn 0.068110 0.943012 0.325714
vn 0.985754 0.067261 -0.154157
vn 0.018676 -0.998046 0.059627
vn 0.985754 0.067261 -0.154157
vn -0.032844 -0.942373 -0.332948
vn -0.978761 0.056795 0.196981
vn 0.018676 -0.998046 0.059627
vn -0.032844 -0.942373 -0.332948
vn 0.068110 0.943012 0.325714
vn -0.975531 0.101039 0.195271
vn -0.978761 0.056795 0.196981
vn 0.958217 0.128192 -0.255709
vn -0.027105 0.997802 -0.060471
vn 0.969614 0.124123 -0.210813
vn 0.112160 -0.815180 0.568245
vn 0.969614 0.124123 -0.210813
vn 0.018676 -0.998046 0.059627
vn -0.975531 0.101039 0.195271
vn 0.112160 -0.815180 0.568245
vn 0.018676 -0.998046 0.059627
vn -0.027105 0.997802 -0.060471
vn -0.990391 0.088031 0.106657
vn -0.975531 0.101039 0.195271
vn 0.958217 0.128192 -0.255709
vn -0.154466 0.593156 -0.790131
vn -0.126270 0.815303 -0.565099
vn 0.112160 -0.815180 0.568245
vn 0.983345 0.033280 -0.178677
vn 0.958217 0.128192 -0.255709
vn -0.985669 -0.022660 0.167164
vn 0.112160 -0.815180 0.568245
vn -0.990391 0.088031 0.106657
vn -0.154466 0.593156 -0.790131
vn -0.990391 0.088031 0.106657
vn -0.126270 0.815303 -0.565099
vn 0.983345 0.033280 -0.178677
vn -0.156915 0.592961 -0.789794
vn -0.154466 0.593156 -0.790131
vn 0.157092 -0.591589 0.790788
vn 0.985774 0.022920 -0.166507
vn 0.983345 0.033280 -0.178677
vn -0.983203 -0.033105 0.179490
vn 0.157092 -0.591589 0.790788
vn -0.985669 -0.022660 0.167164
vn -0.156915 0.592961 -0.789794
vn -0.985669 -0.022660 0.167164
vn -0.154466 0.593156 -0.790131
vn 0.971023 0.042037 -0.235259
vn -0.156915 0.592961 -0.789794
vn 0.985774 0.022920 -0.166507
vn 0.175231 -0.493167 0.852104
vn 0.985774 0.022920 -0.166507
vn 0.154411 -0.593347 0.789998
vn -0.983203 -0.033105 0.179490
vn 0.175231 -0.493167 0.852104
vn 0.154411 -0.593347 0.789998
vn -0.156915 0.592961 -0.789794
vn -0.991577 0.017391 0.128348
vn -0.983203 -0.033105 0.179490
vn 0.950943 -0.031085 -0.307802
vn -0.156857 0.491227 -0.856792
vn 0.971023 0.042037 -0.235259
vn 0.214923 -0.117962 0.969481
vn 0.971023 0.042037 -0.235259
vn 0.175231 -0.493167 0.852104
vn -0.991577 0.017391 0.128348
vn 0.214923 -0.117962 0.969481
vn 0.175231 -0.493167 0.852104
vn -0.156857 0.491227 -0.856792
vn -0.994779 0.056476 0.085005
vn -0.991577 0.017391 0.128348
vn 0.950943 -0.031085 -0.307802
vn -0.206768 -0.354925 -0.911743
vn -0.180160 0.115212 -0.976867
vn 0.214923 -0.117962 0.969481
vn 0.949046 -0.148239 -0.278097
vn 0.950943 -0.031085 -0.307802
vn -0.992108 0.078169 0.098043
vn 0.214923 -0.117962 0.969481
vn -0.994779 0.056476 0.085005
vn -0.206768 -0.354925 -0.911743
vn -0.994779 0.056476 0.085005
vn -0.180160 0.115212 -0.976867
vn 0.938371 -0.211516 -0.273351
vn -0.206768 -0.354925 -0.911743
vn 0.949046 -0.148239 -0.278097
vn 0.241077 0.546689 0.801881
vn 0.949046 -0.148239 -0.278097
vn 0.236567 0.351302 0.905882
vn -0.992108 0.078169 0.098043
vn 0.241077 0.546689 0.801881
vn 0.236567 0.351302 0.905882
vn -0.206768 -0.354925 -0.911743
vn -0.994036 0.076552 0.077668
vn -0.992108 0.078169 0.098043
vn 0.996447 -0.063107 -0.055774
vn 0.080700 0.719636 0.689646
vn 0.992082 -0.093049 -0.084352
vn -0.080708 -0.714303 -0.695167
vn 0.992082 -0.093049 -0.084352
vn -0.080709 -0.719805 -0.689468
vn -0.999357 0.028017 0.022362
vn -0.080708 -0.714303 -0.695167
vn -0.080709 -0.719805 -0.689468
vn 0.080700 0.719636 0.689646
vn -0.997004 0.058105 0.051058
vn -0.999357 0.028017 0.022362
vn 0.996994 -0.058161 -0.051192
vn 0.080667 0.714222 0.695255
vn 0.996447 -0.063107 -0.055774
vn -0.080718 -0.714153 -0.695320
vn 0.996447 -0.063107 -0.055774
vn -0.080708 -0.714303 -0.695167
vn -0.997004 0.058105 0.051058
vn -0.080718 -0.714153 -0.695320
vn -0.080708 -0.714303 -0.695167
vn 0.080667 0.714222 0.695255
vn -0.996448 0.063135 0.055730
vn -0.997004 0.058105 0.051058
vn 0.999271 -0.036176 0.012190
vn 0.080674 0.714320 0.695153
vn 0.996994 -0.058161 -0.051192
vn -0.102303 -0.802905 -0.587262
vn 0.996994 -0.058161 -0.051192
vn -0.080718 -0.714153 -0.695320
vn -0.996448 0.063135 0.055730
vn -0.102303 -0.802905 -0.587262
vn -0.080718 -0.714153 -0.695320
vn 0.080674 0.714320 0.695153
vn -0.989532 0.132321 0.057592
vn -0.996448 0.063135 0.055730
vn 0.997338 -0.049162 0.053857
vn 0.067228 0.806210 0.587798
vn 0.999271 -0.036176 0.012190
vn -0.108919 -0.935187 -0.336991
vn 0.999271 -0.036176 0.012190
vn -0.102303 -0.802905 -0.587262
vn -0.989532 0.132321 0.057592
vn -0.108919 -0.935187 -0.336991
vn -0.102303 -0.802905 -0.587262
vn 0.067228 0.806210 0.587798
vn -0.984205 0.176832 -0.008414
vn -0.989532 0.132321 0.057592
vn 0.997338 -0.049162 0.053857
vn 0.122944 0.992315 0.013998
vn 0.088023 0.937745 0.335986
vn -0.103351 -0.994547 -0.013937
vn 0.997338 -0.049162 0.053857
vn -0.108919 -0.935187 -0.336991
vn -0.980362 0.194632 -0.031769
vn -0.108919 -0.935187 -0.336991
vn -0.984205 0.176832 -0.008414
vn 0.088023 0.937745 0.335986
vn -0.980362 0.194632 -0.031769
vn -0.984205 0.176832 -0.008414
vn 0.998783 -0.036218 0.033473
vn 0.129868 0.925354 -0.356167
vn 0.122944 0.992315 0.013998
vn -0.063377 -0.933748 0.352275
vn 0.998783 -0.036218 0.033473
vn -0.103351 -0.994547 -0.013937
vn -0.975695 0.217449 0.027114
vn -0.103351 -0.994547 -0.013937
vn -0.980362 0.194632 -0.031769
vn 0.122944 0.992315 0.013998
vn -0.975695 0.217449 0.027114
vn -0.980362 0.194632 -0.031769
vn 0.994598 -0.051595 -0.090075
vn 0.063772 0.775089 -0.628625
vn 0.129868 0.925354 -0.356167
vn -0.063377 -0.933748 0.352275
vn 0.970360 -0.146499 -0.192199
vn 0.994598 -0.051595 -0.090075
vn -0.965166 0.228702 0.127083
vn -0.063377 -0.933748 0.352275
vn -0.975695 0.217449 0.027114
vn 0.063772 0.775089 -0.628625
vn -0.975695 0.217449 0.027114
vn 0.129868 0.925354 -0.356167
vn 0.967046 -0.179100 -0.180959
vn 0.063772 0.775089 -0.628625
vn 0.970360 -0.146499 -0.192199
vn -0.025448 -0.781745 0.623079
vn 0.967046 -0.179100 -0.180959
vn 0.970360 -0.146499 -0.192199
vn -0.965166 0.228702 0.127083
vn -0.022147 -0.670869 0.741245
vn -0.025448 -0.781745 0.623079
vn -0.007929 0.677010 -0.735931
vn -0.965166 0.228702 0.127083
vn 0.063772 0.775089 -0.628625
vn 0.988308 -0.105307 -0.110263
vn -0.007929 0.677010 -0.735931
vn 0.967046 -0.179100 -0.180959
vn -0.022147 -0.670869 0.741245
vn 0.988308 -0.105307 -0.110263
vn 0.967046 -0.179100 -0.180959
vn -0.966777 0.204629 0.153199
vn -0.024490 -0.617960 0.785828
vn -0.022147 -0.670869 0.741245
vn -0.038330 0.625237 -0.779493
vn -0.966777 0.204629 0.153199
vn -0.007929 0.677010 -0.735931
vn 0.988308 -0.105307 -0.110263
vn -0.013049 0.583828 -0.811772
vn -0.038330 0.625237 -0.779493
vn 0.013218 -0.583772 0.811810
vn 0.988308 -0.105307 -0.110263
vn -0.024490 -0.617960 0.785828
vn -0.996754 0.062898 0.050263
vn -0.024490 -0.617960 0.785828
vn -0.988512 0.121217 0.090283
vn -0.038330 0.625237 -0.779493
vn -0.996754 0.062898 0.050263
vn -0.988512 0.121217 0.090283
vn 0.996234 -0.049624 -0.071096
vn -0.013049 0.583828 -0.811772
vn 0.996526 -0.052347 -0.064774
vn 0.017581 -0.538787 0.842258
vn 0.996526 -0.052347 -0.064774
vn 0.013218 -0.583772 0.811810
vn -0.996754 0.062898 0.050263
vn 0.017581 -0.538787 0.842258
vn 0.013218 -0.583772 0.811810
vn -0.013049 0.583828 -0.811772
vn -0.996827 0.066074 0.044379
vn -0.996754 0.062898 0.050263
vn 0.991375 -0.032375 -0.126996
vn -0.017512 0.538243 -0.842607
vn 0.996234 -0.049624 -0.071096
vn 0.033614 -0.360394 0.932195
vn 0.996234 -0.049624 -0.071096
vn 0.017581 -0.538787 0.842258
vn -0.996827 0.066074 0.044379
vn 0.033614 -0.360394 0.932195
vn 0.017581 -0.538787 0.842258
vn -0.017512 0.538243 -0.842607
vn -0.996331 0.084877 -0.010987
vn -0.996827 0.066074 0.044379
vn 0.988577 -0.058776 -0.138783
vn -0.032904 0.359617 -0.932520
vn 0.991375 -0.032375 -0.126996
vn 0.057665 -0.023918 0.998049
vn 0.991375 -0.032375 -0.126996
vn 0.033614 -0.360394 0.932195
vn -0.996331 0.084877 -0.010987
vn 0.057665 -0.023918 0.998049
vn 0.033614 -0.360394 0.932195
vn -0.032904 0.359617 -0.932520
vn -0.997839 0.061829 -0.022219
vn -0.996331 0.084877 -0.010987
vn 0.982069 -0.104492 -0.156917
vn -0.056834 0.022907 -0.998121
vn 0.988577 -0.058776 -0.138783
vn 0.078650 0.389412 0.917700
vn 0.988577 -0.058776 -0.138783
vn 0.057665 -0.023918 0.998049
vn -0.997839 0.061829 -0.022219
vn 0.078650 0.389412 0.917700
vn 0.057665 -0.023918 0.998049
vn -0.056834 0.022907 -0.998121
vn -0.998938 0.019905 -0.041548
vn -0.997839 0.061829 -0.022219
vn 0.982069 -0.104492 -0.156917
vn -0.083785 -0.599429 -0.796030
vn -0.077529 -0.389759 -0.917648
vn 0.078650 0.389412 0.917700
vn 0.984630 -0.117354 -0.129348
vn 0.982069 -0.104492 -0.156917
vn -0.999846 0.009551 -0.014737
vn 0.078650 0.389412 0.917700
vn -0.998938 0.019905 -0.041548
vn -0.083785 -0.599429 -0.796030
vn -0.998938 0.019905 -0.041548
vn -0.077529 -0.389759 -0.917648
vn 0.991444 -0.052436 -0.119535
vn -0.083929 -0.772919 -0.628929
vn -0.103275 -0.761983 -0.639310
vn 0.053978 0.765946 0.640635
vn 0.993908 -0.018698 -0.108613
vn 0.991444 -0.052436 -0.119535
vn -0.994979 0.009856 0.099600
vn 0.053978 0.765946 0.640635
vn -0.997713 -0.005574 0.067362
vn -0.083929 -0.772919 -0.628929
vn -0.997713 -0.005574 0.067362
vn -0.103275 -0.761983 -0.639310
vn 0.993908 -0.018698 -0.108613
vn -0.078171 -0.775593 -0.626374
vn -0.083929 -0.772919 -0.628929
vn 0.071112 0.774537 0.628519
vn 0.993483 -0.000057 -0.113979
vn 0.993908 -0.018698 -0.108613
vn -0.992710 0.007834 0.120271
vn 0.071112 0.774537 0.628519
vn -0.994979 0.009856 0.099600
vn -0.078171 -0.775593 -0.626374
vn -0.994979 0.009856 0.099600
vn -0.083929 -0.772919 -0.628929
vn 0.993483 -0.000057 -0.113979
vn -0.079551 -0.750525 -0.656037
vn -0.078171 -0.775593 -0.626374
vn 0.075871 0.775571 0.626684
vn 0.993975 0.005777 -0.109452
vn 0.993483 -0.000057 -0.113979
vn -0.991957 0.012806 0.125930
vn 0.075871 0.775571 0.626684
vn -0.992710 0.007834 0.120271
vn -0.079551 -0.750525 -0.656037
vn -0.992710 0.007834 0.120271
vn -0.078171 -0.775593 -0.626374
vn 0.993975 0.005777 -0.109452
vn -0.083795 -0.694748 -0.714355
vn -0.079551 -0.750525 -0.656037
vn 0.081243 0.750314 0.656070
vn 0.995522 0.007084 -0.094261
vn 0.993975 0.005777 -0.109452
vn -0.991295 0.025670 0.129132
vn 0.081243 0.750314 0.656070
vn -0.991957 0.012806 0.125930
vn -0.083795 -0.694748 -0.714355
vn -0.991957 0.012806 0.125930
vn -0.079551 -0.750525 -0.656037
vn 0.995522 0.007084 -0.094261
vn -0.087801 -0.566337 -0.819484
vn -0.083795 -0.694748 -0.714355
vn 0.089661 0.693611 0.714748
vn 0.998447 0.000855 -0.055708
vn 0.995522 0.007084 -0.094261
vn -0.988603 0.054486 0.140338
vn 0.089661 0.693611 0.714748
vn -0.991295 0.025670 0.129132
vn -0.087801 -0.566337 -0.819484
vn -0.991295 0.025670 0.129132
vn -0.083795 -0.694748 -0.714355
vn 0.998447 0.000855 -0.055708
vn -0.090511 -0.290521 -0.952578
vn -0.087801 -0.566337 -0.819484
vn 0.102226 0.561767 0.820955
vn 0.999610 -0.027243 -0.006189
vn 0.998447 0.000855 -0.055708
vn -0.983179 0.075668 0.166233
vn 0.102226 0.561767 0.820955
vn -0.988603 0.054486 0.140338
vn -0.090511 -0.290521 -0.952578
vn -0.988603 0.054486 0.140338
vn -0.087801 -0.566337 -0.819484
vn 0.997825 -0.060311 -0.026604
vn -0.090511 -0.290521 -0.952578
vn 0.999610 -0.027243 -0.006189
vn 0.081624 -0.023140 0.996395
vn 0.999610 -0.027243 -0.006189
vn 0.101747 0.289397 0.951786
vn -0.983179 0.075668 0.166233
vn 0.081624 -0.023140 0.996395
vn 0.101747 0.289397 0.951786
vn -0.090511 -0.290521 -0.952578
vn -0.988149 0.059551 0.141475
vn -0.983179 0.075668 0.166233
vn 0.996909 -0.061000 -0.049519
vn -0.085252 0.028043 -0.995965
vn 0.997825 -0.060311 -0.026604
vn 0.068217 -0.230100 0.970773
vn 0.997825 -0.060311 -0.026604
vn 0.081624 -0.023140 0.996395
vn -0.988149 0.059551 0.141475
vn 0.068217 -0.230100 0.970773
vn 0.081624 -0.023140 0.996395
vn -0.085252 0.028043 -0.995965
vn -0.991995 0.045859 0.117657
vn -0.988149 0.059551 0.141475
vn 0.996262 -0.055842 -0.065915
vn -0.070261 0.232373 -0.970086
vn 0.996909 -0.061000 -0.049519
vn 0.060028 -0.343654 0.937176
vn 0.996909 -0.061000 -0.049519
vn 0.068217 -0.230100 0.970773
vn -0.991995 0.045859 0.117657
vn 0.060028 -0.343654 0.937176
vn 0.068217 -0.230100 0.970773
vn -0.070261 0.232373 -0.970086
vn -0.994080 0.044013 0.099334
vn -0.991995 0.045859 0.117657
vn 0.995629 -0.049858 -0.078969
vn -0.061078 0.344493 -0.936800
vn 0.996262 -0.055842 -0.065915
vn 0.056850 -0.387967 0.919919
vn 0.996262 -0.055842 -0.065915
vn 0.060028 -0.343654 0.937176
vn -0.994080 0.044013 0.099334
vn 0.056850 -0.387967 0.919919
vn 0.060028 -0.343654 0.937176
vn -0.061078 0.344493 -0.936800
vn -0.995237 0.047258 0.085262
vn -0.994080 0.044013 0.099334
vn 0.994551 -0.044476 -0.094287
vn -0.057055 0.388065 -0.919864
vn 0.995629 -0.049858 -0.078969
vn 0.058992 -0.368490 0.927758
vn 0.995629 -0.049858 -0.078969
vn 0.056850 -0.387967 0.919919
vn -0.995237 0.047258 0.085262
vn 0.058992 -0.368490 0.927758
vn 0.056850 -0.387967 0.919919
vn -0.057055 0.388065 -0.919864
vn -0.996060 0.053923 0.070404
vn -0.995237 0.047258 0.085262
vn 0.994551 -0.044476 -0.094287
vn -0.053322 0.344956 -0.937103
vn -0.058163 0.368451 -0.927826
vn 0.058992 -0.368490 0.927758
vn 0.994067 -0.065714 -0.086678
vn 0.994551 -0.044476 -0.094287
vn -0.993845 0.064468 0.090087
vn 0.058992 -0.368490 0.927758
vn -0.996060 0.053923 0.070404
vn -0.053322 0.344956 -0.937103
vn -0.996060 0.053923 0.070404
vn -0.058163 0.368451 -0.927826
vn 0.994067 -0.065714 -0.086678
vn -0.053004 0.368230 -0.928223
vn -0.053322 0.344956 -0.937103
vn 0.067908 -0.345835 0.935835
vn 0.991583 -0.093839 -0.089208
vn 0.994067 -0.065714 -0.086678
vn -0.990488 0.086907 0.106685
vn 0.067908 -0.345835 0.935835
vn -0.993845 0.064468 0.090087
vn -0.053004 0.368230 -0.928223
vn -0.993845 0.064468 0.090087
vn -0.053322 0.344956 -0.937103
vn 0.989043 -0.106214 -0.102534
vn -0.053004 0.368230 -0.928223
vn 0.991583 -0.093839 -0.089208
vn 0.057293 -0.391477 0.918403
vn 0.991583 -0.093839 -0.089208
vn 0.062815 -0.369131 0.927252
vn -0.990488 0.086907 0.106685
vn 0.057293 -0.391477 0.918403
vn 0.062815 -0.369131 0.927252
vn -0.053004 0.368230 -0.928223
vn -0.988865 0.104983 0.105478
vn -0.990488 0.086907 0.106685
vn 0.987404 -0.114325 -0.109376
vn -0.052377 0.390978 -0.918909
vn 0.989043 -0.106214 -0.102534
vn 0.056936 -0.391429 0.918445
vn 0.989043 -0.106214 -0.102534
vn 0.057293 -0.391477 0.918403
vn -0.988865 0.104983 0.105478
vn 0.056936 -0.391429 0.918445
vn 0.057293 -0.391477 0.918403
vn -0.052377 0.390978 -0.918909
vn -0.987582 0.115587 0.106402
vn -0.988865 0.104983 0.105478
vn 0.985630 -0.122670 -0.116125
vn -0.052746 0.390938 -0.918904
vn 0.987404 -0.114325 -0.109376
vn 0.059518 -0.378577 0.923654
vn 0.987404 -0.114325 -0.109376
vn 0.056936 -0.391429 0.918445
vn -0.987582 0.115587 0.106402
vn 0.059518 -0.378577 0.923654
vn 0.056936 -0.391429 0.918445
vn -0.052746 0.390938 -0.918904
vn -0.986173 0.126232 0.107366
vn -0.987582 0.115587 0.106402
vn 0.982818 -0.134479 -0.126427
vn -0.054497 0.377918 -0.924234
vn 0.985630 -0.122670 -0.116125
vn 0.066526 -0.348083 0.935101
vn 0.985630 -0.122670 -0.116125
vn 0.059518 -0.378577 0.923654
vn -0.986173 0.126232 0.107366
vn 0.066526 -0.348083 0.935101
vn 0.059518 -0.378577 0.923654
vn -0.054497 0.377918 -0.924234
vn -0.984098 0.141593 0.107250
vn -0.986173 0.126232 0.107366
vn 0.982818 -0.134479 -0.126427
vn -0.057799 0.328984 -0.942565
vn -0.058507 0.346957 -0.936055
vn 0.066526 -0.348083 0.935101
vn 0.978678 -0.163863 -0.123847
vn 0.982818 -0.134479 -0.126427
vn -0.978426 0.162550 0.127515
vn 0.066526 -0.348083 0.935101
vn -0.984098 0.141593 0.107250
vn -0.057799 0.328984 -0.942565
vn -0.984098 0.141593 0.107250
vn -0.058507 0.346957 -0.936055
vn 0.978678 -0.163863 -0.123847
vn -0.052149 0.361484 -0.930919
vn -0.057799 0.328984 -0.942565
vn 0.073781 -0.331681 0.940502
vn 0.972492 -0.197585 -0.123370
vn 0.978678 -0.163863 -0.123847
vn -0.970873 0.187554 0.149096
vn 0.073781 -0.331681 0.940502
vn -0.978426 0.162550 0.127515
vn -0.052149 0.361484 -0.930919
vn -0.978426 0.162550 0.127515
vn -0.057799 0.328984 -0.942565
vn 0.966856 -0.214759 -0.138088
vn -0.052149 0.361484 -0.930919
vn 0.972492 -0.197585 -0.123370
vn 0.050933 -0.404019 0.913332
vn 0.972492 -0.197585 -0.123370
vn 0.064304 -0.363900 0.929216
vn -0.970873 0.187554 0.149096
vn 0.050933 -0.404019 0.913332
vn 0.064304 -0.363900 0.929216
vn -0.052149 0.361484 -0.930919
vn -0.966233 0.209628 0.149834
vn -0.970873 0.187554 0.149096
vn 0.963527 -0.223316 -0.147464
vn -0.044088 0.402574 -0.914325
vn 0.966856 -0.214759 -0.138088
vn 0.044961 -0.418753 0.906987
vn 0.966856 -0.214759 -0.138088
vn 0.050933 -0.404019 0.913332
vn -0.966233 0.209628 0.149834
vn 0.044961 -0.418753 0.906987
vn 0.050933 -0.404019 0.913332
vn -0.044088 0.402574 -0.914325
vn -0.963420 0.222297 0.149688
vn -0.966233 0.209628 0.149834
vn 0.961876 -0.225665 -0.154500
vn -0.041363 0.417926 -0.907539
vn 0.963527 -0.223316 -0.147464
vn 0.045436 -0.412492 0.909827
vn 0.963527 -0.223316 -0.147464
vn 0.044961 -0.418753 0.906987
vn -0.963420 0.222297 0.149688
vn 0.045436 -0.412492 0.909827
vn 0.044961 -0.418753 0.906987
vn -0.041363 0.417926 -0.907539
vn -0.962271 0.229160 0.146699
vn -0.963420 0.222297 0.149688
vn 0.961752 -0.220564 -0.162434
vn -0.044514 0.412222 -0.909995
vn 0.961876 -0.225665 -0.154500
vn 0.054187 -0.376816 0.924702
vn 0.961876 -0.225665 -0.154500
vn 0.045436 -0.412492 0.909827
vn -0.962271 0.229160 0.146699
vn 0.054187 -0.376816 0.924702
vn 0.045436 -0.412492 0.909827
vn -0.044514 0.412222 -0.909995
vn -0.963306 0.230628 0.137300
vn -0.962271 0.229160 0.146699
vn 0.961311 -0.213393 -0.174196
vn -0.056922 0.377194 -0.924383
vn 0.961752 -0.220564 -0.162434
vn 0.059887 -0.348875 0.935254
vn 0.961752 -0.220564 -0.162434
vn 0.054187 -0.376816 0.924702
vn -0.963306 0.230628 0.137300
vn 0.059887 -0.348875 0.935254
vn 0.054187 -0.376816 0.924702
vn -0.056922 0.377194 -0.924383
vn -0.964846 0.232189 0.123127
vn -0.963306 0.230628 0.137300
vn 0.988945 -0.056747 -0.136999
vn 0.992379 -0.047155 -0.113841
vn 0.988906 -0.056845 -0.137236
vn -0.020524 -0.944324 0.328376
vn -0.000000 -0.960047 0.279838
vn 0.000000 -0.945587 0.325370
vn 0.016891 0.894788 -0.446172
vn 0.000001 0.866597 -0.499008
vn 0.000002 0.864198 -0.503152
vn 0.034088 0.925945 -0.376117
vn 0.000001 0.897248 -0.441527
vn 0.016891 0.894788 -0.446172
vn -0.034086 -0.925945 0.376117
vn 0.000000 -0.945587 0.325370
vn -0.000000 -0.926097 0.377286
vn 0.969834 -0.093286 -0.225212
vn 0.988906 -0.056845 -0.137236
vn 0.970134 -0.092828 -0.224107
vn 0.989953 -0.130635 -0.054110
vn 0.992727 -0.111222 -0.046070
vn 0.992727 -0.111222 -0.046070
vn -0.000000 -0.443835 0.896109
vn -0.000001 -0.493171 0.869933
vn -0.000000 -0.438757 0.898606
vn 0.000000 0.328012 -0.944674
vn 0.000000 0.281692 -0.959505
vn 0.000000 0.281692 -0.959505
vn 0.000000 0.382684 -0.923879
vn 0.000000 0.332665 -0.943045
vn 0.000000 0.328012 -0.944674
vn 0.000000 -0.382684 0.923880
vn -0.000000 -0.438757 0.898606
vn -0.000001 -0.382684 0.923880
vn 0.965107 -0.241925 -0.100208
vn 0.989938 -0.130729 -0.054149
vn 0.989953 -0.130635 -0.054110
vn 0.950800 -0.118558 -0.286224
vn 0.969834 -0.093286 -0.225212
vn 0.970134 -0.092828 -0.224107
vn -0.014730 -0.926405 0.376241
vn -0.000000 -0.926097 0.377286
vn 0.000000 -0.923880 0.382682
vn 0.014730 0.926404 -0.376242
vn 0.000000 0.926097 -0.377286
vn 0.034088 0.925945 -0.376117
vn 0.934061 -0.329929 -0.136661
vn 0.965107 -0.241925 -0.100208
vn 0.965107 -0.241925 -0.100208
vn -0.000002 -0.382684 0.923879
vn -0.000001 -0.382684 0.923880
vn -0.000002 -0.382684 0.923879
vn 0.000000 0.382682 -0.923880
vn 0.000000 0.382683 -0.923880
vn 0.000000 0.382684 -0.923879
vn 0.766719 0.259080 -0.587383
vn 0.999626 0.027261 -0.002140
vn 0.959939 -0.210656 -0.184774
vn 0.495202 0.374172 -0.784073
vn 0.789093 0.465375 -0.400947
vn 0.769643 0.176158 -0.613692
vn 0.789350 -0.335520 0.514153
vn 0.495580 -0.727609 0.474327
vn 0.769956 -0.584765 0.255379
vn 0.999640 0.001766 0.026781
vn 0.767044 -0.547737 0.334107
vn 0.959939 -0.210650 -0.184780
vn 0.965618 -0.207625 -0.156444
vn 0.547275 -0.827283 0.126859
vn 0.634315 -0.581526 -0.509384
vn 0.641203 -0.608217 -0.467901
vn 0.197772 -0.880997 -0.429803
vn 0.172282 -0.741101 -0.648914
vn 0.763617 -0.571885 0.299730
vn 0.173087 -0.980055 0.097636
vn 0.489521 -0.847164 -0.206597
vn 0.458692 -0.876648 -0.145221
vn -0.053366 -0.897177 -0.438436
vn 0.117180 -0.833875 -0.539372
vn 0.720676 -0.050644 -0.691420
vn 0.381252 -0.183183 -0.906141
vn 0.510925 0.365862 -0.777882
vn 0.510342 -0.447492 -0.734372
vn 0.062554 -0.647030 -0.759895
vn 0.322580 -0.161024 -0.932745
vn 0.887544 -0.389547 -0.246006
vn 0.491093 -0.365530 -0.790706
vn 0.769636 0.176177 -0.613695
vn 0.562724 -0.714088 -0.416437
vn 0.113741 -0.660779 -0.741912
vn 0.489300 -0.316547 -0.812640
vn 0.073284 -0.665112 -0.743139
vn 0.172216 -0.741109 -0.648922
vn 0.073349 -0.824473 -0.561128
vn 0.000000 0.000000 -1.000000
vn 0.000000 0.000000 -1.000000
vn 0.000000 0.000000 -1.000000
vn 0.020695 -0.020695 0.999572
vn 0.000000 -0.029267 0.999572
vn 0.020695 -0.020695 0.999572
vn 0.029267 0.000000 -0.999572
vn 0.020695 -0.020695 -0.999572
vn 0.020695 -0.020695 -0.999572
vn -0.020695 -0.020695 0.999572
vn 0.000000 -0.029267 0.999572
vn 0.000000 -0.029268 0.999572
vn 0.020696 0.020695 -0.999572
vn 0.029267 0.000000 -0.999572
vn 0.029267 0.000000 -0.999572
vn -0.029268 0.000000 0.999572
vn -0.020695 -0.020695 0.999572
vn -0.020695 -0.020695 0.999572
vn 0.000000 0.029268 -0.999572
vn 0.020695 0.020695 -0.999572
vn 0.020696 0.020695 -0.999572
vn -0.020695 0.020695 0.999572
vn -0.029268 0.000000 0.999572
vn -0.029268 0.000000 0.999572
vn 0.000000 0.029268 -0.999572
vn -0.020695 0.020695 -0.999572
vn 0.000000 0.029268 -0.999572
vn 0.000000 1.000000 0.000000
vn 0.707109 0.707104 0.000000
vn 0.000000 1.000000 0.000000
vn 0.707109 0.707104 0.000000
vn 1.000000 0.000001 0.000000
vn 0.707109 0.707104 0.000000
vn 1.000000 0.000001 0.000000
vn 0.707105 -0.707109 0.000000
vn 1.000000 0.000001 0.000000
vn 0.707105 -0.707109 0.000000
vn 0.000000 -1.000000 0.000000
vn 0.707105 -0.707109 0.000000
vn 0.000000 -1.000000 0.000000
vn -0.707105 -0.707109 0.000000
vn 0.000000 -1.000000 0.000000
vn -0.707105 -0.707109 0.000000
vn -1.000000 0.000001 0.000000
vn -0.707105 -0.707109 0.000000
vn -1.000000 0.000001 0.000000
vn -0.707109 0.707104 0.000000
vn -1.000000 0.000001 0.000000
vn -0.707109 0.707104 0.000000
vn 0.000000 1.000000 0.000000
vn 0.000000 1.000000 0.000000
vn -0.707106 0.707107 0.000000
vn -0.000000 1.000000 0.000000
vn -0.000000 1.000000 0.000000
vn -1.000000 -0.000000 0.000000
vn -0.707106 0.707107 0.000000
vn -1.000000 -0.000000 0.000000
vn -0.707106 -0.707108 0.000000
vn -1.000000 -0.000000 0.000000
vn -0.707106 -0.707108 0.000000
vn -0.000000 -1.000000 0.000000
vn -0.707106 -0.707108 0.000000
vn -0.000000 -1.000000 0.000000
vn 0.707106 -0.707108 0.000000
vn -0.000000 -1.000000 0.000000
vn 0.707106 -0.707108 0.000000
vn 1.000000 -0.000001 0.000000
vn 0.707106 -0.707108 0.000000
vn 1.000000 -0.000001 0.000000
vn 0.707106 0.707107 0.000000
vn 1.000000 -0.000001 0.000000
vn 0.707106 0.707107 0.000000
vn -0.000000 1.000000 0.000000
vn 0.707106 0.707107 0.000000
vn -0.000000 1.000000 0.000000
vn 0.020695 -0.020695 -0.999572
vn 0.000000 -0.029267 -0.999572
vn 0.000000 -0.029267 -0.999572
vn 0.029267 -0.000000 0.999572
vn 0.020695 -0.020695 0.999572
vn 0.029267 0.000000 0.999572
vn -0.020695 -0.020695 -0.999572
vn 0.000000 -0.029267 -0.999572
vn -0.020695 -0.020695 -0.999572
vn 0.020695 0.020695 0.999572
vn 0.029267 0.000000 0.999572
vn 0.020695 0.020695 0.999572
vn -0.029268 -0.000000 -0.999572
vn -0.020695 -0.020695 -0.999572
vn -0.029268 -0.000000 -0.999572
vn 0.000000 0.029268 0.999572
vn 0.020695 0.020695 0.999572
vn 0.000000 0.029268 0.999572
vn -0.020696 0.020695 -0.999572
vn -0.029268 -0.000000 -0.999572
vn -0.020695 0.020695 -0.999572
vn 0.000000 0.029268 0.999572
vn -0.020695 0.020695 0.999572
vn -0.020695 0.020695 0.999572
vn 0.037064 0.037063 -0.998625
vn 0.052417 0.000000 -0.998625
vn 0.052417 0.000000 -0.998625
vn -0.037064 -0.037063 0.998625
vn -0.052417 0.000000 0.998625
vn -0.037064 -0.037063 0.998625
vn 0.037064 0.037063 -0.998625
vn 0.000000 0.052416 -0.998625
vn 0.037064 0.037063 -0.998625
vn -0.037064 0.037065 0.998625
vn -0.052417 0.000000 0.998625
vn -0.052417 0.000000 0.998625
vn -0.037064 0.037063 -0.998625
vn 0.000000 0.052416 -0.998625
vn 0.000000 0.052416 -0.998625
vn -0.037064 0.037065 0.998625
vn 0.000000 0.052416 0.998625
vn -0.037064 0.037065 0.998625
vn -0.037064 0.037063 -0.998625
vn -0.052417 0.000000 -0.998625
vn -0.037064 0.037063 -0.998625
vn 0.037064 0.037065 0.998625
vn 0.000000 0.052416 0.998625
vn 0.000000 0.052416 0.998625
vn 0.000000 1.000000 0.000000
vn 0.707110 0.707104 0.000000
vn 0.000000 1.000000 0.000000
vn 0.707110 0.707104 0.000000
vn 1.000000 0.000001 0.000000
vn 0.707110 0.707104 0.000000
vn 1.000000 0.000002 0.000000
vn 0.707105 -0.707109 0.000000
vn 1.000000 0.000001 0.000000
vn 0.707105 -0.707109 0.000000
vn -0.000000 -1.000000 0.000000
vn 0.707105 -0.707109 0.000000
vn -0.000000 -1.000000 0.000000
vn -0.707105 -0.707108 0.000000
vn -0.000000 -1.000000 0.000000
vn -0.707105 -0.707109 0.000000
vn -1.000000 0.000001 0.000000
vn -0.707105 -0.707108 0.000000
vn -1.000000 0.000001 0.000000
vn -0.707110 0.707104 0.000000
vn -1.000000 0.000001 0.000000
vn -0.707110 0.707104 0.000000
vn 0.000000 1.000000 0.000000
vn -0.707110 0.707104 0.000000
vn -0.707109 0.707105 0.000000
vn -0.000001 1.000000 0.000000
vn -0.707109 0.707105 0.000000
vn -1.000000 0.000001 0.000000
vn -0.707109 0.707105 0.000000
vn -1.000000 0.000001 0.000000
vn -0.707105 -0.707109 0.000000
vn -1.000000 0.000001 0.000000
vn -0.707105 -0.707109 0.000000
vn 0.000001 -1.000000 0.000000
vn -0.707105 -0.707109 0.000000
vn 0.000001 -1.000000 0.000000
vn 0.707105 -0.707109 0.000000
vn 0.000001 -1.000000 0.000000
vn 0.707105 -0.707109 0.000000
vn 1.000000 -0.000000 0.000000
vn 0.707105 -0.707109 0.000000
vn 1.000000 -0.000000 0.000000
vn 0.707109 0.707105 0.000000
vn 1.000000 -0.000000 0.000000
vn 0.707109 0.707105 0.000000
vn -0.000001 1.000000 0.000000
vn 0.707109 0.707105 0.000000
vn -0.000001 1.000000 0.000000
vn 0.000000 -0.052415 0.998625
vn -0.037064 -0.037063 0.998625
vn 0.000000 -0.052415 0.998625
vn 0.037064 -0.037063 -0.998625
vn 0.052417 0.000000 -0.998625
vn 0.037064 -0.037063 -0.998625
vn 0.000000 -0.052415 0.998625
vn 0.037064 -0.037063 0.998625
vn 0.037064 -0.037063 0.998625
vn 0.000000 -0.052415 -0.998625
vn 0.037064 -0.037063 -0.998625
vn 0.000000 -0.052415 -0.998625
vn 0.037064 -0.037063 0.998625
vn 0.052417 0.000000 0.998625
vn 0.052417 0.000000 0.998625
vn 0.000000 -0.052415 -0.998625
vn -0.037064 -0.037063 -0.998625
vn -0.037064 -0.037063 -0.998625
vn 0.037064 0.037065 0.998625
vn 0.052417 0.000000 0.998625
vn 0.037064 0.037065 0.998625
vn -0.037064 -0.037063 -0.998625
vn -0.052417 0.000000 -0.998625
vn -0.052417 0.000000 -0.998625
vn -1.000000 0.000001 0.000000
vn -0.707105 -0.707109 0.000000
vn -0.707105 -0.707109 0.000000
vn -0.707105 -0.707109 0.000000
vn 0.000000 -1.000000 0.000000
vn 0.000000 -1.000000 0.000000
vn 0.000000 -1.000000 0.000000
vn 0.707105 -0.707109 0.000000
vn 0.707105 -0.707109 0.000000
vn 0.707105 -0.707109 0.000000
vn 1.000000 0.000001 0.000000
vn 1.000000 0.000001 0.000000
vn 1.000000 0.000001 0.000000
vn 0.707110 0.707104 0.000000
vn 0.707109 0.707104 0.000000
vn 0.707109 0.707104 0.000000
vn 0.000000 1.000000 0.000000
vn -0.000000 1.000000 0.000000
vn -0.000000 1.000000 0.000000
vn -0.707109 0.707104 0.000000
vn -0.707110 0.707104 0.000000
vn 0.000000 0.000000 1.000000
vn 0.000000 0.000000 1.000000
vn 0.000000 0.000000 1.000000
vn 0.000000 -1.000000 0.000000
vn 0.208901 -0.977937 0.000000
vn 0.000000 -1.000000 0.000000
vn 0.000000 0.000000 -1.000000
vn 0.000000 0.000000 -1.000000
vn 0.000000 -0.000000 -1.000000
vn 0.297506 -0.954720 0.000000
vn 0.208901 -0.977937 0.000000
vn 0.208901 -0.977937 0.000000
vn 0.296224 0.955118 0.000000
vn 0.406129 0.913816 0.000000
vn 0.406129 0.913816 0.000000
vn 0.277127 0.960833 0.000000
vn 0.296224 0.955118 0.000000
vn 0.296224 0.955118 0.000000
vn 0.000000 0.000000 1.000000
vn 0.000000 0.000000 1.000000
vn 0.000000 0.000000 1.000000
vn 0.277125 -0.960834 0.000000
vn 0.297505 -0.954720 0.000000
vn 0.297506 -0.954720 0.000000
vn 1.000000 0.000000 0.000000
vn 0.854632 -0.519235 0.000000
vn 0.854632 -0.519235 0.000000
vn 0.000000 0.000000 -1.000000
vn 0.000000 0.000000 -1.000000
vn 0.000000 0.000000 -1.000000
vn 1.000000 0.000000 0.000000
vn 0.854631 0.519236 -0.000000
vn 0.854631 0.519236 0.000000
vn 0.277125 -0.960834 0.000000
vn 0.559552 -0.828795 0.000000
vn 0.277125 -0.960834 0.000000
vn 0.277127 0.960833 0.000000
vn 0.559551 0.828796 -0.000000
vn 0.277127 0.960833 0.000000
vn 0.000000 0.000000 1.000000
vn 0.000000 0.000000 1.000000
vn 0.000000 0.000000 1.000000
vn 0.000000 -1.000000 0.000000
vn 0.097496 -0.995236 0.000000
vn 0.000000 -1.000000 0.000000
vn 0.000000 0.000000 -1.000000
vn 0.000000 0.000000 -1.000000
vn 0.000000 0.000000 -1.000000
vn 0.188151 -0.982140 0.000000
vn 0.097496 -0.995236 0.000000
vn 0.097496 -0.995236 0.000000
vn 0.187479 0.982269 0.000000
vn 0.192718 0.981254 0.000000
vn 0.192718 0.981254 0.000000
vn 0.277127 0.960833 0.000000
vn 0.187479 0.982269 0.000000
vn 0.187479 0.982269 0.000000
vn 0.277125 -0.960834 0.000000
vn 0.188151 -0.982140 0.000000
vn 0.188151 -0.982140 0.000000
vn 1.000000 0.000000 0.000000
vn 0.854632 -0.519235 0.000000
vn 0.854632 -0.519235 0.000000
vn 0.000000 0.000000 -1.000000
vn 0.000000 0.000000 -1.000000
vn 0.000000 0.000000 -1.000000
vn 1.000000 0.000000 0.000000
vn 0.854631 0.519236 -0.000000
vn 0.854631 0.519236 0.000000
vn 0.277125 -0.960834 0.000000
vn 0.559552 -0.828795 0.000000
vn 0.277126 -0.960834 0.000000
vn 0.277127 0.960833 0.000000
vn 0.559551 0.828796 -0.000000
vn 0.277127 0.960833 0.000000
vn 0.000000 0.000000 1.000000
vn 0.000000 0.000000 1.000000
vn 0.000000 0.000000 1.000000
vn 0.020695 -0.020695 -0.999572
vn 0.000000 -0.029268 -0.999572
vn 0.000000 -0.029268 -0.999572
vn 0.020695 -0.020696 0.999572
vn 0.029267 -0.000000 0.999572
vn 0.020695 -0.020695 0.999572
vn 0.000000 -0.029268 -0.999572
vn -0.020695 -0.020695 -0.999572
vn 0.000000 -0.029268 -0.999572
vn 0.029267 -0.000000 0.999572
vn 0.020696 0.020695 0.999572
vn 0.029267 -0.000000 0.999572
vn -0.020695 -0.020695 -0.999572
vn -0.029268 0.000000 -0.999572
vn -0.020695 -0.020695 -0.999572
vn 0.020695 0.020696 0.999572
vn 0.000000 0.029268 0.999572
vn 0.020696 0.020695 0.999572
vn -0.029268 0.000000 -0.999572
vn -0.020695 0.020695 -0.999572
vn -0.029268 0.000000 -0.999572
vn 0.000000 0.029268 0.999572
vn -0.020695 0.020696 0.999572
vn -0.020696 0.020695 0.999572
vn 0.707110 0.707104 0.000000
vn 0.000000 1.000000 0.000000
vn 0.000000 1.000000 0.000000
vn 1.000000 0.000001 0.000000
vn 0.707110 0.707104 0.000000
vn 0.707110 0.707104 0.000000
vn 0.707105 -0.707109 0.000000
vn 1.000000 0.000001 0.000000
vn 1.000000 0.000001 0.000000
vn 0.000000 -1.000000 0.000000
vn 0.707105 -0.707109 0.000000
vn 0.707105 -0.707109 0.000000
vn -0.707105 -0.707109 0.000000
vn 0.000000 -1.000000 0.000000
vn 0.000000 -1.000000 0.000000
vn -1.000000 0.000001 0.000000
vn -0.707105 -0.707109 0.000000
vn -0.707105 -0.707109 0.000000
vn -0.707109 0.707104 0.000000
vn -1.000000 0.000001 0.000000
vn -1.000000 0.000001 0.000000
vn -0.707109 0.707104 0.000000
vn 0.000000 1.000000 0.000000
vn -0.707110 0.707104 0.000000
vn -0.707106 0.707107 0.000000
vn -0.000000 1.000000 0.000000
vn -0.707106 0.707107 0.000000
vn -0.707106 0.707107 0.000000
vn -1.000000 -0.000000 0.000000
vn -1.000000 -0.000000 0.000000
vn -1.000000 -0.000000 0.000000
vn -0.707106 -0.707108 0.000000
vn -0.707106 -0.707108 0.000000
vn -0.707106 -0.707108 0.000000
vn 0.000000 -1.000000 0.000000
vn 0.000000 -1.000000 0.000000
vn 0.000000 -1.000000 0.000000
vn 0.707106 -0.707108 0.000000
vn 0.707106 -0.707108 0.000000
vn 0.707106 -0.707108 0.000000
vn 1.000000 -0.000001 0.000000
vn 1.000000 -0.000001 0.000000
vn 1.000000 -0.000001 0.000000
vn 0.707106 0.707107 0.000000
vn 0.707106 0.707107 0.000000
vn 0.707106 0.707107 0.000000
vn -0.000000 1.000000 0.000000
vn -0.000000 1.000000 0.000000
vn 0.000000 -0.029268 0.999572
vn 0.020695 -0.020695 0.999572
vn 0.000000 -0.029267 0.999572
vn 0.029267 -0.000000 -0.999572
vn 0.020695 -0.020695 -0.999572
vn 0.020695 -0.020695 -0.999572
vn -0.020695 -0.020696 0.999572
vn 0.000000 -0.029268 0.999572
vn 0.000000 -0.029267 0.999572
vn 0.020695 0.020695 -0.999572
vn 0.029267 0.000000 -0.999572
vn 0.029267 -0.000000 -0.999572
vn -0.029268 0.000000 0.999572
vn -0.020695 -0.020696 0.999572
vn -0.020695 -0.020696 0.999572
vn 0.000000 0.029268 -0.999572
vn 0.020695 0.020695 -0.999572
vn 0.020695 0.020695 -0.999572
vn -0.020696 0.020695 0.999572
vn -0.029268 0.000000 0.999572
vn -0.029268 0.000000 0.999572
vn -0.020695 0.020695 -0.999572
vn 0.000000 0.029268 -0.999572
vn -0.020695 0.020695 -0.999572
vn 0.052417 0.000000 0.998625
vn 0.037064 0.037063 0.998625
vn 0.052417 0.000000 0.998625
vn -0.037064 -0.037063 -0.998625
vn -0.052417 0.000000 -0.998625
vn -0.052417 0.000000 -0.998625
vn 0.037064 0.037063 0.998625
vn 0.000000 0.052416 0.998625
vn 0.000000 0.052416 0.998625
vn -0.052417 0.000000 -0.998625
vn -0.037064 0.037065 -0.998625
vn -0.052417 0.000000 -0.998625
vn 0.000000 0.052416 0.998625
vn -0.037064 0.037064 0.998625
vn 0.000000 0.052416 0.998625
vn -0.037064 0.037065 -0.998625
vn 0.000000 0.052416 -0.998625
vn 0.000000 0.052416 -0.998625
vn -0.037064 0.037064 0.998625
vn -0.052417 0.000000 0.998625
vn -0.052417 0.000000 0.998625
vn 0.000000 0.052416 -0.998625
vn 0.037064 0.037064 -0.998625
vn 0.000000 0.052416 -0.998625
vn 0.707110 0.707104 0.000000
vn 0.000000 1.000000 0.000000
vn 0.000000 1.000000 0.000000
vn 1.000000 0.000001 0.000000
vn 0.707110 0.707104 0.000000
vn 0.707110 0.707104 0.000000
vn 0.707105 -0.707109 0.000000
vn 1.000000 0.000002 0.000000
vn 1.000000 0.000001 0.000000
vn -0.000000 -1.000000 0.000000
vn 0.707105 -0.707109 0.000000
vn 0.707105 -0.707109 0.000000
vn -0.707105 -0.707108 0.000000
vn -0.000000 -1.000000 0.000000
vn -0.000000 -1.000000 0.000000
vn -1.000000 0.000001 0.000000
vn -0.707105 -0.707109 0.000000
vn -0.707105 -0.707108 0.000000
vn -0.707110 0.707104 0.000000
vn -1.000000 0.000001 0.000000
vn -1.000000 0.000001 0.000000
vn 0.000000 1.000000 0.000000
vn -0.707110 0.707104 0.000000
vn -0.707110 0.707104 0.000000
vn -0.000001 1.000000 0.000000
vn -0.707109 0.707105 0.000000
vn -0.707109 0.707105 0.000000
vn -0.707109 0.707105 0.000000
vn -1.000000 0.000001 0.000000
vn -1.000000 0.000001 0.000000
vn -1.000000 0.000001 0.000000
vn -0.707105 -0.707109 0.000000
vn -0.707105 -0.707109 0.000000
vn -0.707105 -0.707109 0.000000
vn 0.000001 -1.000000 0.000000
vn 0.000001 -1.000000 0.000000
vn 0.000001 -1.000000 0.000000
vn 0.707105 -0.707109 0.000000
vn 0.707105 -0.707109 0.000000
vn 0.707105 -0.707109 0.000000
vn 1.000000 -0.000000 0.000000
vn 1.000000 -0.000000 0.000000
vn 1.000000 -0.000000 0.000000
vn 0.707109 0.707105 0.000000
vn 0.707109 0.707105 0.000000
vn 0.707109 0.707105 0.000000
vn -0.000001 1.000000 0.000000
vn -0.000001 1.000000 0.000000
vn 0.000000 -0.052415 -0.998625
vn -0.037064 -0.037063 -0.998625
vn -0.037064 -0.037063 -0.998625
vn 0.037064 -0.037063 0.998625
vn 0.052417 0.000000 0.998625
vn 0.052417 0.000000 0.998625
vn 0.037064 -0.037063 -0.998625
vn 0.000000 -0.052415 -0.998625
vn 0.037064 -0.037063 -0.998625
vn 0.000000 -0.052415 0.998625
vn 0.037064 -0.037063 0.998625
vn 0.037064 -0.037063 0.998625
vn 0.052417 0.000000 -0.998625
vn 0.037064 -0.037063 -0.998625
vn 0.052417 0.000000 -0.998625
vn -0.037064 -0.037063 0.998625
vn 0.000000 -0.052415 0.998625
vn -0.037064 -0.037063 0.998625
vn 0.037064 0.037064 -0.998625
vn 0.052417 0.000000 -0.998625
vn 0.052417 0.000000 -0.998625
vn -0.052417 0.000000 0.998625
vn -0.037064 -0.037063 0.998625
vn -0.052417 0.000000 0.998625
vn 0.854632 -0.519235 0.000000
vn 0.559552 -0.828795 0.000000
vn 0.854632 -0.519235 0.000000
vn 0.854631 0.519236 -0.000000
vn 0.559551 0.828796 -0.000000
vn 0.854631 0.519236 0.000000
vn 0.854632 -0.519235 0.000000
vn 0.559552 -0.828795 0.000000
vn 0.854632 -0.519235 0.000000
vn 0.854631 0.519236 -0.000000
vn 0.559551 0.828796 -0.000000
vn 0.854631 0.519236 0.000000
vn 0.000000 0.000000 1.000000
vn 0.000000 0.000000 1.000000
vn 0.000000 0.000000 1.000000
vn 0.000000 0.000000 -1.000000
vn 0.000000 0.000000 -1.000000
vn 0.000000 0.000000 -1.000000
vn 0.000000 0.000000 -1.000000
vn 0.000000 0.000000 -1.000000
vn 0.000000 -0.000000 -1.000000
vn 0.000000 0.000000 1.000000
vn 0.000000 0.000000 1.000000
vn 0.000000 0.000000 1.000000
vn 0.000000 0.000000 1.000000
vn 0.000000 0.000000 1.000000
vn 0.000000 0.000000 1.000000
vn -0.999980 -0.006399 0.000000
vn -0.999980 -0.006399 0.000000
vn -0.999980 -0.006399 0.000000
vn 0.000000 0.000000 -1.000000
vn 0.000000 0.000000 -1.000000
vn 0.000000 0.000000 -1.000000
vn 0.000000 0.000000 -1.000000
vn 0.000000 0.000000 -1.000000
vn 0.000000 0.000000 -1.000000
vn 0.000000 0.000000 1.000000
vn 0.000000 0.000000 1.000000
vn 0.000000 0.000000 1.000000
vn 0.000000 0.000000 1.000000
vn 0.000000 0.000000 1.000000
vn 0.000000 0.000000 1.000000
vn -0.999966 -0.008209 0.000000
vn -0.999966 -0.008209 0.000000
vn -0.999966 -0.008209 0.000000
vn 0.000000 1.000000 0.000000
vn 0.000000 1.000000 0.000000
vn 0.000000 1.000000 0.000000
vn 0.000000 1.000000 0.000000
vn 0.000000 1.000000 0.000000
vn 0.000000 1.000000 0.000000
vn -1.000000 0.000000 0.000000
vn -1.000000 0.000000 0.000000
vn -1.000000 0.000000 0.000000
vn -1.000000 0.000000 0.000000
vn -1.000000 0.000000 0.000000
vn -1.000000 0.000000 0.000000
vn 0.000000 0.000000 -1.000000
vn 0.000000 0.000000 -1.000000
vn 0.000000 0.000000 -1.000000
vn 0.208901 -0.977937 0.000000
vn 0.000000 -1.000000 0.000000
vn 0.000000 -1.000000 0.000000
vn 0.000000 0.000000 1.000000
vn 0.000000 0.000000 1.000000
vn 0.000000 0.000000 1.000000
vn 0.208901 -0.977937 0.000000
vn 0.297506 -0.954720 0.000000
vn 0.208901 -0.977937 0.000000
vn 0.406129 0.913816 0.000000
vn 0.296224 0.955118 0.000000
vn 0.406129 0.913816 0.000000
vn 0.296224 0.955118 0.000000
vn 0.277127 0.960833 0.000000
vn 0.296224 0.955118 0.000000
vn 0.000000 0.000000 -1.000000
vn 0.000000 0.000000 -1.000000
vn 0.000000 0.000000 -1.000000
vn 0.297505 -0.954720 0.000000
vn 0.277125 -0.960834 0.000000
vn 0.297506 -0.954720 0.000000
vn 0.854632 -0.519235 -0.000000
vn 1.000000 0.000000 0.000000
vn 0.854632 -0.519235 0.000000
vn 0.000000 -0.000000 1.000000
vn 0.000000 0.000000 1.000000
vn 0.000000 0.000000 1.000000
vn 0.854631 0.519236 0.000000
vn 1.000000 0.000000 0.000000
vn 0.854631 0.519236 0.000000
vn 0.277125 -0.960834 0.000000
vn 0.559552 -0.828795 -0.000000
vn 0.559552 -0.828795 -0.000000
vn 0.277127 0.960833 0.000000
vn 0.559551 0.828796 0.000000
vn 0.559551 0.828796 0.000000
vn 0.000000 0.000000 -1.000000
vn 0.000000 0.000000 -1.000000
vn 0.000000 0.000000 -1.000000
vn 0.097496 -0.995236 0.000000
vn 0.000000 -1.000000 0.000000
vn 0.000000 -1.000000 0.000000
vn 0.000000 0.000000 1.000000
vn 0.000000 0.000000 1.000000
vn 0.000000 0.000000 1.000000
vn 0.097496 -0.995236 0.000000
vn 0.188151 -0.982140 0.000000
vn 0.097496 -0.995236 0.000000
vn 0.192718 0.981254 0.000000
vn 0.187479 0.982269 0.000000
vn 0.192718 0.981254 0.000000
vn 0.187479 0.982269 0.000000
vn 0.277127 0.960833 0.000000
vn 0.187479 0.982269 0.000000
vn 0.188151 -0.982140 0.000000
vn 0.277125 -0.960834 0.000000
vn 0.188151 -0.982140 0.000000
vn 0.854632 -0.519235 -0.000000
vn 1.000000 0.000000 0.000000
vn 0.854632 -0.519235 0.000000
vn 0.000000 0.000000 1.000000
vn 0.000000 0.000000 1.000000
vn 0.000000 0.000000 1.000000
vn 0.854631 0.519236 0.000000
vn 1.000000 0.000000 0.000000
vn 0.854631 0.519236 0.000000
vn 0.277125 -0.960834 0.000000
vn 0.559552 -0.828795 -0.000000
vn 0.559552 -0.828795 -0.000000
vn 0.277127 0.960833 0.000000
vn 0.559551 0.828796 0.000000
vn 0.559551 0.828796 0.000000
vn 0.854632 -0.519235 -0.000000
vn 0.559552 -0.828795 -0.000000
vn 0.559552 -0.828795 -0.000000
vn 0.854631 0.519236 0.000000
vn 0.559551 0.828796 0.000000
vn 0.559551 0.828796 0.000000
vn 0.854632 -0.519235 -0.000000
vn 0.559552 -0.828795 -0.000000
vn 0.559552 -0.828795 -0.000000
vn 0.854631 0.519236 0.000000
vn 0.559551 0.828796 0.000000
vn 0.559551 0.828796 0.000000
vn 0.000000 0.000000 -1.000000
vn 0.000000 0.000000 -1.000000
vn 0.000000 0.000000 -1.000000
vn 0.000000 0.000000 1.000000
vn 0.000000 0.000000 1.000000
vn 0.000000 0.000000 1.000000
vn 0.000000 0.000000 1.000000
vn 0.000000 -0.000000 1.000000
vn 0.000000 -0.000000 1.000000
vn 0.000000 0.000000 -1.000000
vn 0.000000 0.000000 -1.000000
vn 0.000000 0.000000 -1.000000
vn 0.000000 0.000000 -1.000000
vn 0.000000 0.000000 -1.000000
vn 0.000000 0.000000 -1.000000
vn -0.999980 -0.006399 0.000000
vn -0.999980 -0.006399 0.000000
vn -0.999980 -0.006399 0.000000
vn 0.000000 0.000000 1.000000
vn 0.000000 0.000000 1.000000
vn 0.000000 0.000000 1.000000
vn 0.000000 0.000000 1.000000
vn 0.000000 0.000000 1.000000
vn 0.000000 0.000000 1.000000
vn 0.000000 0.000000 -1.000000
vn 0.000000 0.000000 -1.000000
vn 0.000000 0.000000 -1.000000
vn 0.000000 0.000000 -1.000000
vn 0.000000 0.000000 -1.000000
vn 0.000000 0.000000 -1.000000
vn -0.999966 -0.008209 0.000000
vn -0.999966 -0.008209 0.000000
vn -0.999966 -0.008209 0.000000
vn 0.000000 1.000000 0.000000
vn 0.000000 1.000000 0.000000
vn 0.000000 1.000000 0.000000
vn 0.000000 1.000000 0.000000
vn 0.000000 1.000000 0.000000
vn 0.000000 1.000000 0.000000
vn -1.000000 0.000000 0.000000
vn -1.000000 0.000000 0.000000
vn -1.000000 0.000000 0.000000
vn -1.000000 0.000000 0.000000
vn -1.000000 0.000000 0.000000
vn -1.000000 0.000000 0.000000
vn -0.707110 0.707104 0.000000
vn -1.000000 0.000001 0.000000
vn -1.000000 0.000001 0.000000
vn 0.000000 -0.382684 -0.923879
vn 0.000000 -0.923879 -0.382684
vn 0.000001 -0.382685 -0.923879
vn 0.000000 -0.923880 -0.382684
vn 0.000000 -0.923880 0.382681
vn 0.000000 -0.923879 -0.382684
vn 0.000000 -0.923881 0.382681
vn 0.000000 -0.382683 0.923880
vn 0.000000 -0.923880 0.382681
vn 0.000000 -0.382684 0.923880
vn 0.000000 0.382684 0.923879
vn 0.000000 -0.382683 0.923880
vn 0.000000 0.382684 0.923879
vn 0.000000 0.923879 0.382684
vn 0.000000 0.382684 0.923879
vn 0.000000 0.923879 0.382684
vn 0.000001 0.923879 -0.382685
vn 0.000000 0.923879 0.382684
vn 1.000000 0.000000 -0.000001
vn 1.000000 0.000000 -0.000001
vn 1.000000 0.000000 -0.000000
vn 0.000001 0.923879 -0.382685
vn 0.000002 0.382681 -0.923880
vn 0.000003 0.382680 -0.923881
vn 0.000002 0.382681 -0.923880
vn 0.000001 -0.382685 -0.923879
vn 0.000003 0.382680 -0.923881
vn 0.000000 0.980785 -0.195091
vn 0.000000 1.000000 -0.000001
vn 0.000000 0.980785 -0.195091
vn 0.000000 0.000000 1.000000
vn 0.000000 -0.195090 0.980785
vn 0.000000 0.000000 1.000000
vn -0.000002 -0.980785 -0.195090
vn 0.000000 -0.923879 -0.382684
vn 0.000000 -0.980785 -0.195090
vn 0.000000 1.000000 -0.000001
vn 0.000000 0.980785 0.195089
vn 0.000000 1.000000 -0.000001
vn 0.000000 -0.195090 0.980785
vn -0.000000 -0.382683 0.923880
vn -0.000000 -0.382683 0.923880
vn -0.000001 -0.923879 -0.382684
vn 0.000000 -0.831469 -0.555570
vn 0.000000 -0.923879 -0.382684
vn 0.000000 0.980785 0.195089
vn 0.000000 0.923880 0.382683
vn 0.000000 0.980785 0.195089
vn -0.000000 -0.382683 0.923880
vn -0.000000 -0.555570 0.831470
vn 0.000000 -0.555570 0.831470
vn 0.000000 -1.000000 0.000000
vn 0.000000 -0.980785 -0.195090
vn 0.000000 -1.000000 0.000000
vn -0.000002 -0.980785 0.195090
vn 0.000000 -1.000000 0.000000
vn 0.000000 -0.980785 0.195090
vn 0.000000 0.195091 0.980785
vn 0.000000 0.000000 1.000000
vn 0.000000 0.195091 0.980785
vn 0.000000 0.382683 0.923880
vn 0.000000 0.195091 0.980785
vn 0.000000 0.382683 0.923880
vn 0.000000 -0.000001 -1.000000
vn 0.000000 0.195089 -0.980786
vn 0.000000 -0.000001 -1.000000
vn -0.000000 -0.195091 -0.980785
vn 0.000000 -0.000001 -1.000000
vn 0.000000 -0.195091 -0.980785
vn 0.000000 0.923879 -0.382684
vn 0.000000 0.980785 -0.195091
vn 0.000000 0.923879 -0.382684
vn 0.000000 0.831469 -0.555571
vn 0.000000 0.923879 -0.382684
vn 0.000000 0.831469 -0.555571
vn -0.000001 -0.923880 0.382683
vn 0.000000 -0.980785 0.195090
vn 0.000000 -0.923880 0.382683
vn 0.000000 0.555571 0.831469
vn 0.000000 0.382683 0.923880
vn 0.000000 0.555571 0.831469
vn 0.000000 0.707106 -0.707108
vn 0.000000 0.831469 -0.555571
vn 0.000000 0.707106 -0.707108
vn 0.000000 -0.382683 -0.923880
vn 0.000000 -0.195091 -0.980785
vn 0.000000 -0.382683 -0.923880
vn -0.000000 -0.831470 0.555570
vn 0.000000 -0.923880 0.382683
vn 0.000000 -0.831470 0.555570
vn 0.000000 0.707107 0.707106
vn 0.000000 0.555571 0.831469
vn 0.000000 0.707107 0.707106
vn 0.000000 0.555570 -0.831470
vn 0.000000 0.707106 -0.707108
vn 0.000000 0.555569 -0.831470
vn -0.000001 -0.555570 -0.831470
vn 0.000000 -0.382683 -0.923880
vn 0.000000 -0.555570 -0.831470
vn 0.000000 -0.555570 0.831470
vn -0.000001 -0.707106 0.707107
vn 0.000000 -0.707106 0.707107
vn -0.000001 -0.707106 0.707107
vn 0.000000 -0.831470 0.555570
vn 0.000000 -0.707106 0.707107
vn 0.000000 0.923880 0.382683
vn 0.000000 0.831470 0.555570
vn 0.000000 0.923880 0.382683
vn 0.000000 0.831470 0.555570
vn 0.000000 0.707107 0.707106
vn 0.000000 0.707107 0.707106
vn 0.000000 0.195089 -0.980786
vn 0.000000 0.382682 -0.923880
vn 0.000000 0.195089 -0.980786
vn 0.000000 0.382682 -0.923880
vn 0.000000 0.555569 -0.831470
vn 0.000000 0.382682 -0.923880
vn -0.000000 -0.831470 -0.555570
vn 0.000000 -0.707107 -0.707107
vn 0.000000 -0.831469 -0.555570
vn -0.000000 -0.707107 -0.707107
vn 0.000000 -0.555570 -0.831470
vn 0.000000 -0.707107 -0.707107
vn 0.000000 0.980785 -0.195092
vn 0.000000 1.000000 -0.000001
vn 0.000000 0.980785 -0.195092
vn 0.000000 0.831470 -0.555570
vn 0.000000 0.707107 -0.707107
vn 0.000000 0.831470 -0.555570
vn 0.000000 0.707107 -0.707107
vn 0.000000 0.555570 -0.831470
vn 0.000000 0.707107 -0.707107
vn 0.000000 0.555570 -0.831470
vn 0.000000 0.382683 -0.923880
vn 0.000000 0.555570 -0.831470
vn 0.000000 0.382683 -0.923880
vn 0.000000 0.195089 -0.980786
vn 0.000000 0.382683 -0.923880
vn 0.000000 0.195089 -0.980785
vn 0.000000 -0.000001 -1.000000
vn 0.000000 0.195089 -0.980786
vn 0.000000 -0.000000 -1.000000
vn 0.000000 -0.195090 -0.980785
vn 0.000000 -0.000001 -1.000000
vn 0.000000 -0.195090 -0.980785
vn 0.000000 -0.382684 -0.923879
vn 0.000000 -0.195090 -0.980785
vn 0.000000 -0.382684 -0.923879
vn 0.000000 -0.555571 -0.831469
vn 0.000000 -0.382684 -0.923879
vn 0.000000 -0.555571 -0.831469
vn 0.000000 -0.707107 -0.707106
vn 0.000000 -0.555571 -0.831469
vn 0.000000 -0.707107 -0.707106
vn 0.000000 -0.831470 -0.555570
vn 0.000000 -0.707107 -0.707106
vn 0.000000 -0.831470 -0.555570
vn 0.000000 -0.923880 -0.382683
vn 0.000000 -0.831470 -0.555570
vn 0.000000 -0.923880 -0.382683
vn 0.000000 -0.980785 -0.195090
vn 0.000000 -0.923880 -0.382683
vn 0.000000 -0.980785 -0.195090
vn 0.000000 -1.000000 0.000001
vn 0.000000 -0.980785 -0.195090
vn 0.000000 -1.000000 0.000001
vn 0.000000 -0.980785 0.195092
vn 0.000000 -1.000000 0.000001
vn -1.000000 0.000000 0.000000
vn -1.000000 0.000000 0.000000
vn -1.000000 0.000000 0.000000
vn -1.000000 0.000000 -0.000000
vn -1.000000 0.000000 0.000000
vn -1.000000 0.000000 0.000000
vn -1.000000 0.000000 0.000000
vn -1.000000 -0.000000 0.000000
vn -1.000000 -0.000000 0.000000
vn -1.000000 -0.000000 0.000000
vn -1.000000 0.000000 0.000000
vn -1.000000 -0.000000 0.000000
vn -1.000000 0.000000 0.000000
vn -1.000000 0.000000 0.000000
vn -1.000000 0.000000 0.000000
vn -1.000000 0.000000 0.000000
vn -1.000000 0.000000 0.000000
vn -1.000000 0.000000 0.000000
vn -1.000000 0.000000 0.000000
vn -1.000000 0.000000 -0.000000
vn -1.000000 0.000000 0.000000
vn -1.000000 0.000000 -0.000000
vn -1.000000 0.000000 -0.000000
vn -1.000000 0.000000 -0.000000
vn -1.000000 0.000000 -0.000000
vn -1.000000 0.000000 0.000000
vn -1.000000 0.000000 -0.000000
vn -1.000000 0.000000 0.000000
vn -1.000000 0.000000 0.000000
vn -1.000000 0.000000 0.000000
vn -1.000000 0.000000 -0.000000
vn -1.000000 0.000000 0.000000
vn -1.000000 0.000000 0.000000
vn -1.000000 0.000000 0.000000
vn -1.000000 0.000000 0.000000
vn -1.000000 0.000000 0.000000
vn -1.000000 0.000000 0.000000
vn -1.000000 0.000000 0.000000
vn -1.000000 0.000000 0.000000
vn -1.000000 0.000000 0.000000
vn -1.000000 0.000000 0.000000
vn -1.000000 0.000000 0.000000
vn -1.000000 0.000000 0.000000
vn -1.000000 0.000000 0.000000
vn -1.000000 0.000000 0.000000
vn -1.000000 0.000000 0.000000
vn -1.000000 0.000000 0.000000
vn -1.000000 0.000000 -0.000000
vn -1.000000 0.000000 0.000000
vn -1.000000 0.000000 0.000000
vn -1.000000 0.000000 -0.000000
vn -1.000000 0.000000 0.000000
vn -1.000000 0.000000 0.000000
vn -1.000000 0.000000 0.000000
vn -1.000000 0.000000 0.000000
vn -1.000000 0.000000 0.000000
vn -1.000000 0.000000 0.000000
vn -1.000000 0.000000 0.000000
vn -1.000000 0.000000 0.000000
vn -1.000000 0.000000 0.000000
vn -1.000000 0.000000 0.000000
vn -1.000000 0.000000 0.000000
vn -1.000000 0.000000 -0.000000
vn -1.000000 0.000000 0.000000
vn -1.000000 0.000000 0.000000
vn -1.000000 0.000000 -0.000000
vn -1.000000 0.000000 0.000000
vn -1.000000 0.000000 0.000000
vn -1.000000 0.000000 0.000000
vn -1.000000 0.000000 0.000000
vn -1.000000 0.000000 0.000000
vn -1.000000 0.000000 0.000000
vn -1.000000 0.000000 0.000000
vn -1.000000 0.000000 0.000000
vn -1.000000 0.000000 0.000000
vn -1.000000 0.000000 0.000000
vn -1.000000 0.000000 0.000000
vn -1.000000 0.000000 -0.000000
vn -1.000000 0.000000 0.000000
vn -1.000000 0.000000 0.000000
vn -1.000000 0.000000 -0.000000
vn -1.000000 0.000000 0.000000
vn -1.000000 0.000000 0.000000
vn -1.000000 0.000000 0.000000
vn -1.000000 0.000000 0.000000
vn -1.000000 0.000000 0.000000
vn -1.000000 0.000000 0.000000
vn -1.000000 0.000000 0.000000
vn -1.000000 0.000000 -0.000000
vn -1.000000 0.000000 -0.000000
vn -1.000000 0.000000 -0.000000
vn -1.000000 0.000000 0.000000
vn -1.000000 0.000000 0.000000
vn -1.000000 0.000000 0.000000
vn -1.000000 0.000000 0.000000
vn -1.000000 0.000000 0.000000
vn 0.000000 0.923880 -0.382683
vn 0.000000 0.831470 -0.555570
vn 0.000000 0.923880 -0.382684
vn 0.000000 0.980785 -0.195090
vn 0.000000 0.923880 -0.382684
vn 0.000000 0.980785 -0.195090
vn 0.000000 1.000000 0.000000
vn 0.000000 0.980785 -0.195090
vn 0.000000 1.000000 0.000000
vn 0.000000 0.980785 0.195091
vn 0.000000 1.000000 0.000000
vn 0.000000 0.980785 0.195091
vn 0.000000 0.000001 1.000000
vn 0.000000 0.195090 0.980785
vn 0.000000 0.195090 0.980785
vn 0.000000 0.923879 0.382684
vn 0.000000 0.980785 0.195091
vn 0.000000 0.923879 0.382684
vn 0.000000 0.195090 0.980785
vn 0.000000 0.382683 0.923880
vn 0.000000 0.382684 0.923879
vn 0.000000 0.831470 0.555570
vn 0.000000 0.923879 0.382684
vn 0.000000 0.831470 0.555570
vn 0.000000 -0.195090 0.980785
vn 0.000000 0.000001 1.000000
vn 0.000000 -0.195090 0.980785
vn 0.000000 0.707107 0.707107
vn 0.000000 0.831470 0.555570
vn 0.000000 0.707107 0.707107
vn 0.000000 -0.382682 0.923880
vn 0.000000 -0.195090 0.980785
vn 0.000000 -0.382682 0.923880
vn 0.000000 0.555570 0.831470
vn 0.000000 0.707107 0.707107
vn 0.000000 0.555570 0.831470
vn 0.000000 -0.555569 0.831470
vn 0.000000 -0.382682 0.923880
vn 0.000000 -0.382682 0.923880
vn 0.000000 0.382683 0.923880
vn 0.000000 0.555570 0.831470
vn 0.000000 0.382684 0.923879
vn 0.000000 -0.707106 0.707108
vn 0.000000 -0.555569 0.831470
vn 0.000000 -0.555569 0.831470
vn 0.000000 -0.831469 0.555571
vn 0.000000 -0.707106 0.707108
vn 0.000000 -0.831469 0.555571
vn 0.000000 -0.923879 0.382684
vn 0.000000 -0.831469 0.555571
vn 0.000000 -0.923879 0.382684
vn 0.000000 -0.980785 0.195092
vn 0.000000 -0.923879 0.382684
vn 0.000000 -0.980785 0.195092
vn -0.993444 -0.022302 -0.112121
vn -0.998256 -0.000000 -0.059040
vn -0.993444 -0.000000 -0.114317
vn -0.998256 -0.000000 -0.059040
vn -0.993444 0.022302 -0.112121
vn -0.993444 -0.000000 -0.114317
vn -0.993444 0.022302 -0.112121
vn -0.998256 0.022593 -0.054545
vn -0.993444 0.043747 -0.105616
vn -0.998256 0.022593 -0.054545
vn -0.993444 0.063511 -0.095051
vn -0.993444 0.043747 -0.105616
vn -0.993444 0.063511 -0.095051
vn -0.998256 0.041747 -0.041747
vn -0.993444 0.080834 -0.080835
vn -0.998256 0.041747 -0.041747
vn -0.993444 0.095051 -0.063511
vn -0.993444 0.080834 -0.080835
vn -0.998256 0.049089 -0.032801
vn -0.993444 0.105615 -0.043747
vn -0.993444 0.095051 -0.063511
vn -0.998256 0.054545 -0.022593
vn -0.993444 0.112121 -0.022302
vn -0.993444 0.105615 -0.043747
vn -0.993444 0.112121 -0.022302
vn -0.998256 0.059039 0.000000
vn -0.993444 0.114317 -0.000000
vn -0.998256 0.059039 0.000000
vn -0.993444 0.112121 0.022302
vn -0.993444 0.114317 -0.000000
vn -0.998256 0.057905 0.011518
vn -0.993444 0.105615 0.043747
vn -0.993444 0.112121 0.022302
vn -0.993444 0.105615 0.043747
vn -0.998256 0.049090 0.032801
vn -0.993444 0.095051 0.063511
vn -0.998256 0.049090 0.032801
vn -0.993444 0.080835 0.080835
vn -0.993444 0.095051 0.063511
vn -0.998256 0.041747 0.041747
vn -0.993444 0.063511 0.095051
vn -0.993444 0.080835 0.080835
vn -0.993444 0.063511 0.095051
vn -0.998256 0.022593 0.054545
vn -0.993444 0.043747 0.105615
vn -0.993444 0.043747 0.105615
vn -0.998256 0.011518 0.057905
vn -0.993444 0.022302 0.112121
vn -0.998256 0.011518 0.057905
vn -0.993444 0.000000 0.114317
vn -0.993444 0.022302 0.112121
vn -0.998256 0.000000 0.059039
vn -0.993444 -0.022302 0.112121
vn -0.993444 0.000000 0.114317
vn -0.993444 -0.022302 0.112121
vn -0.998256 -0.022593 0.054545
vn -0.993444 -0.043747 0.105616
vn -0.993444 -0.043747 0.105616
vn -0.998256 -0.032800 0.049089
vn -0.993444 -0.063511 0.095051
vn -0.993444 -0.063511 0.095051
vn -0.998256 -0.041747 0.041747
vn -0.993444 -0.080835 0.080835
vn -0.993444 -0.080835 0.080835
vn -0.998256 -0.049090 0.032801
vn -0.993444 -0.095051 0.063511
vn -0.998256 -0.049090 0.032801
vn -0.993444 -0.105615 0.043747
vn -0.993444 -0.095051 0.063511
vn -0.998256 -0.054545 0.022593
vn -0.993444 -0.112121 0.022302
vn -0.993444 -0.105615 0.043747
vn -0.993444 -0.112121 0.022302
vn -0.998256 -0.059040 0.000000
vn -0.993444 -0.114317 0.000000
vn -0.993444 -0.114317 0.000000
vn -0.998256 -0.057905 -0.011518
vn -0.993444 -0.112121 -0.022302
vn -0.998256 -0.057905 -0.011518
vn -0.993444 -0.105615 -0.043747
vn -0.993444 -0.112121 -0.022302
vn -0.998256 -0.054545 -0.022593
vn -0.993444 -0.095051 -0.063511
vn -0.993444 -0.105615 -0.043747
vn -0.993444 -0.095051 -0.063511
vn -0.998256 -0.041747 -0.041747
vn -0.993444 -0.080835 -0.080834
vn -0.993444 -0.080835 -0.080834
vn -0.998256 -0.032801 -0.049090
vn -0.993444 -0.063511 -0.095051
vn -0.993444 -0.063511 -0.095051
vn -0.998256 -0.022593 -0.054546
vn -0.993444 -0.043747 -0.105616
vn -0.998256 -0.022593 -0.054546
vn -0.993444 -0.022302 -0.112121
vn -0.993444 -0.043747 -0.105616
vn 0.000000 0.555570 -0.831470
vn 0.000000 0.707106 -0.707107
vn 0.000000 0.555570 -0.831470
vn 0.000000 -0.831469 0.555571
vn 0.000000 -0.923880 0.382683
vn 0.000000 -0.923880 0.382683
vn 0.000000 1.000000 -0.000001
vn 0.000000 0.980785 0.195090
vn 0.000000 1.000000 -0.000001
vn 0.000000 -0.923880 0.382683
vn 0.000000 -0.980785 0.195091
vn 0.000000 -0.923880 0.382683
vn 0.000000 0.980785 0.195090
vn 0.000000 0.923880 0.382683
vn 0.000000 0.980785 0.195090
vn 0.000000 -0.980785 0.195091
vn -0.000000 -1.000000 0.000000
vn 0.000000 -0.980785 0.195091
vn 0.000000 0.923880 0.382683
vn 0.000000 0.831470 0.555570
vn 0.000000 0.923880 0.382683
vn -0.000000 -1.000000 0.000000
vn 0.000000 -0.980785 -0.195091
vn -0.000000 -1.000000 0.000000
vn 0.000000 0.831470 0.555569
vn 0.000000 0.707107 0.707106
vn 0.000000 0.831470 0.555570
vn 0.000000 -0.195090 -0.980785
vn 0.000000 -0.000001 -1.000000
vn 0.000000 -0.195090 -0.980785
vn 0.000000 -0.980785 -0.195091
vn 0.000000 -0.923879 -0.382684
vn 0.000000 -0.980785 -0.195091
vn 0.000000 0.707107 0.707106
vn 0.000000 0.555571 0.831469
vn 0.000000 0.707107 0.707106
vn 0.000000 -0.382683 -0.923880
vn 0.000000 -0.195090 -0.980785
vn 0.000000 -0.382683 -0.923880
vn 0.000000 -0.923879 -0.382684
vn 0.000000 -0.831469 -0.555571
vn 0.000000 -0.923879 -0.382684
vn 0.000000 0.555571 0.831469
vn 0.000000 0.382684 0.923879
vn 0.000000 0.555571 0.831469
vn 0.000000 -0.000001 -1.000000
vn 0.000000 0.195089 -0.980786
vn 0.000000 -0.000001 -1.000000
vn 0.000000 -0.831469 -0.555570
vn 0.000000 -0.707106 -0.707107
vn 0.000000 -0.831469 -0.555571
vn 0.000000 0.382684 0.923879
vn 0.000000 0.195091 0.980785
vn 0.000000 0.382684 0.923879
vn 0.000000 0.195089 -0.980786
vn 0.000000 0.382682 -0.923880
vn 0.000000 0.195089 -0.980786
vn 0.000000 -0.707106 -0.707107
vn 0.000000 -0.555571 -0.831469
vn 0.000000 -0.707106 -0.707107
vn 0.000000 0.195091 0.980785
vn 0.000000 0.000000 1.000000
vn 0.000000 0.000000 1.000000
vn 0.000000 0.382683 -0.923880
vn 0.000000 0.555569 -0.831470
vn 0.000000 0.382682 -0.923880
vn 0.000000 -0.555571 -0.831469
vn 0.000000 -0.382683 -0.923880
vn 0.000000 -0.555571 -0.831469
vn 0.000000 0.000000 1.000000
vn 0.000000 -0.195090 0.980785
vn 0.000000 0.000000 1.000000
vn 0.000000 0.555569 -0.831470
vn 0.000000 0.707106 -0.707108
vn 0.000000 0.555569 -0.831470
vn 0.000000 -0.195090 0.980785
vn 0.000000 -0.382683 0.923880
vn 0.000000 -0.195090 0.980785
vn 0.000000 0.707106 -0.707108
vn 0.000000 0.831469 -0.555571
vn 0.000000 0.707106 -0.707108
vn 0.000000 -0.382683 0.923880
vn 0.000000 -0.555570 0.831470
vn 0.000000 -0.382683 0.923880
vn 0.000000 0.831469 -0.555571
vn 0.000000 0.923879 -0.382684
vn 0.000000 0.831469 -0.555571
vn 0.000000 -0.555570 0.831470
vn 0.000000 -0.707107 0.707107
vn 0.000000 -0.555570 0.831470
vn 0.000000 0.923879 -0.382684
vn 0.000000 0.980785 -0.195092
vn 0.000000 0.923879 -0.382684
vn 0.000000 -0.707107 0.707107
vn 0.000000 -0.831469 0.555571
vn 0.000000 -0.707107 0.707107
vn -0.960318 -0.106733 -0.257676
vn -0.925558 -0.073862 -0.371330
vn -0.925558 -0.144886 -0.349786
vn -0.993444 -0.043747 -0.105616
vn -0.960318 -0.054412 -0.273547
vn -0.960318 -0.106733 -0.257676
vn -0.960318 -0.154952 -0.231903
vn -0.925558 -0.144886 -0.349786
vn -0.925558 -0.210342 -0.314799
vn -0.960318 -0.154952 -0.231903
vn -0.993444 -0.043747 -0.105616
vn -0.960318 -0.106733 -0.257676
vn -0.960318 -0.197217 -0.197217
vn -0.925558 -0.210342 -0.314799
vn -0.925558 -0.267715 -0.267714
vn -0.960318 -0.197217 -0.197217
vn -0.993444 -0.063511 -0.095051
vn -0.960318 -0.154952 -0.231903
vn -0.925558 -0.314799 -0.210342
vn -0.960318 -0.197217 -0.197217
vn -0.925558 -0.267715 -0.267714
vn -0.993444 -0.095051 -0.063511
vn -0.960318 -0.197217 -0.197217
vn -0.960318 -0.231903 -0.154952
vn -0.925558 -0.349786 -0.144886
vn -0.960318 -0.231903 -0.154952
vn -0.925558 -0.314799 -0.210342
vn -0.993444 -0.105615 -0.043747
vn -0.960318 -0.231903 -0.154952
vn -0.960318 -0.257676 -0.106733
vn -0.960318 -0.273548 -0.054412
vn -0.925558 -0.349786 -0.144886
vn -0.925558 -0.371331 -0.073862
vn -0.993444 -0.112121 -0.022302
vn -0.960318 -0.257676 -0.106733
vn -0.960318 -0.273548 -0.054412
vn -0.925558 -0.378605 0.000000
vn -0.960318 -0.273548 -0.054412
vn -0.925558 -0.371331 -0.073862
vn -0.960318 -0.278907 0.000000
vn -0.993444 -0.112121 -0.022302
vn -0.960318 -0.273548 -0.054412
vn -0.925558 -0.371330 0.073862
vn -0.960318 -0.278907 0.000000
vn -0.925558 -0.378605 0.000000
vn -0.993444 -0.112121 0.022302
vn -0.960318 -0.278907 0.000000
vn -0.960318 -0.273548 0.054412
vn -0.960318 -0.257676 0.106733
vn -0.925558 -0.371330 0.073862
vn -0.925558 -0.349785 0.144886
vn -0.993444 -0.105615 0.043747
vn -0.960318 -0.273548 0.054412
vn -0.960318 -0.257676 0.106733
vn -0.925558 -0.314799 0.210342
vn -0.960318 -0.257676 0.106733
vn -0.925558 -0.349785 0.144886
vn -0.993444 -0.095051 0.063511
vn -0.960318 -0.257676 0.106733
vn -0.960318 -0.231903 0.154952
vn -0.960318 -0.197217 0.197217
vn -0.925558 -0.314799 0.210342
vn -0.925558 -0.267715 0.267714
vn -0.993444 -0.080835 0.080835
vn -0.960318 -0.231903 0.154952
vn -0.960318 -0.197217 0.197217
vn -0.925558 -0.210342 0.314799
vn -0.960318 -0.197217 0.197217
vn -0.925558 -0.267715 0.267714
vn -0.960318 -0.154952 0.231903
vn -0.993444 -0.080835 0.080835
vn -0.960318 -0.197217 0.197217
vn -0.960318 -0.106733 0.257676
vn -0.925558 -0.210342 0.314799
vn -0.925558 -0.144886 0.349786
vn -0.993444 -0.043747 0.105616
vn -0.960318 -0.154952 0.231903
vn -0.960318 -0.106733 0.257676
vn -0.925558 -0.073862 0.371331
vn -0.960318 -0.106733 0.257676
vn -0.925558 -0.144886 0.349786
vn -0.993444 -0.022302 0.112121
vn -0.960318 -0.106733 0.257676
vn -0.960318 -0.054412 0.273548
vn -0.925558 0.000000 0.378605
vn -0.960318 -0.054412 0.273548
vn -0.925558 -0.073862 0.371331
vn -0.993444 0.000000 0.114317
vn -0.960318 -0.054412 0.273548
vn -0.960318 0.000000 0.278907
vn -0.960318 0.054412 0.273548
vn -0.925558 0.000000 0.378605
vn -0.925558 0.073862 0.371331
vn -0.993444 0.022302 0.112121
vn -0.960318 0.000000 0.278907
vn -0.960318 0.054412 0.273548
vn -0.925558 0.144886 0.349786
vn -0.960318 0.054412 0.273548
vn -0.925558 0.073862 0.371331
vn -0.960318 0.106733 0.257676
vn -0.993444 0.022302 0.112121
vn -0.960318 0.054412 0.273548
vn -0.960318 0.154952 0.231903
vn -0.925558 0.144886 0.349786
vn -0.925558 0.210342 0.314799
vn -0.960318 0.154952 0.231903
vn -0.993444 0.043747 0.105615
vn -0.960318 0.106733 0.257676
vn -0.925558 0.267715 0.267714
vn -0.960318 0.154952 0.231903
vn -0.925558 0.210342 0.314799
vn -0.993444 0.080835 0.080835
vn -0.960318 0.154952 0.231903
vn -0.960318 0.197217 0.197217
vn -0.925558 0.314799 0.210342
vn -0.960318 0.197217 0.197217
vn -0.925558 0.267715 0.267714
vn -0.960318 0.231903 0.154952
vn -0.993444 0.080835 0.080835
vn -0.960318 0.197217 0.197217
vn -0.925558 0.349786 0.144886
vn -0.960318 0.231903 0.154952
vn -0.925558 0.314799 0.210342
vn -0.960318 0.257676 0.106733
vn -0.993444 0.095051 0.063511
vn -0.960318 0.231903 0.154952
vn -0.960318 0.273548 0.054412
vn -0.925558 0.349786 0.144886
vn -0.925558 0.371331 0.073862
vn -0.993444 0.112121 0.022302
vn -0.960318 0.257676 0.106733
vn -0.960318 0.273548 0.054412
vn -0.960318 0.278907 -0.000000
vn -0.925558 0.371331 0.073862
vn -0.925558 0.378605 -0.000000
vn -0.993444 0.114317 -0.000000
vn -0.960318 0.273548 0.054412
vn -0.960318 0.278907 -0.000000
vn -0.925558 0.371330 -0.073863
vn -0.960318 0.278907 -0.000000
vn -0.925558 0.378605 -0.000000
vn -0.960318 0.273548 -0.054412
vn -0.993444 0.114317 -0.000000
vn -0.960318 0.278907 -0.000000
vn -0.960318 0.257676 -0.106733
vn -0.925558 0.371330 -0.073863
vn -0.925558 0.349786 -0.144886
vn -0.960318 0.257676 -0.106733
vn -0.993444 0.112121 -0.022302
vn -0.960318 0.273548 -0.054412
vn -0.960318 0.231902 -0.154952
vn -0.925558 0.349786 -0.144886
vn -0.925558 0.314798 -0.210342
vn -0.993444 0.095051 -0.063511
vn -0.960318 0.257676 -0.106733
vn -0.960318 0.231902 -0.154952
vn -0.960318 0.197217 -0.197217
vn -0.925558 0.314798 -0.210342
vn -0.925558 0.267714 -0.267715
vn -0.993444 0.080834 -0.080835
vn -0.960318 0.231902 -0.154952
vn -0.960318 0.197217 -0.197217
vn -0.960318 0.154952 -0.231903
vn -0.925558 0.267714 -0.267715
vn -0.925558 0.210341 -0.314799
vn -0.960318 0.154952 -0.231903
vn -0.993444 0.080834 -0.080835
vn -0.960318 0.197217 -0.197217
vn -0.960318 0.106733 -0.257676
vn -0.925558 0.210341 -0.314799
vn -0.925558 0.144885 -0.349786
vn -0.993444 0.043747 -0.105616
vn -0.960318 0.154952 -0.231903
vn -0.960318 0.106733 -0.257676
vn -0.960318 0.054412 -0.273548
vn -0.925558 0.144885 -0.349786
vn -0.925558 0.073862 -0.371331
vn -0.960318 0.054412 -0.273548
vn -0.993444 0.043747 -0.105616
vn -0.960318 0.106733 -0.257676
vn -0.960318 -0.000000 -0.278907
vn -0.925558 0.073862 -0.371331
vn -0.925558 -0.000000 -0.378605
vn -0.993444 -0.000000 -0.114317
vn -0.960318 0.054412 -0.273548
vn -0.960318 -0.000000 -0.278907
vn -0.960318 -0.054412 -0.273547
vn -0.925558 -0.000000 -0.378605
vn -0.925558 -0.073862 -0.371330
vn -0.993444 -0.022302 -0.112121
vn -0.960318 -0.000000 -0.278907
vn -0.960318 -0.054412 -0.273547
vn -1.000000 -0.000000 0.000000
vn -1.000000 -0.000000 0.000000
vn -1.000000 -0.000000 0.000000
vn -1.000000 -0.000000 0.000000
vn -1.000000 0.000000 0.000000
vn -1.000000 0.000000 0.000000
vn -1.000000 0.000000 0.000000
vn -1.000000 0.000000 0.000000
vn -1.000000 0.000000 0.000000
vn -1.000000 0.000000 0.000000
vn -1.000000 0.000000 0.000000
vn -1.000000 0.000000 0.000000
vn -1.000000 0.000000 0.000000
vn -1.000000 0.000000 0.000000
vn -1.000000 0.000000 0.000000
vn -1.000000 0.000000 0.000000
vn -1.000000 0.000000 0.000000
vn -1.000000 0.000000 0.000000
vn -1.000000 0.000000 0.000000
vn -1.000000 0.000000 0.000000
vn -1.000000 0.000000 0.000000
vn -1.000000 0.000000 0.000000
vn -1.000000 0.000000 0.000000
vn -1.000000 0.000000 0.000000
vn -1.000000 0.000000 0.000000
vn -1.000000 0.000000 0.000000
vn -1.000000 0.000000 0.000000
vn -1.000000 0.000000 0.000000
vn -1.000000 0.000000 0.000000
vn -1.000000 0.000000 0.000000
vn -1.000000 0.000000 0.000000
vn -1.000000 0.000000 0.000000
vn -1.000000 0.000000 0.000000
vn -1.000000 0.000000 0.000000
vn -1.000000 0.000000 0.000000
vn -1.000000 0.000000 0.000001
vn -1.000000 0.000000 0.000000
vn -1.000000 0.000000 0.000000
vn -1.000000 0.000000 0.000001
vn -1.000000 0.000000 0.000000
vn -1.000000 0.000000 0.000000
vn -1.000000 0.000000 0.000000
vn -1.000000 0.000000 0.000000
vn -1.000000 0.000000 0.000000
vn -1.000000 0.000000 0.000000
vn -1.000000 0.000000 0.000000
vn -1.000000 -0.000000 0.000000
vn -1.000000 -0.000000 0.000000
vn -1.000000 -0.000000 0.000000
vn -1.000000 -0.000000 0.000000
vn -1.000000 -0.000000 0.000000
vn -1.000000 -0.000000 0.000000
vn -1.000000 0.000000 0.000000
vn -1.000000 -0.000000 0.000000
vn -1.000000 0.000000 0.000000
vn -1.000000 0.000000 0.000000
vn -1.000000 0.000000 0.000000
vn -1.000000 0.000000 0.000000
vn -1.000000 0.000000 0.000000
vn -1.000000 0.000000 0.000000
vn -1.000000 0.000000 0.000000
vn -1.000000 0.000000 0.000000
vn -1.000000 0.000000 0.000000
vn -1.000000 0.000000 0.000000
vn -1.000000 0.000000 0.000000
vn -1.000000 0.000000 0.000000
vn -1.000000 0.000000 0.000000
vn -1.000000 -0.000000 0.000000
vn -1.000000 0.000000 0.000000
vn -1.000000 -0.000000 -0.000000
vn -1.000000 -0.000000 0.000000
vn -1.000000 -0.000000 0.000000
vn -1.000000 -0.000000 0.000000
vn -1.000000 -0.000000 0.000000
vn -1.000000 -0.000000 0.000000
vn -1.000000 -0.000000 0.000000
vn -1.000000 -0.000000 0.000000
vn -1.000000 -0.000000 0.000000
vn -1.000000 -0.000000 0.000000
vn -1.000000 -0.000000 0.000000
vn -1.000000 -0.000000 0.000000
vn -1.000000 -0.000000 0.000000
vn -1.000000 0.000000 0.000000
vn -1.000000 0.000000 0.000000
vn -1.000000 0.000000 0.000000
vn -1.000000 0.000000 0.000000
vn -1.000000 0.000000 0.000000
vn -1.000000 0.000000 0.000000
vn -1.000000 0.000000 -0.000000
vn -1.000000 0.000000 -0.000000
vn -1.000000 0.000000 -0.000000
vn -1.000000 0.000000 0.000000
vn -1.000000 0.000000 0.000000
vn -1.000000 0.000000 0.000000
vn -1.000000 -0.000000 0.000000
vn -1.000000 -0.000000 0.000000
vn 0.000000 -0.923879 0.382684
vn 0.000000 -0.980785 0.195092
vn 0.000000 -0.923879 0.382684
vn 0.000000 0.707106 -0.707107
vn 0.000000 0.831469 -0.555571
vn 0.000000 0.707106 -0.707107
vn 0.000000 -0.980785 0.195092
vn 0.000000 -1.000000 0.000001
vn 0.000000 -0.980785 0.195092
vn 0.000000 0.831470 -0.555570
vn 0.000000 0.923880 -0.382683
vn 0.000000 0.831469 -0.555571
vn -0.000000 -1.000000 0.000001
vn 0.000000 -0.980785 -0.195090
vn 0.000000 -1.000000 0.000001
vn 0.000000 0.923880 -0.382683
vn 0.000000 0.980785 -0.195091
vn 0.000000 0.923880 -0.382683
vn 0.000000 -0.980785 -0.195090
vn 0.000000 -0.923880 -0.382682
vn 0.000000 -0.980785 -0.195090
vn 0.000000 0.980785 -0.195091
vn -0.000000 1.000000 -0.000000
vn 0.000000 0.980785 -0.195091
vn 0.000000 -0.923880 -0.382683
vn 0.000000 -0.831470 -0.555570
vn 0.000000 -0.923880 -0.382682
vn -0.000000 1.000000 -0.000000
vn 0.000000 0.980785 0.195091
vn -0.000000 1.000000 -0.000000
vn 0.000000 -0.831470 -0.555570
vn 0.000000 -0.707107 -0.707107
vn 0.000000 -0.831470 -0.555570
vn 0.000000 0.195090 0.980785
vn 0.000000 0.000001 1.000000
vn 0.000000 0.000001 1.000000
vn 0.000000 0.980785 0.195091
vn 0.000000 0.923879 0.382684
vn 0.000000 0.980785 0.195091
vn 0.000000 -0.707107 -0.707107
vn 0.000000 -0.555571 -0.831469
vn 0.000000 -0.707107 -0.707107
vn 0.000000 0.382684 0.923880
vn 0.000000 0.195090 0.980785
vn 0.000000 0.382684 0.923879
vn 0.000000 0.923879 0.382684
vn 0.000000 0.831470 0.555570
vn 0.000000 0.923879 0.382684
vn 0.000000 -0.555571 -0.831469
vn 0.000000 -0.382684 -0.923879
vn 0.000000 -0.555571 -0.831469
vn 0.000000 0.000001 1.000000
vn 0.000000 -0.195090 0.980785
vn 0.000000 0.000001 1.000000
vn 0.000000 0.831470 0.555570
vn 0.000000 0.707107 0.707107
vn 0.000000 0.831470 0.555570
vn 0.000000 -0.382684 -0.923879
vn 0.000000 -0.195091 -0.980785
vn 0.000000 -0.382684 -0.923879
vn 0.000000 -0.195090 0.980785
vn 0.000000 -0.382682 0.923880
vn 0.000000 -0.195090 0.980785
vn 0.000000 0.707107 0.707107
vn 0.000000 0.555570 0.831470
vn 0.000000 0.707107 0.707107
vn 0.000000 -0.195090 -0.980785
vn 0.000000 0.000000 -1.000000
vn 0.000000 -0.195091 -0.980785
vn 0.000000 -0.382682 0.923880
vn 0.000000 -0.555569 0.831470
vn 0.000000 -0.382682 0.923880
vn 0.000000 0.555570 0.831470
vn 0.000000 0.382684 0.923879
vn 0.000000 0.555570 0.831470
vn 0.000000 0.000000 -1.000000
vn 0.000000 0.195090 -0.980785
vn 0.000000 0.195090 -0.980785
vn 0.000000 -0.555569 0.831471
vn 0.000000 -0.707106 0.707108
vn 0.000000 -0.555569 0.831470
vn 0.000000 0.195090 -0.980785
vn 0.000000 0.382683 -0.923880
vn 0.000000 0.195090 -0.980785
vn 0.000000 -0.707106 0.707108
vn 0.000000 -0.831469 0.555571
vn 0.000000 -0.707106 0.707108
vn 0.000000 0.382683 -0.923880
vn 0.000000 0.555570 -0.831470
vn 0.000000 0.382683 -0.923880
vn 0.000000 -0.831469 0.555571
vn 0.000000 -0.923879 0.382684
vn 0.000000 -0.831469 0.555571
vn -1.000000 -0.000000 0.000006
vn -1.000000 -0.000000 0.000000
vn -1.000000 -0.000000 0.000000
vn -1.000000 -0.000000 0.000000
vn -1.000000 0.000000 -0.000005
vn -1.000000 0.000000 -0.000006
vn -1.000000 0.000000 -0.000005
vn -1.000000 0.000000 0.000000
vn -1.000000 0.000000 -0.000006
vn -1.000000 0.000000 0.000000
vn -1.000000 0.000000 0.000005
vn -1.000000 0.000000 0.000000
vn -1.000000 0.000000 0.000005
vn -1.000000 0.000000 -0.000003
vn -1.000000 0.000000 -0.000003
vn -1.000000 0.000000 -0.000003
vn -1.000000 0.000000 0.000001
vn -1.000000 0.000000 -0.000003
vn -1.000000 0.000000 0.000002
vn -1.000000 0.000000 0.000001
vn -1.000000 0.000000 0.000001
vn -1.000000 0.000000 0.000001
vn -1.000000 0.000000 -0.000001
vn -1.000000 0.000000 0.000001
vn -1.000000 0.000000 -0.000001
vn -1.000000 0.000000 -0.000000
vn -1.000000 0.000000 -0.000001
vn -1.000000 0.000000 -0.000000
vn -1.000000 0.000000 0.000000
vn -1.000000 0.000000 -0.000001
vn -1.000000 0.000000 0.000000
vn -1.000000 0.000000 0.000000
vn -1.000000 0.000000 0.000000
vn -1.000000 0.000000 0.000000
vn -1.000000 0.000000 0.000001
vn -1.000000 0.000000 0.000000
vn -1.000000 0.000000 0.000001
vn -1.000000 0.000000 0.000000
vn -1.000000 0.000000 0.000001
vn -1.000000 0.000000 0.000000
vn -1.000000 0.000000 0.000002
vn -1.000000 0.000000 0.000000
vn -1.000000 0.000000 0.000002
vn -1.000000 0.000000 -0.000000
vn -1.000000 0.000000 -0.000000
vn -1.000000 0.000000 -0.000000
vn -1.000000 -0.000000 -0.000006
vn -1.000000 0.000000 -0.000000
vn -1.000000 -0.000000 -0.000006
vn -1.000000 -0.000000 -0.000000
vn -1.000000 -0.000000 0.000000
vn -1.000000 -0.000000 -0.000000
vn -1.000000 0.000000 0.000002
vn -1.000000 -0.000000 0.000000
vn -1.000000 0.000000 0.000002
vn -1.000000 0.000000 -0.000000
vn -1.000000 0.000000 0.000002
vn -1.000000 0.000000 -0.000000
vn -1.000000 0.000000 -0.000002
vn -1.000000 0.000000 -0.000002
vn -1.000000 0.000000 -0.000002
vn -1.000000 0.000000 -0.000001
vn -1.000000 0.000000 -0.000002
vn -1.000000 0.000000 -0.000001
vn -1.000000 0.000000 -0.000001
vn -1.000000 0.000000 -0.000001
vn -1.000000 0.000000 -0.000001
vn -1.000000 0.000000 -0.000001
vn -1.000000 0.000000 -0.000000
vn -1.000000 0.000000 -0.000000
vn -1.000000 0.000000 0.000001
vn -1.000000 0.000000 0.000001
vn -1.000000 0.000000 0.000001
vn -1.000000 0.000000 -0.000000
vn -1.000000 0.000000 0.000001
vn -1.000000 0.000000 -0.000001
vn -1.000000 0.000000 0.000000
vn -1.000000 0.000000 -0.000000
vn -1.000000 0.000000 0.000000
vn -1.000000 0.000000 0.000002
vn -1.000000 0.000000 0.000002
vn -1.000000 0.000000 0.000002
vn -1.000000 0.000000 -0.000001
vn -1.000000 0.000000 0.000002
vn -1.000000 0.000000 -0.000001
vn -1.000000 0.000000 -0.000000
vn -1.000000 0.000000 -0.000001
vn -1.000000 0.000000 -0.000001
vn -1.000000 0.000000 -0.000001
vn -1.000000 0.000000 -0.000000
vn -1.000000 0.000000 -0.000002
vn -1.000000 0.000000 0.000001
vn -1.000000 0.000000 -0.000001
vn -1.000000 0.000000 0.000001
vn -1.000000 -0.000000 0.000006
vn -1.000000 0.000000 0.000001
vn 0.000000 -0.382684 -0.923879
vn 0.000000 0.382683 -0.923880
vn 0.000000 0.382684 -0.923879
vn 0.000000 -0.923880 -0.382683
vn 0.000000 -0.382684 -0.923879
vn 0.000000 -0.382684 -0.923879
vn 0.000000 -0.923880 -0.382683
vn 0.000000 -0.923880 0.382683
vn 0.000000 -0.923879 -0.382684
vn 0.000000 -0.382684 0.923879
vn 0.000000 -0.923880 0.382683
vn 0.000000 -0.923880 0.382682
vn 0.000000 -0.382684 0.923879
vn 0.000000 0.382683 0.923880
vn 0.000000 -0.382684 0.923879
vn 0.000000 0.923880 0.382683
vn 0.000000 0.382683 0.923880
vn 0.000000 0.382684 0.923879
vn -1.000000 0.000000 -0.000001
vn -1.000000 0.000000 0.000001
vn -1.000000 0.000000 0.000001
vn 0.000000 0.923880 -0.382682
vn 0.000000 0.923880 0.382683
vn 0.000000 0.923880 0.382683
vn 0.000000 0.382684 -0.923879
vn 0.000000 0.923880 -0.382683
vn 0.000000 0.923880 -0.382682
vn 0.000000 0.382682 0.923880
vn 0.000000 -0.382683 0.923880
vn 0.000000 -0.382683 0.923880
vn 0.000000 0.923879 0.382684
vn 0.000000 0.382683 0.923880
vn 0.000000 0.382682 0.923880
vn 0.000000 0.923879 -0.382684
vn 0.000000 0.923880 0.382684
vn 0.000000 0.923879 0.382684
vn 0.000000 0.923879 -0.382684
vn 0.000000 0.382684 -0.923880
vn 0.000000 0.923880 -0.382684
vn 0.000000 -0.382682 -0.923880
vn 0.000000 0.382684 -0.923880
vn 0.000000 0.382684 -0.923880
vn 0.000000 -0.923879 -0.382684
vn 0.000000 -0.382683 -0.923880
vn 0.000000 -0.382682 -0.923880
vn -1.000000 0.000000 0.000000
vn -1.000000 0.000000 0.000000
vn -1.000000 0.000000 0.000000
vn 0.000000 -0.923879 0.382684
vn 0.000000 -0.923879 -0.382684
vn 0.000000 -0.923879 -0.382684
vn 0.000000 -0.382683 0.923880
vn 0.000000 -0.923879 0.382684
vn 0.000000 -0.923879 0.382684
vn 0.000000 -0.923881 0.382681
vn 0.000000 -0.923881 -0.382681
vn 0.000000 -0.923880 -0.382681
vn 0.000000 -0.382686 0.923879
vn 0.000000 -0.923881 0.382681
vn 0.000000 -0.923881 0.382681
vn 0.000000 0.382685 0.923879
vn 0.000000 -0.382686 0.923879
vn 0.000000 -0.382686 0.923879
vn 0.000000 0.923880 0.382682
vn 0.000000 0.382684 0.923879
vn 0.000000 0.382685 0.923879
vn 0.000000 0.923880 -0.382682
vn 0.000000 0.923880 0.382683
vn 0.000000 0.923880 0.382682
vn 0.000000 0.382684 -0.923879
vn 0.000000 0.923880 -0.382683
vn 0.000000 0.923880 -0.382682
vn -1.000000 0.000000 0.000001
vn -1.000000 0.000000 0.000001
vn -1.000000 0.000000 0.000001
vn 0.000000 -0.382685 -0.923879
vn 0.000000 0.382684 -0.923879
vn 0.000000 0.382684 -0.923879
vn 0.000000 -0.923880 -0.382681
vn 0.000000 -0.382684 -0.923880
vn 0.000000 -0.382685 -0.923879
vn 0.000000 0.923880 -0.382684
vn 0.000000 0.923880 0.382682
vn 0.000000 0.923880 0.382682
vn 0.000000 0.382686 -0.923879
vn 0.000000 0.923880 -0.382683
vn 0.000000 0.923880 -0.382684
vn 0.000000 0.382686 -0.923879
vn 0.000000 -0.382681 -0.923880
vn 0.000000 0.382687 -0.923878
vn 0.000000 -0.923879 -0.382684
vn 0.000000 -0.382681 -0.923880
vn 0.000000 -0.382680 -0.923881
vn 0.000000 -0.923879 -0.382684
vn 0.000000 -0.923880 0.382681
vn 0.000000 -0.923880 -0.382684
vn 0.000000 -0.923879 0.382684
vn 0.000000 -0.382683 0.923880
vn 0.000000 -0.923880 0.382681
vn -1.000000 -0.000001 0.000000
vn -1.000000 -0.000001 0.000000
vn -1.000000 -0.000000 0.000000
vn 0.000000 0.382685 0.923879
vn 0.000000 -0.382683 0.923880
vn 0.000000 -0.382681 0.923880
vn 0.000000 0.923880 0.382682
vn 0.000000 0.382685 0.923879
vn 0.000000 0.382685 0.923879
vn 0.000000 0.382683 -0.923880
vn 0.000000 0.923879 -0.382685
vn 0.000000 0.923879 -0.382685
vn 0.000000 -0.382682 -0.923880
vn 0.000000 0.382683 -0.923880
vn 0.000000 0.382683 -0.923880
vn 0.000000 -0.923880 -0.382682
vn 0.000000 -0.382682 -0.923880
vn 0.000000 -0.382682 -0.923880
vn 0.000000 -0.923879 0.382684
vn 0.000000 -0.923880 -0.382682
vn 0.000000 -0.923880 -0.382682
vn 0.000000 -0.382686 0.923878
vn 0.000000 -0.923880 0.382683
vn 0.000000 -0.923879 0.382684
vn 0.000000 0.382684 0.923879
vn 0.000000 -0.382686 0.923879
vn 0.000000 -0.382686 0.923878
vn -1.000000 0.000000 0.000001
vn -1.000000 0.000000 0.000000
vn -1.000000 0.000000 0.000000
vn 0.000000 0.923880 0.382682
vn 0.000000 0.382686 0.923879
vn 0.000000 0.382684 0.923879
vn 0.000000 0.923879 -0.382685
vn 0.000000 0.923880 0.382682
vn 0.000000 0.923880 0.382682
vn 0.000000 -0.382681 0.923880
vn 0.000000 -0.923880 0.382681
vn 0.000000 -0.923880 0.382682
vn 0.000000 0.382685 0.923879
vn 0.000000 -0.382682 0.923880
vn 0.000000 -0.382681 0.923880
vn 0.000000 0.923880 0.382682
vn 0.000000 0.382685 0.923879
vn 0.000000 0.382685 0.923879
vn 0.000000 0.923880 0.382682
vn 0.000000 0.923881 -0.382681
vn 0.000000 0.923881 0.382681
vn 0.000000 0.382686 -0.923879
vn 0.000000 0.923881 -0.382681
vn 0.000000 0.923880 -0.382682
vn 0.000000 -0.382684 -0.923879
vn 0.000000 0.382686 -0.923879
vn 0.000000 0.382686 -0.923879
vn -1.000000 0.000000 0.000003
vn -1.000000 -0.000001 0.000002
vn -1.000000 -0.000000 -0.000000
vn 0.000000 -0.923878 -0.382686
vn 0.000000 -0.382685 -0.923879
vn 0.000000 -0.382684 -0.923879
vn 0.000000 -0.923878 -0.382686
vn 0.000000 -0.923880 0.382681
vn 0.000000 -0.923878 -0.382687
vn 0.000000 0.923878 0.382687
vn 0.000000 0.382682 0.923880
vn 0.000000 0.382682 0.923880
vn 0.000000 0.923878 -0.382686
vn 0.000000 0.923878 0.382686
vn 0.000000 0.923878 0.382687
vn 0.000000 0.382680 -0.923881
vn 0.000000 0.923878 -0.382686
vn 0.000000 0.923878 -0.382686
vn -0.000001 -0.382682 -0.923880
vn 0.000000 0.382681 -0.923881
vn 0.000000 0.382680 -0.923881
vn -0.000001 -0.382682 -0.923880
vn -0.000011 -0.923878 -0.382687
vn 0.000000 -0.382681 -0.923881
vn -0.000007 -0.923879 -0.382684
vn -0.000005 -0.923879 0.382684
vn -0.000011 -0.923878 -0.382687
vn -1.000000 0.000000 0.000000
vn -1.000000 0.000000 0.000000
vn -1.000000 0.000000 0.000000
vn 0.000000 -0.382680 0.923881
vn -0.000005 -0.923879 0.382684
vn 0.000000 -0.923879 0.382685
vn 0.000000 0.382682 0.923880
vn 0.000000 -0.382680 0.923881
vn 0.000000 -0.382680 0.923881
vn -0.080795 0.747744 0.659053
vn -0.080795 0.747744 0.659053
vn -0.080795 0.747744 0.659053
vn 0.000000 0.661215 -0.750196
vn 0.000000 0.661215 -0.750196
vn 0.000000 0.661215 -0.750196
vn -0.996730 -0.060616 -0.053424
vn -0.996730 -0.060616 -0.053424
vn -0.996730 -0.060616 -0.053424
vn 0.080800 -0.747742 -0.659054
vn 0.080800 -0.747742 -0.659054
vn 0.080800 -0.747742 -0.659054
vn -0.647644 -0.571602 -0.503815
vn -0.647644 -0.571602 -0.503815
vn -0.647644 -0.571602 -0.503815
vn -0.704795 -0.510411 0.492692
vn -0.704795 -0.510411 0.492692
vn -0.704795 -0.510411 0.492692
vn -0.704793 0.424691 -0.568246
vn -0.704793 0.424691 -0.568246
vn -0.704793 0.424691 -0.568246
vn -0.761936 0.485870 0.428235
vn -0.761936 0.485870 0.428235
vn -0.761936 0.485870 0.428235
vn -0.000003 -0.661216 0.750196
vn -0.000003 -0.661216 0.750196
vn -0.000003 -0.661216 0.750196
vn -0.996731 -0.060612 -0.053410
vn -0.996731 -0.060612 -0.053410
vn -0.996731 -0.060612 -0.053410
vn -0.080802 0.748552 0.658134
vn -0.080802 0.748552 0.658134
vn -0.080802 0.748552 0.658134
vn 0.000057 0.660563 -0.750771
vn 0.000057 0.660563 -0.750771
vn 0.000057 0.660563 -0.750771
vn -0.074892 -0.728447 -0.680997
vn -0.022775 -0.074932 -0.996929
vn 0.080782 -0.748520 -0.658174
vn 0.080975 0.657104 -0.749438
vn 0.209448 -0.021910 -0.977574
vn 0.057223 -0.062366 -0.996412
vn 0.074895 0.768604 0.635326
vn 0.023065 0.998315 -0.053248
vn -0.080803 0.748549 0.658137
vn -0.080782 0.659169 -0.747643
vn -0.209305 0.972369 -0.103392
vn -0.057080 0.996208 -0.065657
vn 0.080794 -0.748550 -0.658137
vn 0.080794 -0.748550 -0.658137
vn 0.080794 -0.748550 -0.658137
vn 0.000000 -0.661215 0.750197
vn 0.000000 -0.661215 0.750197
vn 0.000000 -0.661215 0.750197
vn -0.000001 0.661218 -0.750194
vn -0.000001 0.661218 -0.750194
vn -0.000001 0.661218 -0.750194
vn -0.080798 0.747741 0.659056
vn -0.080798 0.747741 0.659056
vn -0.080798 0.747741 0.659056
vn 0.080803 -0.747742 -0.659054
vn 0.080803 -0.747742 -0.659054
vn 0.080803 -0.747742 -0.659054
vn -0.996730 -0.060615 -0.053427
vn -0.996730 -0.060615 -0.053427
vn -0.996730 -0.060615 -0.053427
vn -0.080798 0.747740 0.659057
vn -0.080798 0.747740 0.659057
vn -0.080798 0.747740 0.659057
vn 0.080798 -0.747744 -0.659053
vn 0.080798 -0.747744 -0.659053
vn 0.080798 -0.747744 -0.659053
vn -0.996730 -0.060618 -0.053428
vn -0.996730 -0.060618 -0.053428
vn -0.996730 -0.060618 -0.053428
vn -0.000009 0.661218 -0.750193
vn -0.000009 0.661218 -0.750193
vn -0.000009 0.661218 -0.750193
vn 0.000002 -0.661217 0.750195
vn 0.000002 -0.661217 0.750195
vn 0.000002 -0.661217 0.750195
vn -0.080800 0.747728 0.659071
vn -0.080800 0.747728 0.659071
vn -0.080800 0.747728 0.659071
vn 0.080772 -0.747741 -0.659059
vn 0.080772 -0.747741 -0.659059
vn 0.080772 -0.747741 -0.659059
vn -0.996730 -0.060614 -0.053426
vn -0.996730 -0.060614 -0.053426
vn -0.996730 -0.060614 -0.053426
vn 0.000000 0.661220 -0.750192
vn 0.000000 0.661220 -0.750192
vn 0.000000 0.661220 -0.750192
vn -0.000003 -0.661208 0.750202
vn -0.000003 -0.661208 0.750202
vn -0.000003 -0.661208 0.750202
vn -0.080826 0.747742 0.659052
vn -0.080826 0.747742 0.659052
vn -0.080826 0.747742 0.659052
vn 0.080782 -0.747752 -0.659046
vn 0.080782 -0.747752 -0.659046
vn 0.080782 -0.747752 -0.659046
vn -0.996730 -0.060616 -0.053433
vn -0.996730 -0.060616 -0.053433
vn -0.996730 -0.060616 -0.053433
vn 0.000000 0.661220 -0.750192
vn 0.000000 0.661220 -0.750192
vn 0.000000 0.661220 -0.750192
vn -0.000008 -0.661214 0.750198
vn -0.000008 -0.661214 0.750198
vn -0.000008 -0.661214 0.750198
vn -0.080800 0.747744 0.659053
vn -0.080800 0.747744 0.659053
vn -0.080800 0.747744 0.659053
vn 0.080793 -0.747751 -0.659046
vn 0.080793 -0.747751 -0.659046
vn 0.080793 -0.747751 -0.659046
vn -0.996730 -0.060615 -0.053432
vn -0.996730 -0.060615 -0.053432
vn -0.996730 -0.060615 -0.053432
vn -0.000005 0.661224 -0.750189
vn -0.000005 0.661224 -0.750189
vn -0.000005 0.661224 -0.750189
vn -0.000009 -0.661214 0.750198
vn -0.000009 -0.661214 0.750198
vn -0.000009 -0.661214 0.750198
vn -0.000004 -0.661218 0.750194
vn -0.000004 -0.661218 0.750194
vn -0.000004 -0.661218 0.750194
vn -0.000000 0.661218 -0.750194
vn -0.000000 0.661218 -0.750194
vn -0.000000 0.661218 -0.750194
vn -0.080793 0.747741 0.659057
vn -0.080793 0.747741 0.659057
vn -0.080793 0.747741 0.659057
vn 0.080804 -0.747744 -0.659052
vn 0.080804 -0.747744 -0.659052
vn 0.080804 -0.747744 -0.659052
vn -0.996730 -0.060615 -0.053425
vn -0.996730 -0.060615 -0.053425
vn -0.996730 -0.060615 -0.053425
vn -0.238233 0.707924 0.664898
vn -0.129564 0.064080 0.989498
vn -0.080824 0.748575 0.658106
vn 0.071547 -0.649660 0.756850
vn 0.103500 0.039332 0.993852
vn -0.057179 0.062218 0.996423
vn -0.000091 -0.660546 0.750786
vn -0.000091 -0.660546 0.750786
vn -0.000091 -0.660546 0.750786
vn -0.117574 0.882899 0.454606
vn -0.985750 0.067261 -0.154188
vn -0.992790 0.070584 -0.096882
vn 0.027404 -0.884373 -0.465976
vn -0.985750 0.067261 -0.154188
vn 0.032895 -0.942368 -0.332958
vn 0.981659 0.075846 0.174910
vn 0.032895 -0.942368 -0.332958
vn 0.978762 0.056789 0.196975
vn 0.981659 0.075846 0.174910
vn -0.068089 0.943017 0.325703
vn -0.117574 0.882899 0.454606
vn -0.068089 0.943017 0.325703
vn -0.969618 0.124106 -0.210803
vn -0.985750 0.067261 -0.154188
vn -0.985750 0.067261 -0.154188
vn -0.018706 -0.998047 0.059604
vn 0.032895 -0.942368 -0.332958
vn 0.978762 0.056789 0.196975
vn -0.018706 -0.998047 0.059604
vn 0.975542 0.100986 0.195244
vn -0.068089 0.943017 0.325703
vn 0.975542 0.100986 0.195244
vn 0.027110 0.997801 -0.060483
vn 0.027110 0.997801 -0.060483
vn -0.958221 0.128162 -0.255709
vn -0.969618 0.124106 -0.210803
vn -0.969618 0.124106 -0.210803
vn -0.112117 -0.815187 0.568243
vn -0.018706 -0.998047 0.059604
vn 0.975542 0.100986 0.195244
vn -0.112117 -0.815187 0.568243
vn 0.990394 0.088042 0.106622
vn 0.027110 0.997801 -0.060483
vn 0.990394 0.088042 0.106622
vn 0.126260 0.815287 -0.565125
vn -0.958221 0.128162 -0.255709
vn 0.154499 0.593156 -0.790124
vn -0.983344 0.033288 -0.178681
vn -0.112117 -0.815187 0.568243
vn -0.983344 0.033288 -0.178681
vn -0.157115 -0.591583 0.790787
vn -0.112117 -0.815187 0.568243
vn 0.985662 -0.022683 0.167200
vn 0.990394 0.088042 0.106622
vn 0.990394 0.088042 0.106622
vn 0.154499 0.593156 -0.790124
vn 0.126260 0.815287 -0.565125
vn -0.983344 0.033288 -0.178681
vn 0.156895 0.592963 -0.789797
vn -0.985773 0.022926 -0.166510
vn -0.157115 -0.591583 0.790787
vn -0.985773 0.022926 -0.166510
vn -0.154421 -0.593347 0.789996
vn -0.157115 -0.591583 0.790787
vn 0.983206 -0.033097 0.179474
vn 0.985662 -0.022683 0.167200
vn 0.985662 -0.022683 0.167200
vn 0.156895 0.592963 -0.789797
vn 0.154499 0.593156 -0.790124
vn 0.156895 0.592963 -0.789797
vn -0.971037 0.041999 -0.235209
vn -0.985773 0.022926 -0.166510
vn -0.985773 0.022926 -0.166510
vn -0.175181 -0.493173 0.852110
vn -0.154421 -0.593347 0.789996
vn 0.983206 -0.033097 0.179474
vn -0.175181 -0.493173 0.852110
vn 0.991575 0.017389 0.128359
vn 0.156895 0.592963 -0.789797
vn 0.991575 0.017389 0.128359
vn 0.156844 0.491229 -0.856793
vn 0.156844 0.491229 -0.856793
vn -0.950942 -0.031080 -0.307806
vn -0.971037 0.041999 -0.235209
vn -0.971037 0.041999 -0.235209
vn -0.214931 -0.117957 0.969480
vn -0.175181 -0.493173 0.852110
vn 0.991575 0.017389 0.128359
vn -0.214931 -0.117957 0.969480
vn 0.994779 0.056476 0.084998
vn 0.156844 0.491229 -0.856793
vn 0.994779 0.056476 0.084998
vn 0.180148 0.115209 -0.976869
vn -0.950942 -0.031080 -0.307806
vn 0.206815 -0.354929 -0.911731
vn -0.949024 -0.148270 -0.278153
vn -0.214931 -0.117957 0.969480
vn -0.949024 -0.148270 -0.278153
vn -0.236566 0.351296 0.905885
vn -0.214931 -0.117957 0.969480
vn 0.992108 0.078158 0.098045
vn 0.994779 0.056476 0.084998
vn 0.994779 0.056476 0.084998
vn 0.206815 -0.354929 -0.911731
vn 0.180148 0.115209 -0.976869
vn 0.206815 -0.354929 -0.911731
vn -0.938388 -0.211494 -0.273311
vn -0.949024 -0.148270 -0.278153
vn -0.949024 -0.148270 -0.278153
vn -0.241058 0.546692 0.801885
vn -0.236566 0.351296 0.905885
vn 0.992108 0.078158 0.098045
vn -0.241058 0.546692 0.801885
vn 0.994039 0.076533 0.077645
vn 0.206815 -0.354929 -0.911731
vn 0.994039 0.076533 0.077645
vn 0.206529 -0.552774 -0.807333
vn -0.080684 0.719634 0.689650
vn -0.996447 -0.063107 -0.055779
vn -0.992088 -0.093028 -0.084310
vn -0.992088 -0.093028 -0.084310
vn 0.080694 -0.714299 -0.695173
vn 0.080755 -0.719801 -0.689467
vn 0.999355 0.028082 0.022404
vn 0.080694 -0.714299 -0.695173
vn 0.997004 0.058105 0.051059
vn -0.080684 0.719634 0.689650
vn 0.997004 0.058105 0.051059
vn -0.080687 0.714218 0.695257
vn -0.080687 0.714218 0.695257
vn -0.996999 -0.058116 -0.051143
vn -0.996447 -0.063107 -0.055779
vn -0.996447 -0.063107 -0.055779
vn 0.080680 -0.714152 -0.695326
vn 0.080694 -0.714299 -0.695173
vn 0.997004 0.058105 0.051059
vn 0.080680 -0.714152 -0.695326
vn 0.996444 0.063165 0.055758
vn -0.080687 0.714218 0.695257
vn 0.996444 0.063165 0.055758
vn -0.080683 0.714314 0.695159
vn -0.080683 0.714314 0.695159
vn -0.999271 -0.036186 0.012180
vn -0.996999 -0.058116 -0.051143
vn -0.996999 -0.058116 -0.051143
vn 0.102324 -0.802906 -0.587258
vn 0.080680 -0.714152 -0.695326
vn 0.996444 0.063165 0.055758
vn 0.102324 -0.802906 -0.587258
vn 0.989540 0.132276 0.057560
vn -0.080683 0.714314 0.695159
vn 0.989540 0.132276 0.057560
vn -0.067180 0.806215 0.587797
vn -0.067180 0.806215 0.587797
vn -0.997337 -0.049168 0.053858
vn -0.999271 -0.036186 0.012180
vn -0.999271 -0.036186 0.012180
vn 0.108922 -0.935190 -0.336980
vn 0.102324 -0.802906 -0.587258
vn 0.989540 0.132276 0.057560
vn 0.108922 -0.935190 -0.336980
vn 0.984215 0.176776 -0.008421
vn -0.067180 0.806215 0.587797
vn 0.984215 0.176776 -0.008421
vn -0.087997 0.937746 0.335991
vn -0.997337 -0.049168 0.053858
vn -0.122993 0.992309 0.014005
vn -0.998785 -0.036160 0.033473
vn -0.997337 -0.049168 0.053858
vn 0.103194 -0.994563 -0.013949
vn 0.108922 -0.935190 -0.336980
vn 0.108922 -0.935190 -0.336980
vn 0.980366 0.194609 -0.031778
vn 0.984215 0.176776 -0.008421
vn -0.087997 0.937746 0.335991
vn 0.980366 0.194609 -0.031778
vn -0.122993 0.992309 0.014005
vn -0.998785 -0.036160 0.033473
vn -0.129828 0.925353 -0.356182
vn -0.994597 -0.051568 -0.090103
vn -0.998785 -0.036160 0.033473
vn 0.063423 -0.933748 0.352266
vn 0.103194 -0.994563 -0.013949
vn 0.103194 -0.994563 -0.013949
vn 0.975689 0.217477 0.027087
vn 0.980366 0.194609 -0.031778
vn -0.122993 0.992309 0.014005
vn 0.975689 0.217477 0.027087
vn -0.129828 0.925353 -0.356182
vn -0.994597 -0.051568 -0.090103
vn -0.063723 0.775086 -0.628635
vn -0.970363 -0.146429 -0.192233
vn 0.063423 -0.933748 0.352266
vn -0.970363 -0.146429 -0.192233
vn 0.025370 -0.781740 0.623089
vn 0.063423 -0.933748 0.352266
vn 0.965173 0.228664 0.127097
vn 0.975689 0.217477 0.027087
vn 0.975689 0.217477 0.027087
vn -0.063723 0.775086 -0.628635
vn -0.129828 0.925353 -0.356182
vn -0.063723 0.775086 -0.628635
vn -0.967049 -0.179105 -0.180935
vn -0.970363 -0.146429 -0.192233
vn 0.025370 -0.781740 0.623089
vn -0.967049 -0.179105 -0.180935
vn 0.022135 -0.670866 0.741248
vn 0.965173 0.228664 0.127097
vn 0.022135 -0.670866 0.741248
vn 0.966777 0.204627 0.153201
vn 0.965173 0.228664 0.127097
vn 0.007896 0.677009 -0.735932
vn -0.063723 0.775086 -0.628635
vn 0.007896 0.677009 -0.735932
vn -0.988309 -0.105329 -0.110235
vn -0.967049 -0.179105 -0.180935
vn 0.022135 -0.670866 0.741248
vn -0.988309 -0.105329 -0.110235
vn 0.024499 -0.617964 0.785825
vn 0.966777 0.204627 0.153201
vn 0.024499 -0.617964 0.785825
vn 0.988512 0.121208 0.090287
vn 0.966777 0.204627 0.153201
vn 0.038312 0.625238 -0.779493
vn 0.007896 0.677009 -0.735932
vn -0.988309 -0.105329 -0.110235
vn 0.013051 0.583832 -0.811769
vn -0.996527 -0.052343 -0.064763
vn -0.988309 -0.105329 -0.110235
vn -0.013225 -0.583781 0.811803
vn 0.024499 -0.617964 0.785825
vn 0.024499 -0.617964 0.785825
vn 0.996755 0.062879 0.050264
vn 0.988512 0.121208 0.090287
vn 0.038312 0.625238 -0.779493
vn 0.996755 0.062879 0.050264
vn 0.013051 0.583832 -0.811769
vn 0.013051 0.583832 -0.811769
vn -0.996234 -0.049646 -0.071083
vn -0.996527 -0.052343 -0.064763
vn -0.996527 -0.052343 -0.064763
vn -0.017532 -0.538786 0.842261
vn -0.013225 -0.583781 0.811803
vn 0.996755 0.062879 0.050264
vn -0.017532 -0.538786 0.842261
vn 0.996827 0.066092 0.044360
vn 0.013051 0.583832 -0.811769
vn 0.996827 0.066092 0.044360
vn 0.017517 0.538238 -0.842611
vn 0.017517 0.538238 -0.842611
vn -0.991376 -0.032376 -0.126986
vn -0.996234 -0.049646 -0.071083
vn -0.996234 -0.049646 -0.071083
vn -0.033584 -0.360391 0.932197
vn -0.017532 -0.538786 0.842261
vn 0.996827 0.066092 0.044360
vn -0.033584 -0.360391 0.932197
vn 0.996330 0.084882 -0.011009
vn 0.017517 0.538238 -0.842611
vn 0.996330 0.084882 -0.011009
vn 0.032901 0.359614 -0.932521
vn 0.032901 0.359614 -0.932521
vn -0.988577 -0.058776 -0.138781
vn -0.991376 -0.032376 -0.126986
vn -0.991376 -0.032376 -0.126986
vn -0.057657 -0.023921 0.998050
vn -0.033584 -0.360391 0.932197
vn 0.996330 0.084882 -0.011009
vn -0.057657 -0.023921 0.998050
vn 0.997839 0.061829 -0.022216
vn 0.032901 0.359614 -0.932521
vn 0.997839 0.061829 -0.022216
vn 0.056838 0.022910 -0.998121
vn 0.056838 0.022910 -0.998121
vn -0.982065 -0.104510 -0.156929
vn -0.988577 -0.058776 -0.138781
vn -0.988577 -0.058776 -0.138781
vn -0.078684 0.389416 0.917695
vn -0.057657 -0.023921 0.998050
vn 0.997839 0.061829 -0.022216
vn -0.078684 0.389416 0.917695
vn 0.998938 0.019909 -0.041546
vn 0.056838 0.022910 -0.998121
vn 0.998938 0.019909 -0.041546
vn 0.077527 -0.389772 -0.917642
vn -0.982065 -0.104510 -0.156929
vn 0.083816 -0.599423 -0.796032
vn -0.984645 -0.117304 -0.129284
vn -0.078684 0.389416 0.917695
vn -0.984645 -0.117304 -0.129284
vn -0.084676 0.599920 0.795567
vn -0.078684 0.389416 0.917695
vn 0.999846 0.009627 -0.014637
vn 0.998938 0.019909 -0.041546
vn 0.998938 0.019909 -0.041546
vn 0.083816 -0.599423 -0.796032
vn 0.077527 -0.389772 -0.917642
vn -0.991444 -0.052439 -0.119535
vn 0.083916 -0.772922 -0.628927
vn -0.993909 -0.018691 -0.108612
vn -0.053973 0.765946 0.640636
vn -0.993909 -0.018691 -0.108612
vn -0.071107 0.774536 0.628520
vn -0.053973 0.765946 0.640636
vn 0.994979 0.009849 0.099597
vn 0.997714 -0.005582 0.067350
vn 0.997714 -0.005582 0.067350
vn 0.083916 -0.772922 -0.628927
vn 0.103263 -0.761985 -0.639309
vn -0.993909 -0.018691 -0.108612
vn 0.078172 -0.775594 -0.626374
vn -0.993484 -0.000054 -0.113975
vn -0.071107 0.774536 0.628520
vn -0.993484 -0.000054 -0.113975
vn -0.075866 0.775571 0.626685
vn -0.071107 0.774536 0.628520
vn 0.992710 0.007837 0.120271
vn 0.994979 0.009849 0.099597
vn 0.994979 0.009849 0.099597
vn 0.078172 -0.775594 -0.626374
vn 0.083916 -0.772922 -0.628927
vn -0.993484 -0.000054 -0.113975
vn 0.079541 -0.750526 -0.656037
vn -0.993976 0.005780 -0.109446
vn -0.075866 0.775571 0.626685
vn -0.993976 0.005780 -0.109446
vn -0.081241 0.750315 0.656069
vn -0.075866 0.775571 0.626685
vn 0.991958 0.012802 0.125922
vn 0.992710 0.007837 0.120271
vn 0.992710 0.007837 0.120271
vn 0.079541 -0.750526 -0.656037
vn 0.078172 -0.775594 -0.626374
vn -0.993976 0.005780 -0.109446
vn 0.083801 -0.694747 -0.714356
vn -0.995522 0.007079 -0.094269
vn -0.081241 0.750315 0.656069
vn -0.995522 0.007079 -0.094269
vn -0.089663 0.693609 0.714750
vn -0.081241 0.750315 0.656069
vn 0.991295 0.025664 0.129134
vn 0.991958 0.012802 0.125922
vn 0.991958 0.012802 0.125922
vn 0.083801 -0.694747 -0.714356
vn 0.079541 -0.750526 -0.656037
vn -0.995522 0.007079 -0.094269
vn 0.087796 -0.566338 -0.819484
vn -0.998447 0.000856 -0.055708
vn -0.089663 0.693609 0.714750
vn -0.998447 0.000856 -0.055708
vn -0.102226 0.561768 0.820954
vn -0.089663 0.693609 0.714750
vn 0.988604 0.054484 0.140333
vn 0.991295 0.025664 0.129134
vn 0.991295 0.025664 0.129134
vn 0.087796 -0.566338 -0.819484
vn 0.083801 -0.694747 -0.714356
vn -0.998447 0.000856 -0.055708
vn 0.090508 -0.290520 -0.952579
vn -0.999610 -0.027243 -0.006190
vn -0.102226 0.561768 0.820954
vn -0.999610 -0.027243 -0.006190
vn -0.101751 0.289398 0.951785
vn -0.102226 0.561768 0.820954
vn 0.983179 0.075669 0.166232
vn 0.988604 0.054484 0.140333
vn 0.988604 0.054484 0.140333
vn 0.090508 -0.290520 -0.952579
vn 0.087796 -0.566338 -0.819484
vn 0.090508 -0.290520 -0.952579
vn -0.997825 -0.060311 -0.026609
vn -0.999610 -0.027243 -0.006190
vn -0.999610 -0.027243 -0.006190
vn -0.081626 -0.023140 0.996394
vn -0.101751 0.289398 0.951785
vn 0.983179 0.075669 0.166232
vn -0.081626 -0.023140 0.996394
vn 0.988149 0.059551 0.141475
vn 0.090508 -0.290520 -0.952579
vn 0.988149 0.059551 0.141475
vn 0.085256 0.028041 -0.995965
vn 0.085256 0.028041 -0.995965
vn -0.996909 -0.061000 -0.049520
vn -0.997825 -0.060311 -0.026609
vn -0.997825 -0.060311 -0.026609
vn -0.068216 -0.230101 0.970773
vn -0.081626 -0.023140 0.996394
vn 0.988149 0.059551 0.141475
vn -0.068216 -0.230101 0.970773
vn 0.991995 0.045860 0.117656
vn 0.085256 0.028041 -0.995965
vn 0.991995 0.045860 0.117656
vn 0.070262 0.232373 -0.970086
vn 0.070262 0.232373 -0.970086
vn -0.996261 -0.055840 -0.065919
vn -0.996909 -0.061000 -0.049520
vn -0.996909 -0.061000 -0.049520
vn -0.060029 -0.343654 0.937176
vn -0.068216 -0.230101 0.970773
vn 0.991995 0.045860 0.117656
vn -0.060029 -0.343654 0.937176
vn 0.994081 0.044016 0.099331
vn 0.070262 0.232373 -0.970086
vn 0.994081 0.044016 0.099331
vn 0.061077 0.344494 -0.936800
vn 0.061077 0.344494 -0.936800
vn -0.995629 -0.049857 -0.078973
vn -0.996261 -0.055840 -0.065919
vn -0.996261 -0.055840 -0.065919
vn -0.056846 -0.387967 0.919918
vn -0.060029 -0.343654 0.937176
vn 0.994081 0.044016 0.099331
vn -0.056846 -0.387967 0.919918
vn 0.995237 0.047258 0.085259
vn 0.061077 0.344494 -0.936800
vn 0.995237 0.047258 0.085259
vn 0.057054 0.388066 -0.919864
vn 0.057054 0.388066 -0.919864
vn -0.994551 -0.044474 -0.094289
vn -0.995629 -0.049857 -0.078973
vn -0.995629 -0.049857 -0.078973
vn -0.058993 -0.368490 0.927758
vn -0.056846 -0.387967 0.919918
vn 0.995237 0.047258 0.085259
vn -0.058993 -0.368490 0.927758
vn 0.996060 0.053923 0.070404
vn 0.057054 0.388066 -0.919864
vn 0.996060 0.053923 0.070404
vn 0.058151 0.368453 -0.927826
vn -0.994551 -0.044474 -0.094289
vn 0.053326 0.344955 -0.937103
vn -0.994066 -0.065715 -0.086680
vn -0.058993 -0.368490 0.927758
vn -0.994066 -0.065715 -0.086680
vn -0.067906 -0.345835 0.935835
vn -0.058993 -0.368490 0.927758
vn 0.993845 0.064466 0.090092
vn 0.996060 0.053923 0.070404
vn 0.996060 0.053923 0.070404
vn 0.053326 0.344955 -0.937103
vn 0.058151 0.368453 -0.927826
vn -0.994066 -0.065715 -0.086680
vn 0.053005 0.368229 -0.928223
vn -0.991582 -0.093840 -0.089216
vn -0.067906 -0.345835 0.935835
vn -0.991582 -0.093840 -0.089216
vn -0.062823 -0.369131 0.927252
vn -0.067906 -0.345835 0.935835
vn 0.990487 0.086909 0.106685
vn 0.993845 0.064466 0.090092
vn 0.993845 0.064466 0.090092
vn 0.053005 0.368229 -0.928223
vn 0.053326 0.344955 -0.937103
vn 0.053005 0.368229 -0.928223
vn -0.989043 -0.106215 -0.102526
vn -0.991582 -0.093840 -0.089216
vn -0.991582 -0.093840 -0.089216
vn -0.057292 -0.391478 0.918402
vn -0.062823 -0.369131 0.927252
vn 0.990487 0.086909 0.106685
vn -0.057292 -0.391478 0.918402
vn 0.988865 0.104984 0.105476
vn 0.053005 0.368229 -0.928223
vn 0.988865 0.104984 0.105476
vn 0.052368 0.390979 -0.918908
vn 0.052368 0.390979 -0.918908
vn -0.987404 -0.114325 -0.109378
vn -0.989043 -0.106215 -0.102526
vn -0.989043 -0.106215 -0.102526
vn -0.056940 -0.391429 0.918445
vn -0.057292 -0.391478 0.918402
vn 0.988865 0.104984 0.105476
vn -0.056940 -0.391429 0.918445
vn 0.987582 0.115589 0.106402
vn 0.052368 0.390979 -0.918908
vn 0.987582 0.115589 0.106402
vn 0.052746 0.390936 -0.918905
vn 0.052746 0.390936 -0.918905
vn -0.985630 -0.122669 -0.116130
vn -0.987404 -0.114325 -0.109378
vn -0.987404 -0.114325 -0.109378
vn -0.059516 -0.378577 0.923654
vn -0.056940 -0.391429 0.918445
vn 0.987582 0.115589 0.106402
vn -0.059516 -0.378577 0.923654
vn 0.986174 0.126235 0.107361
vn 0.052746 0.390936 -0.918905
vn 0.986174 0.126235 0.107361
vn 0.054499 0.377918 -0.924234
vn 0.054499 0.377918 -0.924234
vn -0.982819 -0.134479 -0.126418
vn -0.985630 -0.122669 -0.116130
vn -0.985630 -0.122669 -0.116130
vn -0.066525 -0.348083 0.935101
vn -0.059516 -0.378577 0.923654
vn 0.986174 0.126235 0.107361
vn -0.066525 -0.348083 0.935101
vn 0.984098 0.141593 0.107252
vn 0.054499 0.377918 -0.924234
vn 0.984098 0.141593 0.107252
vn 0.058498 0.346958 -0.936055
vn -0.982819 -0.134479 -0.126418
vn 0.057798 0.328985 -0.942565
vn -0.978678 -0.163867 -0.123845
vn -0.066525 -0.348083 0.935101
vn -0.978678 -0.163867 -0.123845
vn -0.073781 -0.331681 0.940502
vn -0.066525 -0.348083 0.935101
vn 0.978425 0.162550 0.127525
vn 0.984098 0.141593 0.107252
vn 0.984098 0.141593 0.107252
vn 0.057798 0.328985 -0.942565
vn 0.058498 0.346958 -0.936055
vn -0.978678 -0.163867 -0.123845
vn 0.052146 0.361485 -0.930919
vn -0.972492 -0.197586 -0.123363
vn -0.073781 -0.331681 0.940502
vn -0.972492 -0.197586 -0.123363
vn -0.064301 -0.363901 0.929216
vn -0.073781 -0.331681 0.940502
vn 0.970873 0.187553 0.149097
vn 0.978425 0.162550 0.127525
vn 0.978425 0.162550 0.127525
vn 0.052146 0.361485 -0.930919
vn 0.057798 0.328985 -0.942565
vn 0.052146 0.361485 -0.930919
vn -0.966856 -0.214761 -0.138088
vn -0.972492 -0.197586 -0.123363
vn -0.972492 -0.197586 -0.123363
vn -0.050922 -0.404020 0.913332
vn -0.064301 -0.363901 0.929216
vn 0.970873 0.187553 0.149097
vn -0.050922 -0.404020 0.913332
vn 0.966235 0.209624 0.149828
vn 0.052146 0.361485 -0.930919
vn 0.966235 0.209624 0.149828
vn 0.044096 0.402572 -0.914326
vn 0.044096 0.402572 -0.914326
vn -0.963527 -0.223312 -0.147470
vn -0.966856 -0.214761 -0.138088
vn -0.966856 -0.214761 -0.138088
vn -0.044972 -0.418751 0.906987
vn -0.050922 -0.404020 0.913332
vn 0.966235 0.209624 0.149828
vn -0.044972 -0.418751 0.906987
vn 0.963418 0.222301 0.149692
vn 0.044096 0.402572 -0.914326
vn 0.963418 0.222301 0.149692
vn 0.041359 0.417928 -0.907538
vn 0.041359 0.417928 -0.907538
vn -0.961875 -0.225664 -0.154505
vn -0.963527 -0.223312 -0.147470
vn -0.963527 -0.223312 -0.147470
vn -0.045435 -0.412494 0.909827
vn -0.044972 -0.418751 0.906987
vn 0.963418 0.222301 0.149692
vn -0.045435 -0.412494 0.909827
vn 0.962272 0.229156 0.146696
vn 0.041359 0.417928 -0.907538
vn 0.962272 0.229156 0.146696
vn 0.044518 0.412220 -0.909996
vn 0.044518 0.412220 -0.909996
vn -0.961752 -0.220563 -0.162435
vn -0.961875 -0.225664 -0.154505
vn -0.961875 -0.225664 -0.154505
vn -0.054189 -0.376816 0.924702
vn -0.045435 -0.412494 0.909827
vn 0.962272 0.229156 0.146696
vn -0.054189 -0.376816 0.924702
vn 0.963307 0.230624 0.137306
vn 0.044518 0.412220 -0.909996
vn 0.963307 0.230624 0.137306
vn 0.056925 0.377195 -0.924383
vn 0.056925 0.377195 -0.924383
vn -0.961311 -0.213395 -0.174194
vn -0.961752 -0.220563 -0.162435
vn -0.961752 -0.220563 -0.162435
vn -0.059892 -0.348874 0.935254
vn -0.054189 -0.376816 0.924702
vn 0.963307 0.230624 0.137306
vn -0.059892 -0.348874 0.935254
vn 0.964845 0.232188 0.123138
vn 0.056925 0.377195 -0.924383
vn 0.964845 0.232188 0.123138
vn 0.067311 0.350168 -0.934265
vn -0.992379 -0.047154 -0.113841
vn -0.988945 -0.056747 -0.136999
vn -0.988906 -0.056845 -0.137236
vn -0.000000 -0.960047 0.279838
vn 0.020523 -0.944324 0.328375
vn 0.000000 -0.945587 0.325370
vn -0.016889 0.894788 -0.446172
vn 0.000001 0.866597 -0.499008
vn 0.000001 0.897248 -0.441527
vn -0.034088 0.925945 -0.376117
vn 0.000001 0.897248 -0.441527
vn 0.000000 0.926097 -0.377286
vn 0.000000 -0.945587 0.325370
vn 0.034086 -0.925945 0.376117
vn -0.000000 -0.926097 0.377286
vn -0.988906 -0.056845 -0.137236
vn -0.969834 -0.093285 -0.225212
vn -0.970133 -0.092828 -0.224108
vn -0.989953 -0.130635 -0.054110
vn -0.992727 -0.111222 -0.046070
vn -0.989938 -0.130729 -0.054150
vn -0.000001 -0.493171 0.869933
vn -0.000000 -0.443835 0.896109
vn -0.000000 -0.438757 0.898606
vn 0.000000 0.328012 -0.944674
vn 0.000000 0.281692 -0.959505
vn 0.000000 0.332665 -0.943045
vn 0.000000 0.382684 -0.923880
vn 0.000000 0.332665 -0.943045
vn 0.000000 0.382683 -0.923880
vn -0.000000 -0.438757 0.898606
vn -0.000001 -0.382684 0.923880
vn -0.000001 -0.382684 0.923880
vn -0.965107 -0.241924 -0.100208
vn -0.989938 -0.130729 -0.054150
vn -0.965107 -0.241925 -0.100209
vn -0.950800 -0.118557 -0.286223
vn -0.969834 -0.093285 -0.225212
vn -0.950800 -0.118557 -0.286223
vn -0.000000 -0.926097 0.377286
vn 0.014730 -0.926405 0.376241
vn 0.000000 -0.923880 0.382682
vn -0.014727 0.926404 -0.376242
vn 0.000000 0.926097 -0.377286
vn 0.000002 0.923879 -0.382684
vn -0.934062 -0.329928 -0.136660
vn -0.965107 -0.241925 -0.100209
vn -0.934062 -0.329929 -0.136661
vn -0.000001 -0.382684 0.923880
vn -0.000001 -0.382684 0.923879
vn -0.000002 -0.382684 0.923879
vn 0.000000 0.382683 -0.923880
vn 0.000000 0.382683 -0.923880
vn 0.000000 0.382682 -0.923880
vn -0.797288 -0.036746 -0.602479
vn -0.989253 -0.104297 -0.102471
vn -0.804192 0.340100 -0.487449
vn -0.639736 0.356249 -0.681047
vn -0.792857 0.290559 -0.535680
vn -0.537012 0.522190 -0.662523
vn -0.495570 -0.727614 0.474330
vn -0.789342 -0.335527 0.514160
vn -0.769948 -0.584772 0.255387
vn -0.767045 -0.547736 0.334107
vn -0.999636 0.001830 0.026905
vn -0.959939 -0.210649 -0.184781
vn -0.887511 -0.295006 -0.353972
vn -0.491327 -0.831874 -0.258036
vn -0.769941 -0.584767 0.255418
vn -0.562674 -0.506907 -0.653026
vn -0.113849 -0.822663 -0.557013
vn -0.489550 -0.847148 -0.206595
vn -0.720958 -0.691775 0.040827
vn -0.381547 -0.922267 -0.062009
vn -0.511389 -0.722537 0.465211
vn -0.510501 -0.786873 -0.346727
vn -0.062654 -0.838707 -0.540967
vn -0.322917 -0.945724 -0.036487
vn -0.381254 -0.183184 -0.906140
vn -0.720678 -0.050647 -0.691418
vn -0.510927 0.365860 -0.777882
vn -0.062554 -0.647034 -0.759891
vn -0.510342 -0.447496 -0.734369
vn -0.322580 -0.161030 -0.932744
vn -0.491085 -0.365531 -0.790710
vn -0.887541 -0.389548 -0.246013
vn -0.769633 0.176175 -0.613701
vn -0.113737 -0.660782 -0.741910
vn -0.562720 -0.714092 -0.416435
vn -0.489297 -0.316552 -0.812640
vn -0.073358 -0.824472 -0.561128
vn -0.172228 -0.741107 -0.648921
vn -0.073294 -0.665110 -0.743139
vn 0.000000 -0.923879 -0.382684
vn 0.000000 -0.382685 -0.923879
vn -0.000001 -0.382687 -0.923878
vn 0.000000 -0.923881 0.382680
vn 0.000000 -0.923879 -0.382685
vn 0.000000 -0.923879 -0.382684
vn 0.000000 -0.382683 0.923880
vn 0.000000 -0.923880 0.382681
vn 0.000000 -0.923881 0.382680
vn 0.000000 0.382685 0.923879
vn 0.000000 -0.382682 0.923880
vn 0.000000 -0.382683 0.923880
vn 0.000000 0.923879 0.382684
vn 0.000000 0.382684 0.923879
vn 0.000000 0.382685 0.923879
vn -0.000001 0.923879 -0.382685
vn 0.000000 0.923879 0.382684
vn 0.000000 0.923879 0.382684
vn -1.000000 0.000000 0.000001
vn -1.000000 0.000000 -0.000000
vn -1.000000 0.000000 0.000000
vn -0.000001 0.923879 -0.382685
vn -0.000002 0.382681 -0.923881
vn 0.000000 0.923879 -0.382685
vn -0.000001 -0.382687 -0.923878
vn -0.000002 0.382681 -0.923881
vn -0.000003 0.382680 -0.923881
vn 0.000000 1.000000 -0.000001
vn 0.000000 0.980785 -0.195091
vn 0.000000 0.980785 -0.195092
vn 0.000000 -0.195090 0.980785
vn 0.000000 0.000000 1.000000
vn -0.000000 0.000000 1.000000
vn -0.000003 -0.980785 -0.195090
vn -0.000001 -0.923879 -0.382684
vn -0.000002 -0.980785 -0.195090
vn 0.000000 0.980785 0.195089
vn 0.000000 1.000000 -0.000001
vn 0.000000 1.000000 -0.000001
vn 0.000000 -0.382684 0.923879
vn 0.000000 -0.195090 0.980785
vn 0.000000 -0.195090 0.980785
vn -0.000001 -0.923880 -0.382684
vn -0.000000 -0.831470 -0.555570
vn -0.000001 -0.923879 -0.382684
vn 0.000000 0.923880 0.382683
vn 0.000000 0.980785 0.195089
vn 0.000000 0.980785 0.195089
vn 0.000000 -0.555570 0.831470
vn -0.000000 -0.382683 0.923880
vn 0.000000 -0.382684 0.923879
vn -0.000001 -1.000000 0.000000
vn -0.000002 -0.980785 -0.195090
vn 0.000000 -1.000000 0.000000
vn -0.000001 -1.000000 0.000000
vn -0.000002 -0.980785 0.195090
vn -0.000003 -0.980785 0.195090
vn -0.000000 0.000000 1.000000
vn 0.000000 0.195091 0.980785
vn 0.000000 0.195091 0.980785
vn 0.000000 0.195091 0.980785
vn 0.000000 0.382683 0.923880
vn 0.000000 0.382683 0.923880
vn 0.000000 -0.000001 -1.000000
vn 0.000000 0.195089 -0.980786
vn 0.000000 -0.000001 -1.000000
vn -0.000000 -0.195091 -0.980785
vn 0.000000 -0.000001 -1.000000
vn -0.000000 -0.195091 -0.980785
vn 0.000000 0.980785 -0.195092
vn 0.000000 0.923879 -0.382684
vn 0.000000 0.923879 -0.382684
vn 0.000000 0.923879 -0.382684
vn 0.000000 0.831469 -0.555571
vn 0.000000 0.831469 -0.555571
vn -0.000003 -0.980785 0.195090
vn -0.000001 -0.923880 0.382683
vn -0.000001 -0.923880 0.382683
vn 0.000000 0.382683 0.923880
vn 0.000000 0.555571 0.831469
vn 0.000000 0.555571 0.831469
vn 0.000000 0.707106 -0.707108
vn 0.000000 0.831469 -0.555571
vn 0.000000 0.707106 -0.707108
vn 0.000000 -0.382683 -0.923880
vn -0.000000 -0.195091 -0.980785
vn 0.000000 -0.382683 -0.923880
vn -0.000001 -0.923880 0.382683
vn -0.000000 -0.831470 0.555570
vn -0.000001 -0.831469 0.555570
vn 0.000000 0.555571 0.831469
vn 0.000000 0.707107 0.707106
vn 0.000000 0.707107 0.707106
vn 0.000000 0.555569 -0.831470
vn 0.000000 0.707106 -0.707108
vn 0.000000 0.555570 -0.831470
vn -0.000001 -0.555570 -0.831470
vn 0.000000 -0.382683 -0.923880
vn -0.000001 -0.555570 -0.831470
vn -0.000003 -0.707106 0.707107
vn -0.000000 -0.555570 0.831470
vn 0.000000 -0.555570 0.831470
vn -0.000001 -0.831469 0.555570
vn -0.000001 -0.707106 0.707107
vn -0.000003 -0.707106 0.707107
vn 0.000000 0.831470 0.555569
vn 0.000000 0.923880 0.382683
vn 0.000000 0.923880 0.382683
vn 0.000000 0.707107 0.707106
vn 0.000000 0.831470 0.555570
vn 0.000000 0.831470 0.555569
vn 0.000000 0.195089 -0.980786
vn 0.000000 0.382682 -0.923880
vn 0.000000 0.195089 -0.980786
vn 0.000000 0.555569 -0.831470
vn 0.000000 0.382682 -0.923880
vn 0.000000 0.382682 -0.923880
vn -0.000000 -0.831469 -0.555570
vn -0.000000 -0.707107 -0.707107
vn -0.000000 -0.831470 -0.555570
vn -0.000001 -0.707107 -0.707107
vn -0.000001 -0.555570 -0.831470
vn -0.000000 -0.707107 -0.707107
vn 0.000000 1.000000 -0.000001
vn 0.000000 1.000000 -0.000001
vn 0.000000 0.980785 -0.195092
vn 0.000000 0.707107 -0.707107
vn 0.000000 0.707107 -0.707107
vn 0.000000 0.831470 -0.555570
vn 0.000000 0.555570 -0.831470
vn 0.000000 0.555570 -0.831470
vn 0.000000 0.707107 -0.707107
vn 0.000000 0.382683 -0.923880
vn 0.000000 0.382683 -0.923880
vn 0.000000 0.555570 -0.831470
vn 0.000000 0.195089 -0.980786
vn 0.000000 0.195089 -0.980785
vn 0.000000 0.382683 -0.923880
vn 0.000000 -0.000001 -1.000000
vn 0.000000 -0.000000 -1.000000
vn 0.000000 0.195089 -0.980785
vn 0.000000 -0.195090 -0.980785
vn 0.000000 -0.195090 -0.980785
vn 0.000000 -0.000000 -1.000000
vn 0.000000 -0.382684 -0.923879
vn 0.000000 -0.382684 -0.923879
vn 0.000000 -0.195090 -0.980785
vn 0.000000 -0.555571 -0.831469
vn 0.000000 -0.555571 -0.831469
vn 0.000000 -0.382684 -0.923879
vn 0.000000 -0.707107 -0.707106
vn 0.000000 -0.707107 -0.707106
vn 0.000000 -0.555571 -0.831469
vn 0.000000 -0.831470 -0.555570
vn 0.000000 -0.831470 -0.555569
vn 0.000000 -0.707107 -0.707106
vn 0.000000 -0.923880 -0.382683
vn 0.000000 -0.923880 -0.382683
vn 0.000000 -0.831470 -0.555569
vn 0.000000 -0.980785 -0.195090
vn 0.000000 -0.980785 -0.195090
vn 0.000000 -0.923880 -0.382683
vn 0.000000 -1.000000 0.000001
vn 0.000000 -1.000000 0.000001
vn 0.000000 -0.980785 -0.195090
vn 0.000000 -0.980785 0.195092
vn 0.000000 -0.980785 0.195092
vn 0.000000 -1.000000 0.000001
vn 1.000000 0.000000 0.000000
vn 1.000000 0.000000 0.000000
vn 1.000000 0.000000 0.000000
vn 1.000000 0.000000 0.000000
vn 1.000000 0.000000 0.000000
vn 1.000000 0.000000 0.000000
vn 1.000000 0.000000 0.000000
vn 1.000000 0.000000 0.000000
vn 1.000000 0.000000 0.000000
vn 1.000000 0.000000 0.000000
vn 1.000000 0.000000 0.000000
vn 1.000000 0.000000 0.000000
vn 1.000000 0.000000 0.000000
vn 1.000000 0.000000 0.000000
vn 1.000000 0.000000 0.000000
vn 1.000000 0.000000 0.000000
vn 1.000000 0.000000 0.000000
vn 1.000000 0.000000 0.000000
vn 1.000000 0.000000 0.000000
vn 1.000000 0.000000 0.000000
vn 1.000000 0.000000 0.000000
vn 1.000000 0.000000 0.000000
vn 1.000000 0.000000 0.000000
vn 1.000000 0.000000 0.000000
vn 1.000000 0.000000 0.000000
vn 1.000000 0.000000 0.000000
vn 1.000000 0.000000 0.000000
vn 1.000000 0.000000 0.000000
vn 1.000000 0.000000 0.000000
vn 1.000000 0.000000 0.000000
vn 1.000000 0.000000 0.000000
vn 1.000000 0.000000 0.000000
vn 1.000000 0.000000 0.000000
vn 1.000000 0.000000 0.000000
vn 1.000000 0.000000 0.000000
vn 1.000000 0.000000 0.000000
vn 1.000000 0.000000 0.000000
vn 1.000000 0.000000 0.000000
vn 1.000000 0.000000 0.000000
vn 1.000000 0.000000 0.000000
vn 1.000000 0.000000 0.000000
vn 1.000000 0.000000 0.000000
vn 1.000000 0.000000 0.000000
vn 1.000000 0.000000 0.000000
vn 1.000000 0.000000 0.000000
vn 1.000000 0.000000 0.000000
vn 1.000000 0.000000 0.000000
vn 1.000000 0.000000 0.000000
vn 1.000000 0.000000 0.000000
vn 1.000000 0.000000 0.000000
vn 1.000000 0.000000 0.000000
vn 1.000000 0.000000 0.000000
vn 1.000000 0.000000 0.000000
vn 1.000000 0.000000 0.000000
vn 1.000000 0.000000 0.000000
vn 1.000000 0.000000 0.000000
vn 1.000000 0.000000 0.000000
vn 1.000000 0.000000 0.000000
vn 1.000000 0.000000 0.000000
vn 1.000000 0.000000 0.000000
vn 1.000000 0.000000 0.000000
vn 1.000000 0.000000 0.000000
vn 1.000000 0.000000 0.000000
vn 1.000000 0.000000 0.000000
vn 1.000000 0.000000 0.000000
vn 1.000000 0.000000 0.000000
vn 1.000000 0.000000 0.000000
vn 1.000000 0.000000 0.000000
vn 1.000000 0.000000 0.000000
vn 1.000000 0.000000 0.000000
vn 1.000000 0.000000 0.000000
vn 1.000000 0.000000 0.000000
vn 1.000000 0.000000 0.000000
vn 1.000000 0.000000 0.000000
vn 1.000000 0.000000 0.000000
vn 1.000000 0.000000 0.000000
vn 1.000000 0.000000 0.000000
vn 1.000000 0.000000 0.000000
vn 1.000000 0.000000 0.000000
vn 1.000000 0.000000 0.000000
vn 1.000000 0.000000 0.000000
vn 1.000000 0.000000 0.000000
vn 1.000000 0.000000 0.000000
vn 1.000000 0.000000 0.000000
vn 1.000000 0.000000 0.000000
vn 1.000000 0.000000 0.000000
vn 1.000000 0.000000 0.000000
vn 1.000000 0.000000 0.000000
vn 1.000000 0.000000 0.000000
vn 1.000000 0.000000 0.000000
vn 1.000000 0.000000 0.000000
vn 1.000000 0.000000 0.000000
vn 1.000000 0.000000 0.000000
vn 1.000000 0.000000 0.000000
vn 1.000000 0.000000 0.000000
vn 1.000000 0.000000 0.000000
vn 0.000000 0.831470 -0.555570
vn 0.000000 0.831470 -0.555570
vn 0.000000 0.923880 -0.382684
vn 0.000000 0.923879 -0.382684
vn 0.000000 0.923880 -0.382684
vn 0.000000 0.980785 -0.195090
vn 0.000000 0.980785 -0.195090
vn 0.000000 0.980785 -0.195090
vn 0.000000 1.000000 0.000000
vn 0.000000 1.000000 0.000000
vn 0.000000 1.000000 0.000000
vn 0.000000 0.980785 0.195091
vn 0.000000 0.195090 0.980785
vn 0.000000 0.195090 0.980785
vn 0.000000 0.000001 1.000000
vn 0.000000 0.980785 0.195091
vn 0.000000 0.980785 0.195091
vn 0.000000 0.923879 0.382684
vn 0.000000 0.382684 0.923880
vn 0.000000 0.382684 0.923879
vn 0.000000 0.195090 0.980785
vn 0.000000 0.923879 0.382684
vn 0.000000 0.923879 0.382684
vn 0.000000 0.831470 0.555570
vn 0.000000 0.000001 1.000000
vn 0.000000 0.000001 1.000000
vn 0.000000 -0.195089 0.980786
vn 0.000000 0.831470 0.555570
vn 0.000000 0.831470 0.555570
vn 0.000000 0.707107 0.707107
vn 0.000000 -0.195089 0.980785
vn 0.000000 -0.195089 0.980786
vn 0.000000 -0.382682 0.923880
vn 0.000000 0.707107 0.707107
vn 0.000000 0.707107 0.707107
vn 0.000000 0.555570 0.831470
vn 0.000000 -0.382682 0.923880
vn 0.000000 -0.382682 0.923880
vn 0.000000 -0.555569 0.831470
vn 0.000000 0.555570 0.831470
vn 0.000000 0.555570 0.831470
vn 0.000000 0.382684 0.923879
vn 0.000000 -0.555569 0.831470
vn 0.000000 -0.555569 0.831470
vn 0.000000 -0.707106 0.707108
vn 0.000000 -0.707106 0.707108
vn 0.000000 -0.707106 0.707108
vn 0.000000 -0.831469 0.555571
vn 0.000000 -0.831469 0.555571
vn 0.000000 -0.831469 0.555571
vn 0.000000 -0.923879 0.382684
vn 0.000000 -0.923879 0.382684
vn 0.000000 -0.923879 0.382684
vn 0.000000 -0.980785 0.195092
vn 0.993444 -0.022302 -0.112121
vn 0.993444 0.000000 -0.114317
vn 0.998256 0.000000 -0.059039
vn 0.993444 0.022302 -0.112121
vn 0.998256 0.011518 -0.057905
vn 0.998256 0.000000 -0.059039
vn 0.993444 0.022302 -0.112121
vn 0.993444 0.043747 -0.105616
vn 0.998256 0.022593 -0.054545
vn 0.993444 0.063511 -0.095051
vn 0.998256 0.032800 -0.049090
vn 0.998256 0.022593 -0.054545
vn 0.993444 0.063511 -0.095051
vn 0.993444 0.080834 -0.080835
vn 0.998256 0.041747 -0.041747
vn 0.993444 0.095051 -0.063511
vn 0.998256 0.049089 -0.032801
vn 0.998256 0.041747 -0.041747
vn 0.993444 0.105615 -0.043747
vn 0.998256 0.054545 -0.022593
vn 0.998256 0.049089 -0.032801
vn 0.993444 0.112121 -0.022302
vn 0.998256 0.057905 -0.011518
vn 0.998256 0.054545 -0.022593
vn 0.993444 0.112121 -0.022302
vn 0.993444 0.114317 -0.000000
vn 0.998256 0.059039 0.000000
vn 0.993444 0.112121 0.022302
vn 0.998256 0.057905 0.011518
vn 0.998256 0.059039 0.000000
vn 0.993444 0.105615 0.043747
vn 0.998256 0.054545 0.022593
vn 0.998256 0.057905 0.011518
vn 0.993444 0.105615 0.043747
vn 0.993444 0.095051 0.063511
vn 0.998256 0.049090 0.032801
vn 0.993444 0.080835 0.080835
vn 0.998256 0.041747 0.041747
vn 0.998256 0.049090 0.032801
vn 0.993444 0.063511 0.095051
vn 0.998256 0.032801 0.049089
vn 0.998256 0.041747 0.041747
vn 0.993444 0.063511 0.095051
vn 0.993444 0.043747 0.105615
vn 0.998256 0.022593 0.054545
vn 0.993444 0.043747 0.105615
vn 0.993444 0.022302 0.112121
vn 0.998256 0.011518 0.057905
vn 0.993444 0.000000 0.114317
vn 0.998256 0.000000 0.059040
vn 0.998256 0.011518 0.057905
vn 0.993444 -0.022302 0.112121
vn 0.998256 -0.011518 0.057905
vn 0.998256 0.000000 0.059040
vn 0.993444 -0.022302 0.112121
vn 0.993444 -0.043747 0.105615
vn 0.998256 -0.022593 0.054545
vn 0.993444 -0.043747 0.105615
vn 0.993444 -0.063511 0.095051
vn 0.998256 -0.032801 0.049089
vn 0.993444 -0.063511 0.095051
vn 0.993444 -0.080835 0.080835
vn 0.998256 -0.041747 0.041747
vn 0.993444 -0.080835 0.080835
vn 0.993444 -0.095051 0.063511
vn 0.998256 -0.049089 0.032801
vn 0.993444 -0.105615 0.043747
vn 0.998256 -0.054545 0.022593
vn 0.998256 -0.049089 0.032801
vn 0.993444 -0.112121 0.022302
vn 0.998256 -0.057905 0.011518
vn 0.998256 -0.054545 0.022593
vn 0.993444 -0.112121 0.022302
vn 0.993444 -0.114317 0.000000
vn 0.998256 -0.059039 0.000000
vn 0.993444 -0.114317 0.000000
vn 0.993444 -0.112121 -0.022302
vn 0.998256 -0.057905 -0.011518
vn 0.993444 -0.105616 -0.043747
vn 0.998256 -0.054545 -0.022593
vn 0.998256 -0.057905 -0.011518
vn 0.993444 -0.095051 -0.063511
vn 0.998256 -0.049089 -0.032800
vn 0.998256 -0.054545 -0.022593
vn 0.993444 -0.095051 -0.063511
vn 0.993444 -0.080835 -0.080834
vn 0.998256 -0.041747 -0.041747
vn 0.993444 -0.080835 -0.080834
vn 0.993444 -0.063511 -0.095051
vn 0.998256 -0.032801 -0.049089
vn 0.993444 -0.063511 -0.095051
vn 0.993444 -0.043747 -0.105615
vn 0.998256 -0.022593 -0.054545
vn 0.993444 -0.022302 -0.112121
vn 0.998256 -0.011518 -0.057905
vn 0.998256 -0.022593 -0.054545
vn 0.000000 0.707107 -0.707107
vn 0.000000 0.707107 -0.707107
vn 0.000000 0.555570 -0.831470
vn 0.000000 -0.923880 0.382683
vn 0.000000 -0.923880 0.382683
vn 0.000000 -0.831469 0.555571
vn 0.000000 0.980785 0.195090
vn 0.000000 0.980785 0.195090
vn 0.000000 1.000000 -0.000001
vn 0.000000 -0.980785 0.195090
vn 0.000000 -0.980785 0.195090
vn 0.000000 -0.923880 0.382683
vn 0.000000 0.923880 0.382683
vn 0.000000 0.923880 0.382683
vn 0.000000 0.980785 0.195090
vn 0.000000 -1.000000 0.000000
vn 0.000000 -1.000000 0.000000
vn 0.000000 -0.980785 0.195090
vn 0.000000 0.831470 0.555570
vn 0.000000 0.831470 0.555570
vn 0.000000 0.923880 0.382683
vn 0.000000 -0.980785 -0.195091
vn 0.000000 -0.980785 -0.195091
vn 0.000000 -1.000000 0.000000
vn 0.000000 0.707107 0.707107
vn 0.000000 0.707107 0.707106
vn 0.000000 0.831470 0.555570
vn 0.000000 -0.000001 -1.000000
vn 0.000000 -0.000001 -1.000000
vn 0.000000 -0.195090 -0.980785
vn 0.000000 -0.923879 -0.382684
vn 0.000000 -0.923879 -0.382684
vn 0.000000 -0.980785 -0.195091
vn 0.000000 0.555571 0.831469
vn 0.000000 0.555571 0.831469
vn 0.000000 0.707107 0.707106
vn 0.000000 -0.195090 -0.980785
vn 0.000000 -0.195090 -0.980785
vn 0.000000 -0.382683 -0.923880
vn 0.000000 -0.831469 -0.555571
vn 0.000000 -0.831469 -0.555570
vn 0.000000 -0.923879 -0.382684
vn 0.000000 0.382684 0.923879
vn 0.000000 0.382684 0.923879
vn 0.000000 0.555571 0.831469
vn 0.000000 0.195089 -0.980786
vn 0.000000 0.195089 -0.980786
vn 0.000000 -0.000001 -1.000000
vn 0.000000 -0.707107 -0.707107
vn 0.000000 -0.707107 -0.707107
vn 0.000000 -0.831469 -0.555570
vn 0.000000 0.195090 0.980785
vn 0.000000 0.195090 0.980785
vn 0.000000 0.382684 0.923879
vn 0.000000 0.382683 -0.923880
vn 0.000000 0.382682 -0.923880
vn 0.000000 0.195089 -0.980786
vn 0.000000 -0.555570 -0.831470
vn 0.000000 -0.555570 -0.831470
vn 0.000000 -0.707107 -0.707107
vn 0.000000 0.195090 0.980785
vn 0.000000 0.000000 1.000000
vn 0.000000 0.000000 1.000000
vn 0.000000 0.555569 -0.831470
vn 0.000000 0.555569 -0.831470
vn 0.000000 0.382682 -0.923880
vn 0.000000 -0.382683 -0.923880
vn 0.000000 -0.382683 -0.923880
vn 0.000000 -0.555570 -0.831470
vn 0.000000 -0.195090 0.980785
vn 0.000000 -0.195090 0.980785
vn 0.000000 0.000000 1.000000
vn 0.000000 0.707106 -0.707108
vn 0.000000 0.707106 -0.707108
vn 0.000000 0.555569 -0.831470
vn 0.000000 -0.382683 0.923880
vn 0.000000 -0.382683 0.923880
vn 0.000000 -0.195090 0.980785
vn 0.000000 0.831469 -0.555571
vn 0.000000 0.831469 -0.555571
vn 0.000000 0.707106 -0.707108
vn 0.000000 -0.555570 0.831470
vn 0.000000 -0.555570 0.831470
vn 0.000000 -0.382683 0.923880
vn 0.000000 0.923879 -0.382684
vn 0.000000 0.923879 -0.382684
vn 0.000000 0.831469 -0.555571
vn 0.000000 -0.707107 0.707107
vn 0.000000 -0.707107 0.707107
vn 0.000000 -0.555570 0.831470
vn 0.000000 0.980785 -0.195092
vn 0.000000 0.980785 -0.195092
vn 0.000000 0.923879 -0.382684
vn 0.000000 -0.831469 0.555570
vn 0.000000 -0.831469 0.555571
vn 0.000000 -0.707107 0.707107
vn 0.925558 -0.073862 -0.371331
vn 0.960318 -0.054412 -0.273548
vn 0.960318 -0.106733 -0.257676
vn 0.960318 -0.054412 -0.273548
vn 0.993444 -0.022302 -0.112121
vn 0.993444 -0.043747 -0.105615
vn 0.925558 -0.144886 -0.349786
vn 0.960318 -0.106733 -0.257676
vn 0.960318 -0.154952 -0.231903
vn 0.960318 -0.106733 -0.257676
vn 0.993444 -0.043747 -0.105615
vn 0.993444 -0.063511 -0.095051
vn 0.925558 -0.210342 -0.314799
vn 0.960318 -0.154952 -0.231903
vn 0.960318 -0.197217 -0.197217
vn 0.960318 -0.197217 -0.197217
vn 0.960318 -0.154952 -0.231903
vn 0.993444 -0.063511 -0.095051
vn 0.925558 -0.314798 -0.210342
vn 0.925558 -0.267714 -0.267715
vn 0.960318 -0.197217 -0.197217
vn 0.960318 -0.197217 -0.197217
vn 0.993444 -0.080835 -0.080834
vn 0.993444 -0.095051 -0.063511
vn 0.925558 -0.314798 -0.210342
vn 0.960318 -0.231902 -0.154952
vn 0.960318 -0.257676 -0.106733
vn 0.960318 -0.231902 -0.154952
vn 0.993444 -0.095051 -0.063511
vn 0.993444 -0.105616 -0.043747
vn 0.925558 -0.349786 -0.144886
vn 0.960318 -0.257676 -0.106733
vn 0.960318 -0.273548 -0.054412
vn 0.960318 -0.257676 -0.106733
vn 0.993444 -0.105616 -0.043747
vn 0.993444 -0.112121 -0.022302
vn 0.925558 -0.378605 0.000000
vn 0.925558 -0.371331 -0.073862
vn 0.960318 -0.273548 -0.054412
vn 0.960318 -0.278907 0.000000
vn 0.960318 -0.273548 -0.054412
vn 0.993444 -0.112121 -0.022302
vn 0.925558 -0.371330 0.073862
vn 0.925558 -0.378605 0.000000
vn 0.960318 -0.278907 0.000000
vn 0.960318 -0.278907 0.000000
vn 0.993444 -0.114317 0.000000
vn 0.993444 -0.112121 0.022302
vn 0.925558 -0.371330 0.073862
vn 0.960318 -0.273547 0.054412
vn 0.960318 -0.257676 0.106733
vn 0.960318 -0.273547 0.054412
vn 0.993444 -0.112121 0.022302
vn 0.993444 -0.105615 0.043747
vn 0.925558 -0.314799 0.210342
vn 0.925558 -0.349786 0.144886
vn 0.960318 -0.257676 0.106733
vn 0.960318 -0.231903 0.154952
vn 0.960318 -0.257676 0.106733
vn 0.993444 -0.105615 0.043747
vn 0.925558 -0.314799 0.210342
vn 0.960318 -0.231903 0.154952
vn 0.960318 -0.197217 0.197217
vn 0.960318 -0.231903 0.154952
vn 0.993444 -0.095051 0.063511
vn 0.993444 -0.080835 0.080835
vn 0.925558 -0.210342 0.314799
vn 0.925558 -0.267714 0.267714
vn 0.960318 -0.197217 0.197217
vn 0.960318 -0.154952 0.231903
vn 0.960318 -0.197217 0.197217
vn 0.993444 -0.080835 0.080835
vn 0.925558 -0.210342 0.314799
vn 0.960318 -0.154952 0.231903
vn 0.960318 -0.106733 0.257676
vn 0.960318 -0.154952 0.231903
vn 0.993444 -0.063511 0.095051
vn 0.993444 -0.043747 0.105615
vn 0.925558 -0.073862 0.371331
vn 0.925558 -0.144886 0.349786
vn 0.960318 -0.106733 0.257676
vn 0.960318 -0.106733 0.257676
vn 0.993444 -0.043747 0.105615
vn 0.993444 -0.022302 0.112121
vn 0.925558 0.000000 0.378605
vn 0.925558 -0.073862 0.371331
vn 0.960318 -0.054412 0.273548
vn 0.960318 -0.054412 0.273548
vn 0.993444 -0.022302 0.112121
vn 0.993444 0.000000 0.114317
vn 0.925558 0.000000 0.378605
vn 0.960318 0.000000 0.278907
vn 0.960318 0.054412 0.273548
vn 0.960318 0.000000 0.278907
vn 0.993444 0.000000 0.114317
vn 0.993444 0.022302 0.112121
vn 0.925558 0.144886 0.349786
vn 0.925558 0.073862 0.371331
vn 0.960318 0.054412 0.273548
vn 0.960318 0.106733 0.257676
vn 0.960318 0.054412 0.273548
vn 0.993444 0.022302 0.112121
vn 0.925558 0.144886 0.349786
vn 0.960318 0.106733 0.257676
vn 0.960318 0.154952 0.231902
vn 0.960318 0.154952 0.231902
vn 0.960318 0.106733 0.257676
vn 0.993444 0.043747 0.105615
vn 0.925558 0.210342 0.314799
vn 0.960318 0.154952 0.231902
vn 0.960318 0.197217 0.197217
vn 0.960318 0.154952 0.231902
vn 0.993444 0.063511 0.095051
vn 0.993444 0.080835 0.080835
vn 0.925558 0.314799 0.210341
vn 0.925558 0.267715 0.267714
vn 0.960318 0.197217 0.197217
vn 0.960318 0.197217 0.197217
vn 0.993444 0.080835 0.080835
vn 0.993444 0.095051 0.063511
vn 0.925558 0.349786 0.144886
vn 0.925558 0.314799 0.210341
vn 0.960318 0.231903 0.154952
vn 0.960318 0.257676 0.106733
vn 0.960318 0.231903 0.154952
vn 0.993444 0.095051 0.063511
vn 0.925558 0.349786 0.144886
vn 0.960318 0.257676 0.106733
vn 0.960318 0.273548 0.054412
vn 0.960318 0.257676 0.106733
vn 0.993444 0.105615 0.043747
vn 0.993444 0.112121 0.022302
vn 0.925558 0.371331 0.073862
vn 0.960318 0.273548 0.054412
vn 0.960318 0.278907 -0.000000
vn 0.960318 0.273548 0.054412
vn 0.993444 0.112121 0.022302
vn 0.993444 0.114317 -0.000000
vn 0.925558 0.371330 -0.073863
vn 0.925558 0.378605 -0.000000
vn 0.960318 0.278907 -0.000000
vn 0.960318 0.273548 -0.054412
vn 0.960318 0.278907 -0.000000
vn 0.993444 0.114317 -0.000000
vn 0.925558 0.349786 -0.144886
vn 0.925558 0.371330 -0.073863
vn 0.960318 0.273548 -0.054412
vn 0.960318 0.273548 -0.054412
vn 0.993444 0.112121 -0.022302
vn 0.993444 0.105615 -0.043747
vn 0.925558 0.349786 -0.144886
vn 0.960318 0.257676 -0.106733
vn 0.960318 0.231902 -0.154953
vn 0.960318 0.257676 -0.106733
vn 0.993444 0.105615 -0.043747
vn 0.993444 0.095051 -0.063511
vn 0.925558 0.267714 -0.267715
vn 0.925558 0.314798 -0.210342
vn 0.960318 0.231902 -0.154953
vn 0.960318 0.197217 -0.197217
vn 0.960318 0.231902 -0.154953
vn 0.993444 0.095051 -0.063511
vn 0.925558 0.210341 -0.314799
vn 0.925558 0.267714 -0.267715
vn 0.960318 0.197217 -0.197217
vn 0.960318 0.154952 -0.231903
vn 0.960318 0.197217 -0.197217
vn 0.993444 0.080834 -0.080835
vn 0.925558 0.210341 -0.314799
vn 0.960318 0.154952 -0.231903
vn 0.960318 0.106733 -0.257676
vn 0.960318 0.154952 -0.231903
vn 0.993444 0.063511 -0.095051
vn 0.993444 0.043747 -0.105616
vn 0.925558 0.073862 -0.371330
vn 0.925558 0.144886 -0.349786
vn 0.960318 0.106733 -0.257676
vn 0.960318 0.054412 -0.273548
vn 0.960318 0.106733 -0.257676
vn 0.993444 0.043747 -0.105616
vn 0.925558 -0.000000 -0.378605
vn 0.925558 0.073862 -0.371330
vn 0.960318 0.054412 -0.273548
vn 0.960318 0.054412 -0.273548
vn 0.993444 0.022302 -0.112121
vn 0.993444 0.000000 -0.114317
vn 0.925558 -0.000000 -0.378605
vn 0.960318 -0.000000 -0.278907
vn 0.960318 -0.054412 -0.273548
vn 0.960318 -0.000000 -0.278907
vn 0.993444 0.000000 -0.114317
vn 0.993444 -0.022302 -0.112121
vn 1.000000 0.000000 0.000000
vn 1.000000 0.000000 0.000000
vn 1.000000 0.000000 0.000000
vn 1.000000 0.000000 0.000000
vn 1.000000 0.000000 -0.000000
vn 1.000000 0.000000 -0.000000
vn 1.000000 0.000000 -0.000000
vn 1.000000 0.000000 0.000000
vn 1.000000 0.000000 0.000000
vn 1.000000 0.000000 0.000000
vn 1.000000 0.000000 0.000000
vn 1.000000 0.000000 0.000000
vn 1.000000 0.000000 0.000000
vn 1.000000 0.000000 0.000000
vn 1.000000 0.000000 0.000000
vn 1.000000 0.000000 0.000000
vn 1.000000 0.000000 0.000000
vn 1.000000 0.000000 0.000000
vn 1.000000 0.000000 0.000000
vn 1.000000 0.000000 0.000000
vn 1.000000 0.000000 0.000000
vn 1.000000 0.000000 0.000000
vn 1.000000 0.000000 0.000000
vn 1.000000 0.000000 0.000000
vn 1.000000 0.000000 0.000000
vn 1.000000 0.000000 0.000000
vn 1.000000 0.000000 0.000000
vn 1.000000 0.000000 0.000000
vn 1.000000 0.000000 0.000000
vn 1.000000 0.000000 0.000000
vn 1.000000 0.000000 0.000000
vn 1.000000 0.000000 0.000000
vn 1.000000 0.000000 0.000000
vn 1.000000 0.000000 0.000000
vn 1.000000 0.000000 0.000000
vn 1.000000 0.000000 0.000000
vn 1.000000 0.000000 0.000000
vn 1.000000 0.000000 0.000000
vn 1.000000 0.000000 0.000000
vn 1.000000 0.000000 0.000000
vn 1.000000 0.000000 0.000000
vn 1.000000 0.000000 0.000000
vn 1.000000 0.000000 0.000000
vn 1.000000 0.000000 0.000000
vn 1.000000 0.000000 0.000000
vn 1.000000 -0.000000 -0.000000
vn 1.000000 -0.000000 0.000000
vn 1.000000 0.000000 0.000000
vn 1.000000 0.000000 0.000000
vn 1.000000 0.000000 0.000000
vn 1.000000 -0.000000 0.000000
vn 1.000000 0.000000 0.000000
vn 1.000000 0.000000 0.000000
vn 1.000000 0.000000 0.000000
vn 1.000000 0.000000 0.000000
vn 1.000000 0.000000 0.000000
vn 1.000000 0.000000 0.000000
vn 1.000000 0.000000 0.000000
vn 1.000000 0.000000 0.000000
vn 1.000000 0.000000 0.000000
vn 1.000000 0.000000 0.000000
vn 1.000000 0.000000 0.000000
vn 1.000000 0.000000 0.000000
vn 1.000000 0.000000 0.000000
vn 1.000000 0.000000 0.000000
vn 1.000000 0.000000 0.000000
vn 1.000000 0.000000 0.000000
vn 1.000000 0.000000 0.000000
vn 1.000000 0.000000 0.000000
vn 1.000000 0.000000 0.000000
vn 1.000000 0.000000 0.000000
vn 1.000000 0.000000 0.000000
vn 1.000000 0.000000 0.000000
vn 1.000000 0.000000 0.000000
vn 1.000000 0.000000 0.000000
vn 1.000000 0.000000 0.000000
vn 1.000000 0.000000 0.000000
vn 1.000000 0.000000 0.000000
vn 1.000000 0.000000 0.000000
vn 1.000000 0.000000 0.000000
vn 1.000000 0.000000 0.000000
vn 1.000000 0.000000 0.000000
vn 1.000000 0.000000 0.000000
vn 1.000000 0.000000 0.000000
vn 1.000000 0.000000 0.000000
vn 1.000000 0.000000 0.000000
vn 1.000000 0.000000 0.000000
vn 1.000000 0.000000 0.000000
vn 1.000000 0.000000 0.000000
vn 1.000000 0.000000 0.000000
vn 1.000000 0.000000 0.000000
vn 1.000000 0.000000 0.000000
vn 1.000000 0.000000 -0.000000
vn 1.000000 0.000000 0.000000
vn 1.000000 0.000000 0.000000
vn 1.000000 0.000000 0.000000
vn 0.000000 -0.980785 0.195092
vn 0.000000 -0.980785 0.195092
vn 0.000000 -0.923879 0.382684
vn 0.000000 0.831470 -0.555570
vn 0.000000 0.831470 -0.555570
vn 0.000000 0.707107 -0.707107
vn -0.000000 -1.000000 0.000001
vn -0.000000 -1.000000 0.000001
vn 0.000000 -0.980785 0.195092
vn 0.000000 0.923880 -0.382683
vn 0.000000 0.923880 -0.382683
vn 0.000000 0.831470 -0.555570
vn 0.000000 -0.980785 -0.195090
vn 0.000000 -0.980785 -0.195090
vn -0.000000 -1.000000 0.000001
vn 0.000000 0.980785 -0.195090
vn 0.000000 0.980785 -0.195090
vn 0.000000 0.923880 -0.382683
vn 0.000000 -0.923880 -0.382682
vn 0.000000 -0.923880 -0.382683
vn 0.000000 -0.980785 -0.195090
vn -0.000001 1.000000 0.000000
vn -0.000000 1.000000 0.000000
vn 0.000000 0.980785 -0.195090
vn 0.000000 -0.831470 -0.555570
vn 0.000000 -0.831470 -0.555570
vn 0.000000 -0.923880 -0.382683
vn -0.000000 0.980785 0.195091
vn 0.000000 0.980785 0.195091
vn -0.000000 1.000000 0.000000
vn 0.000000 -0.707107 -0.707107
vn 0.000000 -0.707107 -0.707107
vn 0.000000 -0.831470 -0.555570
vn 0.000000 0.000001 1.000000
vn 0.000000 0.000001 1.000000
vn 0.000000 0.195090 0.980785
vn 0.000000 0.923879 0.382684
vn 0.000000 0.923879 0.382684
vn 0.000000 0.980785 0.195091
vn 0.000000 -0.555571 -0.831469
vn 0.000000 -0.555571 -0.831469
vn 0.000000 -0.707107 -0.707107
vn 0.000000 0.195090 0.980785
vn 0.000000 0.195090 0.980785
vn 0.000000 0.382683 0.923880
vn 0.000000 0.831469 0.555570
vn 0.000000 0.831469 0.555570
vn 0.000000 0.923879 0.382684
vn 0.000000 -0.382684 -0.923879
vn 0.000000 -0.382684 -0.923879
vn 0.000000 -0.555571 -0.831469
vn 0.000000 -0.195090 0.980785
vn 0.000000 -0.195089 0.980786
vn 0.000000 0.000001 1.000000
vn 0.000000 0.707107 0.707107
vn 0.000000 0.707107 0.707107
vn 0.000000 0.831469 0.555570
vn 0.000000 -0.195090 -0.980785
vn 0.000000 -0.195090 -0.980785
vn 0.000000 -0.382684 -0.923879
vn 0.000000 -0.382682 0.923880
vn 0.000000 -0.382682 0.923880
vn 0.000000 -0.195089 0.980786
vn 0.000000 0.555570 0.831470
vn 0.000000 0.555570 0.831469
vn 0.000000 0.707107 0.707107
vn 0.000000 0.000000 -1.000000
vn 0.000000 0.000000 -1.000000
vn 0.000000 -0.195090 -0.980785
vn 0.000000 -0.555569 0.831470
vn 0.000000 -0.555569 0.831471
vn 0.000000 -0.382682 0.923880
vn 0.000000 0.382683 0.923880
vn 0.000000 0.382683 0.923880
vn 0.000000 0.555570 0.831469
vn 0.000000 0.000000 -1.000000
vn 0.000000 0.195089 -0.980785
vn 0.000000 0.195090 -0.980785
vn 0.000000 -0.707106 0.707108
vn 0.000000 -0.707106 0.707108
vn 0.000000 -0.555569 0.831471
vn 0.000000 0.382683 -0.923880
vn 0.000000 0.382683 -0.923880
vn 0.000000 0.195090 -0.980785
vn 0.000000 -0.831469 0.555571
vn 0.000000 -0.831469 0.555571
vn 0.000000 -0.707106 0.707108
vn 0.000000 0.555570 -0.831470
vn 0.000000 0.555570 -0.831470
vn 0.000000 0.382683 -0.923880
vn 0.000000 -0.923879 0.382684
vn 0.000000 -0.923879 0.382684
vn 0.000000 -0.831469 0.555571
vn 1.000000 0.000000 0.000000
vn 1.000000 0.000000 0.000000
vn 1.000000 0.000000 0.000000
vn 1.000000 0.000000 0.000000
vn 1.000000 0.000000 0.000000
vn 1.000000 0.000000 0.000000
vn 1.000000 0.000000 -0.000000
vn 1.000000 0.000000 -0.000000
vn 1.000000 0.000000 0.000000
vn 1.000000 0.000000 0.000000
vn 1.000000 0.000000 0.000000
vn 1.000000 0.000000 -0.000000
vn 1.000000 0.000000 0.000000
vn 1.000000 0.000000 0.000001
vn 1.000000 0.000000 0.000001
vn 1.000000 0.000000 0.000001
vn 1.000000 0.000000 0.000000
vn 1.000000 0.000000 0.000001
vn 1.000000 0.000000 -0.000001
vn 1.000000 0.000000 -0.000001
vn 1.000000 0.000000 0.000000
vn 1.000000 0.000000 -0.000000
vn 1.000000 0.000000 -0.000000
vn 1.000000 0.000000 -0.000001
vn 1.000000 0.000000 -0.000000
vn 1.000000 0.000000 0.000000
vn 1.000000 0.000000 0.000000
vn 1.000000 0.000000 -0.000000
vn 1.000000 0.000000 -0.000000
vn 1.000000 0.000000 0.000000
vn 1.000000 0.000000 0.000001
vn 1.000000 0.000000 0.000001
vn 1.000000 0.000000 -0.000000
vn 1.000000 0.000000 -0.000001
vn 1.000000 0.000000 -0.000001
vn 1.000000 0.000000 0.000001
vn 1.000000 0.000000 -0.000001
vn 1.000000 0.000000 -0.000001
vn 1.000000 0.000000 -0.000001
vn 1.000000 0.000000 0.000000
vn 1.000000 0.000000 0.000000
vn 1.000000 0.000000 -0.000001
vn 1.000000 0.000000 0.000000
vn 1.000000 0.000000 0.000000
vn 1.000000 0.000000 0.000000
vn 1.000000 -0.000000 0.000000
vn 1.000000 -0.000000 0.000000
vn 1.000000 0.000000 0.000000
vn 1.000000 -0.000000 0.000000
vn 1.000000 0.000000 0.000000
vn 1.000000 0.000000 0.000000
vn 1.000000 0.000000 0.000000
vn 1.000000 0.000000 0.000000
vn 1.000000 0.000000 0.000000
vn 1.000000 0.000000 0.000000
vn 1.000000 0.000000 0.000000
vn 1.000000 0.000000 0.000000
vn 1.000000 0.000000 0.000000
vn 1.000000 0.000000 -0.000002
vn 1.000000 0.000000 -0.000002
vn 1.000000 0.000000 0.000003
vn 1.000000 0.000000 0.000003
vn 1.000000 0.000000 -0.000002
vn 1.000000 0.000000 0.000000
vn 1.000000 0.000000 0.000000
vn 1.000000 0.000000 0.000003
vn 1.000000 0.000000 0.000000
vn 1.000000 0.000000 0.000000
vn 1.000000 0.000000 0.000000
vn 1.000000 0.000000 0.000000
vn 1.000000 0.000000 -0.000000
vn 1.000000 0.000000 -0.000000
vn 1.000000 0.000000 0.000000
vn 1.000000 0.000000 0.000000
vn 1.000000 0.000000 -0.000000
vn 1.000000 0.000000 0.000000
vn 1.000000 0.000000 -0.000000
vn 1.000000 0.000000 -0.000001
vn 1.000000 0.000000 -0.000000
vn 1.000000 0.000000 0.000000
vn 1.000000 0.000000 0.000000
vn 1.000000 0.000000 0.000001
vn 1.000000 0.000000 0.000001
vn 1.000000 0.000000 0.000000
vn 1.000000 0.000000 0.000001
vn 1.000000 0.000000 0.000001
vn 1.000000 0.000000 0.000001
vn 1.000000 0.000000 0.000001
vn 1.000000 0.000000 0.000001
vn 1.000000 0.000000 0.000001
vn 1.000000 0.000000 -0.000001
vn 1.000000 0.000000 -0.000001
vn 1.000000 0.000000 0.000001
vn 1.000000 0.000000 0.000000
vn 1.000000 0.000000 0.000000
vn 1.000000 0.000000 -0.000001
vn 0.000000 0.382684 -0.923879
vn 0.000000 -0.382684 -0.923879
vn 0.000000 -0.382684 -0.923879
vn 0.000000 -0.382684 -0.923879
vn 0.000000 -0.923879 -0.382684
vn 0.000000 -0.923880 -0.382683
vn 0.000000 -0.923880 -0.382683
vn 0.000000 -0.923879 -0.382684
vn 0.000000 -0.923880 0.382683
vn 0.000000 -0.923880 0.382683
vn 0.000000 -0.382685 0.923879
vn 0.000000 -0.382684 0.923879
vn 0.000000 -0.382684 0.923879
vn 0.000000 -0.382685 0.923879
vn 0.000000 0.382684 0.923879
vn 0.000000 0.382684 0.923879
vn 0.000000 0.923880 0.382682
vn 0.000000 0.923880 0.382683
vn 1.000000 0.000000 0.000000
vn 1.000000 0.000000 0.000002
vn 1.000000 0.000000 0.000000
vn 1.000000 0.000000 0.000000
vn 1.000000 0.000000 0.000000
vn 1.000000 0.000000 0.000000
vn 1.000000 0.000000 0.000000
vn 1.000000 0.000000 0.000000
vn 1.000000 0.000000 0.000000
vn 1.000000 0.000000 0.000000
vn 1.000000 0.000001 0.000002
vn 1.000000 0.000000 0.000000
vn 1.000000 0.000000 0.000000
vn 1.000000 0.000000 0.000000
vn 1.000000 0.000000 0.000000
vn 0.000000 0.923880 0.382682
vn 0.000000 0.923880 -0.382683
vn 0.000000 0.923880 -0.382683
vn 0.000000 0.923880 -0.382683
vn 0.000000 0.382684 -0.923879
vn 0.000000 0.382684 -0.923879
vn 0.000000 -0.382683 0.923880
vn 0.000000 0.382683 0.923880
vn 0.000000 0.382683 0.923880
vn 0.000000 0.382683 0.923880
vn 0.000000 0.923879 0.382684
vn 0.000000 0.923879 0.382684
vn 0.000000 0.923879 0.382684
vn 0.000000 0.923880 -0.382684
vn 0.000000 0.923879 -0.382684
vn 0.000000 0.923879 -0.382684
vn 0.000000 0.923880 -0.382684
vn 0.000000 0.382683 -0.923880
vn 0.000000 0.382683 -0.923880
vn 0.000000 -0.382683 -0.923880
vn 0.000000 -0.382683 -0.923880
vn 0.000000 -0.382683 -0.923880
vn 0.000000 -0.923879 -0.382685
vn 0.000000 -0.923879 -0.382684
vn 1.000000 0.000000 0.000000
vn 1.000000 0.000000 0.000000
vn 1.000000 0.000000 0.000000
vn 1.000000 0.000000 0.000000
vn 1.000000 0.000000 0.000000
vn 1.000000 0.000000 0.000000
vn 1.000000 0.000000 0.000000
vn 1.000000 0.000000 0.000000
vn 1.000000 0.000000 0.000000
vn 1.000000 0.000000 0.000000
vn 1.000000 0.000000 0.000000
vn 1.000000 0.000000 0.000000
vn 1.000000 0.000000 0.000000
vn 1.000000 0.000000 0.000000
vn 1.000000 0.000000 0.000000
vn 0.000000 -0.923879 -0.382685
vn 0.000000 -0.923879 0.382684
vn 0.000000 -0.923880 0.382683
vn 0.000000 -0.923879 0.382684
vn 0.000000 -0.382683 0.923880
vn 0.000000 -0.382683 0.923880
vn 0.000000 -0.923880 -0.382682
vn 0.000000 -0.923880 0.382682
vn 0.000000 -0.923880 0.382682
vn 0.000000 -0.923880 0.382682
vn 0.000000 -0.382684 0.923879
vn 0.000000 -0.382684 0.923879
vn 0.000000 -0.382684 0.923879
vn 0.000000 0.382684 0.923879
vn 0.000000 0.382684 0.923879
vn 0.000000 0.382684 0.923879
vn 0.000000 0.382684 0.923879
vn 0.000000 0.923880 0.382683
vn 0.000000 0.923880 0.382683
vn 0.000000 0.923880 -0.382683
vn 0.000000 0.923880 -0.382682
vn 0.000000 0.923880 -0.382683
vn 0.000000 0.382684 -0.923879
vn 0.000000 0.382684 -0.923879
vn 1.000000 -0.000000 -0.000001
vn 1.000000 0.000000 0.000000
vn 1.000000 0.000000 0.000000
vn 1.000000 0.000000 0.000000
vn 1.000000 0.000000 0.000000
vn 1.000000 0.000000 -0.000000
vn 1.000000 0.000000 -0.000000
vn 1.000000 0.000000 0.000000
vn 1.000000 -0.000000 -0.000001
vn 1.000000 -0.000000 -0.000001
vn 1.000000 -0.000001 -0.000003
vn 1.000000 -0.000000 -0.000001
vn 1.000000 -0.000000 -0.000001
vn 1.000000 0.000000 0.000000
vn 1.000000 -0.000000 -0.000001
vn 0.000000 0.382684 -0.923879
vn 0.000000 -0.382682 -0.923880
vn 0.000000 -0.382684 -0.923880
vn 0.000000 -0.382682 -0.923880
vn 0.000000 -0.923880 -0.382682
vn 0.000000 -0.923880 -0.382682
vn 0.000000 0.923881 0.382681
vn 0.000000 0.923880 -0.382683
vn 0.000000 0.923880 -0.382684
vn 0.000000 0.923880 -0.382683
vn 0.000000 0.382686 -0.923879
vn 0.000000 0.382686 -0.923879
vn 0.000000 0.382686 -0.923879
vn 0.000000 0.382686 -0.923879
vn 0.000000 -0.382681 -0.923880
vn 0.000000 -0.382681 -0.923880
vn 0.000000 -0.923880 -0.382684
vn 0.000000 -0.923879 -0.382684
vn 0.000000 -0.923879 -0.382684
vn 0.000000 -0.923880 -0.382684
vn 0.000000 -0.923880 0.382681
vn -0.000000 -0.923879 0.382684
vn 0.000000 -0.923880 0.382681
vn 0.000000 -0.382683 0.923880
vn 1.000000 -0.000001 0.000000
vn 1.000000 -0.000001 0.000002
vn 1.000000 0.000000 0.000001
vn 1.000000 0.000000 0.000001
vn 1.000000 0.000000 0.000002
vn 1.000000 -0.000000 0.000000
vn 1.000000 -0.000000 0.000000
vn 1.000000 0.000000 0.000000
vn 1.000000 0.000000 0.000000
vn 1.000000 0.000000 0.000000
vn 1.000000 -0.000001 0.000000
vn 1.000000 -0.000000 0.000000
vn 1.000000 -0.000001 0.000000
vn 1.000000 -0.000001 0.000000
vn 1.000000 -0.000000 0.000000
vn 0.000000 -0.382683 0.923880
vn 0.000000 0.382686 0.923879
vn 0.000000 0.382685 0.923879
vn 0.000000 0.382686 0.923879
vn 0.000000 0.923881 0.382681
vn 0.000000 0.923880 0.382681
vn 0.000000 0.923879 -0.382686
vn 0.000000 0.382683 -0.923880
vn 0.000000 0.382683 -0.923880
vn 0.000000 0.382683 -0.923880
vn 0.000000 -0.382680 -0.923881
vn 0.000000 -0.382680 -0.923881
vn 0.000000 -0.382680 -0.923881
vn 0.000000 -0.923880 -0.382683
vn 0.000000 -0.923879 -0.382684
vn 0.000000 -0.923880 -0.382683
vn 0.000000 -0.923879 0.382684
vn 0.000000 -0.923879 0.382685
vn 0.000000 -0.923879 0.382684
vn 0.000000 -0.382685 0.923879
vn 0.000000 -0.382686 0.923879
vn 0.000000 -0.382685 0.923879
vn 0.000000 0.382687 0.923878
vn 0.000000 0.382685 0.923879
vn 1.000000 0.000000 0.000000
vn 1.000000 0.000000 0.000000
vn 1.000000 0.000001 0.000000
vn 1.000000 0.000000 0.000000
vn 1.000000 0.000001 0.000000
vn 1.000000 0.000001 0.000000
vn 1.000000 0.000001 0.000000
vn 1.000000 0.000004 0.000002
vn 1.000000 0.000001 0.000000
vn 1.000000 0.000001 0.000000
vn 1.000000 0.000000 -0.000002
vn 1.000000 0.000000 0.000000
vn 1.000000 0.000000 0.000000
vn 1.000000 0.000000 0.000000
vn 1.000000 0.000000 0.000000
vn 0.000000 0.382685 0.923879
vn 0.000000 0.382687 0.923878
vn 0.000000 0.923880 0.382682
vn 0.000000 0.923880 0.382682
vn 0.000000 0.923879 -0.382686
vn 0.000000 0.923879 -0.382686
vn 0.000000 -0.923880 0.382682
vn 0.000000 -0.382682 0.923880
vn 0.000000 -0.382680 0.923881
vn 0.000000 -0.382682 0.923880
vn 0.000000 0.382685 0.923879
vn 0.000000 0.382685 0.923879
vn 0.000000 0.382685 0.923879
vn 0.000000 0.923880 0.382682
vn 0.000000 0.923880 0.382682
vn 0.000000 0.923880 0.382682
vn 0.000000 0.923880 0.382682
vn 0.000000 0.923880 -0.382681
vn 0.000000 0.923880 -0.382681
vn 0.000000 0.382686 -0.923879
vn 0.000000 0.382686 -0.923879
vn 0.000000 0.382686 -0.923879
vn 0.000000 -0.382685 -0.923879
vn 0.000000 -0.382684 -0.923879
vn 1.000000 0.000000 0.000000
vn 1.000000 -0.000001 0.000000
vn 1.000000 0.000000 0.000000
vn 1.000000 -0.000001 0.000000
vn 1.000000 -0.000001 0.000000
vn 1.000000 0.000000 0.000000
vn 1.000000 -0.000001 0.000000
vn 1.000000 0.000001 0.000002
vn 1.000000 0.000000 0.000000
vn 1.000000 0.000000 0.000000
vn 1.000000 0.000000 0.000000
vn 1.000000 0.000000 0.000000
vn 1.000000 0.000000 0.000000
vn 1.000000 0.000000 0.000000
vn 1.000000 0.000000 0.000000
vn 0.000000 -0.382685 -0.923879
vn 0.000000 -0.923878 -0.382687
vn 0.000000 -0.923878 -0.382686
vn 0.000000 -0.923878 -0.382686
vn 0.000000 -0.923878 -0.382687
vn 0.000000 -0.923880 0.382682
vn 0.000000 0.382682 0.923880
vn 0.000000 0.923878 0.382686
vn 0.000000 0.923878 0.382687
vn 0.000000 0.923878 0.382686
vn 0.000000 0.923879 -0.382686
vn 0.000000 0.923878 -0.382686
vn 0.000000 0.923879 -0.382686
vn 0.000000 0.382681 -0.923881
vn 0.000000 0.382680 -0.923881
vn 0.000000 0.382681 -0.923881
vn 0.000000 -0.382681 -0.923881
vn -0.000002 -0.382682 -0.923880
vn -0.000002 -0.382682 -0.923880
vn 0.000000 -0.382681 -0.923881
vn -0.000002 -0.923878 -0.382687
vn -0.000003 -0.923879 -0.382684
vn -0.000002 -0.923878 -0.382687
vn 0.000000 -0.923879 0.382684
vn 1.000000 0.000000 0.000000
vn 1.000000 0.000000 0.000000
vn 1.000000 0.000000 0.000000
vn 1.000000 0.000000 0.000000
vn 1.000000 0.000000 0.000000
vn 1.000000 0.000000 0.000000
vn 1.000000 0.000000 0.000000
vn 1.000000 0.000000 0.000000
vn 1.000000 0.000000 0.000000
vn 1.000000 0.000000 0.000000
vn 1.000000 0.000000 0.000000
vn 1.000000 0.000000 0.000000
vn 1.000000 0.000000 0.000000
vn 1.000000 0.000000 0.000000
vn 1.000000 0.000000 0.000000
vn 0.000000 -0.923879 0.382684
vn 0.000000 -0.382681 0.923881
vn 0.000000 -0.382680 0.923881
vn 0.000000 -0.382681 0.923881
vn 0.000000 0.382682 0.923880
vn 0.000000 0.382682 0.923880
vn 0.080803 0.747743 0.659053
vn 0.080803 0.747743 0.659053
vn 0.080803 0.747743 0.659053
vn 0.000000 0.661216 -0.750195
vn 0.000000 0.661216 -0.750195
vn 0.000000 0.661216 -0.750195
vn 0.996730 -0.060616 -0.053426
vn 0.996730 -0.060616 -0.053426
vn 0.996730 -0.060616 -0.053426
vn -0.080801 -0.747743 -0.659054
vn -0.080801 -0.747743 -0.659054
vn -0.080801 -0.747743 -0.659054
vn 0.647667 -0.571592 -0.503796
vn 0.647667 -0.571592 -0.503796
vn 0.647667 -0.571592 -0.503796
vn 0.704789 -0.510416 0.492694
vn 0.704789 -0.510416 0.492694
vn 0.704789 -0.510416 0.492694
vn 0.704788 0.424693 -0.568252
vn 0.704788 0.424693 -0.568252
vn 0.704788 0.424693 -0.568252
vn 0.761944 0.485859 0.428232
vn 0.761944 0.485859 0.428232
vn 0.761944 0.485859 0.428232
vn 0.000006 -0.661216 0.750195
vn 0.000006 -0.661216 0.750195
vn 0.000006 -0.661216 0.750195
vn 0.996730 -0.060616 -0.053425
vn 0.996730 -0.060616 -0.053425
vn 0.996730 -0.060616 -0.053425
vn 0.996732 -0.060612 -0.053408
vn 0.996732 -0.060612 -0.053408
vn 0.996732 -0.060612 -0.053408
vn 0.996730 -0.060616 -0.053427
vn 0.996730 -0.060616 -0.053427
vn 0.996730 -0.060616 -0.053427
vn 0.996730 -0.060616 -0.053427
vn 0.996730 -0.060616 -0.053427
vn 0.996730 -0.060616 -0.053427
vn 0.996733 -0.060582 -0.053420
vn 0.996733 -0.060582 -0.053420
vn 0.996733 -0.060582 -0.053420
vn 0.996731 -0.060611 -0.053423
vn 0.996731 -0.060611 -0.053423
vn 0.996731 -0.060611 -0.053423
vn 0.996731 -0.060613 -0.053424
vn 0.996731 -0.060613 -0.053424
vn 0.996731 -0.060613 -0.053424
vn 0.080817 0.748550 0.658134
vn 0.080817 0.748550 0.658134
vn 0.080817 0.748550 0.658134
vn -0.000076 0.660563 -0.750770
vn -0.000076 0.660563 -0.750770
vn -0.000076 0.660563 -0.750770
vn 0.074903 -0.728449 -0.680993
vn -0.080773 -0.748520 -0.658175
vn 0.022784 -0.074934 -0.996928
vn 0.023688 -0.059212 -0.997964
vn -0.000073 0.660268 -0.751030
vn 0.152013 0.619877 -0.769834
vn -0.074917 0.768598 0.635330
vn 0.080783 0.748552 0.658137
vn -0.022914 0.998316 -0.053289
vn -0.023825 0.997329 -0.069040
vn -0.000124 0.660281 -0.751019
vn -0.152350 0.684118 -0.713283
vn -0.080794 -0.748552 -0.658135
vn -0.080794 -0.748552 -0.658135
vn -0.080794 -0.748552 -0.658135
vn 0.000000 -0.661215 0.750196
vn 0.000000 -0.661215 0.750196
vn 0.000000 -0.661215 0.750196
vn 0.000001 0.661216 -0.750196
vn 0.000001 0.661216 -0.750196
vn 0.000001 0.661216 -0.750196
vn 0.080801 0.747742 0.659054
vn 0.080801 0.747742 0.659054
vn 0.080801 0.747742 0.659054
vn -0.080803 -0.747742 -0.659054
vn -0.080803 -0.747742 -0.659054
vn -0.080803 -0.747742 -0.659054
vn 0.996730 -0.060615 -0.053425
vn 0.996730 -0.060615 -0.053425
vn 0.996730 -0.060615 -0.053425
vn 0.080797 0.747740 0.659058
vn 0.080797 0.747740 0.659058
vn 0.080797 0.747740 0.659058
vn -0.080798 -0.747744 -0.659053
vn -0.080798 -0.747744 -0.659053
vn -0.080798 -0.747744 -0.659053
vn 0.996730 -0.060618 -0.053429
vn 0.996730 -0.060618 -0.053429
vn 0.996730 -0.060618 -0.053429
vn 0.000000 0.661219 -0.750193
vn 0.000000 0.661219 -0.750193
vn 0.000000 0.661219 -0.750193
vn -0.000002 -0.661217 0.750195
vn -0.000002 -0.661217 0.750195
vn -0.000002 -0.661217 0.750195
vn 0.080773 0.747737 0.659064
vn 0.080773 0.747737 0.659064
vn 0.080773 0.747737 0.659064
vn -0.080798 -0.747741 -0.659056
vn -0.080798 -0.747741 -0.659056
vn -0.080798 -0.747741 -0.659056
vn 0.996730 -0.060615 -0.053426
vn 0.996730 -0.060615 -0.053426
vn 0.996730 -0.060615 -0.053426
vn 0.000018 0.661222 -0.750191
vn 0.000018 0.661222 -0.750191
vn 0.000018 0.661222 -0.750191
vn 0.000020 -0.661214 0.750198
vn 0.000020 -0.661214 0.750198
vn 0.000020 -0.661214 0.750198
vn 0.080800 0.747744 0.659053
vn 0.080800 0.747744 0.659053
vn 0.080800 0.747744 0.659053
vn -0.080787 -0.747746 -0.659051
vn -0.080787 -0.747746 -0.659051
vn -0.080787 -0.747746 -0.659051
vn 0.996731 -0.060615 -0.053424
vn 0.996731 -0.060615 -0.053424
vn 0.996731 -0.060615 -0.053424
vn -0.000018 0.661220 -0.750192
vn -0.000018 0.661220 -0.750192
vn -0.000018 0.661220 -0.750192
vn 0.000007 -0.661214 0.750198
vn 0.000007 -0.661214 0.750198
vn 0.000007 -0.661214 0.750198
vn 0.080826 0.747742 0.659052
vn 0.080826 0.747742 0.659052
vn 0.080826 0.747742 0.659052
vn -0.080776 -0.747743 -0.659057
vn -0.080776 -0.747743 -0.659057
vn -0.080776 -0.747743 -0.659057
vn 0.996731 -0.060614 -0.053423
vn 0.996731 -0.060614 -0.053423
vn 0.996731 -0.060614 -0.053423
vn 0.000002 0.661219 -0.750193
vn 0.000002 0.661219 -0.750193
vn 0.000002 0.661219 -0.750193
vn -0.000003 -0.661214 0.750198
vn -0.000003 -0.661214 0.750198
vn -0.000003 -0.661214 0.750198
vn -0.000002 -0.661219 0.750193
vn -0.000002 -0.661219 0.750193
vn -0.000002 -0.661219 0.750193
vn -0.000006 0.661218 -0.750194
vn -0.000006 0.661218 -0.750194
vn -0.000006 0.661218 -0.750194
vn 0.080806 0.747740 0.659056
vn 0.080806 0.747740 0.659056
vn 0.080806 0.747740 0.659056
vn -0.080806 -0.747743 -0.659053
vn -0.080806 -0.747743 -0.659053
vn -0.080806 -0.747743 -0.659053
vn 0.996730 -0.060615 -0.053425
vn 0.996730 -0.060615 -0.053425
vn 0.996730 -0.060615 -0.053425
vn 0.238210 0.707922 0.664908
vn 0.080802 0.748576 0.658107
vn 0.129543 0.064076 0.989501
vn 0.129159 0.051226 0.990300
vn 0.000088 -0.660566 0.750768
vn 0.161143 -0.637538 0.753378
vn 0.000054 -0.660545 0.750787
vn 0.000054 -0.660545 0.750787
vn 0.000054 -0.660545 0.750787
vn 0.985754 0.067261 -0.154157
vn 0.068110 0.943012 0.325714
vn 0.117596 0.882900 0.454598
vn -0.027440 -0.884369 -0.465982
vn -0.032844 -0.942373 -0.332948
vn 0.985754 0.067261 -0.154157
vn -0.981661 0.075839 0.174900
vn -0.978761 0.056795 0.196981
vn -0.032844 -0.942373 -0.332948
vn 0.068110 0.943012 0.325714
vn -0.978761 0.056795 0.196981
vn -0.981661 0.075839 0.174900
vn 0.969614 0.124123 -0.210813
vn -0.027105 0.997802 -0.060471
vn 0.068110 0.943012 0.325714
vn 0.018676 -0.998046 0.059627
vn 0.969614 0.124123 -0.210813
vn 0.985754 0.067261 -0.154157
vn -0.978761 0.056795 0.196981
vn -0.975531 0.101039 0.195271
vn 0.018676 -0.998046 0.059627
vn 0.068110 0.943012 0.325714
vn -0.027105 0.997802 -0.060471
vn -0.975531 0.101039 0.195271
vn 0.958217 0.128192 -0.255709
vn -0.126270 0.815303 -0.565099
vn -0.027105 0.997802 -0.060471
vn 0.112160 -0.815180 0.568245
vn 0.958217 0.128192 -0.255709
vn 0.969614 0.124123 -0.210813
vn -0.975531 0.101039 0.195271
vn -0.990391 0.088031 0.106657
vn 0.112160 -0.815180 0.568245
vn -0.027105 0.997802 -0.060471
vn -0.126270 0.815303 -0.565099
vn -0.990391 0.088031 0.106657
vn 0.958217 0.128192 -0.255709
vn 0.983345 0.033280 -0.178677
vn -0.154466 0.593156 -0.790131
vn 0.112160 -0.815180 0.568245
vn 0.157092 -0.591589 0.790788
vn 0.983345 0.033280 -0.178677
vn -0.985669 -0.022660 0.167164
vn 0.157092 -0.591589 0.790788
vn 0.112160 -0.815180 0.568245
vn -0.154466 0.593156 -0.790131
vn -0.985669 -0.022660 0.167164
vn -0.990391 0.088031 0.106657
vn 0.983345 0.033280 -0.178677
vn 0.985774 0.022920 -0.166507
vn -0.156915 0.592961 -0.789794
vn 0.157092 -0.591589 0.790788
vn 0.154411 -0.593347 0.789998
vn 0.985774 0.022920 -0.166507
vn -0.983203 -0.033105 0.179490
vn 0.154411 -0.593347 0.789998
vn 0.157092 -0.591589 0.790788
vn -0.156915 0.592961 -0.789794
vn -0.983203 -0.033105 0.179490
vn -0.985669 -0.022660 0.167164
vn 0.971023 0.042037 -0.235259
vn -0.156857 0.491227 -0.856792
vn -0.156915 0.592961 -0.789794
vn 0.175231 -0.493167 0.852104
vn 0.971023 0.042037 -0.235259
vn 0.985774 0.022920 -0.166507
vn -0.983203 -0.033105 0.179490
vn -0.991577 0.017391 0.128348
vn 0.175231 -0.493167 0.852104
vn -0.156915 0.592961 -0.789794
vn -0.156857 0.491227 -0.856792
vn -0.991577 0.017391 0.128348
vn 0.950943 -0.031085 -0.307802
vn -0.180160 0.115212 -0.976867
vn -0.156857 0.491227 -0.856792
vn 0.214923 -0.117962 0.969481
vn 0.950943 -0.031085 -0.307802
vn 0.971023 0.042037 -0.235259
vn -0.991577 0.017391 0.128348
vn -0.994779 0.056476 0.085005
vn 0.214923 -0.117962 0.969481
vn -0.156857 0.491227 -0.856792
vn -0.180160 0.115212 -0.976867
vn -0.994779 0.056476 0.085005
vn 0.950943 -0.031085 -0.307802
vn 0.949046 -0.148239 -0.278097
vn -0.206768 -0.354925 -0.911743
vn 0.214923 -0.117962 0.969481
vn 0.236567 0.351302 0.905882
vn 0.949046 -0.148239 -0.278097
vn -0.992108 0.078169 0.098043
vn 0.236567 0.351302 0.905882
vn 0.214923 -0.117962 0.969481
vn -0.206768 -0.354925 -0.911743
vn -0.992108 0.078169 0.098043
vn -0.994779 0.056476 0.085005
vn 0.938371 -0.211516 -0.273351
vn -0.206589 -0.552760 -0.807327
vn -0.206768 -0.354925 -0.911743
vn 0.241077 0.546689 0.801881
vn 0.938371 -0.211516 -0.273351
vn 0.949046 -0.148239 -0.278097
vn -0.992108 0.078169 0.098043
vn -0.994036 0.076552 0.077668
vn 0.241077 0.546689 0.801881
vn -0.206768 -0.354925 -0.911743
vn -0.206589 -0.552760 -0.807327
vn -0.994036 0.076552 0.077668
vn 0.996447 -0.063107 -0.055774
vn 0.080667 0.714222 0.695255
vn 0.080700 0.719636 0.689646
vn -0.080708 -0.714303 -0.695167
vn 0.996447 -0.063107 -0.055774
vn 0.992082 -0.093049 -0.084352
vn -0.999357 0.028017 0.022362
vn -0.997004 0.058105 0.051058
vn -0.080708 -0.714303 -0.695167
vn 0.080700 0.719636 0.689646
vn 0.080667 0.714222 0.695255
vn -0.997004 0.058105 0.051058
vn 0.996994 -0.058161 -0.051192
vn 0.080674 0.714320 0.695153
vn 0.080667 0.714222 0.695255
vn -0.080718 -0.714153 -0.695320
vn 0.996994 -0.058161 -0.051192
vn 0.996447 -0.063107 -0.055774
vn -0.997004 0.058105 0.051058
vn -0.996448 0.063135 0.055730
vn -0.080718 -0.714153 -0.695320
vn 0.080667 0.714222 0.695255
vn 0.080674 0.714320 0.695153
vn -0.996448 0.063135 0.055730
vn 0.999271 -0.036176 0.012190
vn 0.067228 0.806210 0.587798
vn 0.080674 0.714320 0.695153
vn -0.102303 -0.802905 -0.587262
vn 0.999271 -0.036176 0.012190
vn 0.996994 -0.058161 -0.051192
vn -0.996448 0.063135 0.055730
vn -0.989532 0.132321 0.057592
vn -0.102303 -0.802905 -0.587262
vn 0.080674 0.714320 0.695153
vn 0.067228 0.806210 0.587798
vn -0.989532 0.132321 0.057592
vn 0.997338 -0.049162 0.053857
vn 0.088023 0.937745 0.335986
vn 0.067228 0.806210 0.587798
vn -0.108919 -0.935187 -0.336991
vn 0.997338 -0.049162 0.053857
vn 0.999271 -0.036176 0.012190
vn -0.989532 0.132321 0.057592
vn -0.984205 0.176832 -0.008414
vn -0.108919 -0.935187 -0.336991
vn 0.067228 0.806210 0.587798
vn 0.088023 0.937745 0.335986
vn -0.984205 0.176832 -0.008414
vn 0.997338 -0.049162 0.053857
vn 0.998783 -0.036218 0.033473
vn 0.122944 0.992315 0.013998
vn -0.103351 -0.994547 -0.013937
vn 0.998783 -0.036218 0.033473
vn 0.997338 -0.049162 0.053857
vn -0.980362 0.194632 -0.031769
vn -0.103351 -0.994547 -0.013937
vn -0.108919 -0.935187 -0.336991
vn 0.088023 0.937745 0.335986
vn 0.122944 0.992315 0.013998
vn -0.980362 0.194632 -0.031769
vn 0.998783 -0.036218 0.033473
vn 0.994598 -0.051595 -0.090075
vn 0.129868 0.925354 -0.356167
vn -0.063377 -0.933748 0.352275
vn 0.994598 -0.051595 -0.090075
vn 0.998783 -0.036218 0.033473
vn -0.975695 0.217449 0.027114
vn -0.063377 -0.933748 0.352275
vn -0.103351 -0.994547 -0.013937
vn 0.122944 0.992315 0.013998
vn 0.129868 0.925354 -0.356167
vn -0.975695 0.217449 0.027114
vn 0.994598 -0.051595 -0.090075
vn 0.970360 -0.146499 -0.192199
vn 0.063772 0.775089 -0.628625
vn -0.063377 -0.933748 0.352275
vn -0.025448 -0.781745 0.623079
vn 0.970360 -0.146499 -0.192199
vn -0.965166 0.228702 0.127083
vn -0.025448 -0.781745 0.623079
vn -0.063377 -0.933748 0.352275
vn 0.063772 0.775089 -0.628625
vn -0.965166 0.228702 0.127083
vn -0.975695 0.217449 0.027114
vn 0.967046 -0.179100 -0.180959
vn -0.007929 0.677010 -0.735931
vn 0.063772 0.775089 -0.628625
vn -0.025448 -0.781745 0.623079
vn -0.022147 -0.670869 0.741245
vn 0.967046 -0.179100 -0.180959
vn -0.965166 0.228702 0.127083
vn -0.966777 0.204629 0.153199
vn -0.022147 -0.670869 0.741245
vn -0.007929 0.677010 -0.735931
vn -0.966777 0.204629 0.153199
vn -0.965166 0.228702 0.127083
vn 0.988308 -0.105307 -0.110263
vn -0.038330 0.625237 -0.779493
vn -0.007929 0.677010 -0.735931
vn -0.022147 -0.670869 0.741245
vn -0.024490 -0.617960 0.785828
vn 0.988308 -0.105307 -0.110263
vn -0.966777 0.204629 0.153199
vn -0.988512 0.121217 0.090283
vn -0.024490 -0.617960 0.785828
vn -0.038330 0.625237 -0.779493
vn -0.988512 0.121217 0.090283
vn -0.966777 0.204629 0.153199
vn 0.988308 -0.105307 -0.110263
vn 0.996526 -0.052347 -0.064774
vn -0.013049 0.583828 -0.811772
vn 0.013218 -0.583772 0.811810
vn 0.996526 -0.052347 -0.064774
vn 0.988308 -0.105307 -0.110263
vn -0.996754 0.062898 0.050263
vn 0.013218 -0.583772 0.811810
vn -0.024490 -0.617960 0.785828
vn -0.038330 0.625237 -0.779493
vn -0.013049 0.583828 -0.811772
vn -0.996754 0.062898 0.050263
vn 0.996234 -0.049624 -0.071096
vn -0.017512 0.538243 -0.842607
vn -0.013049 0.583828 -0.811772
vn 0.017581 -0.538787 0.842258
vn 0.996234 -0.049624 -0.071096
vn 0.996526 -0.052347 -0.064774
vn -0.996754 0.062898 0.050263
vn -0.996827 0.066074 0.044379
vn 0.017581 -0.538787 0.842258
vn -0.013049 0.583828 -0.811772
vn -0.017512 0.538243 -0.842607
vn -0.996827 0.066074 0.044379
vn 0.991375 -0.032375 -0.126996
vn -0.032904 0.359617 -0.932520
vn -0.017512 0.538243 -0.842607
vn 0.033614 -0.360394 0.932195
vn 0.991375 -0.032375 -0.126996
vn 0.996234 -0.049624 -0.071096
vn -0.996827 0.066074 0.044379
vn -0.996331 0.084877 -0.010987
vn 0.033614 -0.360394 0.932195
vn -0.017512 0.538243 -0.842607
vn -0.032904 0.359617 -0.932520
vn -0.996331 0.084877 -0.010987
vn 0.988577 -0.058776 -0.138783
vn -0.056834 0.022907 -0.998121
vn -0.032904 0.359617 -0.932520
vn 0.057665 -0.023918 0.998049
vn 0.988577 -0.058776 -0.138783
vn 0.991375 -0.032375 -0.126996
vn -0.996331 0.084877 -0.010987
vn -0.997839 0.061829 -0.022219
vn 0.057665 -0.023918 0.998049
vn -0.032904 0.359617 -0.932520
vn -0.056834 0.022907 -0.998121
vn -0.997839 0.061829 -0.022219
vn 0.982069 -0.104492 -0.156917
vn -0.077529 -0.389759 -0.917648
vn -0.056834 0.022907 -0.998121
vn 0.078650 0.389412 0.917700
vn 0.982069 -0.104492 -0.156917
vn 0.988577 -0.058776 -0.138783
vn -0.997839 0.061829 -0.022219
vn -0.998938 0.019905 -0.041548
vn 0.078650 0.389412 0.917700
vn -0.056834 0.022907 -0.998121
vn -0.077529 -0.389759 -0.917648
vn -0.998938 0.019905 -0.041548
vn 0.982069 -0.104492 -0.156917
vn 0.984630 -0.117354 -0.129348
vn -0.083785 -0.599429 -0.796030
vn 0.078650 0.389412 0.917700
vn 0.084674 0.599925 0.795563
vn 0.984630 -0.117354 -0.129348
vn -0.999846 0.009551 -0.014737
vn 0.084674 0.599925 0.795563
vn 0.078650 0.389412 0.917700
vn -0.083785 -0.599429 -0.796030
vn -0.999846 0.009551 -0.014737
vn -0.998938 0.019905 -0.041548
vn 0.991444 -0.052436 -0.119535
vn 0.993908 -0.018698 -0.108613
vn -0.083929 -0.772919 -0.628929
vn 0.053978 0.765946 0.640635
vn 0.071112 0.774537 0.628519
vn 0.993908 -0.018698 -0.108613
vn -0.994979 0.009856 0.099600
vn 0.071112 0.774537 0.628519
vn 0.053978 0.765946 0.640635
vn -0.083929 -0.772919 -0.628929
vn -0.994979 0.009856 0.099600
vn -0.997713 -0.005574 0.067362
vn 0.993908 -0.018698 -0.108613
vn 0.993483 -0.000057 -0.113979
vn -0.078171 -0.775593 -0.626374
vn 0.071112 0.774537 0.628519
vn 0.075871 0.775571 0.626684
vn 0.993483 -0.000057 -0.113979
vn -0.992710 0.007834 0.120271
vn 0.075871 0.775571 0.626684
vn 0.071112 0.774537 0.628519
vn -0.078171 -0.775593 -0.626374
vn -0.992710 0.007834 0.120271
vn -0.994979 0.009856 0.099600
vn 0.993483 -0.000057 -0.113979
vn 0.993975 0.005777 -0.109452
vn -0.079551 -0.750525 -0.656037
vn 0.075871 0.775571 0.626684
vn 0.081243 0.750314 0.656070
vn 0.993975 0.005777 -0.109452
vn -0.991957 0.012806 0.125930
vn 0.081243 0.750314 0.656070
vn 0.075871 0.775571 0.626684
vn -0.079551 -0.750525 -0.656037
vn -0.991957 0.012806 0.125930
vn -0.992710 0.007834 0.120271
vn 0.993975 0.005777 -0.109452
vn 0.995522 0.007084 -0.094261
vn -0.083795 -0.694748 -0.714355
vn 0.081243 0.750314 0.656070
vn 0.089661 0.693611 0.714748
vn 0.995522 0.007084 -0.094261
vn -0.991295 0.025670 0.129132
vn 0.089661 0.693611 0.714748
vn 0.081243 0.750314 0.656070
vn -0.083795 -0.694748 -0.714355
vn -0.991295 0.025670 0.129132
vn -0.991957 0.012806 0.125930
vn 0.995522 0.007084 -0.094261
vn 0.998447 0.000855 -0.055708
vn -0.087801 -0.566337 -0.819484
vn 0.089661 0.693611 0.714748
vn 0.102226 0.561767 0.820955
vn 0.998447 0.000855 -0.055708
vn -0.988603 0.054486 0.140338
vn 0.102226 0.561767 0.820955
vn 0.089661 0.693611 0.714748
vn -0.087801 -0.566337 -0.819484
vn -0.988603 0.054486 0.140338
vn -0.991295 0.025670 0.129132
vn 0.998447 0.000855 -0.055708
vn 0.999610 -0.027243 -0.006189
vn -0.090511 -0.290521 -0.952578
vn 0.102226 0.561767 0.820955
vn 0.101747 0.289397 0.951786
vn 0.999610 -0.027243 -0.006189
vn -0.983179 0.075668 0.166233
vn 0.101747 0.289397 0.951786
vn 0.102226 0.561767 0.820955
vn -0.090511 -0.290521 -0.952578
vn -0.983179 0.075668 0.166233
vn -0.988603 0.054486 0.140338
vn 0.997825 -0.060311 -0.026604
vn -0.085252 0.028043 -0.995965
vn -0.090511 -0.290521 -0.952578
vn 0.081624 -0.023140 0.996395
vn 0.997825 -0.060311 -0.026604
vn 0.999610 -0.027243 -0.006189
vn -0.983179 0.075668 0.166233
vn -0.988149 0.059551 0.141475
vn 0.081624 -0.023140 0.996395
vn -0.090511 -0.290521 -0.952578
vn -0.085252 0.028043 -0.995965
vn -0.988149 0.059551 0.141475
vn 0.996909 -0.061000 -0.049519
vn -0.070261 0.232373 -0.970086
vn -0.085252 0.028043 -0.995965
vn 0.068217 -0.230100 0.970773
vn 0.996909 -0.061000 -0.049519
vn 0.997825 -0.060311 -0.026604
vn -0.988149 0.059551 0.141475
vn -0.991995 0.045859 0.117657
vn 0.068217 -0.230100 0.970773
vn -0.085252 0.028043 -0.995965
vn -0.070261 0.232373 -0.970086
vn -0.991995 0.045859 0.117657
vn 0.996262 -0.055842 -0.065915
vn -0.061078 0.344493 -0.936800
vn -0.070261 0.232373 -0.970086
vn 0.060028 -0.343654 0.937176
vn 0.996262 -0.055842 -0.065915
vn 0.996909 -0.061000 -0.049519
vn -0.991995 0.045859 0.117657
vn -0.994080 0.044013 0.099334
vn 0.060028 -0.343654 0.937176
vn -0.070261 0.232373 -0.970086
vn -0.061078 0.344493 -0.936800
vn -0.994080 0.044013 0.099334
vn 0.995629 -0.049858 -0.078969
vn -0.057055 0.388065 -0.919864
vn -0.061078 0.344493 -0.936800
vn 0.056850 -0.387967 0.919919
vn 0.995629 -0.049858 -0.078969
vn 0.996262 -0.055842 -0.065915
vn -0.994080 0.044013 0.099334
vn -0.995237 0.047258 0.085262
vn 0.056850 -0.387967 0.919919
vn -0.061078 0.344493 -0.936800
vn -0.057055 0.388065 -0.919864
vn -0.995237 0.047258 0.085262
vn 0.994551 -0.044476 -0.094287
vn -0.058163 0.368451 -0.927826
vn -0.057055 0.388065 -0.919864
vn 0.058992 -0.368490 0.927758
vn 0.994551 -0.044476 -0.094287
vn 0.995629 -0.049858 -0.078969
vn -0.995237 0.047258 0.085262
vn -0.996060 0.053923 0.070404
vn 0.058992 -0.368490 0.927758
vn -0.057055 0.388065 -0.919864
vn -0.058163 0.368451 -0.927826
vn -0.996060 0.053923 0.070404
vn 0.994551 -0.044476 -0.094287
vn 0.994067 -0.065714 -0.086678
vn -0.053322 0.344956 -0.937103
vn 0.058992 -0.368490 0.927758
vn 0.067908 -0.345835 0.935835
vn 0.994067 -0.065714 -0.086678
vn -0.993845 0.064468 0.090087
vn 0.067908 -0.345835 0.935835
vn 0.058992 -0.368490 0.927758
vn -0.053322 0.344956 -0.937103
vn -0.993845 0.064468 0.090087
vn -0.996060 0.053923 0.070404
vn 0.994067 -0.065714 -0.086678
vn 0.991583 -0.093839 -0.089208
vn -0.053004 0.368230 -0.928223
vn 0.067908 -0.345835 0.935835
vn 0.062815 -0.369131 0.927252
vn 0.991583 -0.093839 -0.089208
vn -0.990488 0.086907 0.106685
vn 0.062815 -0.369131 0.927252
vn 0.067908 -0.345835 0.935835
vn -0.053004 0.368230 -0.928223
vn -0.990488 0.086907 0.106685
vn -0.993845 0.064468 0.090087
vn 0.989043 -0.106214 -0.102534
vn -0.052377 0.390978 -0.918909
vn -0.053004 0.368230 -0.928223
vn 0.057293 -0.391477 0.918403
vn 0.989043 -0.106214 -0.102534
vn 0.991583 -0.093839 -0.089208
vn -0.990488 0.086907 0.106685
vn -0.988865 0.104983 0.105478
vn 0.057293 -0.391477 0.918403
vn -0.053004 0.368230 -0.928223
vn -0.052377 0.390978 -0.918909
vn -0.988865 0.104983 0.105478
vn 0.987404 -0.114325 -0.109376
vn -0.052746 0.390938 -0.918904
vn -0.052377 0.390978 -0.918909
vn 0.056936 -0.391429 0.918445
vn 0.987404 -0.114325 -0.109376
vn 0.989043 -0.106214 -0.102534
vn -0.988865 0.104983 0.105478
vn -0.987582 0.115587 0.106402
vn 0.056936 -0.391429 0.918445
vn -0.052377 0.390978 -0.918909
vn -0.052746 0.390938 -0.918904
vn -0.987582 0.115587 0.106402
vn 0.985630 -0.122670 -0.116125
vn -0.054497 0.377918 -0.924234
vn -0.052746 0.390938 -0.918904
vn 0.059518 -0.378577 0.923654
vn 0.985630 -0.122670 -0.116125
vn 0.987404 -0.114325 -0.109376
vn -0.987582 0.115587 0.106402
vn -0.986173 0.126232 0.107366
vn 0.059518 -0.378577 0.923654
vn -0.052746 0.390938 -0.918904
vn -0.054497 0.377918 -0.924234
vn -0.986173 0.126232 0.107366
vn 0.982818 -0.134479 -0.126427
vn -0.058507 0.346957 -0.936055
vn -0.054497 0.377918 -0.924234
vn 0.066526 -0.348083 0.935101
vn 0.982818 -0.134479 -0.126427
vn 0.985630 -0.122670 -0.116125
vn -0.986173 0.126232 0.107366
vn -0.984098 0.141593 0.107250
vn 0.066526 -0.348083 0.935101
vn -0.054497 0.377918 -0.924234
vn -0.058507 0.346957 -0.936055
vn -0.984098 0.141593 0.107250
vn 0.982818 -0.134479 -0.126427
vn 0.978678 -0.163863 -0.123847
vn -0.057799 0.328984 -0.942565
vn 0.066526 -0.348083 0.935101
vn 0.073781 -0.331681 0.940502
vn 0.978678 -0.163863 -0.123847
vn -0.978426 0.162550 0.127515
vn 0.073781 -0.331681 0.940502
vn 0.066526 -0.348083 0.935101
vn -0.057799 0.328984 -0.942565
vn -0.978426 0.162550 0.127515
vn -0.984098 0.141593 0.107250
vn 0.978678 -0.163863 -0.123847
vn 0.972492 -0.197585 -0.123370
vn -0.052149 0.361484 -0.930919
vn 0.073781 -0.331681 0.940502
vn 0.064304 -0.363900 0.929216
vn 0.972492 -0.197585 -0.123370
vn -0.970873 0.187554 0.149096
vn 0.064304 -0.363900 0.929216
vn 0.073781 -0.331681 0.940502
vn -0.052149 0.361484 -0.930919
vn -0.970873 0.187554 0.149096
vn -0.978426 0.162550 0.127515
vn 0.966856 -0.214759 -0.138088
vn -0.044088 0.402574 -0.914325
vn -0.052149 0.361484 -0.930919
vn 0.050933 -0.404019 0.913332
vn 0.966856 -0.214759 -0.138088
vn 0.972492 -0.197585 -0.123370
vn -0.970873 0.187554 0.149096
vn -0.966233 0.209628 0.149834
vn 0.050933 -0.404019 0.913332
vn -0.052149 0.361484 -0.930919
vn -0.044088 0.402574 -0.914325
vn -0.966233 0.209628 0.149834
vn 0.963527 -0.223316 -0.147464
vn -0.041363 0.417926 -0.907539
vn -0.044088 0.402574 -0.914325
vn 0.044961 -0.418753 0.906987
vn 0.963527 -0.223316 -0.147464
vn 0.966856 -0.214759 -0.138088
vn -0.966233 0.209628 0.149834
vn -0.963420 0.222297 0.149688
vn 0.044961 -0.418753 0.906987
vn -0.044088 0.402574 -0.914325
vn -0.041363 0.417926 -0.907539
vn -0.963420 0.222297 0.149688
vn 0.961876 -0.225665 -0.154500
vn -0.044514 0.412222 -0.909995
vn -0.041363 0.417926 -0.907539
vn 0.045436 -0.412492 0.909827
vn 0.961876 -0.225665 -0.154500
vn 0.963527 -0.223316 -0.147464
vn -0.963420 0.222297 0.149688
vn -0.962271 0.229160 0.146699
vn 0.045436 -0.412492 0.909827
vn -0.041363 0.417926 -0.907539
vn -0.044514 0.412222 -0.909995
vn -0.962271 0.229160 0.146699
vn 0.961752 -0.220564 -0.162434
vn -0.056922 0.377194 -0.924383
vn -0.044514 0.412222 -0.909995
vn 0.054187 -0.376816 0.924702
vn 0.961752 -0.220564 -0.162434
vn 0.961876 -0.225665 -0.154500
vn -0.962271 0.229160 0.146699
vn -0.963306 0.230628 0.137300
vn 0.054187 -0.376816 0.924702
vn -0.044514 0.412222 -0.909995
vn -0.056922 0.377194 -0.924383
vn -0.963306 0.230628 0.137300
vn 0.961311 -0.213393 -0.174196
vn -0.067314 0.350168 -0.934265
vn -0.056922 0.377194 -0.924383
vn 0.059887 -0.348875 0.935254
vn 0.961311 -0.213393 -0.174196
vn 0.961752 -0.220564 -0.162434
vn -0.963306 0.230628 0.137300
vn -0.964846 0.232189 0.123127
vn 0.059887 -0.348875 0.935254
vn -0.056922 0.377194 -0.924383
vn -0.067314 0.350168 -0.934265
vn -0.964846 0.232189 0.123127
vn 0.988945 -0.056747 -0.136999
vn 0.992379 -0.047155 -0.113842
vn 0.992379 -0.047155 -0.113841
vn -0.020524 -0.944324 0.328376
vn 0.000000 -0.957766 0.287550
vn -0.000000 -0.960047 0.279838
vn 0.016891 0.894788 -0.446172
vn 0.000001 0.897248 -0.441527
vn 0.000001 0.866597 -0.499008
vn 0.034088 0.925945 -0.376117
vn 0.000000 0.926097 -0.377286
vn 0.000001 0.897248 -0.441527
vn -0.034086 -0.925945 0.376117
vn -0.020524 -0.944324 0.328376
vn 0.000000 -0.945587 0.325370
vn 0.969834 -0.093286 -0.225212
vn 0.988945 -0.056747 -0.136999
vn 0.988906 -0.056845 -0.137236
vn 0.989953 -0.130635 -0.054110
vn 0.989938 -0.130729 -0.054149
vn 0.992727 -0.111222 -0.046070
vn -0.000000 -0.443835 0.896109
vn 0.000000 -0.493170 0.869933
vn -0.000001 -0.493171 0.869933
vn 0.000000 0.328012 -0.944674
vn 0.000000 0.332665 -0.943045
vn 0.000000 0.281692 -0.959505
vn 0.000000 0.382684 -0.923879
vn 0.000000 0.382683 -0.923880
vn 0.000000 0.332665 -0.943045
vn 0.000000 -0.382684 0.923880
vn -0.000000 -0.443835 0.896109
vn -0.000000 -0.438757 0.898606
vn 0.965107 -0.241925 -0.100208
vn 0.965107 -0.241925 -0.100208
vn 0.989938 -0.130729 -0.054149
vn 0.950800 -0.118558 -0.286224
vn 0.950800 -0.118558 -0.286224
vn 0.969834 -0.093286 -0.225212
vn -0.014730 -0.926405 0.376241
vn -0.034086 -0.925945 0.376117
vn -0.000000 -0.926097 0.377286
vn 0.014730 0.926404 -0.376242
vn 0.000002 0.923879 -0.382684
vn 0.000000 0.926097 -0.377286
vn 0.934061 -0.329929 -0.136661
vn 0.934061 -0.329929 -0.136661
vn 0.965107 -0.241925 -0.100208
vn -0.000002 -0.382684 0.923879
vn 0.000000 -0.382684 0.923880
vn -0.000001 -0.382684 0.923880
vn 0.000000 0.382682 -0.923880
vn 0.000000 0.382682 -0.923880
vn 0.000000 0.382683 -0.923880
vn 0.797287 -0.036745 -0.602481
vn 0.804183 0.340024 -0.487518
vn 0.989253 -0.104296 -0.102473
vn 0.639796 0.356283 -0.680973
vn 0.537005 0.522192 -0.662526
vn 0.792852 0.290563 -0.535686
vn 0.793223 -0.492145 0.358596
vn 0.537455 -0.587536 0.604932
vn 0.640129 -0.627786 0.442853
vn 0.989240 -0.115112 -0.090297
vn 0.804508 -0.437960 0.401197
vn 0.797517 -0.601773 0.042854
vn 0.887504 -0.295022 -0.353977
vn 0.769933 -0.584781 0.255411
vn 0.491266 -0.831906 -0.258051
vn 0.562617 -0.506943 -0.653047
vn 0.489495 -0.847174 -0.206618
vn 0.113779 -0.822671 -0.557017
vn 0.720950 -0.691782 0.040854
vn 0.511382 -0.722536 0.465221
vn 0.381565 -0.922260 -0.062007
vn 0.510473 -0.786888 -0.346734
vn 0.322895 -0.945731 -0.036489
vn 0.062628 -0.838707 -0.540970
vn 0.763293 0.221832 -0.606774
vn 0.489305 -0.316513 -0.812650
vn 0.172700 -0.032624 -0.984434
vn 0.458428 -0.259612 -0.849968
vn 0.117091 -0.644774 -0.755351
vn -0.053519 -0.553145 -0.831364
vn 0.965605 -0.182167 -0.185532
vn 0.634309 -0.581531 -0.509386
vn 0.546925 0.016635 -0.837016
vn 0.641149 -0.543952 -0.541336
vn 0.172250 -0.741086 -0.648938
vn 0.197605 -0.542371 -0.816570
vn 0.117130 -0.644759 -0.755359
vn 0.018199 -0.884501 -0.466184
vn -0.001364 -0.622499 -0.782620
vn 0.018111 -0.578964 -0.815152
vn 0.117199 -0.833881 -0.539358
vn -0.001275 -0.858003 -0.513642
vn 0.000000 0.000000 -1.000000
vn 0.000000 0.000000 -1.000000
vn 0.000000 0.000001 -1.000000
vn 0.000000 0.000001 -1.000000
vn 0.000000 0.000000 -1.000000
vn 0.000000 0.000000 -1.000000
vn 0.000000 0.000000 -1.000000
vn 0.000000 0.000000 -1.000000
vn 0.000000 0.000000 -1.000000
vn 0.000000 0.000000 -1.000000
vn 0.000000 0.000000 -1.000000
vn 0.000000 0.000000 -1.000000
vn 0.000000 0.000000 -1.000000
vn 0.000000 0.000000 -1.000000
vn 0.000000 0.000000 -1.000000
vn 0.020695 -0.020695 0.999572
vn 0.000000 -0.029268 0.999572
vn 0.000000 -0.029267 0.999572
vn 0.029267 0.000000 -0.999572
vn 0.029267 0.000000 -0.999572
vn 0.020695 -0.020695 -0.999572
vn -0.020695 -0.020695 0.999572
vn -0.020695 -0.020695 0.999572
vn 0.000000 -0.029267 0.999572
vn 0.020696 0.020695 -0.999572
vn 0.020695 0.020695 -0.999572
vn 0.029267 0.000000 -0.999572
vn -0.029268 0.000000 0.999572
vn -0.029268 0.000000 0.999572
vn -0.020695 -0.020695 0.999572
vn 0.000000 0.029268 -0.999572
vn 0.000000 0.029268 -0.999572
vn 0.020695 0.020695 -0.999572
vn -0.020695 0.020695 0.999572
vn -0.020695 0.020695 0.999572
vn -0.029268 0.000000 0.999572
vn 0.000000 0.029268 -0.999572
vn -0.020696 0.020695 -0.999572
vn -0.020695 0.020695 -0.999572
vn 0.000000 1.000000 0.000000
vn 0.707109 0.707104 0.000000
vn 0.707109 0.707104 0.000000
vn 0.707109 0.707104 0.000000
vn 1.000000 0.000001 0.000000
vn 1.000000 0.000001 0.000000
vn 1.000000 0.000001 0.000000
vn 0.707105 -0.707109 0.000000
vn 0.707105 -0.707109 0.000000
vn 0.707105 -0.707109 0.000000
vn 0.000000 -1.000000 0.000000
vn 0.000000 -1.000000 0.000000
vn 0.000000 -1.000000 0.000000
vn -0.707105 -0.707109 0.000000
vn -0.707105 -0.707109 0.000000
vn -0.707105 -0.707109 0.000000
vn -1.000000 0.000001 0.000000
vn -1.000000 0.000001 0.000000
vn -1.000000 0.000001 0.000000
vn -0.707110 0.707104 0.000000
vn -0.707109 0.707104 0.000000
vn -0.707109 0.707104 0.000000
vn -0.707110 0.707104 0.000000
vn 0.000000 1.000000 0.000000
vn -0.707106 0.707107 0.000000
vn -0.707106 0.707107 0.000000
vn -0.000000 1.000000 0.000000
vn -1.000000 -0.000000 0.000000
vn -0.707106 0.707107 0.000000
vn -0.707106 0.707107 0.000000
vn -0.707106 -0.707108 0.000000
vn -1.000000 -0.000000 0.000000
vn -1.000000 -0.000000 0.000000
vn -0.000000 -1.000000 0.000000
vn -0.707106 -0.707108 0.000000
vn -0.707106 -0.707108 0.000000
vn 0.707106 -0.707108 0.000000
vn -0.000000 -1.000000 0.000000
vn -0.000000 -1.000000 0.000000
vn 1.000000 -0.000001 0.000000
vn 0.707106 -0.707108 0.000000
vn 0.707106 -0.707108 0.000000
vn 0.707106 0.707107 0.000000
vn 1.000000 -0.000001 0.000000
vn 1.000000 -0.000001 0.000000
vn -0.000000 1.000000 0.000000
vn 0.707106 0.707107 0.000000
vn 0.707106 0.707107 0.000000
vn 0.020695 -0.020695 -0.999572
vn 0.020695 -0.020695 -0.999572
vn 0.000000 -0.029267 -0.999572
vn 0.029267 -0.000000 0.999572
vn 0.020695 -0.020695 0.999572
vn 0.020695 -0.020695 0.999572
vn -0.020695 -0.020695 -0.999572
vn 0.000000 -0.029267 -0.999572
vn 0.000000 -0.029267 -0.999572
vn 0.020695 0.020695 0.999572
vn 0.029267 -0.000000 0.999572
vn 0.029267 0.000000 0.999572
vn -0.029268 -0.000000 -0.999572
vn -0.020695 -0.020695 -0.999572
vn -0.020695 -0.020695 -0.999572
vn 0.000000 0.029268 0.999572
vn 0.020695 0.020695 0.999572
vn 0.020695 0.020695 0.999572
vn -0.020696 0.020695 -0.999572
vn -0.029268 -0.000000 -0.999572
vn -0.029268 -0.000000 -0.999572
vn 0.000000 0.029268 0.999572
vn 0.000000 0.029268 0.999572
vn -0.020695 0.020695 0.999572
vn 0.037064 0.037063 -0.998625
vn 0.037064 0.037063 -0.998625
vn 0.052417 0.000000 -0.998625
vn -0.037064 -0.037063 0.998625
vn -0.052417 0.000000 0.998625
vn -0.052417 0.000000 0.998625
vn 0.037064 0.037063 -0.998625
vn 0.000000 0.052416 -0.998625
vn 0.000000 0.052416 -0.998625
vn -0.037064 0.037065 0.998625
vn -0.037064 0.037065 0.998625
vn -0.052417 0.000000 0.998625
vn -0.037064 0.037063 -0.998625
vn -0.037064 0.037063 -0.998625
vn 0.000000 0.052416 -0.998625
vn -0.037064 0.037065 0.998625
vn 0.000000 0.052416 0.998625
vn 0.000000 0.052416 0.998625
vn -0.037064 0.037063 -0.998625
vn -0.052417 0.000000 -0.998625
vn -0.052417 0.000000 -0.998625
vn 0.037064 0.037065 0.998625
vn 0.037064 0.037065 0.998625
vn 0.000000 0.052416 0.998625
vn 0.000000 1.000000 0.000000
vn 0.707110 0.707104 0.000000
vn 0.707110 0.707104 0.000000
vn 0.707110 0.707104 0.000000
vn 1.000000 0.000002 0.000000
vn 1.000000 0.000001 0.000000
vn 1.000000 0.000002 0.000000
vn 0.707105 -0.707109 0.000000
vn 0.707105 -0.707109 0.000000
vn 0.707105 -0.707109 0.000000
vn -0.000000 -1.000000 0.000000
vn -0.000000 -1.000000 0.000000
vn -0.000000 -1.000000 0.000000
vn -0.707105 -0.707109 0.000000
vn -0.707105 -0.707108 0.000000
vn -0.707105 -0.707109 0.000000
vn -1.000000 0.000001 0.000000
vn -1.000000 0.000001 0.000000
vn -1.000000 0.000001 0.000000
vn -0.707110 0.707104 0.000000
vn -0.707110 0.707104 0.000000
vn -0.707110 0.707104 0.000000
vn 0.000000 1.000000 0.000000
vn 0.000000 1.000000 0.000000
vn -0.707109 0.707105 0.000000
vn -0.000001 1.000000 0.000000
vn -0.000001 1.000000 0.000000
vn -1.000000 0.000001 0.000000
vn -0.707109 0.707105 0.000000
vn -0.707109 0.707105 0.000000
vn -0.707105 -0.707109 0.000000
vn -1.000000 0.000001 0.000000
vn -1.000000 0.000001 0.000000
vn 0.000001 -1.000000 0.000000
vn -0.707105 -0.707109 0.000000
vn -0.707105 -0.707109 0.000000
vn 0.707105 -0.707109 0.000000
vn 0.000001 -1.000000 0.000000
vn 0.000001 -1.000000 0.000000
vn 1.000000 -0.000000 0.000000
vn 0.707105 -0.707109 0.000000
vn 0.707105 -0.707109 0.000000
vn 0.707109 0.707105 0.000000
vn 1.000000 -0.000000 0.000000
vn 1.000000 -0.000000 0.000000
vn -0.000001 1.000000 0.000000
vn 0.707109 0.707105 0.000000
vn 0.707109 0.707105 0.000000
vn 0.000000 -0.052415 0.998625
vn -0.037064 -0.037063 0.998625
vn -0.037064 -0.037063 0.998625
vn 0.037064 -0.037063 -0.998625
vn 0.052417 0.000000 -0.998625
vn 0.052417 0.000000 -0.998625
vn 0.000000 -0.052415 0.998625
vn 0.000000 -0.052415 0.998625
vn 0.037064 -0.037063 0.998625
vn 0.000000 -0.052415 -0.998625
vn 0.037064 -0.037063 -0.998625
vn 0.037064 -0.037063 -0.998625
vn 0.037064 -0.037063 0.998625
vn 0.037064 -0.037063 0.998625
vn 0.052417 0.000000 0.998625
vn 0.000000 -0.052415 -0.998625
vn 0.000000 -0.052415 -0.998625
vn -0.037064 -0.037063 -0.998625
vn 0.037064 0.037065 0.998625
vn 0.052417 0.000000 0.998625
vn 0.052417 0.000000 0.998625
vn -0.037064 -0.037063 -0.998625
vn -0.037064 -0.037063 -0.998625
vn -0.052417 0.000000 -0.998625
vn -1.000000 0.000001 0.000000
vn -1.000000 0.000001 0.000000
vn -0.707105 -0.707109 0.000000
vn -0.707105 -0.707109 0.000000
vn -0.707105 -0.707109 0.000000
vn 0.000000 -1.000000 0.000000
vn 0.000000 -1.000000 0.000000
vn 0.000000 -1.000000 0.000000
vn 0.707105 -0.707109 0.000000
vn 0.707105 -0.707109 0.000000
vn 0.707105 -0.707109 0.000000
vn 1.000000 0.000001 0.000000
vn 1.000000 0.000001 0.000000
vn 1.000000 0.000001 0.000000
vn 0.707110 0.707104 0.000000
vn 0.707109 0.707104 0.000000
vn 0.707110 0.707104 0.000000
vn 0.000000 1.000000 0.000000
vn -0.000000 1.000000 0.000000
vn 0.000000 1.000000 0.000000
vn -0.707109 0.707104 0.000000
vn 0.000000 0.000000 1.000000
vn 0.000000 0.000000 1.000000
vn 0.000000 0.000000 1.000000
vn 0.000000 -1.000000 0.000000
vn 0.208901 -0.977937 0.000000
vn 0.208901 -0.977937 0.000000
vn 0.000000 0.000000 -1.000000
vn 0.000000 0.000000 -1.000000
vn 0.000000 0.000000 -1.000000
vn 0.297506 -0.954720 0.000000
vn 0.297505 -0.954720 0.000000
vn 0.208901 -0.977937 0.000000
vn 0.296224 0.955118 0.000000
vn 0.296224 0.955118 0.000000
vn 0.406129 0.913816 0.000000
vn 0.277127 0.960833 0.000000
vn 0.277127 0.960833 0.000000
vn 0.296224 0.955118 0.000000
vn 0.000000 0.000000 1.000000
vn 0.000000 0.000000 1.000000
vn 0.000000 0.000000 1.000000
vn 0.000000 0.000000 1.000000
vn 0.000000 0.000000 1.000000
vn 0.000000 0.000000 1.000000
vn 0.000000 0.000000 1.000000
vn 0.000000 0.000000 1.000000
vn 0.000000 0.000000 1.000000
vn 0.000000 0.000000 1.000000
vn 0.000000 0.000000 1.000000
vn 0.000000 0.000000 1.000000
vn 0.000000 0.000000 1.000000
vn 0.000000 0.000000 1.000000
vn 0.000000 0.000000 1.000000
vn 0.000000 0.000000 1.000000
vn 0.000000 -0.000000 1.000000
vn 0.000000 0.000000 1.000000
vn 0.000000 -0.000000 1.000000
vn 0.000000 0.000000 1.000000
vn 0.000000 0.000000 1.000000
vn 0.277125 -0.960834 0.000000
vn 0.277125 -0.960834 0.000000
vn 0.297505 -0.954720 0.000000
vn 1.000000 0.000000 0.000000
vn 1.000000 0.000000 0.000000
vn 0.854632 -0.519235 0.000000
vn 0.000000 0.000000 -1.000000
vn 0.000000 0.000000 -1.000000
vn 0.000000 0.000000 -1.000000
vn 0.000000 0.000000 -1.000000
vn 0.000000 0.000000 -1.000000
vn 0.000000 0.000000 -1.000000
vn 0.000000 0.000000 -1.000000
vn 0.000000 0.000000 -1.000000
vn 0.000000 0.000000 -1.000000
vn 0.000000 0.000000 -1.000000
vn 0.000000 0.000000 -1.000000
vn 0.000000 0.000000 -1.000000
vn 0.000000 0.000000 -1.000000
vn 0.000000 0.000000 -1.000000
vn 0.000000 0.000000 -1.000000
vn 0.000000 0.000000 -1.000000
vn 0.000000 0.000000 -1.000000
vn 0.000000 0.000000 -1.000000
vn 0.000000 0.000000 -1.000000
vn 0.000000 0.000000 -1.000000
vn 0.000000 0.000000 -1.000000
vn 1.000000 0.000000 0.000000
vn 1.000000 0.000000 0.000000
vn 0.854631 0.519236 -0.000000
vn 0.277125 -0.960834 0.000000
vn 0.559552 -0.828795 0.000000
vn 0.559552 -0.828795 0.000000
vn 0.277127 0.960833 0.000000
vn 0.559551 0.828796 -0.000000
vn 0.559551 0.828796 -0.000000
vn 0.000000 0.000000 1.000000
vn 0.000000 0.000000 1.000000
vn 0.000000 0.000000 1.000000
vn 0.000000 -1.000000 0.000000
vn 0.097496 -0.995236 0.000000
vn 0.097496 -0.995236 0.000000
vn 0.000000 0.000000 -1.000000
vn 0.000000 0.000000 -1.000000
vn 0.000000 0.000000 -1.000000
vn 0.188151 -0.982140 0.000000
vn 0.188151 -0.982140 0.000000
vn 0.097496 -0.995236 0.000000
vn 0.187479 0.982269 0.000000
vn 0.187479 0.982269 0.000000
vn 0.192718 0.981254 0.000000
vn 0.277127 0.960833 0.000000
vn 0.277127 0.960833 0.000000
vn 0.187479 0.982269 0.000000
vn 0.277125 -0.960834 0.000000
vn 0.277126 -0.960834 0.000000
vn 0.188151 -0.982140 0.000000
vn 1.000000 0.000000 0.000000
vn 1.000000 0.000000 0.000000
vn 0.854632 -0.519235 0.000000
vn 0.000000 0.000000 -1.000000
vn 0.000000 0.000000 -1.000000
vn 0.000000 -0.000000 -1.000000
vn 0.000000 -0.000000 -1.000000
vn 0.000000 0.000000 -1.000000
vn 0.000000 0.000000 -1.000000
vn 0.000000 0.000000 -1.000000
vn 0.000000 0.000000 -1.000000
vn 0.000000 0.000000 -1.000000
vn 0.000000 0.000000 -1.000000
vn 0.000000 0.000000 -1.000000
vn 0.000000 0.000000 -1.000000
vn 0.000000 0.000000 -1.000000
vn 0.000000 0.000000 -1.000000
vn 0.000000 0.000000 -1.000000
vn 0.000000 0.000000 -1.000000
vn 0.000000 0.000000 -1.000000
vn 0.000000 0.000000 -1.000000
vn 0.000000 0.000000 -1.000000
vn 0.000000 0.000000 -1.000000
vn 0.000000 0.000000 -1.000000
vn 1.000000 0.000000 0.000000
vn 1.000000 0.000000 0.000000
vn 0.854631 0.519236 -0.000000
vn 0.277125 -0.960834 0.000000
vn 0.559552 -0.828795 0.000000
vn 0.559552 -0.828795 0.000000
vn 0.277127 0.960833 0.000000
vn 0.559551 0.828796 -0.000000
vn 0.559551 0.828796 -0.000000
vn 0.000000 0.000000 1.000000
vn 0.000000 0.000000 1.000000
vn 0.000000 0.000001 1.000000
vn 0.000000 0.000001 1.000000
vn 0.000000 0.000000 1.000000
vn 0.000000 0.000000 1.000000
vn 0.000000 0.000000 1.000000
vn 0.000000 0.000000 1.000000
vn 0.000000 0.000000 1.000000
vn 0.000000 0.000000 1.000000
vn 0.000000 0.000000 1.000000
vn 0.000000 0.000000 1.000000
vn 0.000000 0.000000 1.000000
vn 0.000000 0.000000 1.000000
vn 0.000000 0.000000 1.000000
vn 0.020695 -0.020695 -0.999572
vn 0.020695 -0.020695 -0.999572
vn 0.000000 -0.029268 -0.999572
vn 0.020695 -0.020696 0.999572
vn 0.029267 -0.000000 0.999572
vn 0.029267 -0.000000 0.999572
vn 0.000000 -0.029268 -0.999572
vn -0.020695 -0.020695 -0.999572
vn -0.020695 -0.020695 -0.999572
vn 0.029267 -0.000000 0.999572
vn 0.020695 0.020696 0.999572
vn 0.020696 0.020695 0.999572
vn -0.020695 -0.020695 -0.999572
vn -0.029268 0.000000 -0.999572
vn -0.029268 0.000000 -0.999572
vn 0.020695 0.020696 0.999572
vn 0.000000 0.029268 0.999572
vn 0.000000 0.029268 0.999572
vn -0.029268 0.000000 -0.999572
vn -0.020695 0.020695 -0.999572
vn -0.020695 0.020695 -0.999572
vn 0.000000 0.029268 0.999572
vn 0.000000 0.029268 0.999572
vn -0.020695 0.020696 0.999572
vn 0.707110 0.707104 0.000000
vn 0.707110 0.707104 0.000000
vn 0.000000 1.000000 0.000000
vn 1.000000 0.000001 0.000000
vn 1.000000 0.000001 0.000000
vn 0.707110 0.707104 0.000000
vn 0.707105 -0.707109 0.000000
vn 0.707105 -0.707109 0.000000
vn 1.000000 0.000001 0.000000
vn 0.000000 -1.000000 0.000000
vn 0.000000 -1.000000 0.000000
vn 0.707105 -0.707109 0.000000
vn -0.707105 -0.707109 0.000000
vn -0.707105 -0.707109 0.000000
vn 0.000000 -1.000000 0.000000
vn -1.000000 0.000001 0.000000
vn -1.000000 0.000001 0.000000
vn -0.707105 -0.707109 0.000000
vn -0.707109 0.707104 0.000000
vn -0.707110 0.707104 0.000000
vn -1.000000 0.000001 0.000000
vn -0.707109 0.707104 0.000000
vn 0.000000 1.000000 0.000000
vn 0.000000 1.000000 0.000000
vn -0.707106 0.707107 0.000000
vn -0.000000 1.000000 0.000000
vn -0.000000 1.000000 0.000000
vn -0.707106 0.707107 0.000000
vn -0.707106 0.707107 0.000000
vn -1.000000 -0.000000 0.000000
vn -1.000000 -0.000000 0.000000
vn -1.000000 -0.000000 0.000000
vn -0.707106 -0.707108 0.000000
vn -0.707106 -0.707108 0.000000
vn -0.707106 -0.707108 0.000000
vn 0.000000 -1.000000 0.000000
vn 0.000000 -1.000000 0.000000
vn 0.000000 -1.000000 0.000000
vn 0.707106 -0.707108 0.000000
vn 0.707106 -0.707108 0.000000
vn 0.707106 -0.707108 0.000000
vn 1.000000 -0.000001 0.000000
vn 1.000000 -0.000001 0.000000
vn 1.000000 -0.000001 0.000000
vn 0.707106 0.707107 0.000000
vn 0.707106 0.707107 0.000000
vn 0.707106 0.707107 0.000000
vn -0.000000 1.000000 0.000000
vn 0.000000 -0.029268 0.999572
vn 0.020695 -0.020696 0.999572
vn 0.020695 -0.020695 0.999572
vn 0.029267 -0.000000 -0.999572
vn 0.029267 0.000000 -0.999572
vn 0.020695 -0.020695 -0.999572
vn -0.020695 -0.020696 0.999572
vn -0.020695 -0.020696 0.999572
vn 0.000000 -0.029268 0.999572
vn 0.020695 0.020695 -0.999572
vn 0.020695 0.020695 -0.999572
vn 0.029267 0.000000 -0.999572
vn -0.029268 0.000000 0.999572
vn -0.029268 0.000000 0.999572
vn -0.020695 -0.020696 0.999572
vn 0.000000 0.029268 -0.999572
vn 0.000000 0.029268 -0.999572
vn 0.020695 0.020695 -0.999572
vn -0.020696 0.020695 0.999572
vn -0.020695 0.020696 0.999572
vn -0.029268 0.000000 0.999572
vn -0.020695 0.020695 -0.999572
vn 0.000000 0.029268 -0.999572
vn 0.000000 0.029268 -0.999572
vn 0.052417 0.000000 0.998625
vn 0.037064 0.037063 0.998626
vn 0.037064 0.037063 0.998625
vn -0.037064 -0.037063 -0.998625
vn -0.037064 -0.037063 -0.998625
vn -0.052417 0.000000 -0.998625
vn 0.037064 0.037063 0.998625
vn 0.037064 0.037063 0.998626
vn 0.000000 0.052416 0.998625
vn -0.052417 0.000000 -0.998625
vn -0.037064 0.037065 -0.998625
vn -0.037064 0.037065 -0.998625
vn 0.000000 0.052416 0.998625
vn -0.037064 0.037064 0.998625
vn -0.037064 0.037064 0.998625
vn -0.037064 0.037065 -0.998625
vn -0.037064 0.037065 -0.998625
vn 0.000000 0.052416 -0.998625
vn -0.037064 0.037064 0.998625
vn -0.037064 0.037064 0.998625
vn -0.052417 0.000000 0.998625
vn 0.000000 0.052416 -0.998625
vn 0.037064 0.037064 -0.998625
vn 0.037064 0.037064 -0.998625
vn 0.707110 0.707104 0.000000
vn 0.707110 0.707104 0.000000
vn 0.000000 1.000000 0.000000
vn 1.000000 0.000001 0.000000
vn 1.000000 0.000002 0.000000
vn 0.707110 0.707104 0.000000
vn 0.707105 -0.707109 0.000000
vn 0.707105 -0.707109 0.000000
vn 1.000000 0.000002 0.000000
vn -0.000000 -1.000000 0.000000
vn -0.000000 -1.000000 0.000000
vn 0.707105 -0.707109 0.000000
vn -0.707105 -0.707108 0.000000
vn -0.707105 -0.707109 0.000000
vn -0.000000 -1.000000 0.000000
vn -1.000000 0.000001 0.000000
vn -1.000000 0.000001 0.000000
vn -0.707105 -0.707109 0.000000
vn -0.707110 0.707104 0.000000
vn -0.707110 0.707104 0.000000
vn -1.000000 0.000001 0.000000
vn 0.000000 1.000000 0.000000
vn 0.000000 1.000000 0.000000
vn -0.707110 0.707104 0.000000
vn -0.000001 1.000000 0.000000
vn -0.000001 1.000000 0.000000
vn -0.707109 0.707105 0.000000
vn -0.707109 0.707105 0.000000
vn -0.707109 0.707105 0.000000
vn -1.000000 0.000001 0.000000
vn -1.000000 0.000001 0.000000
vn -1.000000 0.000001 0.000000
vn -0.707105 -0.707109 0.000000
vn -0.707105 -0.707109 0.000000
vn -0.707105 -0.707109 0.000000
vn 0.000001 -1.000000 0.000000
vn 0.000001 -1.000000 0.000000
vn 0.000001 -1.000000 0.000000
vn 0.707105 -0.707109 0.000000
vn 0.707105 -0.707109 0.000000
vn 0.707105 -0.707109 0.000000
vn 1.000000 -0.000000 0.000000
vn 1.000000 -0.000000 0.000000
vn 1.000000 -0.000000 0.000000
vn 0.707109 0.707105 0.000000
vn 0.707109 0.707105 0.000000
vn 0.707109 0.707105 0.000000
vn -0.000001 1.000000 0.000000
vn 0.000000 -0.052415 -0.998625
vn 0.000000 -0.052415 -0.998625
vn -0.037064 -0.037063 -0.998625
vn 0.037064 -0.037063 0.998625
vn 0.037064 -0.037063 0.998625
vn 0.052417 0.000000 0.998625
vn 0.037064 -0.037063 -0.998625
vn 0.000000 -0.052415 -0.998625
vn 0.000000 -0.052415 -0.998625
vn 0.000000 -0.052415 0.998625
vn 0.000000 -0.052415 0.998625
vn 0.037064 -0.037063 0.998625
vn 0.052417 0.000000 -0.998625
vn 0.037064 -0.037063 -0.998625
vn 0.037064 -0.037063 -0.998625
vn -0.037064 -0.037063 0.998625
vn 0.000000 -0.052415 0.998625
vn 0.000000 -0.052415 0.998625
vn 0.037064 0.037064 -0.998625
vn 0.037064 0.037064 -0.998625
vn 0.052417 0.000000 -0.998625
vn -0.052417 0.000000 0.998625
vn -0.037064 -0.037063 0.998625
vn -0.037064 -0.037063 0.998625
vn 0.854632 -0.519235 0.000000
vn 0.559552 -0.828795 0.000000
vn 0.559552 -0.828795 0.000000
vn 0.854631 0.519236 -0.000000
vn 0.559551 0.828796 -0.000000
vn 0.559551 0.828796 -0.000000
vn 0.854632 -0.519235 0.000000
vn 0.559552 -0.828795 0.000000
vn 0.559552 -0.828795 0.000000
vn 0.854631 0.519236 -0.000000
vn 0.559551 0.828796 -0.000000
vn 0.559551 0.828796 -0.000000
vn 0.000000 0.000000 1.000000
vn 0.000000 0.000000 1.000000
vn 0.000000 0.000001 1.000000
vn 0.000000 0.000001 1.000000
vn 0.000000 0.000000 1.000000
vn 0.000000 0.000000 1.000000
vn 0.000000 0.000000 1.000000
vn 0.000000 0.000000 1.000000
vn 0.000000 0.000000 1.000000
vn 0.000000 0.000000 1.000000
vn 0.000000 0.000000 1.000000
vn 0.000000 0.000000 1.000000
vn 0.000000 0.000000 1.000000
vn 0.000000 0.000000 1.000000
vn 0.000000 0.000000 1.000000
vn 0.000000 0.000000 1.000000
vn 0.000000 0.000000 1.000000
vn 0.000000 0.000000 1.000000
vn 0.000000 0.000000 1.000000
vn 0.000000 0.000000 1.000000
vn 0.000000 0.000000 1.000000
vn 0.000000 0.000000 -1.000000
vn 0.000000 0.000000 -1.000000
vn 0.000000 0.000000 -1.000000
vn 0.000000 0.000000 -1.000000
vn 0.000000 0.000000 -1.000000
vn 0.000000 0.000000 -1.000000
vn 0.000000 0.000000 1.000000
vn 0.000000 0.000000 1.000000
vn 0.000000 0.000000 1.000000
vn 0.000000 0.000000 1.000000
vn 0.000000 0.000000 1.000000
vn 0.000000 0.000000 1.000000
vn -0.999980 -0.006399 0.000000
vn -0.999980 -0.006399 0.000000
vn -0.999980 -0.006399 0.000000
vn 0.000000 0.000000 -1.000000
vn 0.000000 0.000000 -1.000000
vn 0.000000 0.000000 -1.000000
vn 0.000000 0.000000 -1.000000
vn 0.000000 0.000000 -1.000000
vn 0.000000 0.000000 -1.000000
vn 0.000000 0.000000 1.000000
vn 0.000000 0.000000 1.000000
vn 0.000000 0.000000 1.000000
vn 0.000000 0.000000 1.000000
vn 0.000000 0.000000 1.000000
vn 0.000000 0.000000 1.000000
vn -0.999966 -0.008209 0.000000
vn -0.999966 -0.008209 0.000000
vn -0.999966 -0.008209 0.000000
vn 0.000000 1.000000 0.000000
vn 0.000000 1.000000 0.000000
vn 0.000000 1.000000 0.000000
vn 0.000000 1.000000 0.000000
vn 0.000000 1.000000 0.000000
vn 0.000000 1.000000 0.000000
vn -1.000000 0.000000 0.000000
vn -1.000000 0.000000 0.000000
vn -1.000000 0.000000 0.000000
vn -1.000000 0.000000 0.000000
vn -1.000000 0.000000 0.000000
vn -1.000000 0.000000 0.000000
vn 0.000000 0.000000 -1.000000
vn 0.000000 0.000000 -1.000000
vn 0.000000 0.000000 -1.000000
vn 0.208901 -0.977937 0.000000
vn 0.208901 -0.977937 0.000000
vn 0.000000 -1.000000 0.000000
vn 0.000000 0.000000 1.000000
vn 0.000000 -0.000000 1.000000
vn 0.000000 0.000000 1.000000
vn 0.208901 -0.977937 0.000000
vn 0.297505 -0.954720 0.000000
vn 0.297506 -0.954720 0.000000
vn 0.406129 0.913816 0.000000
vn 0.296224 0.955118 0.000000
vn 0.296224 0.955118 0.000000
vn 0.296224 0.955118 0.000000
vn 0.277127 0.960833 0.000000
vn 0.277127 0.960833 0.000000
vn 0.000000 0.000000 -1.000000
vn 0.000000 0.000000 -1.000000
vn 0.000000 0.000000 -1.000000
vn 0.000000 0.000000 -1.000000
vn 0.000000 0.000000 -1.000000
vn 0.000000 -0.000000 -1.000000
vn 0.000000 -0.000000 -1.000000
vn 0.000000 -0.000000 -1.000000
vn 0.000000 0.000000 -1.000000
vn 0.000000 -0.000000 -1.000000
vn 0.000000 0.000000 -1.000000
vn 0.000000 0.000000 -1.000000
vn 0.000000 0.000000 -1.000000
vn 0.000000 0.000000 -1.000000
vn 0.000000 0.000000 -1.000000
vn 0.000000 0.000000 -1.000000
vn 0.000000 0.000000 -1.000000
vn 0.000000 0.000000 -1.000000
vn 0.000000 0.000000 -1.000000
vn 0.000000 0.000000 -1.000000
vn 0.000000 0.000000 -1.000000
vn 0.297505 -0.954720 0.000000
vn 0.277125 -0.960834 0.000000
vn 0.277125 -0.960834 0.000000
vn 0.854632 -0.519235 -0.000000
vn 1.000000 0.000000 0.000000
vn 1.000000 0.000000 0.000000
vn 0.000000 0.000000 1.000000
vn 0.000000 0.000000 1.000000
vn 0.000000 0.000000 1.000000
vn 0.000000 0.000000 1.000000
vn 0.000000 0.000000 1.000000
vn 0.000000 0.000000 1.000000
vn 0.000000 0.000000 1.000000
vn 0.000000 0.000000 1.000000
vn 0.000000 0.000000 1.000000
vn 0.000000 0.000000 1.000000
vn 0.000000 0.000000 1.000000
vn 0.000000 0.000000 1.000000
vn 0.000000 0.000000 1.000000
vn 0.000000 0.000000 1.000000
vn 0.000000 -0.000000 1.000000
vn 0.000000 -0.000000 1.000000
vn 0.000000 -0.000000 1.000000
vn 0.000000 0.000000 1.000000
vn 0.000000 -0.000000 1.000000
vn 0.000000 0.000000 1.000000
vn 0.000000 0.000000 1.000000
vn 0.854631 0.519236 0.000000
vn 1.000000 0.000000 0.000000
vn 1.000000 0.000000 0.000000
vn 0.277125 -0.960834 0.000000
vn 0.277125 -0.960834 0.000000
vn 0.559552 -0.828795 -0.000000
vn 0.277127 0.960833 0.000000
vn 0.277127 0.960833 0.000000
vn 0.559551 0.828796 0.000000
vn 0.000000 0.000000 -1.000000
vn 0.000000 0.000000 -1.000000
vn 0.000000 0.000000 -1.000000
vn 0.097496 -0.995236 0.000000
vn 0.097496 -0.995236 0.000000
vn 0.000000 -1.000000 0.000000
vn 0.000000 0.000000 1.000000
vn 0.000000 0.000000 1.000000
vn 0.000000 0.000000 1.000000
vn 0.097496 -0.995236 0.000000
vn 0.188151 -0.982140 0.000000
vn 0.188151 -0.982140 0.000000
vn 0.192718 0.981254 0.000000
vn 0.187479 0.982269 0.000000
vn 0.187479 0.982269 0.000000
vn 0.187479 0.982269 0.000000
vn 0.277127 0.960833 0.000000
vn 0.277127 0.960833 0.000000
vn 0.188151 -0.982140 0.000000
vn 0.277126 -0.960834 0.000000
vn 0.277125 -0.960834 0.000000
vn 0.854632 -0.519235 -0.000000
vn 1.000000 0.000000 0.000000
vn 1.000000 0.000000 0.000000
vn 0.000000 -0.000000 1.000000
vn 0.000000 0.000000 1.000000
vn 0.000000 0.000000 1.000000
vn 0.000000 0.000000 1.000000
vn 0.000000 0.000000 1.000000
vn 0.000000 0.000000 1.000000
vn 0.000000 0.000000 1.000000
vn 0.000000 0.000000 1.000000
vn 0.000000 0.000000 1.000000
vn 0.000000 0.000000 1.000000
vn 0.000000 0.000000 1.000000
vn 0.000000 0.000000 1.000000
vn 0.000000 0.000000 1.000000
vn 0.000000 0.000000 1.000000
vn 0.000000 0.000000 1.000000
vn 0.000000 0.000000 1.000000
vn 0.000000 0.000000 1.000000
vn 0.000000 0.000000 1.000000
vn 0.000000 0.000000 1.000000
vn 0.000000 -0.000000 1.000000
vn 0.000000 0.000000 1.000000
vn 0.854631 0.519236 0.000000
vn 1.000000 0.000000 0.000000
vn 1.000000 0.000000 0.000000
vn 0.277125 -0.960834 0.000000
vn 0.277126 -0.960834 0.000000
vn 0.559552 -0.828795 -0.000000
vn 0.277127 0.960833 0.000000
vn 0.277127 0.960833 0.000000
vn 0.559551 0.828796 0.000000
vn 0.854632 -0.519235 -0.000000
vn 0.854632 -0.519235 0.000000
vn 0.559552 -0.828795 -0.000000
vn 0.854631 0.519236 0.000000
vn 0.854631 0.519236 0.000000
vn 0.559551 0.828796 0.000000
vn 0.854632 -0.519235 -0.000000
vn 0.854632 -0.519235 0.000000
vn 0.559552 -0.828795 -0.000000
vn 0.854631 0.519236 0.000000
vn 0.854631 0.519236 0.000000
vn 0.559551 0.828796 0.000000
vn 0.000000 0.000000 -1.000000
vn 0.000000 0.000000 -1.000000
vn 0.000000 0.000000 -1.000000
vn 0.000000 0.000000 -1.000000
vn 0.000000 0.000000 -1.000000
vn 0.000000 0.000000 -1.000000
vn 0.000000 0.000000 -1.000000
vn 0.000000 0.000000 -1.000000
vn 0.000000 0.000000 -1.000000
vn 0.000000 0.000000 -1.000000
vn 0.000000 0.000000 -1.000000
vn 0.000000 0.000000 -1.000000
vn 0.000000 0.000000 -1.000000
vn 0.000000 0.000000 -1.000000
vn 0.000000 0.000000 -1.000000
vn 0.000000 0.000000 -1.000000
vn 0.000000 0.000000 -1.000000
vn 0.000000 0.000000 -1.000000
vn 0.000000 0.000000 -1.000000
vn 0.000000 0.000000 -1.000000
vn 0.000000 0.000000 -1.000000
vn 0.000000 0.000000 1.000000
vn 0.000000 0.000000 1.000000
vn 0.000000 0.000000 1.000000
vn 0.000000 0.000000 1.000000
vn 0.000000 0.000000 1.000000
vn 0.000000 -0.000000 1.000000
vn 0.000000 0.000000 -1.000000
vn 0.000000 0.000000 -1.000000
vn 0.000000 0.000000 -1.000000
vn 0.000000 0.000000 -1.000000
vn 0.000000 0.000000 -1.000000
vn 0.000000 0.000000 -1.000000
vn -0.999980 -0.006399 0.000000
vn -0.999980 -0.006399 0.000000
vn -0.999980 -0.006399 0.000000
vn 0.000000 0.000000 1.000000
vn 0.000000 0.000000 1.000000
vn 0.000000 0.000000 1.000000
vn 0.000000 0.000000 1.000000
vn 0.000000 0.000000 1.000000
vn 0.000000 0.000000 1.000000
vn 0.000000 0.000000 -1.000000
vn 0.000000 0.000000 -1.000000
vn 0.000000 0.000000 -1.000000
vn 0.000000 0.000000 -1.000000
vn 0.000000 0.000000 -1.000000
vn 0.000000 0.000000 -1.000000
vn -0.999966 -0.008209 0.000000
vn -0.999966 -0.008209 0.000000
vn -0.999966 -0.008209 0.000000
vn 0.000000 1.000000 0.000000
vn 0.000000 1.000000 0.000000
vn 0.000000 1.000000 0.000000
vn 0.000000 1.000000 0.000000
vn 0.000000 1.000000 0.000000
vn 0.000000 1.000000 0.000000
vn -1.000000 0.000000 0.000000
vn -1.000000 0.000000 0.000000
vn -1.000000 0.000000 0.000000
vn -1.000000 0.000000 0.000000
vn -1.000000 0.000000 0.000000
vn -1.000000 0.000000 0.000000
vn -0.707110 0.707104 0.000000
vn -0.707109 0.707104 0.000000
vn -1.000000 0.000001 0.000000
vn 0.000000 -0.382684 -0.923879
vn 0.000000 -0.923880 -0.382684
vn 0.000000 -0.923879 -0.382684
vn 0.000000 -0.923880 -0.382684
vn 0.000000 -0.923881 0.382681
vn 0.000000 -0.923880 0.382681
vn 0.000000 -0.923881 0.382681
vn 0.000000 -0.382684 0.923880
vn 0.000000 -0.382683 0.923880
vn 0.000000 -0.382684 0.923880
vn 0.000000 0.382684 0.923879
vn 0.000000 0.382684 0.923879
vn 0.000000 0.382684 0.923879
vn 0.000000 0.923879 0.382684
vn 0.000000 0.923879 0.382684
vn 0.000000 0.923879 0.382684
vn 0.000000 0.923879 -0.382685
vn 0.000001 0.923879 -0.382685
vn 1.000000 0.000000 0.000000
vn 1.000000 0.000000 0.000000
vn 1.000000 0.000000 -0.000001
vn 1.000000 0.000000 -0.000001
vn 1.000000 0.000001 -0.000005
vn 1.000000 0.000000 -0.000001
vn 1.000000 0.000000 -0.000001
vn 1.000000 0.000000 0.000000
vn 1.000000 0.000000 -0.000000
vn 1.000000 0.000000 -0.000000
vn 1.000000 0.000000 -0.000002
vn 1.000000 0.000000 0.000000
vn 1.000000 0.000000 0.000000
vn 1.000000 0.000000 -0.000001
vn 1.000000 0.000000 -0.000000
vn 0.000001 0.923879 -0.382685
vn 0.000000 0.923879 -0.382685
vn 0.000002 0.382681 -0.923880
vn 0.000002 0.382681 -0.923880
vn 0.000000 -0.382684 -0.923879
vn 0.000001 -0.382685 -0.923879
vn 0.000000 0.980785 -0.195091
vn 0.000000 1.000000 -0.000001
vn 0.000000 1.000000 -0.000001
vn 0.000000 0.000000 1.000000
vn 0.000000 -0.195090 0.980785
vn 0.000000 -0.195090 0.980785
vn -0.000002 -0.980785 -0.195090
vn -0.000001 -0.923879 -0.382684
vn 0.000000 -0.923879 -0.382684
vn 0.000000 1.000000 -0.000001
vn 0.000000 0.980785 0.195089
vn 0.000000 0.980785 0.195089
vn 0.000000 -0.195090 0.980785
vn 0.000000 -0.195090 0.980785
vn -0.000000 -0.382683 0.923880
vn -0.000001 -0.923879 -0.382684
vn -0.000000 -0.831470 -0.555570
vn 0.000000 -0.831469 -0.555570
vn 0.000000 0.980785 0.195089
vn 0.000000 0.923880 0.382683
vn 0.000000 0.923880 0.382683
vn -0.000000 -0.382683 0.923880
vn -0.000000 -0.382683 0.923880
vn -0.000000 -0.555570 0.831470
vn 0.000000 -1.000000 0.000000
vn -0.000002 -0.980785 -0.195090
vn 0.000000 -0.980785 -0.195090
vn -0.000002 -0.980785 0.195090
vn 0.000000 -1.000000 0.000000
vn 0.000000 -1.000000 0.000000
vn 0.000000 0.195091 0.980785
vn 0.000000 0.000000 1.000000
vn 0.000000 0.000000 1.000000
vn 0.000000 0.382683 0.923880
vn 0.000000 0.195091 0.980785
vn 0.000000 0.195091 0.980785
vn 0.000000 -0.000001 -1.000000
vn 0.000000 0.195089 -0.980786
vn 0.000000 0.195089 -0.980786
vn -0.000000 -0.195091 -0.980785
vn 0.000000 -0.000001 -1.000000
vn 0.000000 -0.000001 -1.000000
vn 0.000000 0.923879 -0.382684
vn 0.000000 0.980785 -0.195091
vn 0.000000 0.980785 -0.195091
vn 0.000000 0.831469 -0.555571
vn 0.000000 0.923879 -0.382684
vn 0.000000 0.923879 -0.382684
vn -0.000001 -0.923880 0.382683
vn -0.000002 -0.980785 0.195090
vn 0.000000 -0.980785 0.195090
vn 0.000000 0.555571 0.831469
vn 0.000000 0.382683 0.923880
vn 0.000000 0.382683 0.923880
vn 0.000000 0.707106 -0.707108
vn 0.000000 0.831469 -0.555571
vn 0.000000 0.831469 -0.555571
vn 0.000000 -0.382683 -0.923880
vn -0.000000 -0.195091 -0.980785
vn 0.000000 -0.195091 -0.980785
vn -0.000000 -0.831470 0.555570
vn -0.000001 -0.923880 0.382683
vn 0.000000 -0.923880 0.382683
vn 0.000000 0.707107 0.707106
vn 0.000000 0.555571 0.831469
vn 0.000000 0.555571 0.831469
vn 0.000000 0.555570 -0.831470
vn 0.000000 0.707106 -0.707108
vn 0.000000 0.707106 -0.707108
vn -0.000001 -0.555570 -0.831470
vn 0.000000 -0.382683 -0.923880
vn 0.000000 -0.382683 -0.923880
vn 0.000000 -0.555570 0.831470
vn -0.000000 -0.555570 0.831470
vn -0.000001 -0.707106 0.707107
vn -0.000001 -0.707106 0.707107
vn -0.000000 -0.831470 0.555570
vn 0.000000 -0.831470 0.555570
vn 0.000000 0.923880 0.382683
vn 0.000000 0.831470 0.555570
vn 0.000000 0.831470 0.555570
vn 0.000000 0.831470 0.555570
vn 0.000000 0.831470 0.555570
vn 0.000000 0.707107 0.707106
vn 0.000000 0.195089 -0.980786
vn 0.000000 0.382682 -0.923880
vn 0.000000 0.382682 -0.923880
vn 0.000000 0.382682 -0.923880
vn 0.000000 0.555570 -0.831470
vn 0.000000 0.555569 -0.831470
vn -0.000000 -0.831470 -0.555570
vn -0.000000 -0.707107 -0.707107
vn 0.000000 -0.707107 -0.707107
vn -0.000000 -0.707107 -0.707107
vn -0.000001 -0.555570 -0.831470
vn 0.000000 -0.555570 -0.831470
vn 0.000000 0.980785 -0.195092
vn 0.000000 1.000000 -0.000001
vn 0.000000 1.000000 -0.000001
vn 0.000000 0.831470 -0.555570
vn 0.000000 0.707107 -0.707107
vn 0.000000 0.707107 -0.707107
vn 0.000000 0.707107 -0.707107
vn 0.000000 0.555570 -0.831470
vn 0.000000 0.555570 -0.831470
vn 0.000000 0.555570 -0.831470
vn 0.000000 0.382683 -0.923880
vn 0.000000 0.382683 -0.923880
vn 0.000000 0.382683 -0.923880
vn 0.000000 0.195089 -0.980785
vn 0.000000 0.195089 -0.980786
vn 0.000000 0.195089 -0.980785
vn 0.000000 -0.000000 -1.000000
vn 0.000000 -0.000001 -1.000000
vn 0.000000 -0.000000 -1.000000
vn 0.000000 -0.195090 -0.980785
vn 0.000000 -0.195090 -0.980785
vn 0.000000 -0.195090 -0.980785
vn 0.000000 -0.382684 -0.923879
vn 0.000000 -0.382684 -0.923879
vn 0.000000 -0.382684 -0.923879
vn 0.000000 -0.555571 -0.831469
vn 0.000000 -0.555571 -0.831469
vn 0.000000 -0.555571 -0.831469
vn 0.000000 -0.707107 -0.707106
vn 0.000000 -0.707107 -0.707106
vn 0.000000 -0.707107 -0.707106
vn 0.000000 -0.831470 -0.555570
vn 0.000000 -0.831470 -0.555570
vn 0.000000 -0.831470 -0.555570
vn 0.000000 -0.923880 -0.382683
vn 0.000000 -0.923880 -0.382683
vn 0.000000 -0.923880 -0.382683
vn 0.000000 -0.980785 -0.195090
vn 0.000000 -0.980785 -0.195090
vn 0.000000 -0.980785 -0.195090
vn 0.000000 -1.000000 0.000001
vn 0.000000 -1.000000 0.000001
vn 0.000000 -1.000000 0.000001
vn 0.000000 -0.980785 0.195092
vn 0.000000 -0.980785 0.195092
vn -1.000000 0.000000 0.000000
vn -1.000000 0.000000 -0.000000
vn -1.000000 0.000000 0.000000
vn -1.000000 0.000000 -0.000000
vn -1.000000 0.000000 0.000000
vn -1.000000 0.000000 0.000000
vn -1.000000 0.000000 0.000000
vn -1.000000 0.000000 0.000000
vn -1.000000 -0.000000 0.000000
vn -1.000000 -0.000000 0.000000
vn -1.000000 0.000000 0.000000
vn -1.000000 0.000000 0.000000
vn -1.000000 0.000000 0.000000
vn -1.000000 0.000000 0.000000
vn -1.000000 0.000000 0.000000
vn -1.000000 0.000000 0.000000
vn -1.000000 0.000000 0.000000
vn -1.000000 0.000000 0.000000
vn -1.000000 0.000000 0.000000
vn -1.000000 0.000000 -0.000000
vn -1.000000 0.000000 -0.000000
vn -1.000000 0.000000 -0.000000
vn -1.000000 0.000000 -0.000000
vn -1.000000 0.000000 -0.000000
vn -1.000000 0.000000 -0.000000
vn -1.000000 0.000000 0.000000
vn -1.000000 0.000000 0.000000
vn -1.000000 0.000000 0.000000
vn -1.000000 0.000000 -0.000000
vn -1.000000 0.000000 0.000000
vn -1.000000 0.000000 -0.000000
vn -1.000000 0.000000 0.000000
vn -1.000000 0.000000 0.000000
vn -1.000000 0.000000 0.000000
vn -1.000000 0.000000 0.000000
vn -1.000000 0.000000 0.000000
vn -1.000000 0.000000 0.000000
vn -1.000000 0.000000 0.000000
vn -1.000000 0.000000 0.000000
vn -1.000000 0.000000 0.000000
vn -1.000000 0.000000 0.000000
vn -1.000000 0.000000 0.000000
vn -1.000000 0.000000 0.000000
vn -1.000000 0.000000 0.000000
vn -1.000000 0.000000 0.000000
vn -1.000000 0.000000 0.000000
vn -1.000000 0.000000 0.000000
vn -1.000000 0.000000 0.000000
vn -1.000000 0.000000 0.000000
vn -1.000000 0.000000 0.000000
vn -1.000000 0.000000 0.000000
vn -1.000000 0.000000 0.000000
vn -1.000000 0.000000 0.000000
vn -1.000000 0.000000 0.000000
vn -1.000000 0.000000 0.000000
vn -1.000000 0.000000 0.000000
vn -1.000000 0.000000 0.000000
vn -1.000000 0.000000 0.000000
vn -1.000000 0.000000 0.000000
vn -1.000000 0.000000 0.000000
vn -1.000000 0.000000 0.000000
vn -1.000000 0.000000 0.000000
vn -1.000000 0.000000 0.000000
vn -1.000000 0.000000 0.000000
vn -1.000000 0.000000 0.000000
vn -1.000000 0.000000 0.000000
vn -1.000000 0.000000 0.000000
vn -1.000000 0.000000 0.000000
vn -1.000000 0.000000 0.000000
vn -1.000000 0.000000 0.000000
vn -1.000000 0.000000 0.000000
vn -1.000000 0.000000 0.000000
vn -1.000000 0.000000 0.000000
vn -1.000000 0.000000 0.000000
vn -1.000000 0.000000 0.000000
vn -1.000000 0.000000 0.000000
vn -1.000000 0.000000 0.000000
vn -1.000000 0.000000 0.000000
vn -1.000000 0.000000 0.000000
vn -1.000000 0.000000 0.000000
vn -1.000000 0.000000 0.000000
vn -1.000000 0.000000 0.000000
vn -1.000000 0.000000 0.000000
vn -1.000000 0.000000 0.000000
vn -1.000000 0.000000 0.000000
vn -1.000000 0.000000 0.000000
vn -1.000000 0.000000 0.000000
vn -1.000000 0.000000 0.000000
vn -1.000000 0.000000 0.000000
vn -1.000000 0.000000 -0.000000
vn -1.000000 0.000000 -0.000000
vn -1.000000 0.000000 -0.000000
vn -1.000000 0.000000 0.000000
vn -1.000000 0.000000 0.000000
vn -1.000000 0.000000 0.000000
vn -1.000000 0.000000 0.000000
vn 0.000000 0.923880 -0.382683
vn 0.000000 0.831470 -0.555570
vn 0.000000 0.831470 -0.555570
vn 0.000000 0.980785 -0.195090
vn 0.000000 0.923880 -0.382683
vn 0.000000 0.923880 -0.382684
vn 0.000000 1.000000 0.000000
vn 0.000000 0.980785 -0.195090
vn 0.000000 0.980785 -0.195090
vn 0.000000 0.980785 0.195091
vn 0.000000 1.000000 0.000000
vn 0.000000 1.000000 0.000000
vn 0.000000 0.000001 1.000000
vn 0.000000 0.000001 1.000000
vn 0.000000 0.195090 0.980785
vn 0.000000 0.923879 0.382684
vn 0.000000 0.980785 0.195091
vn 0.000000 0.980785 0.195091
vn 0.000000 0.195090 0.980785
vn 0.000000 0.195090 0.980785
vn 0.000000 0.382683 0.923880
vn 0.000000 0.831470 0.555570
vn 0.000000 0.923879 0.382684
vn 0.000000 0.923879 0.382684
vn 0.000000 -0.195090 0.980785
vn 0.000000 0.000001 1.000000
vn 0.000000 0.000001 1.000000
vn 0.000000 0.707107 0.707107
vn 0.000000 0.831470 0.555570
vn 0.000000 0.831470 0.555570
vn 0.000000 -0.382682 0.923880
vn 0.000000 -0.195090 0.980785
vn 0.000000 -0.195090 0.980785
vn 0.000000 0.555570 0.831470
vn 0.000000 0.707107 0.707107
vn 0.000000 0.707107 0.707107
vn 0.000000 -0.555569 0.831470
vn 0.000000 -0.555569 0.831470
vn 0.000000 -0.382682 0.923880
vn 0.000000 0.382683 0.923880
vn 0.000000 0.555570 0.831470
vn 0.000000 0.555570 0.831470
vn 0.000000 -0.707106 0.707108
vn 0.000000 -0.707106 0.707108
vn 0.000000 -0.555569 0.831470
vn 0.000000 -0.831469 0.555571
vn 0.000000 -0.707106 0.707108
vn 0.000000 -0.707106 0.707108
vn 0.000000 -0.923879 0.382684
vn 0.000000 -0.831469 0.555571
vn 0.000000 -0.831469 0.555571
vn 0.000000 -0.980785 0.195092
vn 0.000000 -0.923879 0.382684
vn 0.000000 -0.923879 0.382684
vn -0.993444 -0.022302 -0.112121
vn -0.998256 -0.011518 -0.057906
vn -0.998256 -0.000000 -0.059040
vn -0.998256 -0.000000 -0.059040
vn -0.998256 0.011518 -0.057905
vn -0.993444 0.022302 -0.112121
vn -0.993444 0.022302 -0.112121
vn -0.998256 0.011518 -0.057905
vn -0.998256 0.022593 -0.054545
vn -0.998256 0.022593 -0.054545
vn -0.998256 0.032800 -0.049090
vn -0.993444 0.063511 -0.095051
vn -0.993444 0.063511 -0.095051
vn -0.998256 0.032800 -0.049090
vn -0.998256 0.041747 -0.041747
vn -0.998256 0.041747 -0.041747
vn -0.998256 0.049089 -0.032801
vn -0.993444 0.095051 -0.063511
vn -0.998256 0.049089 -0.032801
vn -0.998256 0.054545 -0.022593
vn -0.993444 0.105615 -0.043747
vn -0.998256 0.054545 -0.022593
vn -0.998256 0.057905 -0.011518
vn -0.993444 0.112121 -0.022302
vn -0.993444 0.112121 -0.022302
vn -0.998256 0.057905 -0.011518
vn -0.998256 0.059039 0.000000
vn -0.998256 0.059039 0.000000
vn -0.998256 0.057905 0.011518
vn -0.993444 0.112121 0.022302
vn -0.998256 0.057905 0.011518
vn -0.998256 0.054545 0.022593
vn -0.993444 0.105615 0.043747
vn -0.993444 0.105615 0.043747
vn -0.998256 0.054545 0.022593
vn -0.998256 0.049090 0.032801
vn -0.998256 0.049090 0.032801
vn -0.998256 0.041747 0.041747
vn -0.993444 0.080835 0.080835
vn -0.998256 0.041747 0.041747
vn -0.998256 0.032801 0.049090
vn -0.993444 0.063511 0.095051
vn -0.993444 0.063511 0.095051
vn -0.998256 0.032801 0.049090
vn -0.998256 0.022593 0.054545
vn -0.993444 0.043747 0.105615
vn -0.998256 0.022593 0.054545
vn -0.998256 0.011518 0.057905
vn -0.998256 0.011518 0.057905
vn -0.998256 0.000000 0.059039
vn -0.993444 0.000000 0.114317
vn -0.998256 0.000000 0.059039
vn -0.998256 -0.011518 0.057905
vn -0.993444 -0.022302 0.112121
vn -0.993444 -0.022302 0.112121
vn -0.998256 -0.011518 0.057905
vn -0.998256 -0.022593 0.054545
vn -0.993444 -0.043747 0.105616
vn -0.998256 -0.022593 0.054545
vn -0.998256 -0.032800 0.049089
vn -0.993444 -0.063511 0.095051
vn -0.998256 -0.032800 0.049089
vn -0.998256 -0.041747 0.041747
vn -0.993444 -0.080835 0.080835
vn -0.998256 -0.041747 0.041747
vn -0.998256 -0.049090 0.032801
vn -0.998256 -0.049090 0.032801
vn -0.998256 -0.054545 0.022593
vn -0.993444 -0.105615 0.043747
vn -0.998256 -0.054545 0.022593
vn -0.998256 -0.057905 0.011518
vn -0.993444 -0.112121 0.022302
vn -0.993444 -0.112121 0.022302
vn -0.998256 -0.057905 0.011518
vn -0.998256 -0.059040 0.000000
vn -0.993444 -0.114317 0.000000
vn -0.998256 -0.059040 0.000000
vn -0.998256 -0.057905 -0.011518
vn -0.998256 -0.057905 -0.011518
vn -0.998256 -0.054545 -0.022593
vn -0.993444 -0.105615 -0.043747
vn -0.998256 -0.054545 -0.022593
vn -0.998256 -0.049090 -0.032800
vn -0.993444 -0.095051 -0.063511
vn -0.993444 -0.095051 -0.063511
vn -0.998256 -0.049090 -0.032800
vn -0.998256 -0.041747 -0.041747
vn -0.993444 -0.080835 -0.080834
vn -0.998256 -0.041747 -0.041747
vn -0.998256 -0.032801 -0.049090
vn -0.993444 -0.063511 -0.095051
vn -0.998256 -0.032801 -0.049090
vn -0.998256 -0.022593 -0.054546
vn -0.998256 -0.022593 -0.054546
vn -0.998256 -0.011518 -0.057906
vn -0.993444 -0.022302 -0.112121
vn 0.000000 0.555570 -0.831470
vn 0.000000 0.707106 -0.707107
vn 0.000000 0.707106 -0.707107
vn 0.000000 -0.831469 0.555571
vn 0.000000 -0.831469 0.555571
vn 0.000000 -0.923880 0.382683
vn 0.000000 1.000000 -0.000001
vn 0.000000 0.980785 0.195090
vn 0.000000 0.980785 0.195090
vn 0.000000 -0.923880 0.382683
vn 0.000000 -0.980785 0.195091
vn 0.000000 -0.980785 0.195091
vn 0.000000 0.980785 0.195090
vn 0.000000 0.923880 0.382683
vn 0.000000 0.923880 0.382683
vn 0.000000 -0.980785 0.195091
vn -0.000000 -1.000000 0.000000
vn -0.000000 -1.000000 0.000000
vn 0.000000 0.923880 0.382683
vn 0.000000 0.831470 0.555569
vn 0.000000 0.831470 0.555570
vn -0.000000 -1.000000 0.000000
vn 0.000000 -0.980785 -0.195091
vn 0.000000 -0.980785 -0.195091
vn 0.000000 0.831470 0.555569
vn 0.000000 0.707107 0.707106
vn 0.000000 0.707107 0.707106
vn 0.000000 -0.195090 -0.980785
vn 0.000000 -0.000001 -1.000000
vn 0.000000 -0.000001 -1.000000
vn 0.000000 -0.980785 -0.195091
vn 0.000000 -0.923879 -0.382684
vn 0.000000 -0.923879 -0.382684
vn 0.000000 0.707107 0.707106
vn 0.000000 0.555571 0.831469
vn 0.000000 0.555571 0.831469
vn 0.000000 -0.382683 -0.923880
vn 0.000000 -0.195090 -0.980785
vn 0.000000 -0.195090 -0.980785
vn 0.000000 -0.923879 -0.382684
vn 0.000000 -0.831469 -0.555570
vn 0.000000 -0.831469 -0.555571
vn 0.000000 0.555571 0.831469
vn 0.000000 0.382684 0.923879
vn 0.000000 0.382684 0.923879
vn 0.000000 -0.000001 -1.000000
vn 0.000000 0.195089 -0.980786
vn 0.000000 0.195089 -0.980786
vn 0.000000 -0.831469 -0.555570
vn 0.000000 -0.707106 -0.707107
vn 0.000000 -0.707106 -0.707107
vn 0.000000 0.382684 0.923879
vn 0.000000 0.195090 0.980785
vn 0.000000 0.195091 0.980785
vn 0.000000 0.195089 -0.980786
vn 0.000000 0.382683 -0.923880
vn 0.000000 0.382682 -0.923880
vn 0.000000 -0.707106 -0.707107
vn 0.000000 -0.555571 -0.831469
vn 0.000000 -0.555571 -0.831469
vn 0.000000 0.195091 0.980785
vn 0.000000 0.195090 0.980785
vn 0.000000 0.000000 1.000000
vn 0.000000 0.382683 -0.923880
vn 0.000000 0.555569 -0.831470
vn 0.000000 0.555569 -0.831470
vn 0.000000 -0.555571 -0.831469
vn 0.000000 -0.382683 -0.923880
vn 0.000000 -0.382683 -0.923880
vn 0.000000 0.000000 1.000000
vn 0.000000 -0.195090 0.980785
vn 0.000000 -0.195090 0.980785
vn 0.000000 0.555569 -0.831470
vn 0.000000 0.707106 -0.707108
vn 0.000000 0.707106 -0.707108
vn 0.000000 -0.195090 0.980785
vn 0.000000 -0.382683 0.923880
vn 0.000000 -0.382683 0.923880
vn 0.000000 0.707106 -0.707108
vn 0.000000 0.831469 -0.555571
vn 0.000000 0.831469 -0.555571
vn 0.000000 -0.382683 0.923880
vn 0.000000 -0.555570 0.831470
vn 0.000000 -0.555570 0.831470
vn 0.000000 0.831469 -0.555571
vn 0.000000 0.923879 -0.382684
vn 0.000000 0.923879 -0.382684
vn 0.000000 -0.555570 0.831470
vn 0.000000 -0.707107 0.707107
vn 0.000000 -0.707107 0.707107
vn 0.000000 0.923879 -0.382684
vn 0.000000 0.980785 -0.195092
vn 0.000000 0.980785 -0.195092
vn 0.000000 -0.707107 0.707107
vn 0.000000 -0.831469 0.555571
vn 0.000000 -0.831469 0.555571
vn -0.960318 -0.106733 -0.257676
vn -0.960318 -0.054412 -0.273547
vn -0.925558 -0.073862 -0.371330
vn -0.993444 -0.043747 -0.105616
vn -0.993444 -0.022302 -0.112121
vn -0.960318 -0.054412 -0.273547
vn -0.960318 -0.154952 -0.231903
vn -0.960318 -0.106733 -0.257676
vn -0.925558 -0.144886 -0.349786
vn -0.960318 -0.154952 -0.231903
vn -0.993444 -0.063511 -0.095051
vn -0.993444 -0.043747 -0.105616
vn -0.960318 -0.197217 -0.197217
vn -0.960318 -0.154952 -0.231903
vn -0.925558 -0.210342 -0.314799
vn -0.960318 -0.197217 -0.197217
vn -0.993444 -0.080835 -0.080834
vn -0.993444 -0.063511 -0.095051
vn -0.925558 -0.314799 -0.210342
vn -0.960318 -0.231903 -0.154952
vn -0.960318 -0.197217 -0.197217
vn -0.993444 -0.095051 -0.063511
vn -0.993444 -0.080835 -0.080834
vn -0.960318 -0.197217 -0.197217
vn -0.925558 -0.349786 -0.144886
vn -0.960318 -0.257676 -0.106733
vn -0.960318 -0.231903 -0.154952
vn -0.993444 -0.105615 -0.043747
vn -0.993444 -0.095051 -0.063511
vn -0.960318 -0.231903 -0.154952
vn -0.960318 -0.273548 -0.054412
vn -0.960318 -0.257676 -0.106733
vn -0.925558 -0.349786 -0.144886
vn -0.993444 -0.112121 -0.022302
vn -0.993444 -0.105615 -0.043747
vn -0.960318 -0.257676 -0.106733
vn -0.925558 -0.378605 0.000000
vn -0.960318 -0.278907 0.000000
vn -0.960318 -0.273548 -0.054412
vn -0.960318 -0.278907 0.000000
vn -0.993444 -0.114317 0.000000
vn -0.993444 -0.112121 -0.022302
vn -0.925558 -0.371330 0.073862
vn -0.960318 -0.273548 0.054412
vn -0.960318 -0.278907 0.000000
vn -0.993444 -0.112121 0.022302
vn -0.993444 -0.114317 0.000000
vn -0.960318 -0.278907 0.000000
vn -0.960318 -0.257676 0.106733
vn -0.960318 -0.273548 0.054412
vn -0.925558 -0.371330 0.073862
vn -0.993444 -0.105615 0.043747
vn -0.993444 -0.112121 0.022302
vn -0.960318 -0.273548 0.054412
vn -0.925558 -0.314799 0.210342
vn -0.960318 -0.231903 0.154952
vn -0.960318 -0.257676 0.106733
vn -0.993444 -0.095051 0.063511
vn -0.993444 -0.105615 0.043747
vn -0.960318 -0.257676 0.106733
vn -0.960318 -0.197217 0.197217
vn -0.960318 -0.231903 0.154952
vn -0.925558 -0.314799 0.210342
vn -0.993444 -0.080835 0.080835
vn -0.993444 -0.095051 0.063511
vn -0.960318 -0.231903 0.154952
vn -0.925558 -0.210342 0.314799
vn -0.960318 -0.154952 0.231903
vn -0.960318 -0.197217 0.197217
vn -0.960318 -0.154952 0.231903
vn -0.993444 -0.063511 0.095051
vn -0.993444 -0.080835 0.080835
vn -0.960318 -0.106733 0.257676
vn -0.960318 -0.154952 0.231903
vn -0.925558 -0.210342 0.314799
vn -0.993444 -0.043747 0.105616
vn -0.993444 -0.063511 0.095051
vn -0.960318 -0.154952 0.231903
vn -0.925558 -0.073862 0.371331
vn -0.960318 -0.054412 0.273548
vn -0.960318 -0.106733 0.257676
vn -0.993444 -0.022302 0.112121
vn -0.993444 -0.043747 0.105616
vn -0.960318 -0.106733 0.257676
vn -0.925558 0.000000 0.378605
vn -0.960318 0.000000 0.278907
vn -0.960318 -0.054412 0.273548
vn -0.993444 0.000000 0.114317
vn -0.993444 -0.022302 0.112121
vn -0.960318 -0.054412 0.273548
vn -0.960318 0.054412 0.273548
vn -0.960318 0.000000 0.278907
vn -0.925558 0.000000 0.378605
vn -0.993444 0.022302 0.112121
vn -0.993444 0.000000 0.114317
vn -0.960318 0.000000 0.278907
vn -0.925558 0.144886 0.349786
vn -0.960318 0.106733 0.257676
vn -0.960318 0.054412 0.273548
vn -0.960318 0.106733 0.257676
vn -0.993444 0.043747 0.105615
vn -0.993444 0.022302 0.112121
vn -0.960318 0.154952 0.231903
vn -0.960318 0.106733 0.257676
vn -0.925558 0.144886 0.349786
vn -0.960318 0.154952 0.231903
vn -0.993444 0.063511 0.095051
vn -0.993444 0.043747 0.105615
vn -0.925558 0.267715 0.267714
vn -0.960318 0.197217 0.197217
vn -0.960318 0.154952 0.231903
vn -0.993444 0.080835 0.080835
vn -0.993444 0.063511 0.095051
vn -0.960318 0.154952 0.231903
vn -0.925558 0.314799 0.210342
vn -0.960318 0.231903 0.154952
vn -0.960318 0.197217 0.197217
vn -0.960318 0.231903 0.154952
vn -0.993444 0.095051 0.063511
vn -0.993444 0.080835 0.080835
vn -0.925558 0.349786 0.144886
vn -0.960318 0.257676 0.106733
vn -0.960318 0.231903 0.154952
vn -0.960318 0.257676 0.106733
vn -0.993444 0.105615 0.043747
vn -0.993444 0.095051 0.063511
vn -0.960318 0.273548 0.054412
vn -0.960318 0.257676 0.106733
vn -0.925558 0.349786 0.144886
vn -0.993444 0.112121 0.022302
vn -0.993444 0.105615 0.043747
vn -0.960318 0.257676 0.106733
vn -0.960318 0.278907 -0.000000
vn -0.960318 0.273548 0.054412
vn -0.925558 0.371331 0.073862
vn -0.993444 0.114317 -0.000000
vn -0.993444 0.112121 0.022302
vn -0.960318 0.273548 0.054412
vn -0.925558 0.371330 -0.073863
vn -0.960318 0.273548 -0.054412
vn -0.960318 0.278907 -0.000000
vn -0.960318 0.273548 -0.054412
vn -0.993444 0.112121 -0.022302
vn -0.993444 0.114317 -0.000000
vn -0.960318 0.257676 -0.106733
vn -0.960318 0.273548 -0.054412
vn -0.925558 0.371330 -0.073863
vn -0.960318 0.257676 -0.106733
vn -0.993444 0.105615 -0.043747
vn -0.993444 0.112121 -0.022302
vn -0.960318 0.231902 -0.154952
vn -0.960318 0.257676 -0.106733
vn -0.925558 0.349786 -0.144886
vn -0.993444 0.095051 -0.063511
vn -0.993444 0.105615 -0.043747
vn -0.960318 0.257676 -0.106733
vn -0.960318 0.197217 -0.197217
vn -0.960318 0.231902 -0.154952
vn -0.925558 0.314798 -0.210342
vn -0.993444 0.080834 -0.080835
vn -0.993444 0.095051 -0.063511
vn -0.960318 0.231902 -0.154952
vn -0.960318 0.154952 -0.231903
vn -0.960318 0.197217 -0.197217
vn -0.925558 0.267714 -0.267715
vn -0.960318 0.154952 -0.231903
vn -0.993444 0.063511 -0.095051
vn -0.993444 0.080834 -0.080835
vn -0.960318 0.106733 -0.257676
vn -0.960318 0.154952 -0.231903
vn -0.925558 0.210341 -0.314799
vn -0.993444 0.043747 -0.105616
vn -0.993444 0.063511 -0.095051
vn -0.960318 0.154952 -0.231903
vn -0.960318 0.054412 -0.273548
vn -0.960318 0.106733 -0.257676
vn -0.925558 0.144885 -0.349786
vn -0.960318 0.054412 -0.273548
vn -0.993444 0.022302 -0.112121
vn -0.993444 0.043747 -0.105616
vn -0.960318 -0.000000 -0.278907
vn -0.960318 0.054412 -0.273548
vn -0.925558 0.073862 -0.371331
vn -0.993444 -0.000000 -0.114317
vn -0.993444 0.022302 -0.112121
vn -0.960318 0.054412 -0.273548
vn -0.960318 -0.054412 -0.273547
vn -0.960318 -0.000000 -0.278907
vn -0.925558 -0.000000 -0.378605
vn -0.993444 -0.022302 -0.112121
vn -0.993444 -0.000000 -0.114317
vn -0.960318 -0.000000 -0.278907
vn -1.000000 -0.000000 0.000000
vn -1.000000 -0.000000 0.000000
vn -1.000000 -0.000000 0.000000
vn -1.000000 -0.000000 0.000000
vn -1.000000 -0.000000 0.000000
vn -1.000000 0.000000 0.000000
vn -1.000000 0.000000 0.000000
vn -1.000000 0.000000 0.000000
vn -1.000000 0.000000 0.000000
vn -1.000000 0.000000 0.000000
vn -1.000000 0.000000 0.000000
vn -1.000000 0.000000 0.000000
vn -1.000000 0.000000 0.000000
vn -1.000000 0.000000 0.000000
vn -1.000000 0.000000 0.000000
vn -1.000000 0.000000 0.000000
vn -1.000000 0.000000 0.000000
vn -1.000000 0.000000 0.000000
vn -1.000000 0.000000 0.000000
vn -1.000000 0.000000 0.000000
vn -1.000000 0.000000 0.000000
vn -1.000000 0.000000 0.000000
vn -1.000000 0.000000 0.000000
vn -1.000000 0.000000 0.000000
vn -1.000000 0.000000 0.000000
vn -1.000000 0.000000 0.000000
vn -1.000000 0.000000 0.000000
vn -1.000000 0.000000 0.000000
vn -1.000000 0.000000 0.000000
vn -1.000000 0.000000 0.000000
vn -1.000000 0.000000 0.000000
vn -1.000000 0.000000 -0.000000
vn -1.000000 0.000000 0.000000
vn -1.000000 0.000000 0.000000
vn -1.000000 0.000000 -0.000000
vn -1.000000 0.000000 0.000000
vn -1.000000 0.000000 0.000000
vn -1.000000 0.000000 0.000000
vn -1.000000 0.000000 0.000000
vn -1.000000 0.000000 0.000000
vn -1.000000 0.000000 0.000000
vn -1.000000 0.000000 0.000000
vn -1.000000 0.000000 0.000000
vn -1.000000 0.000000 0.000000
vn -1.000000 0.000000 0.000000
vn -1.000000 0.000000 0.000000
vn -1.000000 0.000000 0.000000
vn -1.000000 -0.000000 0.000000
vn -1.000000 -0.000000 0.000000
vn -1.000000 -0.000000 0.000000
vn -1.000000 -0.000000 0.000000
vn -1.000000 -0.000000 0.000000
vn -1.000000 0.000000 0.000000
vn -1.000000 0.000000 0.000000
vn -1.000000 0.000000 0.000000
vn -1.000000 0.000000 0.000000
vn -1.000000 0.000000 0.000000
vn -1.000000 0.000000 0.000000
vn -1.000000 0.000000 0.000000
vn -1.000000 0.000000 0.000000
vn -1.000000 0.000000 0.000000
vn -1.000000 0.000000 -0.000000
vn -1.000000 0.000000 0.000000
vn -1.000000 0.000000 0.000000
vn -1.000000 0.000000 -0.000000
vn -1.000000 0.000000 0.000000
vn -1.000000 0.000000 0.000000
vn -1.000000 -0.000000 -0.000000
vn -1.000000 -0.000000 0.000000
vn -1.000000 -0.000000 -0.000000
vn -1.000000 -0.000000 0.000000
vn -1.000000 -0.000000 0.000000
vn -1.000000 -0.000000 0.000000
vn -1.000000 -0.000000 0.000000
vn -1.000000 -0.000000 0.000000
vn -1.000000 -0.000000 0.000000
vn -1.000000 -0.000000 0.000000
vn -1.000000 -0.000000 0.000000
vn -1.000000 -0.000000 0.000000
vn -1.000000 -0.000000 0.000000
vn -1.000000 -0.000000 0.000000
vn -1.000000 -0.000000 0.000000
vn -1.000000 -0.000000 0.000000
vn -1.000000 0.000000 0.000000
vn -1.000000 0.000000 0.000000
vn -1.000000 0.000000 0.000000
vn -1.000000 0.000000 0.000000
vn -1.000000 0.000000 0.000000
vn -1.000000 0.000000 0.000000
vn -1.000000 0.000000 -0.000000
vn -1.000000 0.000000 -0.000000
vn -1.000000 0.000000 -0.000000
vn -1.000000 0.000000 0.000000
vn -1.000000 0.000000 0.000000
vn -1.000000 0.000000 0.000000
vn -1.000000 -0.000000 0.000000
vn 0.000000 -0.923879 0.382684
vn 0.000000 -0.980785 0.195092
vn 0.000000 -0.980785 0.195092
vn 0.000000 0.707106 -0.707107
vn 0.000000 0.831470 -0.555570
vn 0.000000 0.831469 -0.555571
vn 0.000000 -0.980785 0.195092
vn -0.000000 -1.000000 0.000001
vn 0.000000 -1.000000 0.000001
vn 0.000000 0.831470 -0.555570
vn 0.000000 0.923880 -0.382683
vn 0.000000 0.923880 -0.382683
vn -0.000000 -1.000000 0.000001
vn 0.000000 -0.980785 -0.195090
vn 0.000000 -0.980785 -0.195090
vn 0.000000 0.923880 -0.382683
vn 0.000000 0.980785 -0.195091
vn 0.000000 0.980785 -0.195091
vn 0.000000 -0.980785 -0.195090
vn 0.000000 -0.923880 -0.382683
vn 0.000000 -0.923880 -0.382682
vn 0.000000 0.980785 -0.195091
vn -0.000000 1.000000 -0.000000
vn -0.000000 1.000000 -0.000000
vn 0.000000 -0.923880 -0.382683
vn 0.000000 -0.831470 -0.555570
vn 0.000000 -0.831470 -0.555570
vn -0.000000 1.000000 -0.000000
vn 0.000000 0.980785 0.195091
vn 0.000000 0.980785 0.195091
vn 0.000000 -0.831470 -0.555570
vn 0.000000 -0.707107 -0.707107
vn 0.000000 -0.707107 -0.707107
vn 0.000000 0.195090 0.980785
vn 0.000000 0.195090 0.980785
vn 0.000000 0.000001 1.000000
vn 0.000000 0.980785 0.195091
vn 0.000000 0.923879 0.382684
vn 0.000000 0.923879 0.382684
vn 0.000000 -0.707107 -0.707107
vn 0.000000 -0.555571 -0.831469
vn 0.000000 -0.555571 -0.831469
vn 0.000000 0.382684 0.923880
vn 0.000000 0.195090 0.980785
vn 0.000000 0.195090 0.980785
vn 0.000000 0.923879 0.382684
vn 0.000000 0.831470 0.555570
vn 0.000000 0.831470 0.555570
vn 0.000000 -0.555571 -0.831469
vn 0.000000 -0.382684 -0.923879
vn 0.000000 -0.382684 -0.923879
vn 0.000000 0.000001 1.000000
vn 0.000000 -0.195090 0.980785
vn 0.000000 -0.195090 0.980785
vn 0.000000 0.831470 0.555570
vn 0.000000 0.707107 0.707107
vn 0.000000 0.707107 0.707107
vn 0.000000 -0.382684 -0.923879
vn 0.000000 -0.195090 -0.980785
vn 0.000000 -0.195091 -0.980785
vn 0.000000 -0.195090 0.980785
vn 0.000000 -0.382682 0.923880
vn 0.000000 -0.382682 0.923880
vn 0.000000 0.707107 0.707107
vn 0.000000 0.555570 0.831470
vn 0.000000 0.555570 0.831470
vn 0.000000 -0.195090 -0.980785
vn 0.000000 0.000000 -1.000000
vn 0.000000 0.000000 -1.000000
vn 0.000000 -0.382682 0.923880
vn 0.000000 -0.555569 0.831471
vn 0.000000 -0.555569 0.831470
vn 0.000000 0.555570 0.831470
vn 0.000000 0.382684 0.923880
vn 0.000000 0.382684 0.923879
vn 0.000000 0.000000 -1.000000
vn 0.000000 0.000000 -1.000000
vn 0.000000 0.195090 -0.980785
vn 0.000000 -0.555569 0.831471
vn 0.000000 -0.707106 0.707108
vn 0.000000 -0.707106 0.707108
vn 0.000000 0.195090 -0.980785
vn 0.000000 0.382683 -0.923880
vn 0.000000 0.382683 -0.923880
vn 0.000000 -0.707106 0.707108
vn 0.000000 -0.831469 0.555571
vn 0.000000 -0.831469 0.555571
vn 0.000000 0.382683 -0.923880
vn 0.000000 0.555570 -0.831470
vn 0.000000 0.555570 -0.831470
vn 0.000000 -0.831469 0.555571
vn 0.000000 -0.923879 0.382684
vn 0.000000 -0.923879 0.382684
vn -1.000000 -0.000000 0.000006
vn -1.000000 -0.000000 0.000006
vn -1.000000 -0.000000 0.000000
vn -1.000000 -0.000000 0.000000
vn -1.000000 -0.000000 0.000000
vn -1.000000 0.000000 -0.000005
vn -1.000000 0.000000 -0.000005
vn -1.000000 0.000000 0.000000
vn -1.000000 0.000000 0.000000
vn -1.000000 0.000000 0.000000
vn -1.000000 0.000000 0.000006
vn -1.000000 0.000000 0.000005
vn -1.000000 0.000000 0.000005
vn -1.000000 0.000000 0.000006
vn -1.000000 0.000000 -0.000003
vn -1.000000 0.000000 -0.000003
vn -1.000000 0.000000 0.000002
vn -1.000000 0.000000 0.000001
vn -1.000000 0.000000 0.000002
vn -1.000000 0.000000 0.000001
vn -1.000000 0.000000 0.000001
vn -1.000000 0.000000 0.000001
vn -1.000000 0.000000 -0.000001
vn -1.000000 0.000000 -0.000001
vn -1.000000 0.000000 -0.000001
vn -1.000000 0.000000 -0.000001
vn -1.000000 0.000000 -0.000000
vn -1.000000 0.000000 -0.000000
vn -1.000000 0.000000 0.000000
vn -1.000000 0.000000 0.000000
vn -1.000000 0.000000 0.000000
vn -1.000000 0.000000 0.000000
vn -1.000000 0.000000 0.000000
vn -1.000000 0.000000 0.000000
vn -1.000000 0.000000 0.000001
vn -1.000000 0.000000 0.000001
vn -1.000000 0.000000 0.000001
vn -1.000000 0.000000 0.000000
vn -1.000000 0.000000 0.000000
vn -1.000000 0.000000 0.000000
vn -1.000000 0.000000 0.000002
vn -1.000000 0.000000 0.000002
vn -1.000000 0.000000 0.000002
vn -1.000000 0.000000 0.000002
vn -1.000000 0.000000 -0.000000
vn -1.000000 0.000000 -0.000000
vn -1.000000 -0.000000 -0.000006
vn -1.000000 -0.000000 -0.000006
vn -1.000000 -0.000000 -0.000006
vn -1.000000 -0.000000 -0.000006
vn -1.000000 -0.000000 -0.000000
vn -1.000000 -0.000000 -0.000000
vn -1.000000 0.000000 0.000002
vn -1.000000 0.000000 0.000002
vn -1.000000 0.000000 0.000002
vn -1.000000 0.000000 -0.000000
vn -1.000000 0.000000 -0.000000
vn -1.000000 0.000000 -0.000000
vn -1.000000 0.000000 -0.000000
vn -1.000000 0.000000 -0.000002
vn -1.000000 0.000000 -0.000002
vn -1.000000 0.000000 -0.000001
vn -1.000000 0.000000 -0.000001
vn -1.000000 0.000000 -0.000001
vn -1.000000 0.000000 -0.000001
vn -1.000000 0.000000 -0.000001
vn -1.000000 0.000000 -0.000001
vn -1.000000 0.000000 -0.000001
vn -1.000000 0.000000 -0.000001
vn -1.000000 0.000000 -0.000000
vn -1.000000 0.000000 -0.000001
vn -1.000000 0.000000 0.000001
vn -1.000000 0.000000 0.000001
vn -1.000000 0.000000 -0.000001
vn -1.000000 0.000000 -0.000000
vn -1.000000 0.000000 -0.000001
vn -1.000000 0.000000 0.000000
vn -1.000000 0.000000 0.000000
vn -1.000000 0.000000 0.000000
vn -1.000000 0.000000 0.000000
vn -1.000000 0.000000 0.000002
vn -1.000000 0.000000 0.000002
vn -1.000000 0.000000 -0.000001
vn -1.000000 0.000000 -0.000001
vn -1.000000 0.000000 -0.000001
vn -1.000000 0.000000 -0.000001
vn -1.000000 0.000000 -0.000000
vn -1.000000 0.000000 -0.000001
vn -1.000000 0.000000 -0.000002
vn -1.000000 0.000000 -0.000001
vn -1.000000 0.000000 -0.000002
vn -1.000000 0.000000 0.000001
vn -1.000000 0.000000 0.000001
vn -1.000000 0.000000 0.000001
vn -1.000000 -0.000000 0.000006
vn -1.000000 -0.000000 0.000006
vn 0.000000 -0.382684 -0.923879
vn 0.000000 -0.382684 -0.923879
vn 0.000000 0.382683 -0.923880
vn 0.000000 -0.923880 -0.382683
vn 0.000000 -0.923879 -0.382684
vn 0.000000 -0.382684 -0.923879
vn 0.000000 -0.923880 -0.382683
vn 0.000000 -0.923880 0.382682
vn 0.000000 -0.923880 0.382683
vn 0.000000 -0.382684 0.923879
vn 0.000000 -0.382684 0.923879
vn 0.000000 -0.923880 0.382683
vn 0.000000 -0.382684 0.923879
vn 0.000000 0.382684 0.923879
vn 0.000000 0.382683 0.923880
vn 0.000000 0.923880 0.382683
vn 0.000000 0.923880 0.382683
vn 0.000000 0.382683 0.923880
vn -1.000000 0.000000 -0.000001
vn -1.000000 0.000000 -0.000003
vn -1.000000 0.000000 -0.000001
vn -1.000000 0.000000 -0.000001
vn -1.000000 0.000000 0.000000
vn -1.000000 0.000000 0.000001
vn -1.000000 0.000000 0.000001
vn -1.000000 0.000003 0.000003
vn -1.000000 0.000000 0.000001
vn -1.000000 0.000000 0.000001
vn -1.000000 0.000000 0.000000
vn -1.000000 0.000000 -0.000001
vn -1.000000 0.000000 -0.000001
vn -1.000000 0.000000 -0.000001
vn -1.000000 0.000000 0.000001
vn 0.000000 0.923880 -0.382682
vn 0.000000 0.923880 -0.382683
vn 0.000000 0.923880 0.382683
vn 0.000000 0.382684 -0.923879
vn 0.000000 0.382683 -0.923880
vn 0.000000 0.923880 -0.382683
vn 0.000000 0.382682 0.923880
vn 0.000000 0.382683 0.923880
vn 0.000000 -0.382683 0.923880
vn 0.000000 0.923879 0.382684
vn 0.000000 0.923880 0.382684
vn 0.000000 0.382683 0.923880
vn 0.000000 0.923879 -0.382684
vn 0.000000 0.923880 -0.382684
vn 0.000000 0.923880 0.382684
vn 0.000000 0.923879 -0.382684
vn 0.000000 0.382684 -0.923880
vn 0.000000 0.382684 -0.923880
vn 0.000000 -0.382682 -0.923880
vn 0.000000 -0.382683 -0.923880
vn 0.000000 0.382684 -0.923880
vn 0.000000 -0.923879 -0.382684
vn 0.000000 -0.923879 -0.382684
vn 0.000000 -0.382683 -0.923880
vn -1.000000 0.000000 0.000000
vn -1.000000 0.000000 0.000000
vn -1.000000 0.000000 0.000000
vn -1.000000 0.000000 0.000000
vn -1.000000 0.000000 0.000000
vn -1.000000 0.000000 0.000000
vn -1.000000 0.000000 0.000000
vn -1.000000 0.000000 0.000000
vn -1.000000 0.000000 0.000000
vn -1.000000 0.000000 0.000000
vn -1.000000 0.000000 0.000000
vn -1.000000 0.000000 0.000000
vn -1.000000 0.000000 0.000000
vn -1.000000 0.000000 0.000000
vn -1.000000 0.000000 0.000000
vn 0.000000 -0.923879 0.382684
vn 0.000000 -0.923879 0.382684
vn 0.000000 -0.923879 -0.382684
vn 0.000000 -0.382683 0.923880
vn 0.000000 -0.382683 0.923880
vn 0.000000 -0.923879 0.382684
vn 0.000000 -0.923881 0.382681
vn 0.000000 -0.923881 0.382681
vn 0.000000 -0.923881 -0.382681
vn 0.000000 -0.382686 0.923879
vn 0.000000 -0.382686 0.923879
vn 0.000000 -0.923881 0.382681
vn 0.000000 0.382685 0.923879
vn 0.000000 0.382684 0.923879
vn 0.000000 -0.382686 0.923879
vn 0.000000 0.923880 0.382682
vn 0.000000 0.923880 0.382683
vn 0.000000 0.382684 0.923879
vn 0.000000 0.923880 -0.382682
vn 0.000000 0.923880 -0.382683
vn 0.000000 0.923880 0.382683
vn 0.000000 0.382684 -0.923879
vn 0.000000 0.382684 -0.923879
vn 0.000000 0.923880 -0.382683
vn -1.000000 0.000000 0.000001
vn -1.000000 0.000000 0.000000
vn -1.000000 0.000000 0.000001
vn -1.000000 0.000000 0.000000
vn -1.000000 0.000000 0.000001
vn -1.000000 0.000000 0.000001
vn -1.000000 0.000000 0.000001
vn -1.000000 0.000000 0.000003
vn -1.000000 0.000000 0.000001
vn -1.000000 0.000000 0.000001
vn -1.000000 0.000000 0.000000
vn -1.000000 0.000000 0.000001
vn -1.000000 0.000000 0.000001
vn -1.000000 0.000000 0.000003
vn -1.000000 0.000000 0.000001
vn 0.000000 -0.382685 -0.923879
vn 0.000000 -0.382684 -0.923880
vn 0.000000 0.382684 -0.923879
vn 0.000000 -0.923880 -0.382681
vn 0.000000 -0.923881 -0.382681
vn 0.000000 -0.382684 -0.923880
vn 0.000000 0.923880 -0.382684
vn 0.000000 0.923880 -0.382683
vn 0.000000 0.923880 0.382682
vn 0.000000 0.382686 -0.923879
vn 0.000000 0.382687 -0.923878
vn 0.000000 0.923880 -0.382683
vn 0.000000 0.382686 -0.923879
vn 0.000000 -0.382680 -0.923881
vn 0.000000 -0.382681 -0.923880
vn 0.000000 -0.923879 -0.382684
vn 0.000000 -0.923880 -0.382684
vn 0.000000 -0.382681 -0.923880
vn 0.000000 -0.923879 -0.382684
vn 0.000000 -0.923879 0.382684
vn 0.000000 -0.923880 0.382681
vn 0.000000 -0.923879 0.382684
vn 0.000000 -0.382681 0.923880
vn 0.000000 -0.382683 0.923880
vn -1.000000 0.000000 0.000001
vn -1.000000 -0.000003 0.000003
vn -1.000000 -0.000001 0.000000
vn -1.000000 -0.000001 0.000000
vn -1.000000 -0.000003 -0.000003
vn -1.000000 -0.000001 0.000000
vn -1.000000 -0.000001 0.000000
vn -1.000000 0.000000 0.000000
vn -1.000000 -0.000000 0.000000
vn -1.000000 -0.000000 0.000000
vn -1.000000 0.000000 0.000000
vn -1.000000 0.000000 0.000001
vn -1.000000 0.000000 0.000001
vn -1.000000 -0.000001 0.000000
vn -1.000000 -0.000000 0.000000
vn 0.000000 0.382685 0.923879
vn 0.000000 0.382685 0.923879
vn 0.000000 -0.382683 0.923880
vn 0.000000 0.923880 0.382682
vn 0.000000 0.923880 0.382682
vn 0.000000 0.382685 0.923879
vn 0.000000 0.382683 -0.923880
vn 0.000000 0.382683 -0.923880
vn 0.000000 0.923879 -0.382685
vn 0.000000 -0.382682 -0.923880
vn 0.000000 -0.382682 -0.923880
vn 0.000000 0.382683 -0.923880
vn 0.000000 -0.923880 -0.382682
vn 0.000000 -0.923880 -0.382682
vn 0.000000 -0.382682 -0.923880
vn 0.000000 -0.923879 0.382684
vn 0.000000 -0.923880 0.382683
vn 0.000000 -0.923880 -0.382682
vn 0.000000 -0.382686 0.923878
vn 0.000000 -0.382686 0.923879
vn 0.000000 -0.923880 0.382683
vn 0.000000 0.382684 0.923879
vn 0.000000 0.382686 0.923879
vn 0.000000 -0.382686 0.923879
vn -1.000000 0.000000 0.000000
vn -1.000000 0.000000 0.000000
vn -1.000000 0.000000 0.000001
vn -1.000000 0.000000 0.000000
vn -1.000000 0.000000 0.000002
vn -1.000000 0.000000 0.000001
vn -1.000000 0.000000 0.000002
vn -1.000000 0.000000 0.000003
vn -1.000000 0.000000 0.000001
vn -1.000000 0.000000 0.000001
vn -1.000000 0.000000 0.000000
vn -1.000000 0.000000 0.000000
vn -1.000000 0.000000 0.000000
vn -1.000000 0.000000 -0.000001
vn -1.000000 0.000000 0.000000
vn 0.000000 0.923880 0.382682
vn 0.000000 0.923880 0.382682
vn 0.000000 0.382686 0.923879
vn 0.000000 0.923879 -0.382685
vn 0.000000 0.923879 -0.382685
vn 0.000000 0.923880 0.382682
vn 0.000000 -0.382681 0.923880
vn 0.000000 -0.382682 0.923880
vn 0.000000 -0.923880 0.382681
vn 0.000000 0.382685 0.923879
vn 0.000000 0.382685 0.923879
vn 0.000000 -0.382682 0.923880
vn 0.000000 0.923880 0.382682
vn 0.000000 0.923881 0.382681
vn 0.000000 0.382685 0.923879
vn 0.000000 0.923880 0.382682
vn 0.000000 0.923880 -0.382682
vn 0.000000 0.923881 -0.382681
vn 0.000000 0.382686 -0.923879
vn 0.000000 0.382686 -0.923879
vn 0.000000 0.923881 -0.382681
vn 0.000000 -0.382684 -0.923879
vn 0.000000 -0.382685 -0.923879
vn 0.000000 0.382686 -0.923879
vn -1.000000 -0.000001 0.000002
vn -1.000000 -0.000001 -0.000003
vn -1.000000 -0.000000 -0.000000
vn -1.000000 -0.000001 -0.000003
vn -1.000000 0.000000 -0.000001
vn -1.000000 -0.000000 -0.000000
vn -1.000000 0.000000 -0.000001
vn -1.000000 0.000000 0.000000
vn -1.000000 -0.000000 -0.000000
vn -1.000000 -0.000000 -0.000000
vn -1.000000 0.000000 0.000000
vn -1.000000 0.000000 -0.000004
vn -1.000000 0.000000 -0.000004
vn -1.000000 0.000000 0.000003
vn -1.000000 -0.000000 -0.000000
vn 0.000000 -0.923878 -0.382686
vn 0.000000 -0.923878 -0.382687
vn 0.000000 -0.382685 -0.923879
vn 0.000000 -0.923878 -0.382686
vn 0.000000 -0.923880 0.382682
vn 0.000000 -0.923880 0.382681
vn 0.000000 0.923878 0.382687
vn 0.000000 0.923878 0.382686
vn 0.000000 0.382682 0.923880
vn 0.000000 0.923878 -0.382686
vn 0.000000 0.923878 -0.382686
vn 0.000000 0.923878 0.382686
vn 0.000000 0.382680 -0.923881
vn 0.000000 0.382681 -0.923881
vn 0.000000 0.923878 -0.382686
vn -0.000001 -0.382682 -0.923880
vn 0.000000 -0.382681 -0.923881
vn 0.000000 0.382681 -0.923881
vn -0.000001 -0.382682 -0.923880
vn -0.000007 -0.923879 -0.382684
vn -0.000011 -0.923878 -0.382687
vn -0.000007 -0.923879 -0.382684
vn 0.000000 -0.923879 0.382685
vn -0.000005 -0.923879 0.382684
vn -1.000000 0.000000 0.000000
vn -1.000000 0.000000 0.000000
vn -1.000000 0.000000 0.000000
vn -1.000000 0.000000 0.000000
vn -1.000000 0.000000 0.000000
vn -1.000000 0.000000 0.000000
vn -1.000000 0.000000 0.000000
vn -1.000000 0.000000 0.000000
vn -1.000000 0.000000 0.000000
vn -1.000000 0.000000 0.000000
vn -1.000000 0.000000 0.000000
vn -1.000000 0.000000 0.000000
vn -1.000000 0.000000 0.000000
vn -1.000000 0.000000 0.000000
vn -1.000000 0.000000 0.000000
vn 0.000000 -0.382680 0.923881
vn 0.000000 -0.382680 0.923881
vn -0.000005 -0.923879 0.382684
vn 0.000000 0.382682 0.923880
vn 0.000000 0.382682 0.923880
vn 0.000000 -0.382680 0.923881
vn -0.080801 0.747742 0.659055
vn -0.080801 0.747742 0.659055
vn -0.080801 0.747742 0.659055
vn 0.000002 0.661217 -0.750195
vn 0.000002 0.661217 -0.750195
vn 0.000002 0.661217 -0.750195
vn -0.996730 -0.060616 -0.053427
vn -0.996730 -0.060616 -0.053427
vn -0.996730 -0.060616 -0.053427
vn 0.080801 -0.747742 -0.659055
vn 0.080801 -0.747742 -0.659055
vn 0.080801 -0.747742 -0.659055
vn -0.647660 -0.571599 -0.503797
vn -0.647660 -0.571599 -0.503797
vn -0.647660 -0.571599 -0.503797
vn -0.704788 -0.510421 0.492692
vn -0.704788 -0.510421 0.492692
vn -0.704788 -0.510421 0.492692
vn -0.704806 0.424681 -0.568238
vn -0.704806 0.424681 -0.568238
vn -0.704806 0.424681 -0.568238
vn -0.761933 0.485868 0.428241
vn -0.761933 0.485868 0.428241
vn -0.761933 0.485868 0.428241
vn 0.000000 -0.661216 0.750196
vn 0.000000 -0.661216 0.750196
vn 0.000000 -0.661216 0.750196
vn -0.996731 -0.060614 -0.053421
vn -0.996731 -0.060614 -0.053421
vn -0.996731 -0.060614 -0.053421
vn -0.996731 -0.060616 -0.053417
vn -0.996731 -0.060616 -0.053417
vn -0.996731 -0.060616 -0.053417
vn -0.996730 -0.060617 -0.053427
vn -0.996730 -0.060617 -0.053427
vn -0.996730 -0.060617 -0.053427
vn -0.996731 -0.060613 -0.053424
vn -0.996731 -0.060613 -0.053424
vn -0.996731 -0.060613 -0.053424
vn -0.996730 -0.060616 -0.053426
vn -0.996730 -0.060616 -0.053426
vn -0.996730 -0.060616 -0.053426
vn -0.996731 -0.060611 -0.053416
vn -0.996731 -0.060611 -0.053416
vn -0.996731 -0.060611 -0.053416
vn -0.996731 -0.060598 -0.053429
vn -0.996731 -0.060598 -0.053429
vn -0.996731 -0.060598 -0.053429
vn -0.080785 0.748551 0.658138
vn -0.080785 0.748551 0.658138
vn -0.080785 0.748551 0.658138
vn 0.000058 0.660563 -0.750771
vn 0.000058 0.660563 -0.750771
vn 0.000058 0.660563 -0.750771
vn 0.160773 -0.735996 -0.657618
vn 0.057229 -0.062427 -0.996408
vn 0.212922 -0.082499 -0.973580
vn -0.152119 0.619819 -0.769859
vn 0.000087 0.660276 -0.751023
vn -0.023674 -0.059206 -0.997965
vn -0.160770 0.746460 0.645717
vn -0.057072 0.996205 -0.065717
vn -0.212578 0.976198 -0.042977
vn 0.152356 0.684115 -0.713285
vn 0.000129 0.660279 -0.751020
vn 0.023829 0.997329 -0.069043
vn 0.080816 -0.748552 -0.658133
vn 0.080816 -0.748552 -0.658133
vn 0.080816 -0.748552 -0.658133
vn 0.000002 -0.661216 0.750196
vn 0.000002 -0.661216 0.750196
vn 0.000002 -0.661216 0.750196
vn 0.000004 0.661216 -0.750196
vn 0.000004 0.661216 -0.750196
vn 0.000004 0.661216 -0.750196
vn -0.080803 0.747742 0.659054
vn -0.080803 0.747742 0.659054
vn -0.080803 0.747742 0.659054
vn 0.080802 -0.747743 -0.659054
vn 0.080802 -0.747743 -0.659054
vn 0.080802 -0.747743 -0.659054
vn -0.996730 -0.060615 -0.053425
vn -0.996730 -0.060615 -0.053425
vn -0.996730 -0.060615 -0.053425
vn -0.080804 0.747740 0.659056
vn -0.080804 0.747740 0.659056
vn -0.080804 0.747740 0.659056
vn 0.080801 -0.747741 -0.659056
vn 0.080801 -0.747741 -0.659056
vn 0.080801 -0.747741 -0.659056
vn -0.996730 -0.060617 -0.053428
vn -0.996730 -0.060617 -0.053428
vn -0.996730 -0.060617 -0.053428
vn 0.000011 0.661216 -0.750196
vn 0.000011 0.661216 -0.750196
vn 0.000011 0.661216 -0.750196
vn -0.000009 -0.661219 0.750193
vn -0.000009 -0.661219 0.750193
vn -0.000009 -0.661219 0.750193
vn -0.080810 0.747734 0.659063
vn -0.080810 0.747734 0.659063
vn -0.080810 0.747734 0.659063
vn 0.080797 -0.747742 -0.659056
vn 0.080797 -0.747742 -0.659056
vn 0.080797 -0.747742 -0.659056
vn -0.996731 -0.060616 -0.053421
vn -0.996731 -0.060616 -0.053421
vn -0.996731 -0.060616 -0.053421
vn 0.000001 0.661215 -0.750197
vn 0.000001 0.661215 -0.750197
vn 0.000001 0.661215 -0.750197
vn -0.000018 -0.661211 0.750200
vn -0.000018 -0.661211 0.750200
vn -0.000018 -0.661211 0.750200
vn -0.080790 0.747741 0.659057
vn -0.080790 0.747741 0.659057
vn -0.080790 0.747741 0.659057
vn 0.080825 -0.747745 -0.659049
vn 0.080825 -0.747745 -0.659049
vn 0.080825 -0.747745 -0.659049
vn -0.996730 -0.060614 -0.053438
vn -0.996730 -0.060614 -0.053438
vn -0.996730 -0.060614 -0.053438
vn -0.000010 0.661224 -0.750189
vn -0.000010 0.661224 -0.750189
vn -0.000010 0.661224 -0.750189
vn 0.000000 -0.661215 0.750197
vn 0.000000 -0.661215 0.750197
vn 0.000000 -0.661215 0.750197
vn -0.080819 0.747740 0.659055
vn -0.080819 0.747740 0.659055
vn -0.080819 0.747740 0.659055
vn 0.080798 -0.747740 -0.659058
vn 0.080798 -0.747740 -0.659058
vn 0.080798 -0.747740 -0.659058
vn -0.996730 -0.060617 -0.053423
vn -0.996730 -0.060617 -0.053423
vn -0.996730 -0.060617 -0.053423
vn -0.000018 0.661217 -0.750195
vn -0.000018 0.661217 -0.750195
vn -0.000018 0.661217 -0.750195
vn 0.000000 -0.661215 0.750197
vn 0.000000 -0.661215 0.750197
vn 0.000000 -0.661215 0.750197
vn 0.000000 -0.661219 0.750193
vn 0.000000 -0.661219 0.750193
vn 0.000000 -0.661219 0.750193
vn 0.000000 0.661218 -0.750194
vn 0.000000 0.661218 -0.750194
vn 0.000000 0.661218 -0.750194
vn -0.080796 0.747741 0.659056
vn -0.080796 0.747741 0.659056
vn -0.080796 0.747741 0.659056
vn 0.080796 -0.747742 -0.659055
vn 0.080796 -0.747742 -0.659055
vn 0.080796 -0.747742 -0.659055
vn -0.996730 -0.060615 -0.053427
vn -0.996730 -0.060615 -0.053427
vn -0.996730 -0.060615 -0.053427
vn -0.008436 0.746762 0.665037
vn -0.057168 0.062262 0.996421
vn 0.100260 0.102912 0.989625
vn -0.161149 -0.637531 0.753382
vn -0.000258 -0.660568 0.750766
vn -0.129164 0.051237 0.990299
vn -0.000074 -0.660544 0.750788
vn -0.000074 -0.660544 0.750788
vn -0.000074 -0.660544 0.750788
vn -0.117574 0.882899 0.454606
vn -0.068089 0.943017 0.325703
vn -0.985750 0.067261 -0.154188
vn 0.027404 -0.884373 -0.465976
vn -0.992790 0.070584 -0.096882
vn -0.985750 0.067261 -0.154188
vn 0.981659 0.075846 0.174910
vn 0.027404 -0.884373 -0.465976
vn 0.032895 -0.942368 -0.332958
vn 0.981659 0.075846 0.174910
vn 0.978762 0.056789 0.196975
vn -0.068089 0.943017 0.325703
vn -0.068089 0.943017 0.325703
vn 0.027110 0.997801 -0.060483
vn -0.969618 0.124106 -0.210803
vn -0.985750 0.067261 -0.154188
vn -0.969618 0.124106 -0.210803
vn -0.018706 -0.998047 0.059604
vn 0.978762 0.056789 0.196975
vn 0.032895 -0.942368 -0.332958
vn -0.018706 -0.998047 0.059604
vn -0.068089 0.943017 0.325703
vn 0.978762 0.056789 0.196975
vn 0.975542 0.100986 0.195244
vn 0.027110 0.997801 -0.060483
vn 0.126260 0.815287 -0.565125
vn -0.958221 0.128162 -0.255709
vn -0.969618 0.124106 -0.210803
vn -0.958221 0.128162 -0.255709
vn -0.112117 -0.815187 0.568243
vn 0.975542 0.100986 0.195244
vn -0.018706 -0.998047 0.059604
vn -0.112117 -0.815187 0.568243
vn 0.027110 0.997801 -0.060483
vn 0.975542 0.100986 0.195244
vn 0.990394 0.088042 0.106622
vn -0.958221 0.128162 -0.255709
vn 0.126260 0.815287 -0.565125
vn 0.154499 0.593156 -0.790124
vn -0.112117 -0.815187 0.568243
vn -0.958221 0.128162 -0.255709
vn -0.983344 0.033288 -0.178681
vn -0.112117 -0.815187 0.568243
vn -0.157115 -0.591583 0.790787
vn 0.985662 -0.022683 0.167200
vn 0.990394 0.088042 0.106622
vn 0.985662 -0.022683 0.167200
vn 0.154499 0.593156 -0.790124
vn -0.983344 0.033288 -0.178681
vn 0.154499 0.593156 -0.790124
vn 0.156895 0.592963 -0.789797
vn -0.157115 -0.591583 0.790787
vn -0.983344 0.033288 -0.178681
vn -0.985773 0.022926 -0.166510
vn -0.157115 -0.591583 0.790787
vn -0.154421 -0.593347 0.789996
vn 0.983206 -0.033097 0.179474
vn 0.985662 -0.022683 0.167200
vn 0.983206 -0.033097 0.179474
vn 0.156895 0.592963 -0.789797
vn 0.156895 0.592963 -0.789797
vn 0.156844 0.491229 -0.856793
vn -0.971037 0.041999 -0.235209
vn -0.985773 0.022926 -0.166510
vn -0.971037 0.041999 -0.235209
vn -0.175181 -0.493173 0.852110
vn 0.983206 -0.033097 0.179474
vn -0.154421 -0.593347 0.789996
vn -0.175181 -0.493173 0.852110
vn 0.156895 0.592963 -0.789797
vn 0.983206 -0.033097 0.179474
vn 0.991575 0.017389 0.128359
vn 0.156844 0.491229 -0.856793
vn 0.180148 0.115209 -0.976869
vn -0.950942 -0.031080 -0.307806
vn -0.971037 0.041999 -0.235209
vn -0.950942 -0.031080 -0.307806
vn -0.214931 -0.117957 0.969480
vn 0.991575 0.017389 0.128359
vn -0.175181 -0.493173 0.852110
vn -0.214931 -0.117957 0.969480
vn 0.156844 0.491229 -0.856793
vn 0.991575 0.017389 0.128359
vn 0.994779 0.056476 0.084998
vn -0.950942 -0.031080 -0.307806
vn 0.180148 0.115209 -0.976869
vn 0.206815 -0.354929 -0.911731
vn -0.214931 -0.117957 0.969480
vn -0.950942 -0.031080 -0.307806
vn -0.949024 -0.148270 -0.278153
vn -0.214931 -0.117957 0.969480
vn -0.236566 0.351296 0.905885
vn 0.992108 0.078158 0.098045
vn 0.994779 0.056476 0.084998
vn 0.992108 0.078158 0.098045
vn 0.206815 -0.354929 -0.911731
vn 0.206815 -0.354929 -0.911731
vn 0.206529 -0.552774 -0.807333
vn -0.938388 -0.211494 -0.273311
vn -0.949024 -0.148270 -0.278153
vn -0.938388 -0.211494 -0.273311
vn -0.241058 0.546692 0.801885
vn 0.992108 0.078158 0.098045
vn -0.236566 0.351296 0.905885
vn -0.241058 0.546692 0.801885
vn 0.206815 -0.354929 -0.911731
vn 0.992108 0.078158 0.098045
vn 0.994039 0.076533 0.077645
vn -0.080684 0.719634 0.689650
vn -0.080687 0.714218 0.695257
vn -0.996447 -0.063107 -0.055779
vn -0.992088 -0.093028 -0.084310
vn -0.996447 -0.063107 -0.055779
vn 0.080694 -0.714299 -0.695173
vn 0.999355 0.028082 0.022404
vn 0.080755 -0.719801 -0.689467
vn 0.080694 -0.714299 -0.695173
vn -0.080684 0.719634 0.689650
vn 0.999355 0.028082 0.022404
vn 0.997004 0.058105 0.051059
vn -0.080687 0.714218 0.695257
vn -0.080683 0.714314 0.695159
vn -0.996999 -0.058116 -0.051143
vn -0.996447 -0.063107 -0.055779
vn -0.996999 -0.058116 -0.051143
vn 0.080680 -0.714152 -0.695326
vn 0.997004 0.058105 0.051059
vn 0.080694 -0.714299 -0.695173
vn 0.080680 -0.714152 -0.695326
vn -0.080687 0.714218 0.695257
vn 0.997004 0.058105 0.051059
vn 0.996444 0.063165 0.055758
vn -0.080683 0.714314 0.695159
vn -0.067180 0.806215 0.587797
vn -0.999271 -0.036186 0.012180
vn -0.996999 -0.058116 -0.051143
vn -0.999271 -0.036186 0.012180
vn 0.102324 -0.802906 -0.587258
vn 0.996444 0.063165 0.055758
vn 0.080680 -0.714152 -0.695326
vn 0.102324 -0.802906 -0.587258
vn -0.080683 0.714314 0.695159
vn 0.996444 0.063165 0.055758
vn 0.989540 0.132276 0.057560
vn -0.067180 0.806215 0.587797
vn -0.087997 0.937746 0.335991
vn -0.997337 -0.049168 0.053858
vn -0.999271 -0.036186 0.012180
vn -0.997337 -0.049168 0.053858
vn 0.108922 -0.935190 -0.336980
vn 0.989540 0.132276 0.057560
vn 0.102324 -0.802906 -0.587258
vn 0.108922 -0.935190 -0.336980
vn -0.067180 0.806215 0.587797
vn 0.989540 0.132276 0.057560
vn 0.984215 0.176776 -0.008421
vn -0.997337 -0.049168 0.053858
vn -0.087997 0.937746 0.335991
vn -0.122993 0.992309 0.014005
vn -0.997337 -0.049168 0.053858
vn -0.998785 -0.036160 0.033473
vn 0.103194 -0.994563 -0.013949
vn 0.108922 -0.935190 -0.336980
vn 0.103194 -0.994563 -0.013949
vn 0.980366 0.194609 -0.031778
vn -0.087997 0.937746 0.335991
vn 0.984215 0.176776 -0.008421
vn 0.980366 0.194609 -0.031778
vn -0.998785 -0.036160 0.033473
vn -0.122993 0.992309 0.014005
vn -0.129828 0.925353 -0.356182
vn -0.998785 -0.036160 0.033473
vn -0.994597 -0.051568 -0.090103
vn 0.063423 -0.933748 0.352266
vn 0.103194 -0.994563 -0.013949
vn 0.063423 -0.933748 0.352266
vn 0.975689 0.217477 0.027087
vn -0.122993 0.992309 0.014005
vn 0.980366 0.194609 -0.031778
vn 0.975689 0.217477 0.027087
vn -0.994597 -0.051568 -0.090103
vn -0.129828 0.925353 -0.356182
vn -0.063723 0.775086 -0.628635
vn 0.063423 -0.933748 0.352266
vn -0.994597 -0.051568 -0.090103
vn -0.970363 -0.146429 -0.192233
vn 0.063423 -0.933748 0.352266
vn 0.025370 -0.781740 0.623089
vn 0.965173 0.228664 0.127097
vn 0.975689 0.217477 0.027087
vn 0.965173 0.228664 0.127097
vn -0.063723 0.775086 -0.628635
vn -0.063723 0.775086 -0.628635
vn 0.007896 0.677009 -0.735932
vn -0.967049 -0.179105 -0.180935
vn 0.025370 -0.781740 0.623089
vn -0.970363 -0.146429 -0.192233
vn -0.967049 -0.179105 -0.180935
vn 0.965173 0.228664 0.127097
vn 0.025370 -0.781740 0.623089
vn 0.022135 -0.670866 0.741248
vn 0.965173 0.228664 0.127097
vn 0.966777 0.204627 0.153201
vn 0.007896 0.677009 -0.735932
vn 0.007896 0.677009 -0.735932
vn 0.038312 0.625238 -0.779493
vn -0.988309 -0.105329 -0.110235
vn 0.022135 -0.670866 0.741248
vn -0.967049 -0.179105 -0.180935
vn -0.988309 -0.105329 -0.110235
vn 0.966777 0.204627 0.153201
vn 0.022135 -0.670866 0.741248
vn 0.024499 -0.617964 0.785825
vn 0.966777 0.204627 0.153201
vn 0.988512 0.121208 0.090287
vn 0.038312 0.625238 -0.779493
vn -0.988309 -0.105329 -0.110235
vn 0.038312 0.625238 -0.779493
vn 0.013051 0.583832 -0.811769
vn -0.988309 -0.105329 -0.110235
vn -0.996527 -0.052343 -0.064763
vn -0.013225 -0.583781 0.811803
vn 0.024499 -0.617964 0.785825
vn -0.013225 -0.583781 0.811803
vn 0.996755 0.062879 0.050264
vn 0.038312 0.625238 -0.779493
vn 0.988512 0.121208 0.090287
vn 0.996755 0.062879 0.050264
vn 0.013051 0.583832 -0.811769
vn 0.017517 0.538238 -0.842611
vn -0.996234 -0.049646 -0.071083
vn -0.996527 -0.052343 -0.064763
vn -0.996234 -0.049646 -0.071083
vn -0.017532 -0.538786 0.842261
vn 0.996755 0.062879 0.050264
vn -0.013225 -0.583781 0.811803
vn -0.017532 -0.538786 0.842261
vn 0.013051 0.583832 -0.811769
vn 0.996755 0.062879 0.050264
vn 0.996827 0.066092 0.044360
vn 0.017517 0.538238 -0.842611
vn 0.032901 0.359614 -0.932521
vn -0.991376 -0.032376 -0.126986
vn -0.996234 -0.049646 -0.071083
vn -0.991376 -0.032376 -0.126986
vn -0.033584 -0.360391 0.932197
vn 0.996827 0.066092 0.044360
vn -0.017532 -0.538786 0.842261
vn -0.033584 -0.360391 0.932197
vn 0.017517 0.538238 -0.842611
vn 0.996827 0.066092 0.044360
vn 0.996330 0.084882 -0.011009
vn 0.032901 0.359614 -0.932521
vn 0.056838 0.022910 -0.998121
vn -0.988577 -0.058776 -0.138781
vn -0.991376 -0.032376 -0.126986
vn -0.988577 -0.058776 -0.138781
vn -0.057657 -0.023921 0.998050
vn 0.996330 0.084882 -0.011009
vn -0.033584 -0.360391 0.932197
vn -0.057657 -0.023921 0.998050
vn 0.032901 0.359614 -0.932521
vn 0.996330 0.084882 -0.011009
vn 0.997839 0.061829 -0.022216
vn 0.056838 0.022910 -0.998121
vn 0.077527 -0.389772 -0.917642
vn -0.982065 -0.104510 -0.156929
vn -0.988577 -0.058776 -0.138781
vn -0.982065 -0.104510 -0.156929
vn -0.078684 0.389416 0.917695
vn 0.997839 0.061829 -0.022216
vn -0.057657 -0.023921 0.998050
vn -0.078684 0.389416 0.917695
vn 0.056838 0.022910 -0.998121
vn 0.997839 0.061829 -0.022216
vn 0.998938 0.019909 -0.041546
vn -0.982065 -0.104510 -0.156929
vn 0.077527 -0.389772 -0.917642
vn 0.083816 -0.599423 -0.796032
vn -0.078684 0.389416 0.917695
vn -0.982065 -0.104510 -0.156929
vn -0.984645 -0.117304 -0.129284
vn -0.078684 0.389416 0.917695
vn -0.084676 0.599920 0.795567
vn 0.999846 0.009627 -0.014637
vn 0.998938 0.019909 -0.041546
vn 0.999846 0.009627 -0.014637
vn 0.083816 -0.599423 -0.796032
vn -0.991444 -0.052439 -0.119535
vn 0.103263 -0.761985 -0.639309
vn 0.083916 -0.772922 -0.628927
vn -0.053973 0.765946 0.640636
vn -0.991444 -0.052439 -0.119535
vn -0.993909 -0.018691 -0.108612
vn -0.053973 0.765946 0.640636
vn -0.071107 0.774536 0.628520
vn 0.994979 0.009849 0.099597
vn 0.997714 -0.005582 0.067350
vn 0.994979 0.009849 0.099597
vn 0.083916 -0.772922 -0.628927
vn -0.993909 -0.018691 -0.108612
vn 0.083916 -0.772922 -0.628927
vn 0.078172 -0.775594 -0.626374
vn -0.071107 0.774536 0.628520
vn -0.993909 -0.018691 -0.108612
vn -0.993484 -0.000054 -0.113975
vn -0.071107 0.774536 0.628520
vn -0.075866 0.775571 0.626685
vn 0.992710 0.007837 0.120271
vn 0.994979 0.009849 0.099597
vn 0.992710 0.007837 0.120271
vn 0.078172 -0.775594 -0.626374
vn -0.993484 -0.000054 -0.113975
vn 0.078172 -0.775594 -0.626374
vn 0.079541 -0.750526 -0.656037
vn -0.075866 0.775571 0.626685
vn -0.993484 -0.000054 -0.113975
vn -0.993976 0.005780 -0.109446
vn -0.075866 0.775571 0.626685
vn -0.081241 0.750315 0.656069
vn 0.991958 0.012802 0.125922
vn 0.992710 0.007837 0.120271
vn 0.991958 0.012802 0.125922
vn 0.079541 -0.750526 -0.656037
vn -0.993976 0.005780 -0.109446
vn 0.079541 -0.750526 -0.656037
vn 0.083801 -0.694747 -0.714356
vn -0.081241 0.750315 0.656069
vn -0.993976 0.005780 -0.109446
vn -0.995522 0.007079 -0.094269
vn -0.081241 0.750315 0.656069
vn -0.089663 0.693609 0.714750
vn 0.991295 0.025664 0.129134
vn 0.991958 0.012802 0.125922
vn 0.991295 0.025664 0.129134
vn 0.083801 -0.694747 -0.714356
vn -0.995522 0.007079 -0.094269
vn 0.083801 -0.694747 -0.714356
vn 0.087796 -0.566338 -0.819484
vn -0.089663 0.693609 0.714750
vn -0.995522 0.007079 -0.094269
vn -0.998447 0.000856 -0.055708
vn -0.089663 0.693609 0.714750
vn -0.102226 0.561768 0.820954
vn 0.988604 0.054484 0.140333
vn 0.991295 0.025664 0.129134
vn 0.988604 0.054484 0.140333
vn 0.087796 -0.566338 -0.819484
vn -0.998447 0.000856 -0.055708
vn 0.087796 -0.566338 -0.819484
vn 0.090508 -0.290520 -0.952579
vn -0.102226 0.561768 0.820954
vn -0.998447 0.000856 -0.055708
vn -0.999610 -0.027243 -0.006190
vn -0.102226 0.561768 0.820954
vn -0.101751 0.289398 0.951785
vn 0.983179 0.075669 0.166232
vn 0.988604 0.054484 0.140333
vn 0.983179 0.075669 0.166232
vn 0.090508 -0.290520 -0.952579
vn 0.090508 -0.290520 -0.952579
vn 0.085256 0.028041 -0.995965
vn -0.997825 -0.060311 -0.026609
vn -0.999610 -0.027243 -0.006190
vn -0.997825 -0.060311 -0.026609
vn -0.081626 -0.023140 0.996394
vn 0.983179 0.075669 0.166232
vn -0.101751 0.289398 0.951785
vn -0.081626 -0.023140 0.996394
vn 0.090508 -0.290520 -0.952579
vn 0.983179 0.075669 0.166232
vn 0.988149 0.059551 0.141475
vn 0.085256 0.028041 -0.995965
vn 0.070262 0.232373 -0.970086
vn -0.996909 -0.061000 -0.049520
vn -0.997825 -0.060311 -0.026609
vn -0.996909 -0.061000 -0.049520
vn -0.068216 -0.230101 0.970773
vn 0.988149 0.059551 0.141475
vn -0.081626 -0.023140 0.996394
vn -0.068216 -0.230101 0.970773
vn 0.085256 0.028041 -0.995965
vn 0.988149 0.059551 0.141475
vn 0.991995 0.045860 0.117656
vn 0.070262 0.232373 -0.970086
vn 0.061077 0.344494 -0.936800
vn -0.996261 -0.055840 -0.065919
vn -0.996909 -0.061000 -0.049520
vn -0.996261 -0.055840 -0.065919
vn -0.060029 -0.343654 0.937176
vn 0.991995 0.045860 0.117656
vn -0.068216 -0.230101 0.970773
vn -0.060029 -0.343654 0.937176
vn 0.070262 0.232373 -0.970086
vn 0.991995 0.045860 0.117656
vn 0.994081 0.044016 0.099331
vn 0.061077 0.344494 -0.936800
vn 0.057054 0.388066 -0.919864
vn -0.995629 -0.049857 -0.078973
vn -0.996261 -0.055840 -0.065919
vn -0.995629 -0.049857 -0.078973
vn -0.056846 -0.387967 0.919918
vn 0.994081 0.044016 0.099331
vn -0.060029 -0.343654 0.937176
vn -0.056846 -0.387967 0.919918
vn 0.061077 0.344494 -0.936800
vn 0.994081 0.044016 0.099331
vn 0.995237 0.047258 0.085259
vn 0.057054 0.388066 -0.919864
vn 0.058151 0.368453 -0.927826
vn -0.994551 -0.044474 -0.094289
vn -0.995629 -0.049857 -0.078973
vn -0.994551 -0.044474 -0.094289
vn -0.058993 -0.368490 0.927758
vn 0.995237 0.047258 0.085259
vn -0.056846 -0.387967 0.919918
vn -0.058993 -0.368490 0.927758
vn 0.057054 0.388066 -0.919864
vn 0.995237 0.047258 0.085259
vn 0.996060 0.053923 0.070404
vn -0.994551 -0.044474 -0.094289
vn 0.058151 0.368453 -0.927826
vn 0.053326 0.344955 -0.937103
vn -0.058993 -0.368490 0.927758
vn -0.994551 -0.044474 -0.094289
vn -0.994066 -0.065715 -0.086680
vn -0.058993 -0.368490 0.927758
vn -0.067906 -0.345835 0.935835
vn 0.993845 0.064466 0.090092
vn 0.996060 0.053923 0.070404
vn 0.993845 0.064466 0.090092
vn 0.053326 0.344955 -0.937103
vn -0.994066 -0.065715 -0.086680
vn 0.053326 0.344955 -0.937103
vn 0.053005 0.368229 -0.928223
vn -0.067906 -0.345835 0.935835
vn -0.994066 -0.065715 -0.086680
vn -0.991582 -0.093840 -0.089216
vn -0.067906 -0.345835 0.935835
vn -0.062823 -0.369131 0.927252
vn 0.990487 0.086909 0.106685
vn 0.993845 0.064466 0.090092
vn 0.990487 0.086909 0.106685
vn 0.053005 0.368229 -0.928223
vn 0.053005 0.368229 -0.928223
vn 0.052368 0.390979 -0.918908
vn -0.989043 -0.106215 -0.102526
vn -0.991582 -0.093840 -0.089216
vn -0.989043 -0.106215 -0.102526
vn -0.057292 -0.391478 0.918402
vn 0.990487 0.086909 0.106685
vn -0.062823 -0.369131 0.927252
vn -0.057292 -0.391478 0.918402
vn 0.053005 0.368229 -0.928223
vn 0.990487 0.086909 0.106685
vn 0.988865 0.104984 0.105476
vn 0.052368 0.390979 -0.918908
vn 0.052746 0.390936 -0.918905
vn -0.987404 -0.114325 -0.109378
vn -0.989043 -0.106215 -0.102526
vn -0.987404 -0.114325 -0.109378
vn -0.056940 -0.391429 0.918445
vn 0.988865 0.104984 0.105476
vn -0.057292 -0.391478 0.918402
vn -0.056940 -0.391429 0.918445
vn 0.052368 0.390979 -0.918908
vn 0.988865 0.104984 0.105476
vn 0.987582 0.115589 0.106402
vn 0.052746 0.390936 -0.918905
vn 0.054499 0.377918 -0.924234
vn -0.985630 -0.122669 -0.116130
vn -0.987404 -0.114325 -0.109378
vn -0.985630 -0.122669 -0.116130
vn -0.059516 -0.378577 0.923654
vn 0.987582 0.115589 0.106402
vn -0.056940 -0.391429 0.918445
vn -0.059516 -0.378577 0.923654
vn 0.052746 0.390936 -0.918905
vn 0.987582 0.115589 0.106402
vn 0.986174 0.126235 0.107361
vn 0.054499 0.377918 -0.924234
vn 0.058498 0.346958 -0.936055
vn -0.982819 -0.134479 -0.126418
vn -0.985630 -0.122669 -0.116130
vn -0.982819 -0.134479 -0.126418
vn -0.066525 -0.348083 0.935101
vn 0.986174 0.126235 0.107361
vn -0.059516 -0.378577 0.923654
vn -0.066525 -0.348083 0.935101
vn 0.054499 0.377918 -0.924234
vn 0.986174 0.126235 0.107361
vn 0.984098 0.141593 0.107252
vn -0.982819 -0.134479 -0.126418
vn 0.058498 0.346958 -0.936055
vn 0.057798 0.328985 -0.942565
vn -0.066525 -0.348083 0.935101
vn -0.982819 -0.134479 -0.126418
vn -0.978678 -0.163867 -0.123845
vn -0.066525 -0.348083 0.935101
vn -0.073781 -0.331681 0.940502
vn 0.978425 0.162550 0.127525
vn 0.984098 0.141593 0.107252
vn 0.978425 0.162550 0.127525
vn 0.057798 0.328985 -0.942565
vn -0.978678 -0.163867 -0.123845
vn 0.057798 0.328985 -0.942565
vn 0.052146 0.361485 -0.930919
vn -0.073781 -0.331681 0.940502
vn -0.978678 -0.163867 -0.123845
vn -0.972492 -0.197586 -0.123363
vn -0.073781 -0.331681 0.940502
vn -0.064301 -0.363901 0.929216
vn 0.970873 0.187553 0.149097
vn 0.978425 0.162550 0.127525
vn 0.970873 0.187553 0.149097
vn 0.052146 0.361485 -0.930919
vn 0.052146 0.361485 -0.930919
vn 0.044096 0.402572 -0.914326
vn -0.966856 -0.214761 -0.138088
vn -0.972492 -0.197586 -0.123363
vn -0.966856 -0.214761 -0.138088
vn -0.050922 -0.404020 0.913332
vn 0.970873 0.187553 0.149097
vn -0.064301 -0.363901 0.929216
vn -0.050922 -0.404020 0.913332
vn 0.052146 0.361485 -0.930919
vn 0.970873 0.187553 0.149097
vn 0.966235 0.209624 0.149828
vn 0.044096 0.402572 -0.914326
vn 0.041359 0.417928 -0.907538
vn -0.963527 -0.223312 -0.147470
vn -0.966856 -0.214761 -0.138088
vn -0.963527 -0.223312 -0.147470
vn -0.044972 -0.418751 0.906987
vn 0.966235 0.209624 0.149828
vn -0.050922 -0.404020 0.913332
vn -0.044972 -0.418751 0.906987
vn 0.044096 0.402572 -0.914326
vn 0.966235 0.209624 0.149828
vn 0.963418 0.222301 0.149692
vn 0.041359 0.417928 -0.907538
vn 0.044518 0.412220 -0.909996
vn -0.961875 -0.225664 -0.154505
vn -0.963527 -0.223312 -0.147470
vn -0.961875 -0.225664 -0.154505
vn -0.045435 -0.412494 0.909827
vn 0.963418 0.222301 0.149692
vn -0.044972 -0.418751 0.906987
vn -0.045435 -0.412494 0.909827
vn 0.041359 0.417928 -0.907538
vn 0.963418 0.222301 0.149692
vn 0.962272 0.229156 0.146696
vn 0.044518 0.412220 -0.909996
vn 0.056925 0.377195 -0.924383
vn -0.961752 -0.220563 -0.162435
vn -0.961875 -0.225664 -0.154505
vn -0.961752 -0.220563 -0.162435
vn -0.054189 -0.376816 0.924702
vn 0.962272 0.229156 0.146696
vn -0.045435 -0.412494 0.909827
vn -0.054189 -0.376816 0.924702
vn 0.044518 0.412220 -0.909996
vn 0.962272 0.229156 0.146696
vn 0.963307 0.230624 0.137306
vn 0.056925 0.377195 -0.924383
vn 0.067311 0.350168 -0.934265
vn -0.961311 -0.213395 -0.174194
vn -0.961752 -0.220563 -0.162435
vn -0.961311 -0.213395 -0.174194
vn -0.059892 -0.348874 0.935254
vn 0.963307 0.230624 0.137306
vn -0.054189 -0.376816 0.924702
vn -0.059892 -0.348874 0.935254
vn 0.056925 0.377195 -0.924383
vn 0.963307 0.230624 0.137306
vn 0.964845 0.232188 0.123138
vn -0.992379 -0.047154 -0.113841
vn -0.992379 -0.047154 -0.113841
vn -0.988945 -0.056747 -0.136999
vn -0.000000 -0.960047 0.279838
vn -0.000002 -0.957766 0.287550
vn 0.020523 -0.944324 0.328375
vn -0.016889 0.894788 -0.446172
vn 0.000000 0.864198 -0.503153
vn 0.000001 0.866597 -0.499008
vn -0.034088 0.925945 -0.376117
vn -0.016889 0.894788 -0.446172
vn 0.000001 0.897248 -0.441527
vn 0.000000 -0.945587 0.325370
vn 0.020523 -0.944324 0.328375
vn 0.034086 -0.925945 0.376117
vn -0.988906 -0.056845 -0.137236
vn -0.988945 -0.056747 -0.136999
vn -0.969834 -0.093285 -0.225212
vn -0.989953 -0.130635 -0.054110
vn -0.992727 -0.111222 -0.046069
vn -0.992727 -0.111222 -0.046070
vn -0.000001 -0.493171 0.869933
vn -0.000001 -0.493170 0.869933
vn -0.000000 -0.443835 0.896109
vn 0.000000 0.328012 -0.944674
vn 0.000000 0.281692 -0.959505
vn 0.000000 0.281692 -0.959505
vn 0.000000 0.382684 -0.923880
vn 0.000000 0.328012 -0.944674
vn 0.000000 0.332665 -0.943045
vn -0.000000 -0.438757 0.898606
vn -0.000000 -0.443835 0.896109
vn -0.000001 -0.382684 0.923880
vn -0.965107 -0.241924 -0.100208
vn -0.989953 -0.130635 -0.054110
vn -0.989938 -0.130729 -0.054150
vn -0.950800 -0.118557 -0.286223
vn -0.970133 -0.092828 -0.224108
vn -0.969834 -0.093285 -0.225212
vn -0.000000 -0.926097 0.377286
vn 0.034086 -0.925945 0.376117
vn 0.014730 -0.926405 0.376241
vn -0.014727 0.926404 -0.376242
vn -0.034088 0.925945 -0.376117
vn 0.000000 0.926097 -0.377286
vn -0.934062 -0.329928 -0.136660
vn -0.965107 -0.241924 -0.100208
vn -0.965107 -0.241925 -0.100209
vn -0.000001 -0.382684 0.923880
vn -0.000001 -0.382684 0.923880
vn -0.000001 -0.382684 0.923879
vn 0.000000 0.382683 -0.923880
vn 0.000000 0.382684 -0.923880
vn 0.000000 0.382683 -0.923880
vn -0.766718 0.259081 -0.587385
vn -0.959939 -0.210655 -0.184775
vn -0.999626 0.027262 -0.002142
vn -0.495126 0.374214 -0.784101
vn -0.769642 0.176157 -0.613694
vn -0.789092 0.465374 -0.400950
vn -0.640133 -0.627784 0.442851
vn -0.537459 -0.587534 0.604931
vn -0.793226 -0.492142 0.358593
vn -0.797517 -0.601773 0.042855
vn -0.804507 -0.437960 0.401197
vn -0.989258 -0.115005 -0.090242
vn -0.965607 -0.207666 -0.156454
vn -0.634287 -0.581549 -0.509394
vn -0.547277 -0.827285 0.126833
vn -0.641166 -0.608241 -0.467920
vn -0.172241 -0.741104 -0.648920
vn -0.197732 -0.881003 -0.429808
vn -0.763628 -0.571867 0.299734
vn -0.489504 -0.847176 -0.206589
vn -0.173060 -0.980060 0.097635
vn -0.458692 -0.876649 -0.145219
vn -0.117180 -0.833876 -0.539370
vn 0.053366 -0.897178 -0.438434
vn -0.172712 -0.032623 -0.984432
vn -0.489313 -0.316516 -0.812644
vn -0.763301 0.221830 -0.606764
vn 0.053514 -0.553141 -0.831367
vn -0.117096 -0.644771 -0.755354
vn -0.458433 -0.259607 -0.849967
vn -0.546919 0.016634 -0.837020
vn -0.634303 -0.581534 -0.509390
vn -0.965603 -0.182171 -0.185539
vn -0.197645 -0.542366 -0.816563
vn -0.172277 -0.741071 -0.648949
vn -0.641185 -0.543931 -0.541313
vn -0.117206 -0.833882 -0.539355
vn -0.018117 -0.578967 -0.815150
vn 0.001269 -0.858005 -0.513640
vn -0.018173 -0.884502 -0.466183
vn -0.117104 -0.644763 -0.755359
vn 0.001389 -0.622499 -0.782619
vn 0.000000 -0.923879 -0.382684
vn 0.000000 -0.923879 -0.382685
vn 0.000000 -0.382685 -0.923879
vn 0.000000 -0.923881 0.382680
vn 0.000000 -0.923880 0.382681
vn 0.000000 -0.923879 -0.382685
vn 0.000000 -0.382683 0.923880
vn 0.000000 -0.382682 0.923880
vn 0.000000 -0.923880 0.382681
vn 0.000000 0.382685 0.923879
vn 0.000000 0.382684 0.923879
vn 0.000000 -0.382682 0.923880
vn 0.000000 0.923879 0.382684
vn 0.000000 0.923879 0.382684
vn 0.000000 0.382684 0.923879
vn -0.000001 0.923879 -0.382685
vn 0.000000 0.923879 -0.382685
vn 0.000000 0.923879 0.382684
vn -1.000000 0.000000 0.000000
vn -1.000000 0.000000 0.000000
vn -1.000000 0.000000 0.000001
vn -1.000000 0.000000 0.000001
vn -1.000000 0.000000 0.000006
vn -1.000000 0.000000 0.000001
vn -1.000000 0.000000 0.000001
vn -1.000000 0.000000 -0.000001
vn -1.000000 0.000000 -0.000000
vn -1.000000 0.000000 -0.000000
vn -1.000000 0.000003 0.000000
vn -1.000000 0.000000 0.000000
vn -1.000000 0.000000 0.000000
vn -1.000000 0.000000 0.000001
vn -1.000000 0.000000 0.000001
vn -0.000001 0.923879 -0.382685
vn -0.000003 0.382680 -0.923881
vn -0.000002 0.382681 -0.923881
vn -0.000001 -0.382687 -0.923878
vn 0.000000 -0.382685 -0.923879
vn -0.000002 0.382681 -0.923881
vn 0.000000 1.000000 -0.000001
vn 0.000000 1.000000 -0.000001
vn 0.000000 0.980785 -0.195091
vn 0.000000 -0.195090 0.980785
vn 0.000000 -0.195090 0.980785
vn 0.000000 0.000000 1.000000
vn -0.000003 -0.980785 -0.195090
vn -0.000001 -0.923880 -0.382684
vn -0.000001 -0.923879 -0.382684
vn 0.000000 0.980785 0.195089
vn 0.000000 0.980785 0.195089
vn 0.000000 1.000000 -0.000001
vn 0.000000 -0.382684 0.923879
vn -0.000000 -0.382683 0.923880
vn 0.000000 -0.195090 0.980785
vn -0.000001 -0.923880 -0.382684
vn -0.000000 -0.831469 -0.555570
vn -0.000000 -0.831470 -0.555570
vn 0.000000 0.923880 0.382683
vn 0.000000 0.923880 0.382683
vn 0.000000 0.980785 0.195089
vn 0.000000 -0.555570 0.831470
vn -0.000000 -0.555570 0.831470
vn -0.000000 -0.382683 0.923880
vn -0.000001 -1.000000 0.000000
vn -0.000003 -0.980785 -0.195090
vn -0.000002 -0.980785 -0.195090
vn -0.000001 -1.000000 0.000000
vn 0.000000 -1.000000 0.000000
vn -0.000002 -0.980785 0.195090
vn -0.000000 0.000000 1.000000
vn 0.000000 0.000000 1.000000
vn 0.000000 0.195091 0.980785
vn 0.000000 0.195091 0.980785
vn 0.000000 0.195091 0.980785
vn 0.000000 0.382683 0.923880
vn 0.000000 -0.000001 -1.000000
vn 0.000000 0.195089 -0.980786
vn 0.000000 0.195089 -0.980786
vn -0.000000 -0.195091 -0.980785
vn 0.000000 -0.000001 -1.000000
vn 0.000000 -0.000001 -1.000000
vn 0.000000 0.980785 -0.195092
vn 0.000000 0.980785 -0.195091
vn 0.000000 0.923879 -0.382684
vn 0.000000 0.923879 -0.382684
vn 0.000000 0.923879 -0.382684
vn 0.000000 0.831469 -0.555571
vn -0.000003 -0.980785 0.195090
vn -0.000002 -0.980785 0.195090
vn -0.000001 -0.923880 0.382683
vn 0.000000 0.382683 0.923880
vn 0.000000 0.382683 0.923880
vn 0.000000 0.555571 0.831469
vn 0.000000 0.707106 -0.707108
vn 0.000000 0.831469 -0.555571
vn 0.000000 0.831469 -0.555571
vn 0.000000 -0.382683 -0.923880
vn -0.000000 -0.195091 -0.980785
vn -0.000000 -0.195091 -0.980785
vn -0.000001 -0.923880 0.382683
vn -0.000001 -0.923880 0.382683
vn -0.000000 -0.831470 0.555570
vn 0.000000 0.555571 0.831469
vn 0.000000 0.555571 0.831469
vn 0.000000 0.707107 0.707106
vn 0.000000 0.555569 -0.831470
vn 0.000000 0.707106 -0.707108
vn 0.000000 0.707106 -0.707108
vn -0.000001 -0.555570 -0.831470
vn 0.000000 -0.382683 -0.923880
vn 0.000000 -0.382683 -0.923880
vn -0.000003 -0.707106 0.707107
vn -0.000001 -0.707106 0.707107
vn -0.000000 -0.555570 0.831470
vn -0.000001 -0.831469 0.555570
vn -0.000000 -0.831470 0.555570
vn -0.000001 -0.707106 0.707107
vn 0.000000 0.831470 0.555569
vn 0.000000 0.831470 0.555570
vn 0.000000 0.923880 0.382683
vn 0.000000 0.707107 0.707106
vn 0.000000 0.707107 0.707106
vn 0.000000 0.831470 0.555570
vn 0.000000 0.195089 -0.980786
vn 0.000000 0.382682 -0.923880
vn 0.000000 0.382682 -0.923880
vn 0.000000 0.555569 -0.831470
vn 0.000000 0.555570 -0.831470
vn 0.000000 0.382682 -0.923880
vn -0.000000 -0.831469 -0.555570
vn -0.000001 -0.707107 -0.707107
vn -0.000000 -0.707107 -0.707107
vn -0.000001 -0.707107 -0.707107
vn -0.000001 -0.555570 -0.831470
vn -0.000001 -0.555570 -0.831470
f 1/1/1 2/2/2 3/3/3
f 4/4/4 5/5/5 6/6/6
f 7/7/7 8/8/8 9/9/9
f 10/10/10 11/11/11 12/12/12
f 13/13/13 14/14/14 15/15/15
f 16/16/16 17/17/17 18/18/18
f 19/19/19 20/20/20 21/21/21
f 22/22/22 23/23/23 24/24/24
f 25/25/25 26/26/26 27/27/27
f 28/28/28 29/29/29 30/30/30
f 31/31/31 32/32/32 33/33/33
f 34/34/34 35/35/35 36/36/36
f 37/37/37 38/38/38 39/39/39
f 40/40/40 41/41/41 42/42/42
f 43/43/43 44/44/44 45/45/45
f 46/46/46 47/47/47 48/48/48
f 49/49/49 50/50/50 51/51/51
f 52/52/52 53/53/53 54/54/54
f 55/55/55 56/56/56 57/57/57
f 58/58/58 59/59/59 60/60/60
f 61/61/61 62/62/62 63/63/63
f 64/64/64 65/65/65 66/66/66
f 67/67/67 68/68/68 69/69/69
f 70/70/70 71/71/71 72/72/72
f 73/73/73 74/74/74 75/75/75
f 76/76/76 77/77/77 78/78/78
f 79/79/79 80/80/80 81/81/81
f 82/82/82 83/83/83 84/84/84
f 85/85/85 86/86/86 87/87/87
f 88/88/88 89/89/89 90/90/90
f 91/91/91 92/92/92 93/93/93
f 94/94/94 95/95/95 96/96/96
f 97/97/97 98/98/98 99/99/99
f 100/100/100 101/101/101 102/102/102
f 103/103/103 104/104/104 105/105/105
f 106/106/106 107/107/107 108/108/108
f 109/109/109 110/110/110 111/111/111
f 112/112/112 113/113/113 114/114/114
f 115/115/115 116/116/116 117/117/117
f 118/118/118 119/119/119 120/120/120
f 121/121/121 122/122/122 123/123/123
f 124/124/124 125/125/125 126/126/126
f 127/127/127 128/128/128 129/129/129
f 130/130/130 131/131/131 132/132/132
f 133/133/133 134/134/134 135/135/135
f 136/136/136 137/137/137 138/138/138
f 139/139/139 140/140/140 141/141/141
f 142/142/142 143/143/143 144/144/144
f 145/145/145 146/146/146 147/147/147
f 148/148/148 149/149/149 150/150/150
f 151/151/151 152/152/152 153/153/153
f 154/154/154 155/155/155 156/156/156
f 157/157/157 158/158/158 159/159/159
f 160/160/160 161/161/161 162/162/162
f 163/163/163 164/164/164 165/165/165
f 166/166/166 167/167/167 168/168/168
f 169/169/169 170/170/170 171/171/171
f 172/172/172 173/173/173 174/174/174
f 175/175/175 176/176/176 177/177/177
f 178/178/178 179/179/179 180/180/180
f 181/181/181 182/182/182 183/183/183
f 184/184/184 185/185/185 186/186/186
f 187/187/187 188/188/188 189/189/189
f 190/190/190 191/191/191 192/192/192
f 193/193/193 194/194/194 195/195/195
f 196/196/196 197/197/197 198/198/198
f 199/199/199 200/200/200 201/201/201
f 202/202/202 203/203/203 204/204/204
f 205/205/205 206/206/206 207/207/207
f 208/208/208 209/209/209 210/210/210
f 211/211/211 212/212/212 213/213/213
f 214/214/214 215/215/215 216/216/216
f 217/217/217 218/218/218 219/219/219
f 220/220/220 221/221/221 222/222/222
f 223/223/223 224/224/224 225/225/225
f 226/226/226 227/227/227 228/228/228
f 229/229/229 230/230/230 231/231/231
f 232/232/232 233/233/233 234/234/234
f 235/235/235 236/236/236 237/237/237
f 238/238/238 239/239/239 240/240/240
f 241/241/241 242/242/242 243/243/243
f 244/244/244 245/245/245 246/246/246
f 247/247/247 248/248/248 249/249/249
f 250/250/250 251/251/251 252/252/252
f 253/253/253 254/254/254 255/255/255
f 256/256/256 257/257/257 258/258/258
f 259/259/259 260/260/260 261/261/261
f 262/262/262 263/263/263 264/264/264
f 265/265/265 266/266/266 267/267/267
f 268/268/268 269/269/269 270/270/270
f 271/271/271 272/272/272 273/273/273
f 274/274/274 275/275/275 276/276/276
f 277/277/277 278/278/278 279/279/279
f 280/280/280 281/281/281 282/282/282
f 283/283/283 284/284/284 285/285/285
f 286/286/286 287/287/287 288/288/288
f 289/289/289 290/290/290 291/291/291
f 292/292/292 293/293/293 294/294/294
f 295/295/295 296/296/296 297/297/297
f 298/298/298 299/299/299 300/300/300
f 301/301/301 302/302/302 303/303/303
f 304/304/304 305/305/305 306/306/306
f 307/307/307 308/308/308 309/309/309
f 310/310/310 311/311/311 312/312/312
f 313/313/313 314/314/314 315/315/315
f 316/316/316 317/317/317 318/318/318
f 319/319/319 320/320/320 321/321/321
f 322/322/322 323/323/323 324/324/324
f 325/325/325 326/326/326 327/327/327
f 328/328/328 329/329/329 330/330/330
f 331/331/331 332/332/332 333/333/333
f 334/334/334 335/335/335 336/336/336
f 337/337/337 338/338/338 339/339/339
f 340/340/340 341/341/341 342/342/342
f 343/343/343 344/344/344 345/345/345
f 346/346/346 347/347/347 348/348/348
f 349/349/349 350/350/350 351/351/351
f 352/352/352 353/353/353 354/354/354
f 355/355/355 356/356/356 357/357/357
f 358/358/358 359/359/359 360/360/360
f 361/361/361 362/362/362 363/363/363
f 364/364/364 365/365/365 366/366/366
f 367/367/367 368/368/368 369/369/369
f 370/370/370 371/371/371 372/372/372
f 373/373/373 374/374/374 375/375/375
f 376/376/376 377/377/377 378/378/378
f 379/379/379 380/380/380 381/381/381
f 382/382/382 383/383/383 384/384/384
f 385/385/385 386/386/386 387/387/387
f 388/388/388 389/389/389 390/390/390
f 391/391/391 392/392/392 393/393/393
f 394/394/394 395/395/395 396/396/396
f 397/397/397 398/398/398 399/399/399
f 400/400/400 401/401/401 402/402/402
f 403/403/403 404/404/404 405/405/405
f 406/406/406 407/407/407 408/408/408
f 409/409/409 410/410/410 411/411/411
f 412/412/412 413/413/413 414/414/414
f 415/415/415 416/416/416 417/417/417
f 418/418/418 419/419/419 420/420/420
f 421/421/421 422/422/422 423/423/423
f 424/424/424 425/425/425 426/426/426
f 427/427/427 428/428/428 429/429/429
f 430/430/430 431/431/431 432/432/432
f 433/433/433 434/434/434 435/435/435
f 436/436/436 437/437/437 438/438/438
f 439/439/439 440/440/440 441/441/441
f 442/442/442 443/443/443 444/444/444
f 445/445/445 446/446/446 447/447/447
f 448/448/448 449/449/449 450/450/450
f 451/451/451 452/452/452 453/453/453
f 454/454/454 455/455/455 456/456/456
f 457/457/457 458/458/458 459/459/459
f 460/460/460 461/461/461 462/462/462
f 463/463/463 464/464/464 465/465/465
f 466/466/466 467/467/467 468/468/468
f 469/469/469 470/470/470 471/471/471
f 472/472/472 473/473/473 474/474/474
f 475/475/475 476/476/476 477/477/477
f 478/478/478 479/479/479 480/480/480
f 481/481/481 482/482/482 483/483/483
f 484/484/484 485/485/485 486/486/486
f 487/487/487 488/488/488 489/489/489
f 490/490/490 491/491/491 492/492/492
f 493/493/493 494/494/494 495/495/495
f 496/496/496 497/497/497 498/498/498
f 499/499/499 500/500/500 501/501/501
f 502/502/502 503/503/503 504/504/504
f 505/505/505 506/506/506 507/507/507
f 508/508/508 509/509/509 510/510/510
f 511/511/511 512/512/512 513/513/513
f 514/514/514 515/515/515 516/516/516
f 517/517/517 518/518/518 519/519/519
f 520/520/520 521/521/521 522/522/522
f 523/523/523 524/524/524 525/525/525
f 526/526/526 527/527/527 528/528/528
f 529/529/529 530/530/530 531/531/531
f 532/532/532 533/533/533 534/534/534
f 535/535/535 536/536/536 537/537/537
f 538/538/538 539/539/539 540/540/540
f 541/541/541 542/542/542 543/543/543
f 544/544/544 545/545/545 546/546/546
f 547/547/547 548/548/548 549/549/549
f 550/550/550 551/551/551 552/552/552
f 553/553/553 554/554/554 555/555/555
f 556/556/556 557/557/557 558/558/558
f 559/559/559 560/560/560 561/561/561
f 562/562/562 563/563/563 564/564/564
f 565/565/565 566/566/566 567/567/567
f 568/568/568 569/569/569 570/570/570
f 571/571/571 572/572/572 573/573/573
f 574/574/574 575/575/575 576/576/576
f 577/577/577 578/578/578 579/579/579
f 580/580/580 581/581/581 582/582/582
f 583/583/583 584/584/584 585/585/585
f 586/586/586 587/587/587 588/588/588
f 589/589/589 590/590/590 591/591/591
f 592/592/592 593/593/593 594/594/594
f 595/595/595 596/596/596 597/597/597
f 598/598/598 599/599/599 600/600/600
f 601/601/601 602/602/602 603/603/603
f 604/604/604 605/605/605 606/606/606
f 607/607/607 608/608/608 609/609/609
f 610/610/610 611/611/611 612/612/612
f 613/613/613 614/614/614 615/615/615
f 616/616/616 617/617/617 618/618/618
f 619/619/619 620/620/620 621/621/621
f 622/622/622 623/623/623 624/624/624
f 625/625/625 626/626/626 627/627/627
f 628/628/628 629/629/629 630/630/630
f 631/631/631 632/632/632 633/633/633
f 634/634/634 635/635/635 636/636/636
f 637/637/637 638/638/638 639/639/639
f 640/640/640 641/641/641 642/642/642
f 643/643/643 644/644/644 645/645/645
f 646/646/646 647/647/647 648/648/648
f 649/649/649 650/650/650 651/651/651
f 652/652/652 653/653/653 654/654/654
f 655/655/655 656/656/656 657/657/657
f 658/658/658 659/659/659 660/660/660
f 661/661/661 662/662/662 663/663/663
f 664/664/664 665/665/665 666/666/666
f 667/667/667 668/668/668 669/669/669
f 670/670/670 671/671/671 672/672/672
f 673/673/673 674/674/674 675/675/675
f 676/676/676 677/677/677 678/678/678
f 679/679/679 680/680/680 681/681/681
f 682/682/682 683/683/683 684/684/684
f 685/685/685 686/686/686 687/687/687
f 688/688/688 689/689/689 690/690/690
f 691/691/691 692/692/692 693/693/693
f 694/694/694 695/695/695 696/696/696
f 697/697/697 698/698/698 699/699/699
f 700/700/700 701/701/701 702/702/702
f 703/703/703 704/704/704 705/705/705
f 706/706/706 707/707/707 708/708/708
f 709/709/709 710/710/710 711/711/711
f 712/712/712 713/713/713 714/714/714
f 715/715/715 716/716/716 717/717/717
f 718/718/718 719/719/719 720/720/720
f 721/721/721 722/722/722 723/723/723
f 724/724/724 725/725/725 726/726/726
f 727/727/727 728/728/728 729/729/729
f 730/730/730 731/731/731 732/732/732
f 733/733/733 734/734/734 735/735/735
f 736/736/736 737/737/737 738/738/738
f 739/739/739 740/740/740 741/741/741
f 742/742/742 743/743/743 744/744/744
f 745/745/745 746/746/746 747/747/747
f 748/748/748 749/749/749 750/750/750
f 751/751/751 752/752/752 753/753/753
f 754/754/754 755/755/755 756/756/756
f 757/757/757 758/758/758 759/759/759
f 760/760/760 761/761/761 762/762/762
f 763/763/763 764/764/764 765/765/765
f 766/766/766 767/767/767 768/768/768
f 769/769/769 770/770/770 771/771/771
f 772/772/772 773/773/773 774/774/774
f 775/775/775 776/776/776 777/777/777
f 778/778/778 779/779/779 780/780/780
f 781/781/781 782/782/782 783/783/783
f 784/784/784 785/785/785 786/786/786
f 787/787/787 788/788/788 789/789/789
f 790/790/790 791/791/791 792/792/792
f 793/793/793 794/794/794 795/795/795
f 796/796/796 797/797/797 798/798/798
f 799/799/799 800/800/800 801/801/801
f 802/802/802 803/803/803 804/804/804
f 805/805/805 806/806/806 807/807/807
f 808/808/808 809/809/809 810/810/810
f 811/811/811 812/812/812 813/813/813
f 814/814/814 815/815/815 816/816/816
f 817/817/817 818/818/818 819/819/819
f 820/820/820 821/821/821 822/822/822
f 823/823/823 824/824/824 825/825/825
f 826/826/826 827/827/827 828/828/828
f 829/829/829 830/830/830 831/831/831
f 832/832/832 833/833/833 834/834/834
f 835/835/835 836/836/836 837/837/837
f 838/838/838 839/839/839 840/840/840
f 841/841/841 842/842/842 843/843/843
f 844/844/844 845/845/845 846/846/846
f 847/847/847 848/848/848 849/849/849
f 850/850/850 851/851/851 852/852/852
f 853/853/853 854/854/854 855/855/855
f 856/856/856 857/857/857 858/858/858
f 859/859/859 860/860/860 861/861/861
f 862/862/862 863/863/863 864/864/864
f 865/865/865 866/866/866 867/867/867
f 868/868/868 869/869/869 870/870/870
f 871/871/871 872/872/872 873/873/873
f 874/874/874 875/875/875 876/876/876
f 877/877/877 878/878/878 879/879/879
f 880/880/880 881/881/881 882/882/882
f 883/883/883 884/884/884 885/885/885
f 886/886/886 887/887/887 888/888/888
f 889/889/889 890/890/890 891/891/891
f 892/892/892 893/893/893 894/894/894
f 895/895/895 896/896/896 897/897/897
f 898/898/898 899/899/899 900/900/900
f 901/901/901 902/902/902 903/903/903
f 904/904/904 905/905/905 906/906/906
f 907/907/907 908/908/908 909/909/909
f 910/910/910 911/911/911 912/912/912
f 913/913/913 914/914/914 915/915/915
f 916/916/916 917/917/917 918/918/918
f 919/919/919 920/920/920 921/921/921
f 922/922/922 923/923/923 924/924/924
f 925/925/925 926/926/926 927/927/927
f 928/928/928 929/929/929 930/930/930
f 931/931/931 932/932/932 933/933/933
f 934/934/934 935/935/935 936/936/936
f 937/937/937 938/938/938 939/939/939
f 940/940/940 941/941/941 942/942/942
f 943/943/943 944/944/944 945/945/945
f 946/946/946 947/947/947 948/948/948
f 949/949/949 950/950/950 951/951/951
f 952/952/952 953/953/953 954/954/954
f 955/955/955 956/956/956 957/957/957
f 958/958/958 959/959/959 960/960/960
f 961/961/961 962/962/962 963/963/963
f 964/964/964 965/965/965 966/966/966
f 967/967/967 968/968/968 969/969/969
f 970/970/970 971/971/971 972/972/972
f 973/973/973 974/974/974 975/975/975
f 976/976/976 977/977/977 978/978/978
f 979/979/979 980/980/980 981/981/981
f 982/982/982 983/983/983 984/984/984
f 985/985/985 986/986/986 987/987/987
f 988/988/988 989/989/989 990/990/990
f 991/991/991 992/992/992 993/993/993
f 994/994/994 995/995/995 996/996/996
f 997/997/997 998/998/998 999/999/999
f 1000/1000/1000 1001/1001/1001 1002/1002/1002
f 1003/1003/1003 1004/1004/1004 1005/1005/1005
f 1006/1006/1006 1007/1007/1007 1008/1008/1008
f 1009/1009/1009 1010/1010/1010 1011/1011/1011
f 1012/1012/1012 1013/1013/1013 1014/1014/1014
f 1015/1015/1015 1016/1016/1016 1017/1017/1017
f 1018/1018/1018 1019/1019/1019 1020/1020/1020
f 1021/1021/1021 1022/1022/1022 1023/1023/1023
f 1024/1024/1024 1025/1025/1025 1026/1026/1026
f 1027/1027/1027 1028/1028/1028 1029/1029/1029
f 1030/1030/1030 1031/1031/1031 1032/1032/1032
f 1033/1033/1033 1034/1034/1034 1035/1035/1035
f 1036/1036/1036 1037/1037/1037 1038/1038/1038
f 1039/1039/1039 1040/1040/1040 1041/1041/1041
f 1042/1042/1042 1043/1043/1043 1044/1044/1044
f 1045/1045/1045 1046/1046/1046 1047/1047/1047
f 1048/1048/1048 1049/1049/1049 1050/1050/1050
f 1051/1051/1051 1052/1052/1052 1053/1053/1053
f 1054/1054/1054 1055/1055/1055 1056/1056/1056
f 1057/1057/1057 1058/1058/1058 1059/1059/1059
f 1060/1060/1060 1061/1061/1061 1062/1062/1062
f 1063/1063/1063 1064/1064/1064 1065/1065/1065
f 1066/1066/1066 1067/1067/1067 1068/1068/1068
f 1069/1069/1069 1070/1070/1070 1071/1071/1071
f 1072/1072/1072 1073/1073/1073 1074/1074/1074
f 1075/1075/1075 1076/1076/1076 1077/1077/1077
f 1078/1078/1078 1079/1079/1079 1080/1080/1080
f 1081/1081/1081 1082/1082/1082 1083/1083/1083
f 1084/1084/1084 1085/1085/1085 1086/1086/1086
f 1087/1087/1087 1088/1088/1088 1089/1089/1089
f 1090/1090/1090 1091/1091/1091 1092/1092/1092
f 1093/1093/1093 1094/1094/1094 1095/1095/1095
f 1096/1096/1096 1097/1097/1097 1098/1098/1098
f 1099/1099/1099 1100/1100/1100 1101/1101/1101
f 1102/1102/1102 1103/1103/1103 1104/1104/1104
f 1105/1105/1105 1106/1106/1106 1107/1107/1107
f 1108/1108/1108 1109/1109/1109 1110/1110/1110
f 1111/1111/1111 1112/1112/1112 1113/1113/1113
f 1114/1114/1114 1115/1115/1115 1116/1116/1116
f 1117/1117/1117 1118/1118/1118 1119/1119/1119
f 1120/1120/1120 1121/1121/1121 1122/1122/1122
f 1123/1123/1123 1124/1124/1124 1125/1125/1125
f 1126/1126/1126 1127/1127/1127 1128/1128/1128
f 1129/1129/1129 1130/1130/1130 1131/1131/1131
f 1132/1132/1132 1133/1133/1133 1134/1134/1134
f 1135/1135/1135 1136/1136/1136 1137/1137/1137
f 1138/1138/1138 1139/1139/1139 1140/1140/1140
f 1141/1141/1141 1142/1142/1142 1143/1143/1143
f 1144/1144/1144 1145/1145/1145 1146/1146/1146
f 1147/1147/1147 1148/1148/1148 1149/1149/1149
f 1150/1150/1150 1151/1151/1151 1152/1152/1152
f 1153/1153/1153 1154/1154/1154 1155/1155/1155
f 1156/1156/1156 1157/1157/1157 1158/1158/1158
f 1159/1159/1159 1160/1160/1160 1161/1161/1161
f 1162/1162/1162 1163/1163/1163 1164/1164/1164
f 1165/1165/1165 1166/1166/1166 1167/1167/1167
f 1168/1168/1168 1169/1169/1169 1170/1170/1170
f 1171/1171/1171 1172/1172/1172 1173/1173/1173
f 1174/1174/1174 1175/1175/1175 1176/1176/1176
f 1177/1177/1177 1178/1178/1178 1179/1179/1179
f 1180/1180/1180 1181/1181/1181 1182/1182/1182
f 1183/1183/1183 1184/1184/1184 1185/1185/1185
f 1186/1186/1186 1187/1187/1187 1188/1188/1188
f 1189/1189/1189 1190/1190/1190 1191/1191/1191
f 1192/1192/1192 1193/1193/1193 1194/1194/1194
f 1195/1195/1195 1196/1196/1196 1197/1197/1197
f 1198/1198/1198 1199/1199/1199 1200/1200/1200
f 1201/1201/1201 1202/1202/1202 1203/1203/1203
f 1204/1204/1204 1205/1205/1205 1206/1206/1206
f 1207/1207/1207 1208/1208/1208 1209/1209/1209
f 1210/1210/1210 1211/1211/1211 1212/1212/1212
f 1213/1213/1213 1214/1214/1214 1215/1215/1215
f 1216/1216/1216 1217/1217/1217 1218/1218/1218
f 1219/1219/1219 1220/1220/1220 1221/1221/1221
f 1222/1222/1222 1223/1223/1223 1224/1224/1224
f 1225/1225/1225 1226/1226/1226 1227/1227/1227
f 1228/1228/1228 1229/1229/1229 1230/1230/1230
f 1231/1231/1231 1232/1232/1232 1233/1233/1233
f 1234/1234/1234 1235/1235/1235 1236/1236/1236
f 1237/1237/1237 1238/1238/1238 1239/1239/1239
f 1240/1240/1240 1241/1241/1241 1242/1242/1242
f 1243/1243/1243 1244/1244/1244 1245/1245/1245
f 1246/1246/1246 1247/1247/1247 1248/1248/1248
f 1249/1249/1249 1250/1250/1250 1251/1251/1251
f 1252/1252/1252 1253/1253/1253 1254/1254/1254
f 1255/1255/1255 1256/1256/1256 1257/1257/1257
f 1258/1258/1258 1259/1259/1259 1260/1260/1260
f 1261/1261/1261 1262/1262/1262 1263/1263/1263
f 1264/1264/1264 1265/1265/1265 1266/1266/1266
f 1267/1267/1267 1268/1268/1268 1269/1269/1269
f 1270/1270/1270 1271/1271/1271 1272/1272/1272
f 1273/1273/1273 1274/1274/1274 1275/1275/1275
f 1276/1276/1276 1277/1277/1277 1278/1278/1278
f 1279/1279/1279 1280/1280/1280 1281/1281/1281
f 1282/1282/1282 1283/1283/1283 1284/1284/1284
f 1285/1285/1285 1286/1286/1286 1287/1287/1287
f 1288/1288/1288 1289/1289/1289 1290/1290/1290
f 1291/1291/1291 1292/1292/1292 1293/1293/1293
f 1294/1294/1294 1295/1295/1295 1296/1296/1296
f 1297/1297/1297 1298/1298/1298 1299/1299/1299
f 1300/1300/1300 1301/1301/1301 1302/1302/1302
f 1303/1303/1303 1304/1304/1304 1305/1305/1305
f 1306/1306/1306 1307/1307/1307 1308/1308/1308
f 1309/1309/1309 1310/1310/1310 1311/1311/1311
f 1312/1312/1312 1313/1313/1313 1314/1314/1314
f 1315/1315/1315 1316/1316/1316 1317/1317/1317
f 1318/1318/1318 1319/1319/1319 1320/1320/1320
f 1321/1321/1321 1322/1322/1322 1323/1323/1323
f 1324/1324/1324 1325/1325/1325 1326/1326/1326
f 1327/1327/1327 1328/1328/1328 1329/1329/1329
f 1330/1330/1330 1331/1331/1331 1332/1332/1332
f 1333/1333/1333 1334/1334/1334 1335/1335/1335
f 1336/1336/1336 1337/1337/1337 1338/1338/1338
f 1339/1339/1339 1340/1340/1340 1341/1341/1341
f 1342/1342/1342 1343/1343/1343 1344/1344/1344
f 1345/1345/1345 1346/1346/1346 1347/1347/1347
f 1348/1348/1348 1349/1349/1349 1350/1350/1350
f 1351/1351/1351 1352/1352/1352 1353/1353/1353
f 1354/1354/1354 1355/1355/1355 1356/1356/1356
f 1357/1357/1357 1358/1358/1358 1359/1359/1359
f 1360/1360/1360 1361/1361/1361 1362/1362/1362
f 1363/1363/1363 1364/1364/1364 1365/1365/1365
f 1366/1366/1366 1367/1367/1367 1368/1368/1368
f 1369/1369/1369 1370/1370/1370 1371/1371/1371
f 1372/1372/1372 1373/1373/1373 1374/1374/1374
f 1375/1375/1375 1376/1376/1376 1377/1377/1377
f 1378/1378/1378 1379/1379/1379 1380/1380/1380
f 1381/1381/1381 1382/1382/1382 1383/1383/1383
f 1384/1384/1384 1385/1385/1385 1386/1386/1386
f 1387/1387/1387 1388/1388/1388 1389/1389/1389
f 1390/1390/1390 1391/1391/1391 1392/1392/1392
f 1393/1393/1393 1394/1394/1394 1395/1395/1395
f 1396/1396/1396 1397/1397/1397 1398/1398/1398
f 1399/1399/1399 1400/1400/1400 1401/1401/1401
f 1402/1402/1402 1403/1403/1403 1404/1404/1404
f 1405/1405/1405 1406/1406/1406 1407/1407/1407
f 1408/1408/1408 1409/1409/1409 1410/1410/1410
f 1411/1411/1411 1412/1412/1412 1413/1413/1413
f 1414/1414/1414 1415/1415/1415 1416/1416/1416
f 1417/1417/1417 1418/1418/1418 1419/1419/1419
f 1420/1420/1420 1421/1421/1421 1422/1422/1422
f 1423/1423/1423 1424/1424/1424 1425/1425/1425
f 1426/1426/1426 1427/1427/1427 1428/1428/1428
f 1429/1429/1429 1430/1430/1430 1431/1431/1431
f 1432/1432/1432 1433/1433/1433 1434/1434/1434
f 1435/1435/1435 1436/1436/1436 1437/1437/1437
f 1438/1438/1438 1439/1439/1439 1440/1440/1440
f 1441/1441/1441 1442/1442/1442 1443/1443/1443
f 1444/1444/1444 1445/1445/1445 1446/1446/1446
f 1447/1447/1447 1448/1448/1448 1449/1449/1449
f 1450/1450/1450 1451/1451/1451 1452/1452/1452
f 1453/1453/1453 1454/1454/1454 1455/1455/1455
f 1456/1456/1456 1457/1457/1457 1458/1458/1458
f 1459/1459/1459 1460/1460/1460 1461/1461/1461
f 1462/1462/1462 1463/1463/1463 1464/1464/1464
f 1465/1465/1465 1466/1466/1466 1467/1467/1467
f 1468/1468/1468 1469/1469/1469 1470/1470/1470
f 1471/1471/1471 1472/1472/1472 1473/1473/1473
f 1474/1474/1474 1475/1475/1475 1476/1476/1476
f 1477/1477/1477 1478/1478/1478 1479/1479/1479
f 1480/1480/1480 1481/1481/1481 1482/1482/1482
f 1483/1483/1483 1484/1484/1484 1485/1485/1485
f 1486/1486/1486 1487/1487/1487 1488/1488/1488
f 1489/1489/1489 1490/1490/1490 1491/1491/1491
f 1492/1492/1492 1493/1493/1493 1494/1494/1494
f 1495/1495/1495 1496/1496/1496 1497/1497/1497
f 1498/1498/1498 1499/1499/1499 1500/1500/1500
f 1501/1501/1501 1502/1502/1502 1503/1503/1503
f 1504/1504/1504 1505/1505/1505 1506/1506/1506
f 1507/1507/1507 1508/1508/1508 1509/1509/1509
f 1510/1510/1510 1511/1511/1511 1512/1512/1512
f 1513/1513/1513 1514/1514/1514 1515/1515/1515
f 1516/1516/1516 1517/1517/1517 1518/1518/1518
f 1519/1519/1519 1520/1520/1520 1521/1521/1521
f 1522/1522/1522 1523/1523/1523 1524/1524/1524
f 1525/1525/1525 1526/1526/1526 1527/1527/1527
f 1528/1528/1528 1529/1529/1529 1530/1530/1530
f 1531/1531/1531 1532/1532/1532 1533/1533/1533
f 1534/1534/1534 1535/1535/1535 1536/1536/1536
f 1537/1537/1537 1538/1538/1538 1539/1539/1539
f 1540/1540/1540 1541/1541/1541 1542/1542/1542
f 1543/1543/1543 1544/1544/1544 1545/1545/1545
f 1546/1546/1546 1547/1547/1547 1548/1548/1548
f 1549/1549/1549 1550/1550/1550 1551/1551/1551
f 1552/1552/1552 1553/1553/1553 1554/1554/1554
f 1555/1555/1555 1556/1556/1556 1557/1557/1557
f 1558/1558/1558 1559/1559/1559 1560/1560/1560
f 1561/1561/1561 1562/1562/1562 1563/1563/1563
f 1564/1564/1564 1565/1565/1565 1566/1566/1566
f 1567/1567/1567 1568/1568/1568 1569/1569/1569
f 1570/1570/1570 1571/1571/1571 1572/1572/1572
f 1573/1573/1573 1574/1574/1574 1575/1575/1575
f 1576/1576/1576 1577/1577/1577 1578/1578/1578
f 1579/1579/1579 1580/1580/1580 1581/1581/1581
f 1582/1582/1582 1583/1583/1583 1584/1584/1584
f 1585/1585/1585 1586/1586/1586 1587/1587/1587
f 1588/1588/1588 1589/1589/1589 1590/1590/1590
f 1591/1591/1591 1592/1592/1592 1593/1593/1593
f 1594/1594/1594 1595/1595/1595 1596/1596/1596
f 1597/1597/1597 1598/1598/1598 1599/1599/1599
f 1600/1600/1600 1601/1601/1601 1602/1602/1602
f 1603/1603/1603 1604/1604/1604 1605/1605/1605
f 1606/1606/1606 1607/1607/1607 1608/1608/1608
f 1609/1609/1609 1610/1610/1610 1611/1611/1611
f 1612/1612/1612 1613/1613/1613 1614/1614/1614
f 1615/1615/1615 1616/1616/1616 1617/1617/1617
f 1618/1618/1618 1619/1619/1619 1620/1620/1620
f 1621/1621/1621 1622/1622/1622 1623/1623/1623
f 1624/1624/1624 1625/1625/1625 1626/1626/1626
f 1627/1627/1627 1628/1628/1628 1629/1629/1629
f 1630/1630/1630 1631/1631/1631 1632/1632/1632
f 1633/1633/1633 1634/1634/1634 1635/1635/1635
f 1636/1636/1636 1637/1637/1637 1638/1638/1638
f 1639/1639/1639 1640/1640/1640 1641/1641/1641
f 1642/1642/1642 1643/1643/1643 1644/1644/1644
f 1645/1645/1645 1646/1646/1646 1647/1647/1647
f 1648/1648/1648 1649/1649/1649 1650/1650/1650
f 1651/1651/1651 1652/1652/1652 1653/1653/1653
f 1654/1654/1654 1655/1655/1655 1656/1656/1656
f 1657/1657/1657 1658/1658/1658 1659/1659/1659
f 1660/1660/1660 1661/1661/1661 1662/1662/1662
f 1663/1663/1663 1664/1664/1664 1665/1665/1665
f 1666/1666/1666 1667/1667/1667 1668/1668/1668
f 1669/1669/1669 1670/1670/1670 1671/1671/1671
f 1672/1672/1672 1673/1673/1673 1674/1674/1674
f 1675/1675/1675 1676/1676/1676 1677/1677/1677
f 1678/1678/1678 1679/1679/1679 1680/1680/1680
f 1681/1681/1681 1682/1682/1682 1683/1683/1683
f 1684/1684/1684 1685/1685/1685 1686/1686/1686
f 1687/1687/1687 1688/1688/1688 1689/1689/1689
f 1690/1690/1690 1691/1691/1691 1692/1692/1692
f 1693/1693/1693 1694/1694/1694 1695/1695/1695
f 1696/1696/1696 1697/1697/1697 1698/1698/1698
f 1699/1699/1699 1700/1700/1700 1701/1701/1701
f 1702/1702/1702 1703/1703/1703 1704/1704/1704
f 1705/1705/1705 1706/1706/1706 1707/1707/1707
f 1708/1708/1708 1709/1709/1709 1710/1710/1710
f 1711/1711/1711 1712/1712/1712 1713/1713/1713
f 1714/1714/1714 1715/1715/1715 1716/1716/1716
f 1717/1717/1717 1718/1718/1718 1719/1719/1719
f 1720/1720/1720 1721/1721/1721 1722/1722/1722
f 1723/1723/1723 1724/1724/1724 1725/1725/1725
f 1726/1726/1726 1727/1727/1727 1728/1728/1728
f 1729/1729/1729 1730/1730/1730 1731/1731/1731
f 1732/1732/1732 1733/1733/1733 1734/1734/1734
f 1735/1735/1735 1736/1736/1736 1737/1737/1737
f 1738/1738/1738 1739/1739/1739 1740/1740/1740
f 1741/1741/1741 1742/1742/1742 1743/1743/1743
f 1744/1744/1744 1745/1745/1745 1746/1746/1746
f 1747/1747/1747 1748/1748/1748 1749/1749/1749
f 1750/1750/1750 1751/1751/1751 1752/1752/1752
f 1753/1753/1753 1754/1754/1754 1755/1755/1755
f 1756/1756/1756 1757/1757/1757 1758/1758/1758
f 1759/1759/1759 1760/1760/1760 1761/1761/1761
f 1762/1762/1762 1763/1763/1763 1764/1764/1764
f 1765/1765/1765 1766/1766/1766 1767/1767/1767
f 1768/1768/1768 1769/1769/1769 1770/1770/1770
f 1771/1771/1771 1772/1772/1772 1773/1773/1773
f 1774/1774/1774 1775/1775/1775 1776/1776/1776
f 1777/1777/1777 1778/1778/1778 1779/1779/1779
f 1780/1780/1780 1781/1781/1781 1782/1782/1782
f 1783/1783/1783 1784/1784/1784 1785/1785/1785
f 1786/1786/1786 1787/1787/1787 1788/1788/1788
f 1789/1789/1789 1790/1790/1790 1791/1791/1791
f 1792/1792/1792 1793/1793/1793 1794/1794/1794
f 1795/1795/1795 1796/1796/1796 1797/1797/1797
f 1798/1798/1798 1799/1799/1799 1800/1800/1800
f 1801/1801/1801 1802/1802/1802 1803/1803/1803
f 1804/1804/1804 1805/1805/1805 1806/1806/1806
f 1807/1807/1807 1808/1808/1808 1809/1809/1809
f 1810/1810/1810 1811/1811/1811 1812/1812/1812
f 1813/1813/1813 1814/1814/1814 1815/1815/1815
f 1816/1816/1816 1817/1817/1817 1818/1818/1818
f 1819/1819/1819 1820/1820/1820 1821/1821/1821
f 1822/1822/1822 1823/1823/1823 1824/1824/1824
f 1825/1825/1825 1826/1826/1826 1827/1827/1827
f 1828/1828/1828 1829/1829/1829 1830/1830/1830
f 1831/1831/1831 1832/1832/1832 1833/1833/1833
f 1834/1834/1834 1835/1835/1835 1836/1836/1836
f 1837/1837/1837 1838/1838/1838 1839/1839/1839
f 1840/1840/1840 1841/1841/1841 1842/1842/1842
f 1843/1843/1843 1844/1844/1844 1845/1845/1845
f 1846/1846/1846 1847/1847/1847 1848/1848/1848
f 1849/1849/1849 1850/1850/1850 1851/1851/1851
f 1852/1852/1852 1853/1853/1853 1854/1854/1854
f 1855/1855/1855 1856/1856/1856 1857/1857/1857
f 1858/1858/1858 1859/1859/1859 1860/1860/1860
f 1861/1861/1861 1862/1862/1862 1863/1863/1863
f 1864/1864/1864 1865/1865/1865 1866/1866/1866
f 1867/1867/1867 1868/1868/1868 1869/1869/1869
f 1870/1870/1870 1871/1871/1871 1872/1872/1872
f 1873/1873/1873 1874/1874/1874 1875/1875/1875
f 1876/1876/1876 1877/1877/1877 1878/1878/1878
f 1879/1879/1879 1880/1880/1880 1881/1881/1881
f 1882/1882/1882 1883/1883/1883 1884/1884/1884
f 1885/1885/1885 1886/1886/1886 1887/1887/1887
f 1888/1888/1888 1889/1889/1889 1890/1890/1890
f 1891/1891/1891 1892/1892/1892 1893/1893/1893
f 1894/1894/1894 1895/1895/1895 1896/1896/1896
f 1897/1897/1897 1898/1898/1898 1899/1899/1899
f 1900/1900/1900 1901/1901/1901 1902/1902/1902
f 1903/1903/1903 1904/1904/1904 1905/1905/1905
f 1906/1906/1906 1907/1907/1907 1908/1908/1908
f 1909/1909/1909 1910/1910/1910 1911/1911/1911
f 1912/1912/1912 1913/1913/1913 1914/1914/1914
f 1915/1915/1915 1916/1916/1916 1917/1917/1917
f 1918/1918/1918 1919/1919/1919 1920/1920/1920
f 1921/1921/1921 1922/1922/1922 1923/1923/1923
f 1924/1924/1924 1925/1925/1925 1926/1926/1926
f 1927/1927/1927 1928/1928/1928 1929/1929/1929
f 1930/1930/1930 1931/1931/1931 1932/1932/1932
f 1933/1933/1933 1934/1934/1934 1935/1935/1935
f 1936/1936/1936 1937/1937/1937 1938/1938/1938
f 1939/1939/1939 1940/1940/1940 1941/1941/1941
f 1942/1942/1942 1943/1943/1943 1944/1944/1944
f 1945/1945/1945 1946/1946/1946 1947/1947/1947
f 1948/1948/1948 1949/1949/1949 1950/1950/1950
f 1951/1951/1951 1952/1952/1952 1953/1953/1953
f 1954/1954/1954 1955/1955/1955 1956/1956/1956
f 1957/1957/1957 1958/1958/1958 1959/1959/1959
f 1960/1960/1960 1961/1961/1961 1962/1962/1962
f 1963/1963/1963 1964/1964/1964 1965/1965/1965
f 1966/1966/1966 1967/1967/1967 1968/1968/1968
f 1969/1969/1969 1970/1970/1970 1971/1971/1971
f 1972/1972/1972 1973/1973/1973 1974/1974/1974
f 1975/1975/1975 1976/1976/1976 1977/1977/1977
f 1978/1978/1978 1979/1979/1979 1980/1980/1980
f 1981/1981/1981 1982/1982/1982 1983/1983/1983
f 1984/1984/1984 1985/1985/1985 1986/1986/1986
f 1987/1987/1987 1988/1988/1988 1989/1989/1989
f 1990/1990/1990 1991/1991/1991 1992/1992/1992
f 1993/1993/1993 1994/1994/1994 1995/1995/1995
f 1996/1996/1996 1997/1997/1997 1998/1998/1998
f 1999/1999/1999 2000/2000/2000 2001/2001/2001
f 2002/2002/2002 2003/2003/2003 2004/2004/2004
f 2005/2005/2005 2006/2006/2006 2007/2007/2007
f 2008/2008/2008 2009/2009/2009 2010/2010/2010
f 2011/2011/2011 2012/2012/2012 2013/2013/2013
f 2014/2014/2014 2015/2015/2015 2016/2016/2016
f 2017/2017/2017 2018/2018/2018 2019/2019/2019
f 2020/2020/2020 2021/2021/2021 2022/2022/2022
f 2023/2023/2023 2024/2024/2024 2025/2025/2025
f 2026/2026/2026 2027/2027/2027 2028/2028/2028
f 2029/2029/2029 2030/2030/2030 2031/2031/2031
f 2032/2032/2032 2033/2033/2033 2034/2034/2034
f 2035/2035/2035 2036/2036/2036 2037/2037/2037
f 2038/2038/2038 2039/2039/2039 2040/2040/2040
f 2041/2041/2041 2042/2042/2042 2043/2043/2043
f 2044/2044/2044 2045/2045/2045 2046/2046/2046
f 2047/2047/2047 2048/2048/2048 2049/2049/2049
f 2050/2050/2050 2051/2051/2051 2052/2052/2052
f 2053/2053/2053 2054/2054/2054 2055/2055/2055
f 2056/2056/2056 2057/2057/2057 2058/2058/2058
f 2059/2059/2059 2060/2060/2060 2061/2061/2061
f 2062/2062/2062 2063/2063/2063 2064/2064/2064
f 2065/2065/2065 2066/2066/2066 2067/2067/2067
f 2068/2068/2068 2069/2069/2069 2070/2070/2070
f 2071/2071/2071 2072/2072/2072 2073/2073/2073
f 2074/2074/2074 2075/2075/2075 2076/2076/2076
f 2077/2077/2077 2078/2078/2078 2079/2079/2079
f 2080/2080/2080 2081/2081/2081 2082/2082/2082
f 2083/2083/2083 2084/2084/2084 2085/2085/2085
f 2086/2086/2086 2087/2087/2087 2088/2088/2088
f 2089/2089/2089 2090/2090/2090 2091/2091/2091
f 2092/2092/2092 2093/2093/2093 2094/2094/2094
f 2095/2095/2095 2096/2096/2096 2097/2097/2097
f 2098/2098/2098 2099/2099/2099 2100/2100/2100
f 2101/2101/2101 2102/2102/2102 2103/2103/2103
f 2104/2104/2104 2105/2105/2105 2106/2106/2106
f 2107/2107/2107 2108/2108/2108 2109/2109/2109
f 2110/2110/2110 2111/2111/2111 2112/2112/2112
f 2113/2113/2113 2114/2114/2114 2115/2115/2115
f 2116/2116/2116 2117/2117/2117 2118/2118/2118
f 2119/2119/2119 2120/2120/2120 2121/2121/2121
f 2122/2122/2122 2123/2123/2123 2124/2124/2124
f 2125/2125/2125 2126/2126/2126 2127/2127/2127
f 2128/2128/2128 2129/2129/2129 2130/2130/2130
f 2131/2131/2131 2132/2132/2132 2133/2133/2133
f 2134/2134/2134 2135/2135/2135 2136/2136/2136
f 2137/2137/2137 2138/2138/2138 2139/2139/2139
f 2140/2140/2140 2141/2141/2141 2142/2142/2142
f 2143/2143/2143 2144/2144/2144 2145/2145/2145
f 2146/2146/2146 2147/2147/2147 2148/2148/2148
f 2149/2149/2149 2150/2150/2150 2151/2151/2151
f 2152/2152/2152 2153/2153/2153 2154/2154/2154
f 2155/2155/2155 2156/2156/2156 2157/2157/2157
f 2158/2158/2158 2159/2159/2159 2160/2160/2160
f 2161/2161/2161 2162/2162/2162 2163/2163/2163
f 2164/2164/2164 2165/2165/2165 2166/2166/2166
f 2167/2167/2167 2168/2168/2168 2169/2169/2169
f 2170/2170/2170 2171/2171/2171 2172/2172/2172
f 2173/2173/2173 2174/2174/2174 2175/2175/2175
f 2176/2176/2176 2177/2177/2177 2178/2178/2178
f 2179/2179/2179 2180/2180/2180 2181/2181/2181
f 2182/2182/2182 2183/2183/2183 2184/2184/2184
f 2185/2185/2185 2186/2186/2186 2187/2187/2187
f 2188/2188/2188 2189/2189/2189 2190/2190/2190
f 2191/2191/2191 2192/2192/2192 2193/2193/2193
f 2194/2194/2194 2195/2195/2195 2196/2196/2196
f 2197/2197/2197 2198/2198/2198 2199/2199/2199
f 2200/2200/2200 2201/2201/2201 2202/2202/2202
f 2203/2203/2203 2204/2204/2204 2205/2205/2205
f 2206/2206/2206 2207/2207/2207 2208/2208/2208
f 2209/2209/2209 2210/2210/2210 2211/2211/2211
f 2212/2212/2212 2213/2213/2213 2214/2214/2214
f 2215/2215/2215 2216/2216/2216 2217/2217/2217
f 2218/2218/2218 2219/2219/2219 2220/2220/2220
f 2221/2221/2221 2222/2222/2222 2223/2223/2223
f 2224/2224/2224 2225/2225/2225 2226/2226/2226
f 2227/2227/2227 2228/2228/2228 2229/2229/2229
f 2230/2230/2230 2231/2231/2231 2232/2232/2232
f 2233/2233/2233 2234/2234/2234 2235/2235/2235
f 2236/2236/2236 2237/2237/2237 2238/2238/2238
f 2239/2239/2239 2240/2240/2240 2241/2241/2241
f 2242/2242/2242 2243/2243/2243 2244/2244/2244
f 2245/2245/2245 2246/2246/2246 2247/2247/2247
f 2248/2248/2248 2249/2249/2249 2250/2250/2250
f 2251/2251/2251 2252/2252/2252 2253/2253/2253
f 2254/2254/2254 2255/2255/2255 2256/2256/2256
f 2257/2257/2257 2258/2258/2258 2259/2259/2259
f 2260/2260/2260 2261/2261/2261 2262/2262/2262
f 2263/2263/2263 2264/2264/2264 2265/2265/2265
f 2266/2266/2266 2267/2267/2267 2268/2268/2268
f 2269/2269/2269 2270/2270/2270 2271/2271/2271
f 2272/2272/2272 2273/2273/2273 2274/2274/2274
f 2275/2275/2275 2276/2276/2276 2277/2277/2277
f 2278/2278/2278 2279/2279/2279 2280/2280/2280
f 2281/2281/2281 2282/2282/2282 2283/2283/2283
f 2284/2284/2284 2285/2285/2285 2286/2286/2286
f 2287/2287/2287 2288/2288/2288 2289/2289/2289
f 2290/2290/2290 2291/2291/2291 2292/2292/2292
f 2293/2293/2293 2294/2294/2294 2295/2295/2295
f 2296/2296/2296 2297/2297/2297 2298/2298/2298
f 2299/2299/2299 2300/2300/2300 2301/2301/2301
f 2302/2302/2302 2303/2303/2303 2304/2304/2304
f 2305/2305/2305 2306/2306/2306 2307/2307/2307
f 2308/2308/2308 2309/2309/2309 2310/2310/2310
f 2311/2311/2311 2312/2312/2312 2313/2313/2313
f 2314/2314/2314 2315/2315/2315 2316/2316/2316
f 2317/2317/2317 2318/2318/2318 2319/2319/2319
f 2320/2320/2320 2321/2321/2321 2322/2322/2322
f 2323/2323/2323 2324/2324/2324 2325/2325/2325
f 2326/2326/2326 2327/2327/2327 2328/2328/2328
f 2329/2329/2329 2330/2330/2330 2331/2331/2331
f 2332/2332/2332 2333/2333/2333 2334/2334/2334
f 2335/2335/2335 2336/2336/2336 2337/2337/2337
f 2338/2338/2338 2339/2339/2339 2340/2340/2340
f 2341/2341/2341 2342/2342/2342 2343/2343/2343
f 2344/2344/2344 2345/2345/2345 2346/2346/2346
f 2347/2347/2347 2348/2348/2348 2349/2349/2349
f 2350/2350/2350 2351/2351/2351 2352/2352/2352
f 2353/2353/2353 2354/2354/2354 2355/2355/2355
f 2356/2356/2356 2357/2357/2357 2358/2358/2358
f 2359/2359/2359 2360/2360/2360 2361/2361/2361
f 2362/2362/2362 2363/2363/2363 2364/2364/2364
f 2365/2365/2365 2366/2366/2366 2367/2367/2367
f 2368/2368/2368 2369/2369/2369 2370/2370/2370
f 2371/2371/2371 2372/2372/2372 2373/2373/2373
f 2374/2374/2374 2375/2375/2375 2376/2376/2376
f 2377/2377/2377 2378/2378/2378 2379/2379/2379
f 2380/2380/2380 2381/2381/2381 2382/2382/2382
f 2383/2383/2383 2384/2384/2384 2385/2385/2385
f 2386/2386/2386 2387/2387/2387 2388/2388/2388
f 2389/2389/2389 2390/2390/2390 2391/2391/2391
f 2392/2392/2392 2393/2393/2393 2394/2394/2394
f 2395/2395/2395 2396/2396/2396 2397/2397/2397
f 2398/2398/2398 2399/2399/2399 2400/2400/2400
f 2401/2401/2401 2402/2402/2402 2403/2403/2403
f 2404/2404/2404 2405/2405/2405 2406/2406/2406
f 2407/2407/2407 2408/2408/2408 2409/2409/2409
f 2410/2410/2410 2411/2411/2411 2412/2412/2412
f 2413/2413/2413 2414/2414/2414 2415/2415/2415
f 2416/2416/2416 2417/2417/2417 2418/2418/2418
f 2419/2419/2419 2420/2420/2420 2421/2421/2421
f 2422/2422/2422 2423/2423/2423 2424/2424/2424
f 2425/2425/2425 2426/2426/2426 2427/2427/2427
f 2428/2428/2428 2429/2429/2429 2430/2430/2430
f 2431/2431/2431 2432/2432/2432 2433/2433/2433
f 2434/2434/2434 2435/2435/2435 2436/2436/2436
f 2437/2437/2437 2438/2438/2438 2439/2439/2439
f 2440/2440/2440 2441/2441/2441 2442/2442/2442
f 2443/2443/2443 2444/2444/2444 2445/2445/2445
f 2446/2446/2446 2447/2447/2447 2448/2448/2448
f 2449/2449/2449 2450/2450/2450 2451/2451/2451
f 2452/2452/2452 2453/2453/2453 2454/2454/2454
f 2455/2455/2455 2456/2456/2456 2457/2457/2457
f 2458/2458/2458 2459/2459/2459 2460/2460/2460
f 2461/2461/2461 2462/2462/2462 2463/2463/2463
f 2464/2464/2464 2465/2465/2465 2466/2466/2466
f 2467/2467/2467 2468/2468/2468 2469/2469/2469
f 2470/2470/2470 2471/2471/2471 2472/2472/2472
f 2473/2473/2473 2474/2474/2474 2475/2475/2475
f 2476/2476/2476 2477/2477/2477 2478/2478/2478
f 2479/2479/2479 2480/2480/2480 2481/2481/2481
f 2482/2482/2482 2483/2483/2483 2484/2484/2484
f 2485/2485/2485 2486/2486/2486 2487/2487/2487
f 2488/2488/2488 2489/2489/2489 2490/2490/2490
f 2491/2491/2491 2492/2492/2492 2493/2493/2493
f 2494/2494/2494 2495/2495/2495 2496/2496/2496
f 2497/2497/2497 2498/2498/2498 2499/2499/2499
f 2500/2500/2500 2501/2501/2501 2502/2502/2502
f 2503/2503/2503 2504/2504/2504 2505/2505/2505
f 2506/2506/2506 2507/2507/2507 2508/2508/2508
f 2509/2509/2509 2510/2510/2510 2511/2511/2511
f 2512/2512/2512 2513/2513/2513 2514/2514/2514
f 2515/2515/2515 2516/2516/2516 2517/2517/2517
f 2518/2518/2518 2519/2519/2519 2520/2520/2520
f 2521/2521/2521 2522/2522/2522 2523/2523/2523
f 2524/2524/2524 2525/2525/2525 2526/2526/2526
f 2527/2527/2527 2528/2528/2528 2529/2529/2529
f 2530/2530/2530 2531/2531/2531 2532/2532/2532
f 2533/2533/2533 2534/2534/2534 2535/2535/2535
f 2536/2536/2536 2537/2537/2537 2538/2538/2538
f 2539/2539/2539 2540/2540/2540 2541/2541/2541
f 2542/2542/2542 2543/2543/2543 2544/2544/2544
f 2545/2545/2545 2546/2546/2546 2547/2547/2547
f 2548/2548/2548 2549/2549/2549 2550/2550/2550
f 2551/2551/2551 2552/2552/2552 2553/2553/2553
f 2554/2554/2554 2555/2555/2555 2556/2556/2556
f 2557/2557/2557 2558/2558/2558 2559/2559/2559
f 2560/2560/2560 2561/2561/2561 2562/2562/2562
f 2563/2563/2563 2564/2564/2564 2565/2565/2565
f 2566/2566/2566 2567/2567/2567 2568/2568/2568
f 2569/2569/2569 2570/2570/2570 2571/2571/2571
f 2572/2572/2572 2573/2573/2573 2574/2574/2574
f 2575/2575/2575 2576/2576/2576 2577/2577/2577
f 2578/2578/2578 2579/2579/2579 2580/2580/2580
f 2581/2581/2581 2582/2582/2582 2583/2583/2583
f 2584/2584/2584 2585/2585/2585 2586/2586/2586
f 2587/2587/2587 2588/2588/2588 2589/2589/2589
f 2590/2590/2590 2591/2591/2591 2592/2592/2592
f 2593/2593/2593 2594/2594/2594 2595/2595/2595
f 2596/2596/2596 2597/2597/2597 2598/2598/2598
f 2599/2599/2599 2600/2600/2600 2601/2601/2601
f 2602/2602/2602 2603/2603/2603 2604/2604/2604
f 2605/2605/2605 2606/2606/2606 2607/2607/2607
f 2608/2608/2608 2609/2609/2609 2610/2610/2610
f 2611/2611/2611 2612/2612/2612 2613/2613/2613
f 2614/2614/2614 2615/2615/2615 2616/2616/2616
f 2617/2617/2617 2618/2618/2618 2619/2619/2619
f 2620/2620/2620 2621/2621/2621 2622/2622/2622
f 2623/2623/2623 2624/2624/2624 2625/2625/2625
f 2626/2626/2626 2627/2627/2627 2628/2628/2628
f 2629/2629/2629 2630/2630/2630 2631/2631/2631
f 2632/2632/2632 2633/2633/2633 2634/2634/2634
f 2635/2635/2635 2636/2636/2636 2637/2637/2637
f 2638/2638/2638 2639/2639/2639 2640/2640/2640
f 2641/2641/2641 2642/2642/2642 2643/2643/2643
f 2644/2644/2644 2645/2645/2645 2646/2646/2646
f 2647/2647/2647 2648/2648/2648 2649/2649/2649
f 2650/2650/2650 2651/2651/2651 2652/2652/2652
f 2653/2653/2653 2654/2654/2654 2655/2655/2655
f 2656/2656/2656 2657/2657/2657 2658/2658/2658
f 2659/2659/2659 2660/2660/2660 2661/2661/2661
f 2662/2662/2662 2663/2663/2663 2664/2664/2664
f 2665/2665/2665 2666/2666/2666 2667/2667/2667
f 2668/2668/2668 2669/2669/2669 2670/2670/2670
f 2671/2671/2671 2672/2672/2672 2673/2673/2673
f 2674/2674/2674 2675/2675/2675 2676/2676/2676
f 2677/2677/2677 2678/2678/2678 2679/2679/2679
f 2680/2680/2680 2681/2681/2681 2682/2682/2682
f 2683/2683/2683 2684/2684/2684 2685/2685/2685
f 2686/2686/2686 2687/2687/2687 2688/2688/2688
f 2689/2689/2689 2690/2690/2690 2691/2691/2691
f 2692/2692/2692 2693/2693/2693 2694/2694/2694
f 2695/2695/2695 2696/2696/2696 2697/2697/2697
f 2698/2698/2698 2699/2699/2699 2700/2700/2700
f 2701/2701/2701 2702/2702/2702 2703/2703/2703
f 2704/2704/2704 2705/2705/2705 2706/2706/2706
f 2707/2707/2707 2708/2708/2708 2709/2709/2709
f 2710/2710/2710 2711/2711/2711 2712/2712/2712
f 2713/2713/2713 2714/2714/2714 2715/2715/2715
f 2716/2716/2716 2717/2717/2717 2718/2718/2718
f 2719/2719/2719 2720/2720/2720 2721/2721/2721
f 2722/2722/2722 2723/2723/2723 2724/2724/2724
f 2725/2725/2725 2726/2726/2726 2727/2727/2727
f 2728/2728/2728 2729/2729/2729 2730/2730/2730
f 2731/2731/2731 2732/2732/2732 2733/2733/2733
f 2734/2734/2734 2735/2735/2735 2736/2736/2736
f 2737/2737/2737 2738/2738/2738 2739/2739/2739
f 2740/2740/2740 2741/2741/2741 2742/2742/2742
f 2743/2743/2743 2744/2744/2744 2745/2745/2745
f 2746/2746/2746 2747/2747/2747 2748/2748/2748
f 2749/2749/2749 2750/2750/2750 2751/2751/2751
f 2752/2752/2752 2753/2753/2753 2754/2754/2754
f 2755/2755/2755 2756/2756/2756 2757/2757/2757
f 2758/2758/2758 2759/2759/2759 2760/2760/2760
f 2761/2761/2761 2762/2762/2762 2763/2763/2763
f 2764/2764/2764 2765/2765/2765 2766/2766/2766
f 2767/2767/2767 2768/2768/2768 2769/2769/2769
f 2770/2770/2770 2771/2771/2771 2772/2772/2772
f 2773/2773/2773 2774/2774/2774 2775/2775/2775
f 2776/2776/2776 2777/2777/2777 2778/2778/2778
f 2779/2779/2779 2780/2780/2780 2781/2781/2781
f 2782/2782/2782 2783/2783/2783 2784/2784/2784
f 2785/2785/2785 2786/2786/2786 2787/2787/2787
f 2788/2788/2788 2789/2789/2789 2790/2790/2790
f 2791/2791/2791 2792/2792/2792 2793/2793/2793
f 2794/2794/2794 2795/2795/2795 2796/2796/2796
f 2797/2797/2797 2798/2798/2798 2799/2799/2799
f 2800/2800/2800 2801/2801/2801 2802/2802/2802
f 2803/2803/2803 2804/2804/2804 2805/2805/2805
f 2806/2806/2806 2807/2807/2807 2808/2808/2808
f 2809/2809/2809 2810/2810/2810 2811/2811/2811
f 2812/2812/2812 2813/2813/2813 2814/2814/2814
f 2815/2815/2815 2816/2816/2816 2817/2817/2817
f 2818/2818/2818 2819/2819/2819 2820/2820/2820
f 2821/2821/2821 2822/2822/2822 2823/2823/2823
f 2824/2824/2824 2825/2825/2825 2826/2826/2826
f 2827/2827/2827 2828/2828/2828 2829/2829/2829
f 2830/2830/2830 2831/2831/2831 2832/2832/2832
f 2833/2833/2833 2834/2834/2834 2835/2835/2835
f 2836/2836/2836 2837/2837/2837 2838/2838/2838
f 2839/2839/2839 2840/2840/2840 2841/2841/2841
f 2842/2842/2842 2843/2843/2843 2844/2844/2844
f 2845/2845/2845 2846/2846/2846 2847/2847/2847
f 2848/2848/2848 2849/2849/2849 2850/2850/2850
f 2851/2851/2851 2852/2852/2852 2853/2853/2853
f 2854/2854/2854 2855/2855/2855 2856/2856/2856
f 2857/2857/2857 2858/2858/2858 2859/2859/2859
f 2860/2860/2860 2861/2861/2861 2862/2862/2862
f 2863/2863/2863 2864/2864/2864 2865/2865/2865
f 2866/2866/2866 2867/2867/2867 2868/2868/2868
f 2869/2869/2869 2870/2870/2870 2871/2871/2871
f 2872/2872/2872 2873/2873/2873 2874/2874/2874
f 2875/2875/2875 2876/2876/2876 2877/2877/2877
f 2878/2878/2878 2879/2879/2879 2880/2880/2880
f 2881/2881/2881 2882/2882/2882 2883/2883/2883
f 2884/2884/2884 2885/2885/2885 2886/2886/2886
f 2887/2887/2887 2888/2888/2888 2889/2889/2889
f 2890/2890/2890 2891/2891/2891 2892/2892/2892
f 2893/2893/2893 2894/2894/2894 2895/2895/2895
f 2896/2896/2896 2897/2897/2897 2898/2898/2898
f 2899/2899/2899 2900/2900/2900 2901/2901/2901
f 2902/2902/2902 2903/2903/2903 2904/2904/2904
f 2905/2905/2905 2906/2906/2906 2907/2907/2907
f 2908/2908/2908 2909/2909/2909 2910/2910/2910
f 2911/2911/2911 2912/2912/2912 2913/2913/2913
f 2914/2914/2914 2915/2915/2915 2916/2916/2916
f 2917/2917/2917 2918/2918/2918 2919/2919/2919
f 2920/2920/2920 2921/2921/2921 2922/2922/2922
f 2923/2923/2923 2924/2924/2924 2925/2925/2925
f 2926/2926/2926 2927/2927/2927 2928/2928/2928
f 2929/2929/2929 2930/2930/2930 2931/2931/2931
f 2932/2932/2932 2933/2933/2933 2934/2934/2934
f 2935/2935/2935 2936/2936/2936 2937/2937/2937
f 2938/2938/2938 2939/2939/2939 2940/2940/2940
f 2941/2941/2941 2942/2942/2942 2943/2943/2943
f 2944/2944/2944 2945/2945/2945 2946/2946/2946
f 2947/2947/2947 2948/2948/2948 2949/2949/2949
f 2950/2950/2950 2951/2951/2951 2952/2952/2952
f 2953/2953/2953 2954/2954/2954 2955/2955/2955
f 2956/2956/2956 2957/2957/2957 2958/2958/2958
f 2959/2959/2959 2960/2960/2960 2961/2961/2961
f 2962/2962/2962 2963/2963/2963 2964/2964/2964
f 2965/2965/2965 2966/2966/2966 2967/2967/2967
f 2968/2968/2968 2969/2969/2969 2970/2970/2970
f 2971/2971/2971 2972/2972/2972 2973/2973/2973
f 2974/2974/2974 2975/2975/2975 2976/2976/2976
f 2977/2977/2977 2978/2978/2978 2979/2979/2979
f 2980/2980/2980 2981/2981/2981 2982/2982/2982
f 2983/2983/2983 2984/2984/2984 2985/2985/2985
f 2986/2986/2986 2987/2987/2987 2988/2988/2988
f 2989/2989/2989 2990/2990/2990 2991/2991/2991
f 2992/2992/2992 2993/2993/2993 2994/2994/2994
f 2995/2995/2995 2996/2996/2996 2997/2997/2997
f 2998/2998/2998 2999/2999/2999 3000/3000/3000
f 3001/3001/3001 3002/3002/3002 3003/3003/3003
f 3004/3004/3004 3005/3005/3005 3006/3006/3006
f 3007/3007/3007 3008/3008/3008 3009/3009/3009
f 3010/3010/3010 3011/3011/3011 3012/3012/3012
f 3013/3013/3013 3014/3014/3014 3015/3015/3015
f 3016/3016/3016 3017/3017/3017 3018/3018/3018
f 3019/3019/3019 3020/3020/3020 3021/3021/3021
f 3022/3022/3022 3023/3023/3023 3024/3024/3024
f 3025/3025/3025 3026/3026/3026 3027/3027/3027
f 3028/3028/3028 3029/3029/3029 3030/3030/3030
f 3031/3031/3031 3032/3032/3032 3033/3033/3033
f 3034/3034/3034 3035/3035/3035 3036/3036/3036
f 3037/3037/3037 3038/3038/3038 3039/3039/3039
f 3040/3040/3040 3041/3041/3041 3042/3042/3042
f 3043/3043/3043 3044/3044/3044 3045/3045/3045
f 3046/3046/3046 3047/3047/3047 3048/3048/3048
f 3049/3049/3049 3050/3050/3050 3051/3051/3051
f 3052/3052/3052 3053/3053/3053 3054/3054/3054
f 3055/3055/3055 3056/3056/3056 3057/3057/3057
f 3058/3058/3058 3059/3059/3059 3060/3060/3060
f 3061/3061/3061 3062/3062/3062 3063/3063/3063
f 3064/3064/3064 3065/3065/3065 3066/3066/3066
f 3067/3067/3067 3068/3068/3068 3069/3069/3069
f 3070/3070/3070 3071/3071/3071 3072/3072/3072
f 3073/3073/3073 3074/3074/3074 3075/3075/3075
f 3076/3076/3076 3077/3077/3077 3078/3078/3078
f 3079/3079/3079 3080/3080/3080 3081/3081/3081
f 3082/3082/3082 3083/3083/3083 3084/3084/3084
f 3085/3085/3085 3086/3086/3086 3087/3087/3087
f 3088/3088/3088 3089/3089/3089 3090/3090/3090
f 3091/3091/3091 3092/3092/3092 3093/3093/3093
f 3094/3094/3094 3095/3095/3095 3096/3096/3096
f 3097/3097/3097 3098/3098/3098 3099/3099/3099
f 3100/3100/3100 3101/3101/3101 3102/3102/3102
f 3103/3103/3103 3104/3104/3104 3105/3105/3105
f 3106/3106/3106 3107/3107/3107 3108/3108/3108
f 3109/3109/3109 3110/3110/3110 3111/3111/3111
f 3112/3112/3112 3113/3113/3113 3114/3114/3114
f 3115/3115/3115 3116/3116/3116 3117/3117/3117
f 3118/3118/3118 3119/3119/3119 3120/3120/3120
f 3121/3121/3121 3122/3122/3122 3123/3123/3123
f 3124/3124/3124 3125/3125/3125 3126/3126/3126
f 3127/3127/3127 3128/3128/3128 3129/3129/3129
f 3130/3130/3130 3131/3131/3131 3132/3132/3132
f 3133/3133/3133 3134/3134/3134 3135/3135/3135
f 3136/3136/3136 3137/3137/3137 3138/3138/3138
f 3139/3139/3139 3140/3140/3140 3141/3141/3141
f 3142/3142/3142 3143/3143/3143 3144/3144/3144
f 3145/3145/3145 3146/3146/3146 3147/3147/3147
f 3148/3148/3148 3149/3149/3149 3150/3150/3150
f 3151/3151/3151 3152/3152/3152 3153/3153/3153
f 3154/3154/3154 3155/3155/3155 3156/3156/3156
f 3157/3157/3157 3158/3158/3158 3159/3159/3159
f 3160/3160/3160 3161/3161/3161 3162/3162/3162
f 3163/3163/3163 3164/3164/3164 3165/3165/3165
f 3166/3166/3166 3167/3167/3167 3168/3168/3168
f 3169/3169/3169 3170/3170/3170 3171/3171/3171
f 3172/3172/3172 3173/3173/3173 3174/3174/3174
f 3175/3175/3175 3176/3176/3176 3177/3177/3177
f 3178/3178/3178 3179/3179/3179 3180/3180/3180
f 3181/3181/3181 3182/3182/3182 3183/3183/3183
f 3184/3184/3184 3185/3185/3185 3186/3186/3186
f 3187/3187/3187 3188/3188/3188 3189/3189/3189
f 3190/3190/3190 3191/3191/3191 3192/3192/3192
f 3193/3193/3193 3194/3194/3194 3195/3195/3195
f 3196/3196/3196 3197/3197/3197 3198/3198/3198
f 3199/3199/3199 3200/3200/3200 3201/3201/3201
f 3202/3202/3202 3203/3203/3203 3204/3204/3204
f 3205/3205/3205 3206/3206/3206 3207/3207/3207
f 3208/3208/3208 3209/3209/3209 3210/3210/3210
f 3211/3211/3211 3212/3212/3212 3213/3213/3213
f 3214/3214/3214 3215/3215/3215 3216/3216/3216
f 3217/3217/3217 3218/3218/3218 3219/3219/3219
f 3220/3220/3220 3221/3221/3221 3222/3222/3222
f 3223/3223/3223 3224/3224/3224 3225/3225/3225
f 3226/3226/3226 3227/3227/3227 3228/3228/3228
f 3229/3229/3229 3230/3230/3230 3231/3231/3231
f 3232/3232/3232 3233/3233/3233 3234/3234/3234
f 3235/3235/3235 3236/3236/3236 3237/3237/3237
f 3238/3238/3238 3239/3239/3239 3240/3240/3240
f 3241/3241/3241 3242/3242/3242 3243/3243/3243
f 3244/3244/3244 3245/3245/3245 3246/3246/3246
f 3247/3247/3247 3248/3248/3248 3249/3249/3249
f 3250/3250/3250 3251/3251/3251 3252/3252/3252
f 3253/3253/3253 3254/3254/3254 3255/3255/3255
f 3256/3256/3256 3257/3257/3257 3258/3258/3258
f 3259/3259/3259 3260/3260/3260 3261/3261/3261
f 3262/3262/3262 3263/3263/3263 3264/3264/3264
f 3265/3265/3265 3266/3266/3266 3267/3267/3267
f 3268/3268/3268 3269/3269/3269 3270/3270/3270
f 3271/3271/3271 3272/3272/3272 3273/3273/3273
f 3274/3274/3274 3275/3275/3275 3276/3276/3276
f 3277/3277/3277 3278/3278/3278 3279/3279/3279
f 3280/3280/3280 3281/3281/3281 3282/3282/3282
f 3283/3283/3283 3284/3284/3284 3285/3285/3285
f 3286/3286/3286 3287/3287/3287 3288/3288/3288
f 3289/3289/3289 3290/3290/3290 3291/3291/3291
f 3292/3292/3292 3293/3293/3293 3294/3294/3294
f 3295/3295/3295 3296/3296/3296 3297/3297/3297
f 3298/3298/3298 3299/3299/3299 3300/3300/3300
f 3301/3301/3301 3302/3302/3302 3303/3303/3303
f 3304/3304/3304 3305/3305/3305 3306/3306/3306
f 3307/3307/3307 3308/3308/3308 3309/3309/3309
f 3310/3310/3310 3311/3311/3311 3312/3312/3312
f 3313/3313/3313 3314/3314/3314 3315/3315/3315
f 3316/3316/3316 3317/3317/3317 3318/3318/3318
f 3319/3319/3319 3320/3320/3320 3321/3321/3321
f 3322/3322/3322 3323/3323/3323 3324/3324/3324
f 3325/3325/3325 3326/3326/3326 3327/3327/3327
f 3328/3328/3328 3329/3329/3329 3330/3330/3330
f 3331/3331/3331 3332/3332/3332 3333/3333/3333
f 3334/3334/3334 3335/3335/3335 3336/3336/3336
f 3337/3337/3337 3338/3338/3338 3339/3339/3339
f 3340/3340/3340 3341/3341/3341 3342/3342/3342
f 3343/3343/3343 3344/3344/3344 3345/3345/3345
f 3346/3346/3346 3347/3347/3347 3348/3348/3348
f 3349/3349/3349 3350/3350/3350 3351/3351/3351
f 3352/3352/3352 3353/3353/3353 3354/3354/3354
f 3355/3355/3355 3356/3356/3356 3357/3357/3357
f 3358/3358/3358 3359/3359/3359 3360/3360/3360
f 3361/3361/3361 3362/3362/3362 3363/3363/3363
f 3364/3364/3364 3365/3365/3365 3366/3366/3366
f 3367/3367/3367 3368/3368/3368 3369/3369/3369
f 3370/3370/3370 3371/3371/3371 3372/3372/3372
f 3373/3373/3373 3374/3374/3374 3375/3375/3375
f 3376/3376/3376 3377/3377/3377 3378/3378/3378
f 3379/3379/3379 3380/3380/3380 3381/3381/3381
f 3382/3382/3382 3383/3383/3383 3384/3384/3384
f 3385/3385/3385 3386/3386/3386 3387/3387/3387
f 3388/3388/3388 3389/3389/3389 3390/3390/3390
f 3391/3391/3391 3392/3392/3392 3393/3393/3393
f 3394/3394/3394 3395/3395/3395 3396/3396/3396
f 3397/3397/3397 3398/3398/3398 3399/3399/3399
f 3400/3400/3400 3401/3401/3401 3402/3402/3402
f 3403/3403/3403 3404/3404/3404 3405/3405/3405
f 3406/3406/3406 3407/3407/3407 3408/3408/3408
f 3409/3409/3409 3410/3410/3410 3411/3411/3411
f 3412/3412/3412 3413/3413/3413 3414/3414/3414
f 3415/3415/3415 3416/3416/3416 3417/3417/3417
f 3418/3418/3418 3419/3419/3419 3420/3420/3420
f 3421/3421/3421 3422/3422/3422 3423/3423/3423
f 3424/3424/3424 3425/3425/3425 3426/3426/3426
f 3427/3427/3427 3428/3428/3428 3429/3429/3429
f 3430/3430/3430 3431/3431/3431 3432/3432/3432
f 3433/3433/3433 3434/3434/3434 3435/3435/3435
f 3436/3436/3436 3437/3437/3437 3438/3438/3438
f 3439/3439/3439 3440/3440/3440 3441/3441/3441
f 3442/3442/3442 3443/3443/3443 3444/3444/3444
f 3445/3445/3445 3446/3446/3446 3447/3447/3447
f 3448/3448/3448 3449/3449/3449 3450/3450/3450
f 3451/3451/3451 3452/3452/3452 3453/3453/3453
f 3454/3454/3454 3455/3455/3455 3456/3456/3456
f 3457/3457/3457 3458/3458/3458 3459/3459/3459
f 3460/3460/3460 3461/3461/3461 3462/3462/3462
f 3463/3463/3463 3464/3464/3464 3465/3465/3465
f 3466/3466/3466 3467/3467/3467 3468/3468/3468
f 3469/3469/3469 3470/3470/3470 3471/3471/3471
f 3472/3472/3472 3473/3473/3473 3474/3474/3474
f 3475/3475/3475 3476/3476/3476 3477/3477/3477
f 3478/3478/3478 3479/3479/3479 3480/3480/3480
f 3481/3481/3481 3482/3482/3482 3483/3483/3483
f 3484/3484/3484 3485/3485/3485 3486/3486/3486
f 3487/3487/3487 3488/3488/3488 3489/3489/3489
f 3490/3490/3490 3491/3491/3491 3492/3492/3492
f 3493/3493/3493 3494/3494/3494 3495/3495/3495
f 3496/3496/3496 3497/3497/3497 3498/3498/3498
f 3499/3499/3499 3500/3500/3500 3501/3501/3501
f 3502/3502/3502 3503/3503/3503 3504/3504/3504
f 3505/3505/3505 3506/3506/3506 3507/3507/3507
f 3508/3508/3508 3509/3509/3509 3510/3510/3510
f 3511/3511/3511 3512/3512/3512 3513/3513/3513
f 3514/3514/3514 3515/3515/3515 3516/3516/3516
f 3517/3517/3517 3518/3518/3518 3519/3519/3519
f 3520/3520/3520 3521/3521/3521 3522/3522/3522
f 3523/3523/3523 3524/3524/3524 3525/3525/3525
f 3526/3526/3526 3527/3527/3527 3528/3528/3528
f 3529/3529/3529 3530/3530/3530 3531/3531/3531
f 3532/3532/3532 3533/3533/3533 3534/3534/3534
f 3535/3535/3535 3536/3536/3536 3537/3537/3537
f 3538/3538/3538 3539/3539/3539 3540/3540/3540
f 3541/3541/3541 3542/3542/3542 3543/3543/3543
f 3544/3544/3544 3545/3545/3545 3546/3546/3546
f 3547/3547/3547 3548/3548/3548 3549/3549/3549
f 3550/3550/3550 3551/3551/3551 3552/3552/3552
f 3553/3553/3553 3554/3554/3554 3555/3555/3555
f 3556/3556/3556 3557/3557/3557 3558/3558/3558
f 3559/3559/3559 3560/3560/3560 3561/3561/3561
f 3562/3562/3562 3563/3563/3563 3564/3564/3564
f 3565/3565/3565 3566/3566/3566 3567/3567/3567
f 3568/3568/3568 3569/3569/3569 3570/3570/3570
f 3571/3571/3571 3572/3572/3572 3573/3573/3573
f 3574/3574/3574 3575/3575/3575 3576/3576/3576
f 3577/3577/3577 3578/3578/3578 3579/3579/3579
f 3580/3580/3580 3581/3581/3581 3582/3582/3582
f 3583/3583/3583 3584/3584/3584 3585/3585/3585
f 3586/3586/3586 3587/3587/3587 3588/3588/3588
f 3589/3589/3589 3590/3590/3590 3591/3591/3591
f 3592/3592/3592 3593/3593/3593 3594/3594/3594
f 3595/3595/3595 3596/3596/3596 3597/3597/3597
f 3598/3598/3598 3599/3599/3599 3600/3600/3600
f 3601/3601/3601 3602/3602/3602 3603/3603/3603
f 3604/3604/3604 3605/3605/3605 3606/3606/3606
f 3607/3607/3607 3608/3608/3608 3609/3609/3609
f 3610/3610/3610 3611/3611/3611 3612/3612/3612
f 3613/3613/3613 3614/3614/3614 3615/3615/3615
f 3616/3616/3616 3617/3617/3617 3618/3618/3618
f 3619/3619/3619 3620/3620/3620 3621/3621/3621
f 3622/3622/3622 3623/3623/3623 3624/3624/3624
f 3625/3625/3625 3626/3626/3626 3627/3627/3627
f 3628/3628/3628 3629/3629/3629 3630/3630/3630
f 3631/3631/3631 3632/3632/3632 3633/3633/3633
f 3634/3634/3634 3635/3635/3635 3636/3636/3636
f 3637/3637/3637 3638/3638/3638 3639/3639/3639
f 3640/3640/3640 3641/3641/3641 3642/3642/3642
f 3643/3643/3643 3644/3644/3644 3645/3645/3645
f 3646/3646/3646 3647/3647/3647 3648/3648/3648
f 3649/3649/3649 3650/3650/3650 3651/3651/3651
f 3652/3652/3652 3653/3653/3653 3654/3654/3654
f 3655/3655/3655 3656/3656/3656 3657/3657/3657
f 3658/3658/3658 3659/3659/3659 3660/3660/3660
f 3661/3661/3661 3662/3662/3662 3663/3663/3663
f 3664/3664/3664 3665/3665/3665 3666/3666/3666
f 3667/3667/3667 3668/3668/3668 3669/3669/3669
f 3670/3670/3670 3671/3671/3671 3672/3672/3672
f 3673/3673/3673 3674/3674/3674 3675/3675/3675
f 3676/3676/3676 3677/3677/3677 3678/3678/3678
f 3679/3679/3679 3680/3680/3680 3681/3681/3681
f 3682/3682/3682 3683/3683/3683 3684/3684/3684
f 3685/3685/3685 3686/3686/3686 3687/3687/3687
f 3688/3688/3688 3689/3689/3689 3690/3690/3690
f 3691/3691/3691 3692/3692/3692 3693/3693/3693
f 3694/3694/3694 3695/3695/3695 3696/3696/3696
f 3697/3697/3697 3698/3698/3698 3699/3699/3699
f 3700/3700/3700 3701/3701/3701 3702/3702/3702
f 3703/3703/3703 3704/3704/3704 3705/3705/3705
f 3706/3706/3706 3707/3707/3707 3708/3708/3708
f 3709/3709/3709 3710/3710/3710 3711/3711/3711
f 3712/3712/3712 3713/3713/3713 3714/3714/3714
f 3715/3715/3715 3716/3716/3716 3717/3717/3717
f 3718/3718/3718 3719/3719/3719 3720/3720/3720
f 3721/3721/3721 3722/3722/3722 3723/3723/3723
f 3724/3724/3724 3725/3725/3725 3726/3726/3726
f 3727/3727/3727 3728/3728/3728 3729/3729/3729
f 3730/3730/3730 3731/3731/3731 3732/3732/3732
f 3733/3733/3733 3734/3734/3734 3735/3735/3735
f 3736/3736/3736 3737/3737/3737 3738/3738/3738
f 3739/3739/3739 3740/3740/3740 3741/3741/3741
f 3742/3742/3742 3743/3743/3743 3744/3744/3744
f 3745/3745/3745 3746/3746/3746 3747/3747/3747
f 3748/3748/3748 3749/3749/3749 3750/3750/3750
f 3751/3751/3751 3752/3752/3752 3753/3753/3753
f 3754/3754/3754 3755/3755/3755 3756/3756/3756
f 3757/3757/3757 3758/3758/3758 3759/3759/3759
f 3760/3760/3760 3761/3761/3761 3762/3762/3762
f 3763/3763/3763 3764/3764/3764 3765/3765/3765
f 3766/3766/3766 3767/3767/3767 3768/3768/3768
f 3769/3769/3769 3770/3770/3770 3771/3771/3771
f 3772/3772/3772 3773/3773/3773 3774/3774/3774
f 3775/3775/3775 3776/3776/3776 3777/3777/3777
f 3778/3778/3778 3779/3779/3779 3780/3780/3780
f 3781/3781/3781 3782/3782/3782 3783/3783/3783
f 3784/3784/3784 3785/3785/3785 3786/3786/3786
f 3787/3787/3787 3788/3788/3788 3789/3789/3789
f 3790/3790/3790 3791/3791/3791 3792/3792/3792
f 3793/3793/3793 3794/3794/3794 3795/3795/3795
f 3796/3796/3796 3797/3797/3797 3798/3798/3798
f 3799/3799/3799 3800/3800/3800 3801/3801/3801
f 3802/3802/3802 3803/3803/3803 3804/3804/3804
f 3805/3805/3805 3806/3806/3806 3807/3807/3807
f 3808/3808/3808 3809/3809/3809 3810/3810/3810
f 3811/3811/3811 3812/3812/3812 3813/3813/3813
f 3814/3814/3814 3815/3815/3815 3816/3816/3816
f 3817/3817/3817 3818/3818/3818 3819/3819/3819
f 3820/3820/3820 3821/3821/3821 3822/3822/3822
f 3823/3823/3823 3824/3824/3824 3825/3825/3825
f 3826/3826/3826 3827/3827/3827 3828/3828/3828
f 3829/3829/3829 3830/3830/3830 3831/3831/3831
f 3832/3832/3832 3833/3833/3833 3834/3834/3834
f 3835/3835/3835 3836/3836/3836 3837/3837/3837
f 3838/3838/3838 3839/3839/3839 3840/3840/3840
f 3841/3841/3841 3842/3842/3842 3843/3843/3843
f 3844/3844/3844 3845/3845/3845 3846/3846/3846
f 3847/3847/3847 3848/3848/3848 3849/3849/3849
f 3850/3850/3850 3851/3851/3851 3852/3852/3852
f 3853/3853/3853 3854/3854/3854 3855/3855/3855
f 3856/3856/3856 3857/3857/3857 3858/3858/3858
f 3859/3859/3859 3860/3860/3860 3861/3861/3861
f 3862/3862/3862 3863/3863/3863 3864/3864/3864
f 3865/3865/3865 3866/3866/3866 3867/3867/3867
f 3868/3868/3868 3869/3869/3869 3870/3870/3870
f 3871/3871/3871 3872/3872/3872 3873/3873/3873
f 3874/3874/3874 3875/3875/3875 3876/3876/3876
f 3877/3877/3877 3878/3878/3878 3879/3879/3879
f 3880/3880/3880 3881/3881/3881 3882/3882/3882
f 3883/3883/3883 3884/3884/3884 3885/3885/3885
f 3886/3886/3886 3887/3887/3887 3888/3888/3888
f 3889/3889/3889 3890/3890/3890 3891/3891/3891
f 3892/3892/3892 3893/3893/3893 3894/3894/3894
f 3895/3895/3895 3896/3896/3896 3897/3897/3897
f 3898/3898/3898 3899/3899/3899 3900/3900/3900
f 3901/3901/3901 3902/3902/3902 3903/3903/3903
f 3904/3904/3904 3905/3905/3905 3906/3906/3906
f 3907/3907/3907 3908/3908/3908 3909/3909/3909
f 3910/3910/3910 3911/3911/3911 3912/3912/3912
f 3913/3913/3913 3914/3914/3914 3915/3915/3915
f 3916/3916/3916 3917/3917/3917 3918/3918/3918
f 3919/3919/3919 3920/3920/3920 3921/3921/3921
f 3922/3922/3922 3923/3923/3923 3924/3924/3924
f 3925/3925/3925 3926/3926/3926 3927/3927/3927
f 3928/3928/3928 3929/3929/3929 3930/3930/3930
f 3931/3931/3931 3932/3932/3932 3933/3933/3933
f 3934/3934/3934 3935/3935/3935 3936/3936/3936
f 3937/3937/3937 3938/3938/3938 3939/3939/3939
f 3940/3940/3940 3941/3941/3941 3942/3942/3942
f 3943/3943/3943 3944/3944/3944 3945/3945/3945
f 3946/3946/3946 3947/3947/3947 3948/3948/3948
f 3949/3949/3949 3950/3950/3950 3951/3951/3951
f 3952/3952/3952 3953/3953/3953 3954/3954/3954
f 3955/3955/3955 3956/3956/3956 3957/3957/3957
f 3958/3958/3958 3959/3959/3959 3960/3960/3960
f 3961/3961/3961 3962/3962/3962 3963/3963/3963
f 3964/3964/3964 3965/3965/3965 3966/3966/3966
f 3967/3967/3967 3968/3968/3968 3969/3969/3969
f 3970/3970/3970 3971/3971/3971 3972/3972/3972
f 3973/3973/3973 3974/3974/3974 3975/3975/3975
f 3976/3976/3976 3977/3977/3977 3978/3978/3978
f 3979/3979/3979 3980/3980/3980 3981/3981/3981
f 3982/3982/3982 3983/3983/3983 3984/3984/3984
f 3985/3985/3985 3986/3986/3986 3987/3987/3987
f 3988/3988/3988 3989/3989/3989 3990/3990/3990
f 3991/3991/3991 3992/3992/3992 3993/3993/3993
f 3994/3994/3994 3995/3995/3995 3996/3996/3996
f 3997/3997/3997 3998/3998/3998 3999/3999/3999
f 4000/4000/4000 4001/4001/4001 4002/4002/4002
f 4003/4003/4003 4004/4004/4004 4005/4005/4005
f 4006/4006/4006 4007/4007/4007 4008/4008/4008
f 4009/4009/4009 4010/4010/4010 4011/4011/4011
f 4012/4012/4012 4013/4013/4013 4014/4014/4014
f 4015/4015/4015 4016/4016/4016 4017/4017/4017
f 4018/4018/4018 4019/4019/4019 4020/4020/4020
f 4021/4021/4021 4022/4022/4022 4023/4023/4023
f 4024/4024/4024 4025/4025/4025 4026/4026/4026
f 4027/4027/4027 4028/4028/4028 4029/4029/4029
f 4030/4030/4030 4031/4031/4031 4032/4032/4032
f 4033/4033/4033 4034/4034/4034 4035/4035/4035
f 4036/4036/4036 4037/4037/4037 4038/4038/4038
f 4039/4039/4039 4040/4040/4040 4041/4041/4041
f 4042/4042/4042 4043/4043/4043 4044/4044/4044
f 4045/4045/4045 4046/4046/4046 4047/4047/4047
f 4048/4048/4048 4049/4049/4049 4050/4050/4050
f 4051/4051/4051 4052/4052/4052 4053/4053/4053
f 4054/4054/4054 4055/4055/4055 4056/4056/4056
f 4057/4057/4057 4058/4058/4058 4059/4059/4059
f 4060/4060/4060 4061/4061/4061 4062/4062/4062
f 4063/4063/4063 4064/4064/4064 4065/4065/4065
f 4066/4066/4066 4067/4067/4067 4068/4068/4068
f 4069/4069/4069 4070/4070/4070 4071/4071/4071
f 4072/4072/4072 4073/4073/4073 4074/4074/4074
f 4075/4075/4075 4076/4076/4076 4077/4077/4077
f 4078/4078/4078 4079/4079/4079 4080/4080/4080
f 4081/4081/4081 4082/4082/4082 4083/4083/4083
f 4084/4084/4084 4085/4085/4085 4086/4086/4086
f 4087/4087/4087 4088/4088/4088 4089/4089/4089
f 4090/4090/4090 4091/4091/4091 4092/4092/4092
f 4093/4093/4093 4094/4094/4094 4095/4095/4095
f 4096/4096/4096 4097/4097/4097 4098/4098/4098
f 4099/4099/4099 4100/4100/4100 4101/4101/4101
f 4102/4102/4102 4103/4103/4103 4104/4104/4104
f 4105/4105/4105 4106/4106/4106 4107/4107/4107
f 4108/4108/4108 4109/4109/4109 4110/4110/4110
f 4111/4111/4111 4112/4112/4112 4113/4113/4113
f 4114/4114/4114 4115/4115/4115 4116/4116/4116
f 4117/4117/4117 4118/4118/4118 4119/4119/4119
f 4120/4120/4120 4121/4121/4121 4122/4122/4122
f 4123/4123/4123 4124/4124/4124 4125/4125/4125
f 4126/4126/4126 4127/4127/4127 4128/4128/4128
f 4129/4129/4129 4130/4130/4130 4131/4131/4131
f 4132/4132/4132 4133/4133/4133 4134/4134/4134
f 4135/4135/4135 4136/4136/4136 4137/4137/4137
f 4138/4138/4138 4139/4139/4139 4140/4140/4140
f 4141/4141/4141 4142/4142/4142 4143/4143/4143
f 4144/4144/4144 4145/4145/4145 4146/4146/4146
f 4147/4147/4147 4148/4148/4148 4149/4149/4149
f 4150/4150/4150 4151/4151/4151 4152/4152/4152
f 4153/4153/4153 4154/4154/4154 4155/4155/4155
f 4156/4156/4156 4157/4157/4157 4158/4158/4158
f 4159/4159/4159 4160/4160/4160 4161/4161/4161
f 4162/4162/4162 4163/4163/4163 4164/4164/4164
f 4165/4165/4165 4166/4166/4166 4167/4167/4167
f 4168/4168/4168 4169/4169/4169 4170/4170/4170
f 4171/4171/4171 4172/4172/4172 4173/4173/4173
f 4174/4174/4174 4175/4175/4175 4176/4176/4176
f 4177/4177/4177 4178/4178/4178 4179/4179/4179
f 4180/4180/4180 4181/4181/4181 4182/4182/4182
f 4183/4183/4183 4184/4184/4184 4185/4185/4185
f 4186/4186/4186 4187/4187/4187 4188/4188/4188
f 4189/4189/4189 4190/4190/4190 4191/4191/4191
f 4192/4192/4192 4193/4193/4193 4194/4194/4194
f 4195/4195/4195 4196/4196/4196 4197/4197/4197
f 4198/4198/4198 4199/4199/4199 4200/4200/4200
f 4201/4201/4201 4202/4202/4202 4203/4203/4203
f 4204/4204/4204 4205/4205/4205 4206/4206/4206
f 4207/4207/4207 4208/4208/4208 4209/4209/4209
f 4210/4210/4210 4211/4211/4211 4212/4212/4212
f 4213/4213/4213 4214/4214/4214 4215/4215/4215
f 4216/4216/4216 4217/4217/4217 4218/4218/4218
f 4219/4219/4219 4220/4220/4220 4221/4221/4221
f 4222/4222/4222 4223/4223/4223 4224/4224/4224
f 4225/4225/4225 4226/4226/4226 4227/4227/4227
f 4228/4228/4228 4229/4229/4229 4230/4230/4230
f 4231/4231/4231 4232/4232/4232 4233/4233/4233
f 4234/4234/4234 4235/4235/4235 4236/4236/4236
f 4237/4237/4237 4238/4238/4238 4239/4239/4239
f 4240/4240/4240 4241/4241/4241 4242/4242/4242
f 4243/4243/4243 4244/4244/4244 4245/4245/4245
f 4246/4246/4246 4247/4247/4247 4248/4248/4248
f 4249/4249/4249 4250/4250/4250 4251/4251/4251
f 4252/4252/4252 4253/4253/4253 4254/4254/4254
f 4255/4255/4255 4256/4256/4256 4257/4257/4257
f 4258/4258/4258 4259/4259/4259 4260/4260/4260
f 4261/4261/4261 4262/4262/4262 4263/4263/4263
f 4264/4264/4264 4265/4265/4265 4266/4266/4266
f 4267/4267/4267 4268/4268/4268 4269/4269/4269
f 4270/4270/4270 4271/4271/4271 4272/4272/4272
f 4273/4273/4273 4274/4274/4274 4275/4275/4275
f 4276/4276/4276 4277/4277/4277 4278/4278/4278
f 4279/4279/4279 4280/4280/4280 4281/4281/4281
f 4282/4282/4282 4283/4283/4283 4284/4284/4284
f 4285/4285/4285 4286/4286/4286 4287/4287/4287
f 4288/4288/4288 4289/4289/4289 4290/4290/4290
f 4291/4291/4291 4292/4292/4292 4293/4293/4293
f 4294/4294/4294 4295/4295/4295 4296/4296/4296
f 4297/4297/4297 4298/4298/4298 4299/4299/4299
f 4300/4300/4300 4301/4301/4301 4302/4302/4302
f 4303/4303/4303 4304/4304/4304 4305/4305/4305
f 4306/4306/4306 4307/4307/4307 4308/4308/4308
f 4309/4309/4309 4310/4310/4310 4311/4311/4311
f 4312/4312/4312 4313/4313/4313 4314/4314/4314
f 4315/4315/4315 4316/4316/4316 4317/4317/4317
f 4318/4318/4318 4319/4319/4319 4320/4320/4320
f 4321/4321/4321 4322/4322/4322 4323/4323/4323
f 4324/4324/4324 4325/4325/4325 4326/4326/4326
f 4327/4327/4327 4328/4328/4328 4329/4329/4329
f 4330/4330/4330 4331/4331/4331 4332/4332/4332
f 4333/4333/4333 4334/4334/4334 4335/4335/4335
f 4336/4336/4336 4337/4337/4337 4338/4338/4338
f 4339/4339/4339 4340/4340/4340 4341/4341/4341
f 4342/4342/4342 4343/4343/4343 4344/4344/4344
f 4345/4345/4345 4346/4346/4346 4347/4347/4347
f 4348/4348/4348 4349/4349/4349 4350/4350/4350
f 4351/4351/4351 4352/4352/4352 4353/4353/4353
f 4354/4354/4354 4355/4355/4355 4356/4356/4356
f 4357/4357/4357 4358/4358/4358 4359/4359/4359
f 4360/4360/4360 4361/4361/4361 4362/4362/4362
f 4363/4363/4363 4364/4364/4364 4365/4365/4365
f 4366/4366/4366 4367/4367/4367 4368/4368/4368
f 4369/4369/4369 4370/4370/4370 4371/4371/4371
f 4372/4372/4372 4373/4373/4373 4374/4374/4374
f 4375/4375/4375 4376/4376/4376 4377/4377/4377
f 4378/4378/4378 4379/4379/4379 4380/4380/4380
f 4381/4381/4381 4382/4382/4382 4383/4383/4383
f 4384/4384/4384 4385/4385/4385 4386/4386/4386
f 4387/4387/4387 4388/4388/4388 4389/4389/4389
f 4390/4390/4390 4391/4391/4391 4392/4392/4392
f 4393/4393/4393 4394/4394/4394 4395/4395/4395
f 4396/4396/4396 4397/4397/4397 4398/4398/4398
f 4399/4399/4399 4400/4400/4400 4401/4401/4401
f 4402/4402/4402 4403/4403/4403 4404/4404/4404
f 4405/4405/4405 4406/4406/4406 4407/4407/4407
f 4408/4408/4408 4409/4409/4409 4410/4410/4410
f 4411/4411/4411 4412/4412/4412 4413/4413/4413
f 4414/4414/4414 4415/4415/4415 4416/4416/4416
f 4417/4417/4417 4418/4418/4418 4419/4419/4419
f 4420/4420/4420 4421/4421/4421 4422/4422/4422
f 4423/4423/4423 4424/4424/4424 4425/4425/4425
f 4426/4426/4426 4427/4427/4427 4428/4428/4428
f 4429/4429/4429 4430/4430/4430 4431/4431/4431
f 4432/4432/4432 4433/4433/4433 4434/4434/4434
f 4435/4435/4435 4436/4436/4436 4437/4437/4437
f 4438/4438/4438 4439/4439/4439 4440/4440/4440
f 4441/4441/4441 4442/4442/4442 4443/4443/4443
f 4444/4444/4444 4445/4445/4445 4446/4446/4446
f 4447/4447/4447 4448/4448/4448 4449/4449/4449
f 4450/4450/4450 4451/4451/4451 4452/4452/4452
f 4453/4453/4453 4454/4454/4454 4455/4455/4455
f 4456/4456/4456 4457/4457/4457 4458/4458/4458
f 4459/4459/4459 4460/4460/4460 4461/4461/4461
f 4462/4462/4462 4463/4463/4463 4464/4464/4464
f 4465/4465/4465 4466/4466/4466 4467/4467/4467
f 4468/4468/4468 4469/4469/4469 4470/4470/4470
f 4471/4471/4471 4472/4472/4472 4473/4473/4473
f 4474/4474/4474 4475/4475/4475 4476/4476/4476
f 4477/4477/4477 4478/4478/4478 4479/4479/4479
f 4480/4480/4480 4481/4481/4481 4482/4482/4482
f 4483/4483/4483 4484/4484/4484 4485/4485/4485
f 4486/4486/4486 4487/4487/4487 4488/4488/4488
f 4489/4489/4489 4490/4490/4490 4491/4491/4491
f 4492/4492/4492 4493/4493/4493 4494/4494/4494
f 4495/4495/4495 4496/4496/4496 4497/4497/4497
f 4498/4498/4498 4499/4499/4499 4500/4500/4500
f 4501/4501/4501 4502/4502/4502 4503/4503/4503
f 4504/4504/4504 4505/4505/4505 4506/4506/4506
f 4507/4507/4507 4508/4508/4508 4509/4509/4509
f 4510/4510/4510 4511/4511/4511 4512/4512/4512
f 4513/4513/4513 4514/4514/4514 4515/4515/4515
f 4516/4516/4516 4517/4517/4517 4518/4518/4518
f 4519/4519/4519 4520/4520/4520 4521/4521/4521
f 4522/4522/4522 4523/4523/4523 4524/4524/4524
f 4525/4525/4525 4526/4526/4526 4527/4527/4527
f 4528/4528/4528 4529/4529/4529 4530/4530/4530
f 4531/4531/4531 4532/4532/4532 4533/4533/4533
f 4534/4534/4534 4535/4535/4535 4536/4536/4536
f 4537/4537/4537 4538/4538/4538 4539/4539/4539
f 4540/4540/4540 4541/4541/4541 4542/4542/4542
f 4543/4543/4543 4544/4544/4544 4545/4545/4545
f 4546/4546/4546 4547/4547/4547 4548/4548/4548
f 4549/4549/4549 4550/4550/4550 4551/4551/4551
f 4552/4552/4552 4553/4553/4553 4554/4554/4554
f 4555/4555/4555 4556/4556/4556 4557/4557/4557
f 4558/4558/4558 4559/4559/4559 4560/4560/4560
f 4561/4561/4561 4562/4562/4562 4563/4563/4563
f 4564/4564/4564 4565/4565/4565 4566/4566/4566
f 4567/4567/4567 4568/4568/4568 4569/4569/4569
f 4570/4570/4570 4571/4571/4571 4572/4572/4572
f 4573/4573/4573 4574/4574/4574 4575/4575/4575
f 4576/4576/4576 4577/4577/4577 4578/4578/4578
f 4579/4579/4579 4580/4580/4580 4581/4581/4581
f 4582/4582/4582 4583/4583/4583 4584/4584/4584
f 4585/4585/4585 4586/4586/4586 4587/4587/4587
f 4588/4588/4588 4589/4589/4589 4590/4590/4590
f 4591/4591/4591 4592/4592/4592 4593/4593/4593
f 4594/4594/4594 4595/4595/4595 4596/4596/4596
f 4597/4597/4597 4598/4598/4598 4599/4599/4599
f 4600/4600/4600 4601/4601/4601 4602/4602/4602
f 4603/4603/4603 4604/4604/4604 4605/4605/4605
f 4606/4606/4606 4607/4607/4607 4608/4608/4608
f 4609/4609/4609 4610/4610/4610 4611/4611/4611
f 4612/4612/4612 4613/4613/4613 4614/4614/4614
f 4615/4615/4615 4616/4616/4616 4617/4617/4617
f 4618/4618/4618 4619/4619/4619 4620/4620/4620
f 4621/4621/4621 4622/4622/4622 4623/4623/4623
f 4624/4624/4624 4625/4625/4625 4626/4626/4626
f 4627/4627/4627 4628/4628/4628 4629/4629/4629
f 4630/4630/4630 4631/4631/4631 4632/4632/4632
f 4633/4633/4633 4634/4634/4634 4635/4635/4635
f 4636/4636/4636 4637/4637/4637 4638/4638/4638
f 4639/4639/4639 4640/4640/4640 4641/4641/4641
f 4642/4642/4642 4643/4643/4643 4644/4644/4644
f 4645/4645/4645 4646/4646/4646 4647/4647/4647
f 4648/4648/4648 4649/4649/4649 4650/4650/4650
f 4651/4651/4651 4652/4652/4652 4653/4653/4653
f 4654/4654/4654 4655/4655/4655 4656/4656/4656
f 4657/4657/4657 4658/4658/4658 4659/4659/4659
f 4660/4660/4660 4661/4661/4661 4662/4662/4662
f 4663/4663/4663 4664/4664/4664 4665/4665/4665
f 4666/4666/4666 4667/4667/4667 4668/4668/4668
f 4669/4669/4669 4670/4670/4670 4671/4671/4671
f 4672/4672/4672 4673/4673/4673 4674/4674/4674
f 4675/4675/4675 4676/4676/4676 4677/4677/4677
f 4678/4678/4678 4679/4679/4679 4680/4680/4680
f 4681/4681/4681 4682/4682/4682 4683/4683/4683
f 4684/4684/4684 4685/4685/4685 4686/4686/4686
f 4687/4687/4687 4688/4688/4688 4689/4689/4689
f 4690/4690/4690 4691/4691/4691 4692/4692/4692
f 4693/4693/4693 4694/4694/4694 4695/4695/4695
f 4696/4696/4696 4697/4697/4697 4698/4698/4698
f 4699/4699/4699 4700/4700/4700 4701/4701/4701
f 4702/4702/4702 4703/4703/4703 4704/4704/4704
f 4705/4705/4705 4706/4706/4706 4707/4707/4707
f 4708/4708/4708 4709/4709/4709 4710/4710/4710
f 4711/4711/4711 4712/4712/4712 4713/4713/4713
f 4714/4714/4714 4715/4715/4715 4716/4716/4716
f 4717/4717/4717 4718/4718/4718 4719/4719/4719
f 4720/4720/4720 4721/4721/4721 4722/4722/4722
f 4723/4723/4723 4724/4724/4724 4725/4725/4725
f 4726/4726/4726 4727/4727/4727 4728/4728/4728
f 4729/4729/4729 4730/4730/4730 4731/4731/4731
f 4732/4732/4732 4733/4733/4733 4734/4734/4734
f 4735/4735/4735 4736/4736/4736 4737/4737/4737
f 4738/4738/4738 4739/4739/4739 4740/4740/4740
f 4741/4741/4741 4742/4742/4742 4743/4743/4743
f 4744/4744/4744 4745/4745/4745 4746/4746/4746
f 4747/4747/4747 4748/4748/4748 4749/4749/4749
f 4750/4750/4750 4751/4751/4751 4752/4752/4752
f 4753/4753/4753 4754/4754/4754 4755/4755/4755
f 4756/4756/4756 4757/4757/4757 4758/4758/4758
f 4759/4759/4759 4760/4760/4760 4761/4761/4761
f 4762/4762/4762 4763/4763/4763 4764/4764/4764
f 4765/4765/4765 4766/4766/4766 4767/4767/4767
f 4768/4768/4768 4769/4769/4769 4770/4770/4770
f 4771/4771/4771 4772/4772/4772 4773/4773/4773
f 4774/4774/4774 4775/4775/4775 4776/4776/4776
f 4777/4777/4777 4778/4778/4778 4779/4779/4779
f 4780/4780/4780 4781/4781/4781 4782/4782/4782
f 4783/4783/4783 4784/4784/4784 4785/4785/4785
f 4786/4786/4786 4787/4787/4787 4788/4788/4788
f 4789/4789/4789 4790/4790/4790 4791/4791/4791
f 4792/4792/4792 4793/4793/4793 4794/4794/4794
f 4795/4795/4795 4796/4796/4796 4797/4797/4797
f 4798/4798/4798 4799/4799/4799 4800/4800/4800
f 4801/4801/4801 4802/4802/4802 4803/4803/4803
f 4804/4804/4804 4805/4805/4805 4806/4806/4806
f 4807/4807/4807 4808/4808/4808 4809/4809/4809
f 4810/4810/4810 4811/4811/4811 4812/4812/4812
f 4813/4813/4813 4814/4814/4814 4815/4815/4815
f 4816/4816/4816 4817/4817/4817 4818/4818/4818
f 4819/4819/4819 4820/4820/4820 4821/4821/4821
f 4822/4822/4822 4823/4823/4823 4824/4824/4824
f 4825/4825/4825 4826/4826/4826 4827/4827/4827
f 4828/4828/4828 4829/4829/4829 4830/4830/4830
f 4831/4831/4831 4832/4832/4832 4833/4833/4833
f 4834/4834/4834 4835/4835/4835 4836/4836/4836
f 4837/4837/4837 4838/4838/4838 4839/4839/4839
f 4840/4840/4840 4841/4841/4841 4842/4842/4842
f 4843/4843/4843 4844/4844/4844 4845/4845/4845
f 4846/4846/4846 4847/4847/4847 4848/4848/4848
f 4849/4849/4849 4850/4850/4850 4851/4851/4851
f 4852/4852/4852 4853/4853/4853 4854/4854/4854
f 4855/4855/4855 4856/4856/4856 4857/4857/4857
f 4858/4858/4858 4859/4859/4859 4860/4860/4860
f 4861/4861/4861 4862/4862/4862 4863/4863/4863
f 4864/4864/4864 4865/4865/4865 4866/4866/4866
f 4867/4867/4867 4868/4868/4868 4869/4869/4869
f 4870/4870/4870 4871/4871/4871 4872/4872/4872
f 4873/4873/4873 4874/4874/4874 4875/4875/4875
f 4876/4876/4876 4877/4877/4877 4878/4878/4878
f 4879/4879/4879 4880/4880/4880 4881/4881/4881
f 4882/4882/4882 4883/4883/4883 4884/4884/4884
f 4885/4885/4885 4886/4886/4886 4887/4887/4887
f 4888/4888/4888 4889/4889/4889 4890/4890/4890
f 4891/4891/4891 4892/4892/4892 4893/4893/4893
f 4894/4894/4894 4895/4895/4895 4896/4896/4896
f 4897/4897/4897 4898/4898/4898 4899/4899/4899
f 4900/4900/4900 4901/4901/4901 4902/4902/4902
f 4903/4903/4903 4904/4904/4904 4905/4905/4905
f 4906/4906/4906 4907/4907/4907 4908/4908/4908
f 4909/4909/4909 4910/4910/4910 4911/4911/4911
f 4912/4912/4912 4913/4913/4913 4914/4914/4914
f 4915/4915/4915 4916/4916/4916 4917/4917/4917
f 4918/4918/4918 4919/4919/4919 4920/4920/4920
f 4921/4921/4921 4922/4922/4922 4923/4923/4923
f 4924/4924/4924 4925/4925/4925 4926/4926/4926
f 4927/4927/4927 4928/4928/4928 4929/4929/4929
f 4930/4930/4930 4931/4931/4931 4932/4932/4932
f 4933/4933/4933 4934/4934/4934 4935/4935/4935
f 4936/4936/4936 4937/4937/4937 4938/4938/4938
f 4939/4939/4939 4940/4940/4940 4941/4941/4941
f 4942/4942/4942 4943/4943/4943 4944/4944/4944
f 4945/4945/4945 4946/4946/4946 4947/4947/4947
f 4948/4948/4948 4949/4949/4949 4950/4950/4950
f 4951/4951/4951 4952/4952/4952 4953/4953/4953
f 4954/4954/4954 4955/4955/4955 4956/4956/4956
f 4957/4957/4957 4958/4958/4958 4959/4959/4959
f 4960/4960/4960 4961/4961/4961 4962/4962/4962
f 4963/4963/4963 4964/4964/4964 4965/4965/4965
f 4966/4966/4966 4967/4967/4967 4968/4968/4968
f 4969/4969/4969 4970/4970/4970 4971/4971/4971
f 4972/4972/4972 4973/4973/4973 4974/4974/4974
f 4975/4975/4975 4976/4976/4976 4977/4977/4977
f 4978/4978/4978 4979/4979/4979 4980/4980/4980
f 4981/4981/4981 4982/4982/4982 4983/4983/4983
f 4984/4984/4984 4985/4985/4985 4986/4986/4986
f 4987/4987/4987 4988/4988/4988 4989/4989/4989
f 4990/4990/4990 4991/4991/4991 4992/4992/4992
f 4993/4993/4993 4994/4994/4994 4995/4995/4995
f 4996/4996/4996 4997/4997/4997 4998/4998/4998
f 4999/4999/4999 5000/5000/5000 5001/5001/5001
f 5002/5002/5002 5003/5003/5003 5004/5004/5004
f 5005/5005/5005 5006/5006/5006 5007/5007/5007
f 5008/5008/5008 5009/5009/5009 5010/5010/5010
f 5011/5011/5011 5012/5012/5012 5013/5013/5013
f 5014/5014/5014 5015/5015/5015 5016/5016/5016
f 5017/5017/5017 5018/5018/5018 5019/5019/5019
f 5020/5020/5020 5021/5021/5021 5022/5022/5022
f 5023/5023/5023 5024/5024/5024 5025/5025/5025
f 5026/5026/5026 5027/5027/5027 5028/5028/5028
f 5029/5029/5029 5030/5030/5030 5031/5031/5031
f 5032/5032/5032 5033/5033/5033 5034/5034/5034
f 5035/5035/5035 5036/5036/5036 5037/5037/5037
f 5038/5038/5038 5039/5039/5039 5040/5040/5040
f 5041/5041/5041 5042/5042/5042 5043/5043/5043
f 5044/5044/5044 5045/5045/5045 5046/5046/5046
f 5047/5047/5047 5048/5048/5048 5049/5049/5049
f 5050/5050/5050 5051/5051/5051 5052/5052/5052
f 5053/5053/5053 5054/5054/5054 5055/5055/5055
f 5056/5056/5056 5057/5057/5057 5058/5058/5058
f 5059/5059/5059 5060/5060/5060 5061/5061/5061
f 5062/5062/5062 5063/5063/5063 5064/5064/5064
f 5065/5065/5065 5066/5066/5066 5067/5067/5067
f 5068/5068/5068 5069/5069/5069 5070/5070/5070
f 5071/5071/5071 5072/5072/5072 5073/5073/5073
f 5074/5074/5074 5075/5075/5075 5076/5076/5076
f 5077/5077/5077 5078/5078/5078 5079/5079/5079
f 5080/5080/5080 5081/5081/5081 5082/5082/5082
f 5083/5083/5083 5084/5084/5084 5085/5085/5085
f 5086/5086/5086 5087/5087/5087 5088/5088/5088
f 5089/5089/5089 5090/5090/5090 5091/5091/5091
f 5092/5092/5092 5093/5093/5093 5094/5094/5094
f 5095/5095/5095 5096/5096/5096 5097/5097/5097
f 5098/5098/5098 5099/5099/5099 5100/5100/5100
f 5101/5101/5101 5102/5102/5102 5103/5103/5103
f 5104/5104/5104 5105/5105/5105 5106/5106/5106
f 5107/5107/5107 5108/5108/5108 5109/5109/5109
f 5110/5110/5110 5111/5111/5111 5112/5112/5112
f 5113/5113/5113 5114/5114/5114 5115/5115/5115
f 5116/5116/5116 5117/5117/5117 5118/5118/5118
f 5119/5119/5119 5120/5120/5120 5121/5121/5121
f 5122/5122/5122 5123/5123/5123 5124/5124/5124
f 5125/5125/5125 5126/5126/5126 5127/5127/5127
f 5128/5128/5128 5129/5129/5129 5130/5130/5130
f 5131/5131/5131 5132/5132/5132 5133/5133/5133
f 5134/5134/5134 5135/5135/5135 5136/5136/5136
f 5137/5137/5137 5138/5138/5138 5139/5139/5139
f 5140/5140/5140 5141/5141/5141 5142/5142/5142
f 5143/5143/5143 5144/5144/5144 5145/5145/5145
f 5146/5146/5146 5147/5147/5147 5148/5148/5148
f 5149/5149/5149 5150/5150/5150 5151/5151/5151
f 5152/5152/5152 5153/5153/5153 5154/5154/5154
f 5155/5155/5155 5156/5156/5156 5157/5157/5157
f 5158/5158/5158 5159/5159/5159 5160/5160/5160
f 5161/5161/5161 5162/5162/5162 5163/5163/5163
f 5164/5164/5164 5165/5165/5165 5166/5166/5166
f 5167/5167/5167 5168/5168/5168 5169/5169/5169
f 5170/5170/5170 5171/5171/5171 5172/5172/5172
f 5173/5173/5173 5174/5174/5174 5175/5175/5175
f 5176/5176/5176 5177/5177/5177 5178/5178/5178
f 5179/5179/5179 5180/5180/5180 5181/5181/5181
f 5182/5182/5182 5183/5183/5183 5184/5184/5184
f 5185/5185/5185 5186/5186/5186 5187/5187/5187
f 5188/5188/5188 5189/5189/5189 5190/5190/5190
f 5191/5191/5191 5192/5192/5192 5193/5193/5193
f 5194/5194/5194 5195/5195/5195 5196/5196/5196
f 5197/5197/5197 5198/5198/5198 5199/5199/5199
f 5200/5200/5200 5201/5201/5201 5202/5202/5202
f 5203/5203/5203 5204/5204/5204 5205/5205/5205
f 5206/5206/5206 5207/5207/5207 5208/5208/5208
f 5209/5209/5209 5210/5210/5210 5211/5211/5211
f 5212/5212/5212 5213/5213/5213 5214/5214/5214
f 5215/5215/5215 5216/5216/5216 5217/5217/5217
f 5218/5218/5218 5219/5219/5219 5220/5220/5220
f 5221/5221/5221 5222/5222/5222 5223/5223/5223
f 5224/5224/5224 5225/5225/5225 5226/5226/5226
f 5227/5227/5227 5228/5228/5228 5229/5229/5229
f 5230/5230/5230 5231/5231/5231 5232/5232/5232
f 5233/5233/5233 5234/5234/5234 5235/5235/5235
f 5236/5236/5236 5237/5237/5237 5238/5238/5238
f 5239/5239/5239 5240/5240/5240 5241/5241/5241
f 5242/5242/5242 5243/5243/5243 5244/5244/5244
f 5245/5245/5245 5246/5246/5246 5247/5247/5247
f 5248/5248/5248 5249/5249/5249 5250/5250/5250
f 5251/5251/5251 5252/5252/5252 5253/5253/5253
f 5254/5254/5254 5255/5255/5255 5256/5256/5256
f 5257/5257/5257 5258/5258/5258 5259/5259/5259
f 5260/5260/5260 5261/5261/5261 5262/5262/5262
f 5263/5263/5263 5264/5264/5264 5265/5265/5265
f 5266/5266/5266 5267/5267/5267 5268/5268/5268
f 5269/5269/5269 5270/5270/5270 5271/5271/5271
f 5272/5272/5272 5273/5273/5273 5274/5274/5274
f 5275/5275/5275 5276/5276/5276 5277/5277/5277
f 5278/5278/5278 5279/5279/5279 5280/5280/5280
f 5281/5281/5281 5282/5282/5282 5283/5283/5283
f 5284/5284/5284 5285/5285/5285 5286/5286/5286
f 5287/5287/5287 5288/5288/5288 5289/5289/5289
f 5290/5290/5290 5291/5291/5291 5292/5292/5292
f 5293/5293/5293 5294/5294/5294 5295/5295/5295
f 5296/5296/5296 5297/5297/5297 5298/5298/5298
f 5299/5299/5299 5300/5300/5300 5301/5301/5301
f 5302/5302/5302 5303/5303/5303 5304/5304/5304
f 5305/5305/5305 5306/5306/5306 5307/5307/5307
f 5308/5308/5308 5309/5309/5309 5310/5310/5310
f 5311/5311/5311 5312/5312/5312 5313/5313/5313
f 5314/5314/5314 5315/5315/5315 5316/5316/5316
f 5317/5317/5317 5318/5318/5318 5319/5319/5319
f 5320/5320/5320 5321/5321/5321 5322/5322/5322
f 5323/5323/5323 5324/5324/5324 5325/5325/5325
f 5326/5326/5326 5327/5327/5327 5328/5328/5328
f 5329/5329/5329 5330/5330/5330 5331/5331/5331
f 5332/5332/5332 5333/5333/5333 5334/5334/5334
f 5335/5335/5335 5336/5336/5336 5337/5337/5337
f 5338/5338/5338 5339/5339/5339 5340/5340/5340
f 5341/5341/5341 5342/5342/5342 5343/5343/5343
f 5344/5344/5344 5345/5345/5345 5346/5346/5346
f 5347/5347/5347 5348/5348/5348 5349/5349/5349
f 5350/5350/5350 5351/5351/5351 5352/5352/5352
f 5353/5353/5353 5354/5354/5354 5355/5355/5355
f 5356/5356/5356 5357/5357/5357 5358/5358/5358
f 5359/5359/5359 5360/5360/5360 5361/5361/5361
f 5362/5362/5362 5363/5363/5363 5364/5364/5364
f 5365/5365/5365 5366/5366/5366 5367/5367/5367
f 5368/5368/5368 5369/5369/5369 5370/5370/5370
f 5371/5371/5371 5372/5372/5372 5373/5373/5373
f 5374/5374/5374 5375/5375/5375 5376/5376/5376
f 5377/5377/5377 5378/5378/5378 5379/5379/5379
f 5380/5380/5380 5381/5381/5381 5382/5382/5382
f 5383/5383/5383 5384/5384/5384 5385/5385/5385
f 5386/5386/5386 5387/5387/5387 5388/5388/5388
f 5389/5389/5389 5390/5390/5390 5391/5391/5391
f 5392/5392/5392 5393/5393/5393 5394/5394/5394
f 5395/5395/5395 5396/5396/5396 5397/5397/5397
f 5398/5398/5398 5399/5399/5399 5400/5400/5400
f 5401/5401/5401 5402/5402/5402 5403/5403/5403
f 5404/5404/5404 5405/5405/5405 5406/5406/5406
f 5407/5407/5407 5408/5408/5408 5409/5409/5409
f 5410/5410/5410 5411/5411/5411 5412/5412/5412
f 5413/5413/5413 5414/5414/5414 5415/5415/5415
f 5416/5416/5416 5417/5417/5417 5418/5418/5418
f 5419/5419/5419 5420/5420/5420 5421/5421/5421
f 5422/5422/5422 5423/5423/5423 5424/5424/5424
f 5425/5425/5425 5426/5426/5426 5427/5427/5427
f 5428/5428/5428 5429/5429/5429 5430/5430/5430
f 5431/5431/5431 5432/5432/5432 5433/5433/5433
f 5434/5434/5434 5435/5435/5435 5436/5436/5436
f 5437/5437/5437 5438/5438/5438 5439/5439/5439
f 5440/5440/5440 5441/5441/5441 5442/5442/5442
f 5443/5443/5443 5444/5444/5444 5445/5445/5445
f 5446/5446/5446 5447/5447/5447 5448/5448/5448
f 5449/5449/5449 5450/5450/5450 5451/5451/5451
f 5452/5452/5452 5453/5453/5453 5454/5454/5454
f 5455/5455/5455 5456/5456/5456 5457/5457/5457
f 5458/5458/5458 5459/5459/5459 5460/5460/5460
f 5461/5461/5461 5462/5462/5462 5463/5463/5463
f 5464/5464/5464 5465/5465/5465 5466/5466/5466
f 5467/5467/5467 5468/5468/5468 5469/5469/5469
f 5470/5470/5470 5471/5471/5471 5472/5472/5472
f 5473/5473/5473 5474/5474/5474 5475/5475/5475
f 5476/5476/5476 5477/5477/5477 5478/5478/5478
f 5479/5479/5479 5480/5480/5480 5481/5481/5481
f 5482/5482/5482 5483/5483/5483 5484/5484/5484
f 5485/5485/5485 5486/5486/5486 5487/5487/5487
f 5488/5488/5488 5489/5489/5489 5490/5490/5490
f 5491/5491/5491 5492/5492/5492 5493/5493/5493
f 5494/5494/5494 5495/5495/5495 5496/5496/5496
f 5497/5497/5497 5498/5498/5498 5499/5499/5499
f 5500/5500/5500 5501/5501/5501 5502/5502/5502
f 5503/5503/5503 5504/5504/5504 5505/5505/5505
f 5506/5506/5506 5507/5507/5507 5508/5508/5508
f 5509/5509/5509 5510/5510/5510 5511/5511/5511
f 5512/5512/5512 5513/5513/5513 5514/5514/5514
f 5515/5515/5515 5516/5516/5516 5517/5517/5517
f 5518/5518/5518 5519/5519/5519 5520/5520/5520
f 5521/5521/5521 5522/5522/5522 5523/5523/5523
f 5524/5524/5524 5525/5525/5525 5526/5526/5526
f 5527/5527/5527 5528/5528/5528 5529/5529/5529
f 5530/5530/5530 5531/5531/5531 5532/5532/5532
f 5533/5533/5533 5534/5534/5534 5535/5535/5535
f 5536/5536/5536 5537/5537/5537 5538/5538/5538
f 5539/5539/5539 5540/5540/5540 5541/5541/5541
f 5542/5542/5542 5543/5543/5543 5544/5544/5544
f 5545/5545/5545 5546/5546/5546 5547/5547/5547
f 5548/5548/5548 5549/5549/5549 5550/5550/5550
f 5551/5551/5551 5552/5552/5552 5553/5553/5553
f 5554/5554/5554 5555/5555/5555 5556/5556/5556
f 5557/5557/5557 5558/5558/5558 5559/5559/5559
f 5560/5560/5560 5561/5561/5561 5562/5562/5562
f 5563/5563/5563 5564/5564/5564 5565/5565/5565
f 5566/5566/5566 5567/5567/5567 5568/5568/5568
f 5569/5569/5569 5570/5570/5570 5571/5571/5571
f 5572/5572/5572 5573/5573/5573 5574/5574/5574
f 5575/5575/5575 5576/5576/5576 5577/5577/5577
f 5578/5578/5578 5579/5579/5579 5580/5580/5580
f 5581/5581/5581 5582/5582/5582 5583/5583/5583
f 5584/5584/5584 5585/5585/5585 5586/5586/5586
f 5587/5587/5587 5588/5588/5588 5589/5589/5589
f 5590/5590/5590 5591/5591/5591 5592/5592/5592
f 5593/5593/5593 5594/5594/5594 5595/5595/5595
f 5596/5596/5596 5597/5597/5597 5598/5598/5598
f 5599/5599/5599 5600/5600/5600 5601/5601/5601
f 5602/5602/5602 5603/5603/5603 5604/5604/5604
f 5605/5605/5605 5606/5606/5606 5607/5607/5607
f 5608/5608/5608 5609/5609/5609 5610/5610/5610
f 5611/5611/5611 5612/5612/5612 5613/5613/5613
f 5614/5614/5614 5615/5615/5615 5616/5616/5616
f 5617/5617/5617 5618/5618/5618 5619/5619/5619
f 5620/5620/5620 5621/5621/5621 5622/5622/5622
f 5623/5623/5623 5624/5624/5624 5625/5625/5625
f 5626/5626/5626 5627/5627/5627 5628/5628/5628
f 5629/5629/5629 5630/5630/5630 5631/5631/5631
f 5632/5632/5632 5633/5633/5633 5634/5634/5634
f 5635/5635/5635 5636/5636/5636 5637/5637/5637
f 5638/5638/5638 5639/5639/5639 5640/5640/5640
f 5641/5641/5641 5642/5642/5642 5643/5643/5643
f 5644/5644/5644 5645/5645/5645 5646/5646/5646
f 5647/5647/5647 5648/5648/5648 5649/5649/5649
f 5650/5650/5650 5651/5651/5651 5652/5652/5652
f 5653/5653/5653 5654/5654/5654 5655/5655/5655
f 5656/5656/5656 5657/5657/5657 5658/5658/5658
f 5659/5659/5659 5660/5660/5660 5661/5661/5661
f 5662/5662/5662 5663/5663/5663 5664/5664/5664
f 5665/5665/5665 5666/5666/5666 5667/5667/5667
f 5668/5668/5668 5669/5669/5669 5670/5670/5670
f 5671/5671/5671 5672/5672/5672 5673/5673/5673
f 5674/5674/5674 5675/5675/5675 5676/5676/5676
f 5677/5677/5677 5678/5678/5678 5679/5679/5679
f 5680/5680/5680 5681/5681/5681 5682/5682/5682
f 5683/5683/5683 5684/5684/5684 5685/5685/5685
f 5686/5686/5686 5687/5687/5687 5688/5688/5688
f 5689/5689/5689 5690/5690/5690 5691/5691/5691
f 5692/5692/5692 5693/5693/5693 5694/5694/5694
f 5695/5695/5695 5696/5696/5696 5697/5697/5697
f 5698/5698/5698 5699/5699/5699 5700/5700/5700
f 5701/5701/5701 5702/5702/5702 5703/5703/5703
f 5704/5704/5704 5705/5705/5705 5706/5706/5706
f 5707/5707/5707 5708/5708/5708 5709/5709/5709
f 5710/5710/5710 5711/5711/5711 5712/5712/5712
f 5713/5713/5713 5714/5714/5714 5715/5715/5715
f 5716/5716/5716 5717/5717/5717 5718/5718/5718
f 5719/5719/5719 5720/5720/5720 5721/5721/5721
f 5722/5722/5722 5723/5723/5723 5724/5724/5724
f 5725/5725/5725 5726/5726/5726 5727/5727/5727
f 5728/5728/5728 5729/5729/5729 5730/5730/5730
f 5731/5731/5731 5732/5732/5732 5733/5733/5733
f 5734/5734/5734 5735/5735/5735 5736/5736/5736
f 5737/5737/5737 5738/5738/5738 5739/5739/5739
f 5740/5740/5740 5741/5741/5741 5742/5742/5742
f 5743/5743/5743 5744/5744/5744 5745/5745/5745
f 5746/5746/5746 5747/5747/5747 5748/5748/5748
f 5749/5749/5749 5750/5750/5750 5751/5751/5751
f 5752/5752/5752 5753/5753/5753 5754/5754/5754
f 5755/5755/5755 5756/5756/5756 5757/5757/5757
f 5758/5758/5758 5759/5759/5759 5760/5760/5760
f 5761/5761/5761 5762/5762/5762 5763/5763/5763
f 5764/5764/5764 5765/5765/5765 5766/5766/5766
f 5767/5767/5767 5768/5768/5768 5769/5769/5769
f 5770/5770/5770 5771/5771/5771 5772/5772/5772
f 5773/5773/5773 5774/5774/5774 5775/5775/5775
f 5776/5776/5776 5777/5777/5777 5778/5778/5778
f 5779/5779/5779 5780/5780/5780 5781/5781/5781
f 5782/5782/5782 5783/5783/5783 5784/5784/5784
f 5785/5785/5785 5786/5786/5786 5787/5787/5787
f 5788/5788/5788 5789/5789/5789 5790/5790/5790
f 5791/5791/5791 5792/5792/5792 5793/5793/5793
f 5794/5794/5794 5795/5795/5795 5796/5796/5796
f 5797/5797/5797 5798/5798/5798 5799/5799/5799
f 5800/5800/5800 5801/5801/5801 5802/5802/5802
f 5803/5803/5803 5804/5804/5804 5805/5805/5805
f 5806/5806/5806 5807/5807/5807 5808/5808/5808
f 5809/5809/5809 5810/5810/5810 5811/5811/5811
f 5812/5812/5812 5813/5813/5813 5814/5814/5814
f 5815/5815/5815 5816/5816/5816 5817/5817/5817
f 5818/5818/5818 5819/5819/5819 5820/5820/5820
f 5821/5821/5821 5822/5822/5822 5823/5823/5823
f 5824/5824/5824 5825/5825/5825 5826/5826/5826
f 5827/5827/5827 5828/5828/5828 5829/5829/5829
f 5830/5830/5830 5831/5831/5831 5832/5832/5832
f 5833/5833/5833 5834/5834/5834 5835/5835/5835
f 5836/5836/5836 5837/5837/5837 5838/5838/5838
f 5839/5839/5839 5840/5840/5840 5841/5841/5841
f 5842/5842/5842 5843/5843/5843 5844/5844/5844
f 5845/5845/5845 5846/5846/5846 5847/5847/5847
f 5848/5848/5848 5849/5849/5849 5850/5850/5850
f 5851/5851/5851 5852/5852/5852 5853/5853/5853
f 5854/5854/5854 5855/5855/5855 5856/5856/5856
f 5857/5857/5857 5858/5858/5858 5859/5859/5859
f 5860/5860/5860 5861/5861/5861 5862/5862/5862
f 5863/5863/5863 5864/5864/5864 5865/5865/5865
f 5866/5866/5866 5867/5867/5867 5868/5868/5868
f 5869/5869/5869 5870/5870/5870 5871/5871/5871
f 5872/5872/5872 5873/5873/5873 5874/5874/5874
f 5875/5875/5875 5876/5876/5876 5877/5877/5877
f 5878/5878/5878 5879/5879/5879 5880/5880/5880
f 5881/5881/5881 5882/5882/5882 5883/5883/5883
f 5884/5884/5884 5885/5885/5885 5886/5886/5886
f 5887/5887/5887 5888/5888/5888 5889/5889/5889
f 5890/5890/5890 5891/5891/5891 5892/5892/5892
f 5893/5893/5893 5894/5894/5894 5895/5895/5895
f 5896/5896/5896 5897/5897/5897 5898/5898/5898
f 5899/5899/5899 5900/5900/5900 5901/5901/5901
f 5902/5902/5902 5903/5903/5903 5904/5904/5904
f 5905/5905/5905 5906/5906/5906 5907/5907/5907
f 5908/5908/5908 5909/5909/5909 5910/5910/5910
f 5911/5911/5911 5912/5912/5912 5913/5913/5913
f 5914/5914/5914 5915/5915/5915 5916/5916/5916
f 5917/5917/5917 5918/5918/5918 5919/5919/5919
f 5920/5920/5920 5921/5921/5921 5922/5922/5922
f 5923/5923/5923 5924/5924/5924 5925/5925/5925
f 5926/5926/5926 5927/5927/5927 5928/5928/5928
f 5929/5929/5929 5930/5930/5930 5931/5931/5931
f 5932/5932/5932 5933/5933/5933 5934/5934/5934
f 5935/5935/5935 5936/5936/5936 5937/5937/5937
f 5938/5938/5938 5939/5939/5939 5940/5940/5940
f 5941/5941/5941 5942/5942/5942 5943/5943/5943
f 5944/5944/5944 5945/5945/5945 5946/5946/5946
f 5947/5947/5947 5948/5948/5948 5949/5949/5949
f 5950/5950/5950 5951/5951/5951 5952/5952/5952
f 5953/5953/5953 5954/5954/5954 5955/5955/5955
f 5956/5956/5956 5957/5957/5957 5958/5958/5958
f 5959/5959/5959 5960/5960/5960 5961/5961/5961
f 5962/5962/5962 5963/5963/5963 5964/5964/5964
f 5965/5965/5965 5966/5966/5966 5967/5967/5967
f 5968/5968/5968 5969/5969/5969 5970/5970/5970
f 5971/5971/5971 5972/5972/5972 5973/5973/5973
f 5974/5974/5974 5975/5975/5975 5976/5976/5976
f 5977/5977/5977 5978/5978/5978 5979/5979/5979
f 5980/5980/5980 5981/5981/5981 5982/5982/5982
f 5983/5983/5983 5984/5984/5984 5985/5985/5985
f 5986/5986/5986 5987/5987/5987 5988/5988/5988
f 5989/5989/5989 5990/5990/5990 5991/5991/5991
f 5992/5992/5992 5993/5993/5993 5994/5994/5994
f 5995/5995/5995 5996/5996/5996 5997/5997/5997
f 5998/5998/5998 5999/5999/5999 6000/6000/6000
f 6001/6001/6001 6002/6002/6002 6003/6003/6003
f 6004/6004/6004 6005/6005/6005 6006/6006/6006
f 6007/6007/6007 6008/6008/6008 6009/6009/6009
f 6010/6010/6010 6011/6011/6011 6012/6012/6012
f 6013/6013/6013 6014/6014/6014 6015/6015/6015
f 6016/6016/6016 6017/6017/6017 6018/6018/6018
f 6019/6019/6019 6020/6020/6020 6021/6021/6021
f 6022/6022/6022 6023/6023/6023 6024/6024/6024
f 6025/6025/6025 6026/6026/6026 6027/6027/6027
f 6028/6028/6028 6029/6029/6029 6030/6030/6030
f 6031/6031/6031 6032/6032/6032 6033/6033/6033
f 6034/6034/6034 6035/6035/6035 6036/6036/6036
f 6037/6037/6037 6038/6038/6038 6039/6039/6039
f 6040/6040/6040 6041/6041/6041 6042/6042/6042
f 6043/6043/6043 6044/6044/6044 6045/6045/6045
f 6046/6046/6046 6047/6047/6047 6048/6048/6048
f 6049/6049/6049 6050/6050/6050 6051/6051/6051
f 6052/6052/6052 6053/6053/6053 6054/6054/6054
f 6055/6055/6055 6056/6056/6056 6057/6057/6057
f 6058/6058/6058 6059/6059/6059 6060/6060/6060
f 6061/6061/6061 6062/6062/6062 6063/6063/6063
f 6064/6064/6064 6065/6065/6065 6066/6066/6066
f 6067/6067/6067 6068/6068/6068 6069/6069/6069
f 6070/6070/6070 6071/6071/6071 6072/6072/6072
f 6073/6073/6073 6074/6074/6074 6075/6075/6075
f 6076/6076/6076 6077/6077/6077 6078/6078/6078
f 6079/6079/6079 6080/6080/6080 6081/6081/6081
f 6082/6082/6082 6083/6083/6083 6084/6084/6084
f 6085/6085/6085 6086/6086/6086 6087/6087/6087
f 6088/6088/6088 6089/6089/6089 6090/6090/6090
f 6091/6091/6091 6092/6092/6092 6093/6093/6093
f 6094/6094/6094 6095/6095/6095 6096/6096/6096
f 6097/6097/6097 6098/6098/6098 6099/6099/6099
f 6100/6100/6100 6101/6101/6101 6102/6102/6102
f 6103/6103/6103 6104/6104/6104 6105/6105/6105
f 6106/6106/6106 6107/6107/6107 6108/6108/6108
f 6109/6109/6109 6110/6110/6110 6111/6111/6111
f 6112/6112/6112 6113/6113/6113 6114/6114/6114
f 6115/6115/6115 6116/6116/6116 6117/6117/6117
f 6118/6118/6118 6119/6119/6119 6120/6120/6120
f 6121/6121/6121 6122/6122/6122 6123/6123/6123
f 6124/6124/6124 6125/6125/6125 6126/6126/6126
f 6127/6127/6127 6128/6128/6128 6129/6129/6129
f 6130/6130/6130 6131/6131/6131 6132/6132/6132
f 6133/6133/6133 6134/6134/6134 6135/6135/6135
f 6136/6136/6136 6137/6137/6137 6138/6138/6138
f 6139/6139/6139 6140/6140/6140 6141/6141/6141
f 6142/6142/6142 6143/6143/6143 6144/6144/6144
f 6145/6145/6145 6146/6146/6146 6147/6147/6147
f 6148/6148/6148 6149/6149/6149 6150/6150/6150
f 6151/6151/6151 6152/6152/6152 6153/6153/6153
f 6154/6154/6154 6155/6155/6155 6156/6156/6156
f 6157/6157/6157 6158/6158/6158 6159/6159/6159
f 6160/6160/6160 6161/6161/6161 6162/6162/6162
f 6163/6163/6163 6164/6164/6164 6165/6165/6165
f 6166/6166/6166 6167/6167/6167 6168/6168/6168
f 6169/6169/6169 6170/6170/6170 6171/6171/6171
f 6172/6172/6172 6173/6173/6173 6174/6174/6174
f 6175/6175/6175 6176/6176/6176 6177/6177/6177
f 6178/6178/6178 6179/6179/6179 6180/6180/6180
f 6181/6181/6181 6182/6182/6182 6183/6183/6183
f 6184/6184/6184 6185/6185/6185 6186/6186/6186
f 6187/6187/6187 6188/6188/6188 6189/6189/6189
f 6190/6190/6190 6191/6191/6191 6192/6192/6192
f 6193/6193/6193 6194/6194/6194 6195/6195/6195
f 6196/6196/6196 6197/6197/6197 6198/6198/6198
f 6199/6199/6199 6200/6200/6200 6201/6201/6201
f 6202/6202/6202 6203/6203/6203 6204/6204/6204
f 6205/6205/6205 6206/6206/6206 6207/6207/6207
f 6208/6208/6208 6209/6209/6209 6210/6210/6210
f 6211/6211/6211 6212/6212/6212 6213/6213/6213
f 6214/6214/6214 6215/6215/6215 6216/6216/6216
f 6217/6217/6217 6218/6218/6218 6219/6219/6219
f 6220/6220/6220 6221/6221/6221 6222/6222/6222
f 6223/6223/6223 6224/6224/6224 6225/6225/6225
f 6226/6226/6226 6227/6227/6227 6228/6228/6228
f 6229/6229/6229 6230/6230/6230 6231/6231/6231
f 6232/6232/6232 6233/6233/6233 6234/6234/6234
f 6235/6235/6235 6236/6236/6236 6237/6237/6237
f 6238/6238/6238 6239/6239/6239 6240/6240/6240
f 6241/6241/6241 6242/6242/6242 6243/6243/6243
f 6244/6244/6244 6245/6245/6245 6246/6246/6246
f 6247/6247/6247 6248/6248/6248 6249/6249/6249
f 6250/6250/6250 6251/6251/6251 6252/6252/6252
f 6253/6253/6253 6254/6254/6254 6255/6255/6255
f 6256/6256/6256 6257/6257/6257 6258/6258/6258
f 6259/6259/6259 6260/6260/6260 6261/6261/6261
f 6262/6262/6262 6263/6263/6263 6264/6264/6264
f 6265/6265/6265 6266/6266/6266 6267/6267/6267
f 6268/6268/6268 6269/6269/6269 6270/6270/6270
f 6271/6271/6271 6272/6272/6272 6273/6273/6273
f 6274/6274/6274 6275/6275/6275 6276/6276/6276
f 6277/6277/6277 6278/6278/6278 6279/6279/6279
f 6280/6280/6280 6281/6281/6281 6282/6282/6282
f 6283/6283/6283 6284/6284/6284 6285/6285/6285
f 6286/6286/6286 6287/6287/6287 6288/6288/6288
f 6289/6289/6289 6290/6290/6290 6291/6291/6291
f 6292/6292/6292 6293/6293/6293 6294/6294/6294
f 6295/6295/6295 6296/6296/6296 6297/6297/6297
f 6298/6298/6298 6299/6299/6299 6300/6300/6300
f 6301/6301/6301 6302/6302/6302 6303/6303/6303
f 6304/6304/6304 6305/6305/6305 6306/6306/6306
f 6307/6307/6307 6308/6308/6308 6309/6309/6309
f 6310/6310/6310 6311/6311/6311 6312/6312/6312
f 6313/6313/6313 6314/6314/6314 6315/6315/6315
f 6316/6316/6316 6317/6317/6317 6318/6318/6318
f 6319/6319/6319 6320/6320/6320 6321/6321/6321
f 6322/6322/6322 6323/6323/6323 6324/6324/6324
f 6325/6325/6325 6326/6326/6326 6327/6327/6327
f 6328/6328/6328 6329/6329/6329 6330/6330/6330
f 6331/6331/6331 6332/6332/6332 6333/6333/6333
f 6334/6334/6334 6335/6335/6335 6336/6336/6336
f 6337/6337/6337 6338/6338/6338 6339/6339/6339
f 6340/6340/6340 6341/6341/6341 6342/6342/6342
f 6343/6343/6343 6344/6344/6344 6345/6345/6345
f 6346/6346/6346 6347/6347/6347 6348/6348/6348
f 6349/6349/6349 6350/6350/6350 6351/6351/6351
f 6352/6352/6352 6353/6353/6353 6354/6354/6354
f 6355/6355/6355 6356/6356/6356 6357/6357/6357
f 6358/6358/6358 6359/6359/6359 6360/6360/6360
f 6361/6361/6361 6362/6362/6362 6363/6363/6363
f 6364/6364/6364 6365/6365/6365 6366/6366/6366
f 6367/6367/6367 6368/6368/6368 6369/6369/6369
f 6370/6370/6370 6371/6371/6371 6372/6372/6372
f 6373/6373/6373 6374/6374/6374 6375/6375/6375
f 6376/6376/6376 6377/6377/6377 6378/6378/6378
f 6379/6379/6379 6380/6380/6380 6381/6381/6381
f 6382/6382/6382 6383/6383/6383 6384/6384/6384
f 6385/6385/6385 6386/6386/6386 6387/6387/6387
f 6388/6388/6388 6389/6389/6389 6390/6390/6390
f 6391/6391/6391 6392/6392/6392 6393/6393/6393
f 6394/6394/6394 6395/6395/6395 6396/6396/6396
f 6397/6397/6397 6398/6398/6398 6399/6399/6399
f 6400/6400/6400 6401/6401/6401 6402/6402/6402
f 6403/6403/6403 6404/6404/6404 6405/6405/6405
f 6406/6406/6406 6407/6407/6407 6408/6408/6408
f 6409/6409/6409 6410/6410/6410 6411/6411/6411
f 6412/6412/6412 6413/6413/6413 6414/6414/6414
f 6415/6415/6415 6416/6416/6416 6417/6417/6417
f 6418/6418/6418 6419/6419/6419 6420/6420/6420
f 6421/6421/6421 6422/6422/6422 6423/6423/6423
f 6424/6424/6424 6425/6425/6425 6426/6426/6426
f 6427/6427/6427 6428/6428/6428 6429/6429/6429
f 6430/6430/6430 6431/6431/6431 6432/6432/6432
f 6433/6433/6433 6434/6434/6434 6435/6435/6435
f 6436/6436/6436 6437/6437/6437 6438/6438/6438
f 6439/6439/6439 6440/6440/6440 6441/6441/6441
f 6442/6442/6442 6443/6443/6443 6444/6444/6444
f 6445/6445/6445 6446/6446/6446 6447/6447/6447
f 6448/6448/6448 6449/6449/6449 6450/6450/6450
f 6451/6451/6451 6452/6452/6452 6453/6453/6453
f 6454/6454/6454 6455/6455/6455 6456/6456/6456
f 6457/6457/6457 6458/6458/6458 6459/6459/6459
f 6460/6460/6460 6461/6461/6461 6462/6462/6462
f 6463/6463/6463 6464/6464/6464 6465/6465/6465
f 6466/6466/6466 6467/6467/6467 6468/6468/6468
f 6469/6469/6469 6470/6470/6470 6471/6471/6471
f 6472/6472/6472 6473/6473/6473 6474/6474/6474
f 6475/6475/6475 6476/6476/6476 6477/6477/6477
f 6478/6478/6478 6479/6479/6479 6480/6480/6480
f 6481/6481/6481 6482/6482/6482 6483/6483/6483
f 6484/6484/6484 6485/6485/6485 6486/6486/6486
f 6487/6487/6487 6488/6488/6488 6489/6489/6489
f 6490/6490/6490 6491/6491/6491 6492/6492/6492
f 6493/6493/6493 6494/6494/6494 6495/6495/6495
f 6496/6496/6496 6497/6497/6497 6498/6498/6498
f 6499/6499/6499 6500/6500/6500 6501/6501/6501
f 6502/6502/6502 6503/6503/6503 6504/6504/6504
f 6505/6505/6505 6506/6506/6506 6507/6507/6507
f 6508/6508/6508 6509/6509/6509 6510/6510/6510
f 6511/6511/6511 6512/6512/6512 6513/6513/6513
f 6514/6514/6514 6515/6515/6515 6516/6516/6516
f 6517/6517/6517 6518/6518/6518 6519/6519/6519
f 6520/6520/6520 6521/6521/6521 6522/6522/6522
f 6523/6523/6523 6524/6524/6524 6525/6525/6525
f 6526/6526/6526 6527/6527/6527 6528/6528/6528
f 6529/6529/6529 6530/6530/6530 6531/6531/6531
f 6532/6532/6532 6533/6533/6533 6534/6534/6534
f 6535/6535/6535 6536/6536/6536 6537/6537/6537
f 6538/6538/6538 6539/6539/6539 6540/6540/6540
f 6541/6541/6541 6542/6542/6542 6543/6543/6543
f 6544/6544/6544 6545/6545/6545 6546/6546/6546
f 6547/6547/6547 6548/6548/6548 6549/6549/6549
f 6550/6550/6550 6551/6551/6551 6552/6552/6552
f 6553/6553/6553 6554/6554/6554 6555/6555/6555
f 6556/6556/6556 6557/6557/6557 6558/6558/6558
f 6559/6559/6559 6560/6560/6560 6561/6561/6561
f 6562/6562/6562 6563/6563/6563 6564/6564/6564
f 6565/6565/6565 6566/6566/6566 6567/6567/6567
f 6568/6568/6568 6569/6569/6569 6570/6570/6570
f 6571/6571/6571 6572/6572/6572 6573/6573/6573
f 6574/6574/6574 6575/6575/6575 6576/6576/6576
f 6577/6577/6577 6578/6578/6578 6579/6579/6579
f 6580/6580/6580 6581/6581/6581 6582/6582/6582
f 6583/6583/6583 6584/6584/6584 6585/6585/6585
f 6586/6586/6586 6587/6587/6587 6588/6588/6588
f 6589/6589/6589 6590/6590/6590 6591/6591/6591
f 6592/6592/6592 6593/6593/6593 6594/6594/6594
f 6595/6595/6595 6596/6596/6596 6597/6597/6597
f 6598/6598/6598 6599/6599/6599 6600/6600/6600
f 6601/6601/6601 6602/6602/6602 6603/6603/6603
f 6604/6604/6604 6605/6605/6605 6606/6606/6606
f 6607/6607/6607 6608/6608/6608 6609/6609/6609
f 6610/6610/6610 6611/6611/6611 6612/6612/6612
f 6613/6613/6613 6614/6614/6614 6615/6615/6615
f 6616/6616/6616 6617/6617/6617 6618/6618/6618
f 6619/6619/6619 6620/6620/6620 6621/6621/6621
f 6622/6622/6622 6623/6623/6623 6624/6624/6624
f 6625/6625/6625 6626/6626/6626 6627/6627/6627
f 6628/6628/6628 6629/6629/6629 6630/6630/6630
f 6631/6631/6631 6632/6632/6632 6633/6633/6633
f 6634/6634/6634 6635/6635/6635 6636/6636/6636
f 6637/6637/6637 6638/6638/6638 6639/6639/6639
f 6640/6640/6640 6641/6641/6641 6642/6642/6642
f 6643/6643/6643 6644/6644/6644 6645/6645/6645
f 6646/6646/6646 6647/6647/6647 6648/6648/6648
f 6649/6649/6649 6650/6650/6650 6651/6651/6651
f 6652/6652/6652 6653/6653/6653 6654/6654/6654
f 6655/6655/6655 6656/6656/6656 6657/6657/6657
f 6658/6658/6658 6659/6659/6659 6660/6660/6660
f 6661/6661/6661 6662/6662/6662 6663/6663/6663
f 6664/6664/6664 6665/6665/6665 6666/6666/6666
f 6667/6667/6667 6668/6668/6668 6669/6669/6669
f 6670/6670/6670 6671/6671/6671 6672/6672/6672
f 6673/6673/6673 6674/6674/6674 6675/6675/6675
f 6676/6676/6676 6677/6677/6677 6678/6678/6678
f 6679/6679/6679 6680/6680/6680 6681/6681/6681
f 6682/6682/6682 6683/6683/6683 6684/6684/6684
f 6685/6685/6685 6686/6686/6686 6687/6687/6687
f 6688/6688/6688 6689/6689/6689 6690/6690/6690
f 6691/6691/6691 6692/6692/6692 6693/6693/6693
f 6694/6694/6694 6695/6695/6695 6696/6696/6696
f 6697/6697/6697 6698/6698/6698 6699/6699/6699
f 6700/6700/6700 6701/6701/6701 6702/6702/6702
f 6703/6703/6703 6704/6704/6704 6705/6705/6705
f 6706/6706/6706 6707/6707/6707 6708/6708/6708
f 6709/6709/6709 6710/6710/6710 6711/6711/6711
f 6712/6712/6712 6713/6713/6713 6714/6714/6714
f 6715/6715/6715 6716/6716/6716 6717/6717/6717
f 6718/6718/6718 6719/6719/6719 6720/6720/6720
f 6721/6721/6721 6722/6722/6722 6723/6723/6723
f 6724/6724/6724 6725/6725/6725 6726/6726/6726
f 6727/6727/6727 6728/6728/6728 6729/6729/6729
f 6730/6730/6730 6731/6731/6731 6732/6732/6732
f 6733/6733/6733 6734/6734/6734 6735/6735/6735
f 6736/6736/6736 6737/6737/6737 6738/6738/6738
f 6739/6739/6739 6740/6740/6740 6741/6741/6741
f 6742/6742/6742 6743/6743/6743 6744/6744/6744
f 6745/6745/6745 6746/6746/6746 6747/6747/6747
f 6748/6748/6748 6749/6749/6749 6750/6750/6750
f 6751/6751/6751 6752/6752/6752 6753/6753/6753
f 6754/6754/6754 6755/6755/6755 6756/6756/6756
f 6757/6757/6757 6758/6758/6758 6759/6759/6759
f 6760/6760/6760 6761/6761/6761 6762/6762/6762
f 6763/6763/6763 6764/6764/6764 6765/6765/6765
f 6766/6766/6766 6767/6767/6767 6768/6768/6768
f 6769/6769/6769 6770/6770/6770 6771/6771/6771
f 6772/6772/6772 6773/6773/6773 6774/6774/6774
f 6775/6775/6775 6776/6776/6776 6777/6777/6777
f 6778/6778/6778 6779/6779/6779 6780/6780/6780
f 6781/6781/6781 6782/6782/6782 6783/6783/6783
f 6784/6784/6784 6785/6785/6785 6786/6786/6786
f 6787/6787/6787 6788/6788/6788 6789/6789/6789
f 6790/6790/6790 6791/6791/6791 6792/6792/6792
f 6793/6793/6793 6794/6794/6794 6795/6795/6795
f 6796/6796/6796 6797/6797/6797 6798/6798/6798
f 6799/6799/6799 6800/6800/6800 6801/6801/6801
f 6802/6802/6802 6803/6803/6803 6804/6804/6804
f 6805/6805/6805 6806/6806/6806 6807/6807/6807
f 6808/6808/6808 6809/6809/6809 6810/6810/6810
f 6811/6811/6811 6812/6812/6812 6813/6813/6813
f 6814/6814/6814 6815/6815/6815 6816/6816/6816
f 6817/6817/6817 6818/6818/6818 6819/6819/6819
f 6820/6820/6820 6821/6821/6821 6822/6822/6822
f 6823/6823/6823 6824/6824/6824 6825/6825/6825
f 6826/6826/6826 6827/6827/6827 6828/6828/6828
f 6829/6829/6829 6830/6830/6830 6831/6831/6831
f 6832/6832/6832 6833/6833/6833 6834/6834/6834
f 6835/6835/6835 6836/6836/6836 6837/6837/6837
f 6838/6838/6838 6839/6839/6839 6840/6840/6840
f 6841/6841/6841 6842/6842/6842 6843/6843/6843
f 6844/6844/6844 6845/6845/6845 6846/6846/6846
f 6847/6847/6847 6848/6848/6848 6849/6849/6849
f 6850/6850/6850 6851/6851/6851 6852/6852/6852
f 6853/6853/6853 6854/6854/6854 6855/6855/6855
f 6856/6856/6856 6857/6857/6857 6858/6858/6858
f 6859/6859/6859 6860/6860/6860 6861/6861/6861
f 6862/6862/6862 6863/6863/6863 6864/6864/6864
f 6865/6865/6865 6866/6866/6866 6867/6867/6867
f 6868/6868/6868 6869/6869/6869 6870/6870/6870
f 6871/6871/6871 6872/6872/6872 6873/6873/6873
f 6874/6874/6874 6875/6875/6875 6876/6876/6876
f 6877/6877/6877 6878/6878/6878 6879/6879/6879
f 6880/6880/6880 6881/6881/6881 6882/6882/6882
f 6883/6883/6883 6884/6884/6884 6885/6885/6885
f 6886/6886/6886 6887/6887/6887 6888/6888/6888
f 6889/6889/6889 6890/6890/6890 6891/6891/6891
f 6892/6892/6892 6893/6893/6893 6894/6894/6894
f 6895/6895/6895 6896/6896/6896 6897/6897/6897
f 6898/6898/6898 6899/6899/6899 6900/6900/6900
f 6901/6901/6901 6902/6902/6902 6903/6903/6903
f 6904/6904/6904 6905/6905/6905 6906/6906/6906
f 6907/6907/6907 6908/6908/6908 6909/6909/6909
f 6910/6910/6910 6911/6911/6911 6912/6912/6912
f 6913/6913/6913 6914/6914/6914 6915/6915/6915
f 6916/6916/6916 6917/6917/6917 6918/6918/6918
f 6919/6919/6919 6920/6920/6920 6921/6921/6921
f 6922/6922/6922 6923/6923/6923 6924/6924/6924
f 6925/6925/6925 6926/6926/6926 6927/6927/6927
f 6928/6928/6928 6929/6929/6929 6930/6930/6930
f 6931/6931/6931 6932/6932/6932 6933/6933/6933
f 6934/6934/6934 6935/6935/6935 6936/6936/6936
f 6937/6937/6937 6938/6938/6938 6939/6939/6939
f 6940/6940/6940 6941/6941/6941 6942/6942/6942
f 6943/6943/6943 6944/6944/6944 6945/6945/6945
f 6946/6946/6946 6947/6947/6947 6948/6948/6948
f 6949/6949/6949 6950/6950/6950 6951/6951/6951
f 6952/6952/6952 6953/6953/6953 6954/6954/6954
f 6955/6955/6955 6956/6956/6956 6957/6957/6957
f 6958/6958/6958 6959/6959/6959 6960/6960/6960
f 6961/6961/6961 6962/6962/6962 6963/6963/6963
f 6964/6964/6964 6965/6965/6965 6966/6966/6966
f 6967/6967/6967 6968/6968/6968 6969/6969/6969
f 6970/6970/6970 6971/6971/6971 6972/6972/6972
f 6973/6973/6973 6974/6974/6974 6975/6975/6975
f 6976/6976/6976 6977/6977/6977 6978/6978/6978
f 6979/6979/6979 6980/6980/6980 6981/6981/6981
f 6982/6982/6982 6983/6983/6983 6984/6984/6984
f 6985/6985/6985 6986/6986/6986 6987/6987/6987
f 6988/6988/6988 6989/6989/6989 6990/6990/6990
f 6991/6991/6991 6992/6992/6992 6993/6993/6993
f 6994/6994/6994 6995/6995/6995 6996/6996/6996
f 6997/6997/6997 6998/6998/6998 6999/6999/6999
f 7000/7000/7000 7001/7001/7001 7002/7002/7002
f 7003/7003/7003 7004/7004/7004 7005/7005/7005
f 7006/7006/7006 7007/7007/7007 7008/7008/7008
f 7009/7009/7009 7010/7010/7010 7011/7011/7011
f 7012/7012/7012 7013/7013/7013 7014/7014/7014
f 7015/7015/7015 7016/7016/7016 7017/7017/7017
f 7018/7018/7018 7019/7019/7019 7020/7020/7020
f 7021/7021/7021 7022/7022/7022 7023/7023/7023
f 7024/7024/7024 7025/7025/7025 7026/7026/7026
f 7027/7027/7027 7028/7028/7028 7029/7029/7029
f 7030/7030/7030 7031/7031/7031 7032/7032/7032
f 7033/7033/7033 7034/7034/7034 7035/7035/7035
f 7036/7036/7036 7037/7037/7037 7038/7038/7038
f 7039/7039/7039 7040/7040/7040 7041/7041/7041
f 7042/7042/7042 7043/7043/7043 7044/7044/7044
f 7045/7045/7045 7046/7046/7046 7047/7047/7047
f 7048/7048/7048 7049/7049/7049 7050/7050/7050
f 7051/7051/7051 7052/7052/7052 7053/7053/7053
f 7054/7054/7054 7055/7055/7055 7056/7056/7056
f 7057/7057/7057 7058/7058/7058 7059/7059/7059
f 7060/7060/7060 7061/7061/7061 7062/7062/7062
f 7063/7063/7063 7064/7064/7064 7065/7065/7065
f 7066/7066/7066 7067/7067/7067 7068/7068/7068
f 7069/7069/7069 7070/7070/7070 7071/7071/7071
f 7072/7072/7072 7073/7073/7073 7074/7074/7074
f 7075/7075/7075 7076/7076/7076 7077/7077/7077
f 7078/7078/7078 7079/7079/7079 7080/7080/7080
f 7081/7081/7081 7082/7082/7082 7083/7083/7083
f 7084/7084/7084 7085/7085/7085 7086/7086/7086
f 7087/7087/7087 7088/7088/7088 7089/7089/7089
f 7090/7090/7090 7091/7091/7091 7092/7092/7092
f 7093/7093/7093 7094/7094/7094 7095/7095/7095
f 7096/7096/7096 7097/7097/7097 7098/7098/7098
f 7099/7099/7099 7100/7100/7100 7101/7101/7101
f 7102/7102/7102 7103/7103/7103 7104/7104/7104
f 7105/7105/7105 7106/7106/7106 7107/7107/7107
f 7108/7108/7108 7109/7109/7109 7110/7110/7110
f 7111/7111/7111 7112/7112/7112 7113/7113/7113
f 7114/7114/7114 7115/7115/7115 7116/7116/7116
f 7117/7117/7117 7118/7118/7118 7119/7119/7119
f 7120/7120/7120 7121/7121/7121 7122/7122/7122
f 7123/7123/7123 7124/7124/7124 7125/7125/7125
f 7126/7126/7126 7127/7127/7127 7128/7128/7128
f 7129/7129/7129 7130/7130/7130 7131/7131/7131
f 7132/7132/7132 7133/7133/7133 7134/7134/7134
f 7135/7135/7135 7136/7136/7136 7137/7137/7137
f 7138/7138/7138 7139/7139/7139 7140/7140/7140
f 7141/7141/7141 7142/7142/7142 7143/7143/7143
f 7144/7144/7144 7145/7145/7145 7146/7146/7146
f 7147/7147/7147 7148/7148/7148 7149/7149/7149
f 7150/7150/7150 7151/7151/7151 7152/7152/7152
f 7153/7153/7153 7154/7154/7154 7155/7155/7155
f 7156/7156/7156 7157/7157/7157 7158/7158/7158
f 7159/7159/7159 7160/7160/7160 7161/7161/7161
f 7162/7162/7162 7163/7163/7163 7164/7164/7164
f 7165/7165/7165 7166/7166/7166 7167/7167/7167
f 7168/7168/7168 7169/7169/7169 7170/7170/7170
f 7171/7171/7171 7172/7172/7172 7173/7173/7173
f 7174/7174/7174 7175/7175/7175 7176/7176/7176
f 7177/7177/7177 7178/7178/7178 7179/7179/7179
f 7180/7180/7180 7181/7181/7181 7182/7182/7182
f 7183/7183/7183 7184/7184/7184 7185/7185/7185
f 7186/7186/7186 7187/7187/7187 7188/7188/7188
f 7189/7189/7189 7190/7190/7190 7191/7191/7191
f 7192/7192/7192 7193/7193/7193 7194/7194/7194
f 7195/7195/7195 7196/7196/7196 7197/7197/7197
f 7198/7198/7198 7199/7199/7199 7200/7200/7200
f 7201/7201/7201 7202/7202/7202 7203/7203/7203
f 7204/7204/7204 7205/7205/7205 7206/7206/7206
f 7207/7207/7207 7208/7208/7208 7209/7209/7209
f 7210/7210/7210 7211/7211/7211 7212/7212/7212
f 7213/7213/7213 7214/7214/7214 7215/7215/7215
f 7216/7216/7216 7217/7217/7217 7218/7218/7218
f 7219/7219/7219 7220/7220/7220 7221/7221/7221
f 7222/7222/7222 7223/7223/7223 7224/7224/7224
f 7225/7225/7225 7226/7226/7226 7227/7227/7227
f 7228/7228/7228 7229/7229/7229 7230/7230/7230
f 7231/7231/7231 7232/7232/7232 7233/7233/7233
f 7234/7234/7234 7235/7235/7235 7236/7236/7236
f 7237/7237/7237 7238/7238/7238 7239/7239/7239
f 7240/7240/7240 7241/7241/7241 7242/7242/7242
f 7243/7243/7243 7244/7244/7244 7245/7245/7245
f 7246/7246/7246 7247/7247/7247 7248/7248/7248
f 7249/7249/7249 7250/7250/7250 7251/7251/7251
f 7252/7252/7252 7253/7253/7253 7254/7254/7254
f 7255/7255/7255 7256/7256/7256 7257/7257/7257
f 7258/7258/7258 7259/7259/7259 7260/7260/7260
f 7261/7261/7261 7262/7262/7262 7263/7263/7263
f 7264/7264/7264 7265/7265/7265 7266/7266/7266
f 7267/7267/7267 7268/7268/7268 7269/7269/7269
f 7270/7270/7270 7271/7271/7271 7272/7272/7272
f 7273/7273/7273 7274/7274/7274 7275/7275/7275
f 7276/7276/7276 7277/7277/7277 7278/7278/7278
f 7279/7279/7279 7280/7280/7280 7281/7281/7281
f 7282/7282/7282 7283/7283/7283 7284/7284/7284
f 7285/7285/7285 7286/7286/7286 7287/7287/7287
f 7288/7288/7288 7289/7289/7289 7290/7290/7290
f 7291/7291/7291 7292/7292/7292 7293/7293/7293
f 7294/7294/7294 7295/7295/7295 7296/7296/7296
f 7297/7297/7297 7298/7298/7298 7299/7299/7299
f 7300/7300/7300 7301/7301/7301 7302/7302/7302
f 7303/7303/7303 7304/7304/7304 7305/7305/7305
f 7306/7306/7306 7307/7307/7307 7308/7308/7308
f 7309/7309/7309 7310/7310/7310 7311/7311/7311
f 7312/7312/7312 7313/7313/7313 7314/7314/7314
f 7315/7315/7315 7316/7316/7316 7317/7317/7317
f 7318/7318/7318 7319/7319/7319 7320/7320/7320
f 7321/7321/7321 7322/7322/7322 7323/7323/7323
f 7324/7324/7324 7325/7325/7325 7326/7326/7326
f 7327/7327/7327 7328/7328/7328 7329/7329/7329
f 7330/7330/7330 7331/7331/7331 7332/7332/7332
f 7333/7333/7333 7334/7334/7334 7335/7335/7335
f 7336/7336/7336 7337/7337/7337 7338/7338/7338
f 7339/7339/7339 7340/7340/7340 7341/7341/7341
f 7342/7342/7342 7343/7343/7343 7344/7344/7344
f 7345/7345/7345 7346/7346/7346 7347/7347/7347
f 7348/7348/7348 7349/7349/7349 7350/7350/7350
f 7351/7351/7351 7352/7352/7352 7353/7353/7353
f 7354/7354/7354 7355/7355/7355 7356/7356/7356
f 7357/7357/7357 7358/7358/7358 7359/7359/7359
f 7360/7360/7360 7361/7361/7361 7362/7362/7362
f 7363/7363/7363 7364/7364/7364 7365/7365/7365
f 7366/7366/7366 7367/7367/7367 7368/7368/7368
f 7369/7369/7369 7370/7370/7370 7371/7371/7371
f 7372/7372/7372 7373/7373/7373 7374/7374/7374
f 7375/7375/7375 7376/7376/7376 7377/7377/7377
f 7378/7378/7378 7379/7379/7379 7380/7380/7380
f 7381/7381/7381 7382/7382/7382 7383/7383/7383
f 7384/7384/7384 7385/7385/7385 7386/7386/7386
f 7387/7387/7387 7388/7388/7388 7389/7389/7389
f 7390/7390/7390 7391/7391/7391 7392/7392/7392
f 7393/7393/7393 7394/7394/7394 7395/7395/7395
f 7396/7396/7396 7397/7397/7397 7398/7398/7398
f 7399/7399/7399 7400/7400/7400 7401/7401/7401
f 7402/7402/7402 7403/7403/7403 7404/7404/7404
f 7405/7405/7405 7406/7406/7406 7407/7407/7407
f 7408/7408/7408 7409/7409/7409 7410/7410/7410
f 7411/7411/7411 7412/7412/7412 7413/7413/7413
f 7414/7414/7414 7415/7415/7415 7416/7416/7416
f 7417/7417/7417 7418/7418/7418 7419/7419/7419
f 7420/7420/7420 7421/7421/7421 7422/7422/7422
f 7423/7423/7423 7424/7424/7424 7425/7425/7425
f 7426/7426/7426 7427/7427/7427 7428/7428/7428
f 7429/7429/7429 7430/7430/7430 7431/7431/7431
f 7432/7432/7432 7433/7433/7433 7434/7434/7434
f 7435/7435/7435 7436/7436/7436 7437/7437/7437
f 7438/7438/7438 7439/7439/7439 7440/7440/7440
f 7441/7441/7441 7442/7442/7442 7443/7443/7443
f 7444/7444/7444 7445/7445/7445 7446/7446/7446
f 7447/7447/7447 7448/7448/7448 7449/7449/7449
f 7450/7450/7450 7451/7451/7451 7452/7452/7452
f 7453/7453/7453 7454/7454/7454 7455/7455/7455
f 7456/7456/7456 7457/7457/7457 7458/7458/7458
f 7459/7459/7459 7460/7460/7460 7461/7461/7461
f 7462/7462/7462 7463/7463/7463 7464/7464/7464
f 7465/7465/7465 7466/7466/7466 7467/7467/7467
f 7468/7468/7468 7469/7469/7469 7470/7470/7470
f 7471/7471/7471 7472/7472/7472 7473/7473/7473
f 7474/7474/7474 7475/7475/7475 7476/7476/7476
f 7477/7477/7477 7478/7478/7478 7479/7479/7479
f 7480/7480/7480 7481/7481/7481 7482/7482/7482
f 7483/7483/7483 7484/7484/7484 7485/7485/7485
f 7486/7486/7486 7487/7487/7487 7488/7488/7488
f 7489/7489/7489 7490/7490/7490 7491/7491/7491
f 7492/7492/7492 7493/7493/7493 7494/7494/7494
f 7495/7495/7495 7496/7496/7496 7497/7497/7497
f 7498/7498/7498 7499/7499/7499 7500/7500/7500
f 7501/7501/7501 7502/7502/7502 7503/7503/7503
f 7504/7504/7504 7505/7505/7505 7506/7506/7506
f 7507/7507/7507 7508/7508/7508 7509/7509/7509
f 7510/7510/7510 7511/7511/7511 7512/7512/7512
f 7513/7513/7513 7514/7514/7514 7515/7515/7515
f 7516/7516/7516 7517/7517/7517 7518/7518/7518
f 7519/7519/7519 7520/7520/7520 7521/7521/7521
f 7522/7522/7522 7523/7523/7523 7524/7524/7524
f 7525/7525/7525 7526/7526/7526 7527/7527/7527
f 7528/7528/7528 7529/7529/7529 7530/7530/7530
f 7531/7531/7531 7532/7532/7532 7533/7533/7533
f 7534/7534/7534 7535/7535/7535 7536/7536/7536
f 7537/7537/7537 7538/7538/7538 7539/7539/7539
f 7540/7540/7540 7541/7541/7541 7542/7542/7542
f 7543/7543/7543 7544/7544/7544 7545/7545/7545
f 7546/7546/7546 7547/7547/7547 7548/7548/7548
f 7549/7549/7549 7550/7550/7550 7551/7551/7551
f 7552/7552/7552 7553/7553/7553 7554/7554/7554
f 7555/7555/7555 7556/7556/7556 7557/7557/7557
f 7558/7558/7558 7559/7559/7559 7560/7560/7560
f 7561/7561/7561 7562/7562/7562 7563/7563/7563
f 7564/7564/7564 7565/7565/7565 7566/7566/7566
f 7567/7567/7567 7568/7568/7568 7569/7569/7569
f 7570/7570/7570 7571/7571/7571 7572/7572/7572
f 7573/7573/7573 7574/7574/7574 7575/7575/7575
f 7576/7576/7576 7577/7577/7577 7578/7578/7578
f 7579/7579/7579 7580/7580/7580 7581/7581/7581
f 7582/7582/7582 7583/7583/7583 7584/7584/7584
f 7585/7585/7585 7586/7586/7586 7587/7587/7587
f 7588/7588/7588 7589/7589/7589 7590/7590/7590
f 7591/7591/7591 7592/7592/7592 7593/7593/7593
f 7594/7594/7594 7595/7595/7595 7596/7596/7596
f 7597/7597/7597 7598/7598/7598 7599/7599/7599
f 7600/7600/7600 7601/7601/7601 7602/7602/7602
f 7603/7603/7603 7604/7604/7604 7605/7605/7605
f 7606/7606/7606 7607/7607/7607 7608/7608/7608
f 7609/7609/7609 7610/7610/7610 7611/7611/7611
f 7612/7612/7612 7613/7613/7613 7614/7614/7614
f 7615/7615/7615 7616/7616/7616 7617/7617/7617
f 7618/7618/7618 7619/7619/7619 7620/7620/7620
f 7621/7621/7621 7622/7622/7622 7623/7623/7623
f 7624/7624/7624 7625/7625/7625 7626/7626/7626
f 7627/7627/7627 7628/7628/7628 7629/7629/7629
f 7630/7630/7630 7631/7631/7631 7632/7632/7632
f 7633/7633/7633 7634/7634/7634 7635/7635/7635
f 7636/7636/7636 7637/7637/7637 7638/7638/7638
f 7639/7639/7639 7640/7640/7640 7641/7641/7641
f 7642/7642/7642 7643/7643/7643 7644/7644/7644
f 7645/7645/7645 7646/7646/7646 7647/7647/7647
f 7648/7648/7648 7649/7649/7649 7650/7650/7650
f 7651/7651/7651 7652/7652/7652 7653/7653/7653
f 7654/7654/7654 7655/7655/7655 7656/7656/7656
f 7657/7657/7657 7658/7658/7658 7659/7659/7659
f 7660/7660/7660 7661/7661/7661 7662/7662/7662
f 7663/7663/7663 7664/7664/7664 7665/7665/7665
f 7666/7666/7666 7667/7667/7667 7668/7668/7668
f 7669/7669/7669 7670/7670/7670 7671/7671/7671
f 7672/7672/7672 7673/7673/7673 7674/7674/7674
f 7675/7675/7675 7676/7676/7676 7677/7677/7677
f 7678/7678/7678 7679/7679/7679 7680/7680/7680
f 7681/7681/7681 7682/7682/7682 7683/7683/7683
f 7684/7684/7684 7685/7685/7685 7686/7686/7686
f 7687/7687/7687 7688/7688/7688 7689/7689/7689
f 7690/7690/7690 7691/7691/7691 7692/7692/7692
f 7693/7693/7693 7694/7694/7694 7695/7695/7695
f 7696/7696/7696 7697/7697/7697 7698/7698/7698
f 7699/7699/7699 7700/7700/7700 7701/7701/7701
f 7702/7702/7702 7703/7703/7703 7704/7704/7704
f 7705/7705/7705 7706/7706/7706 7707/7707/7707
f 7708/7708/7708 7709/7709/7709 7710/7710/7710
f 7711/7711/7711 7712/7712/7712 7713/7713/7713
f 7714/7714/7714 7715/7715/7715 7716/7716/7716
f 7717/7717/7717 7718/7718/7718 7719/7719/7719
f 7720/7720/7720 7721/7721/7721 7722/7722/7722
f 7723/7723/7723 7724/7724/7724 7725/7725/7725
f 7726/7726/7726 7727/7727/7727 7728/7728/7728
f 7729/7729/7729 7730/7730/7730 7731/7731/7731
f 7732/7732/7732 7733/7733/7733 7734/7734/7734
f 7735/7735/7735 7736/7736/7736 7737/7737/7737
f 7738/7738/7738 7739/7739/7739 7740/7740/7740
f 7741/7741/7741 7742/7742/7742 7743/7743/7743
f 7744/7744/7744 7745/7745/7745 7746/7746/7746
f 7747/7747/7747 7748/7748/7748 7749/7749/7749
f 7750/7750/7750 7751/7751/7751 7752/7752/7752
f 7753/7753/7753 7754/7754/7754 7755/7755/7755
f 7756/7756/7756 7757/7757/7757 7758/7758/7758
f 7759/7759/7759 7760/7760/7760 7761/7761/7761
f 7762/7762/7762 7763/7763/7763 7764/7764/7764
f 7765/7765/7765 7766/7766/7766 7767/7767/7767
f 7768/7768/7768 7769/7769/7769 7770/7770/7770
f 7771/7771/7771 7772/7772/7772 7773/7773/7773
f 7774/7774/7774 7775/7775/7775 7776/7776/7776
f 7777/7777/7777 7778/7778/7778 7779/7779/7779
f 7780/7780/7780 7781/7781/7781 7782/7782/7782
f 7783/7783/7783 7784/7784/7784 7785/7785/7785
f 7786/7786/7786 7787/7787/7787 7788/7788/7788
f 7789/7789/7789 7790/7790/7790 7791/7791/7791
f 7792/7792/7792 7793/7793/7793 7794/7794/7794
f 7795/7795/7795 7796/7796/7796 7797/7797/7797
f 7798/7798/7798 7799/7799/7799 7800/7800/7800
f 7801/7801/7801 7802/7802/7802 7803/7803/7803
f 7804/7804/7804 7805/7805/7805 7806/7806/7806
f 7807/7807/7807 7808/7808/7808 7809/7809/7809
f 7810/7810/7810 7811/7811/7811 7812/7812/7812
f 7813/7813/7813 7814/7814/7814 7815/7815/7815
f 7816/7816/7816 7817/7817/7817 7818/7818/7818
f 7819/7819/7819 7820/7820/7820 7821/7821/7821
f 7822/7822/7822 7823/7823/7823 7824/7824/7824
f 7825/7825/7825 7826/7826/7826 7827/7827/7827
f 7828/7828/7828 7829/7829/7829 7830/7830/7830
f 7831/7831/7831 7832/7832/7832 7833/7833/7833
f 7834/7834/7834 7835/7835/7835 7836/7836/7836
f 7837/7837/7837 7838/7838/7838 7839/7839/7839
f 7840/7840/7840 7841/7841/7841 7842/7842/7842
f 7843/7843/7843 7844/7844/7844 7845/7845/7845
f 7846/7846/7846 7847/7847/7847 7848/7848/7848
f 7849/7849/7849 7850/7850/7850 7851/7851/7851
f 7852/7852/7852 7853/7853/7853 7854/7854/7854
f 7855/7855/7855 7856/7856/7856 7857/7857/7857
f 7858/7858/7858 7859/7859/7859 7860/7860/7860
f 7861/7861/7861 7862/7862/7862 7863/7863/7863
f 7864/7864/7864 7865/7865/7865 7866/7866/7866
f 7867/7867/7867 7868/7868/7868 7869/7869/7869
f 7870/7870/7870 7871/7871/7871 7872/7872/7872
f 7873/7873/7873 7874/7874/7874 7875/7875/7875
f 7876/7876/7876 7877/7877/7877 7878/7878/7878
f 7879/7879/7879 7880/7880/7880 7881/7881/7881
f 7882/7882/7882 7883/7883/7883 7884/7884/7884
f 7885/7885/7885 7886/7886/7886 7887/7887/7887
f 7888/7888/7888 7889/7889/7889 7890/7890/7890
f 7891/7891/7891 7892/7892/7892 7893/7893/7893
f 7894/7894/7894 7895/7895/7895 7896/7896/7896
f 7897/7897/7897 7898/7898/7898 7899/7899/7899
f 7900/7900/7900 7901/7901/7901 7902/7902/7902
f 7903/7903/7903 7904/7904/7904 7905/7905/7905
f 7906/7906/7906 7907/7907/7907 7908/7908/7908
f 7909/7909/7909 7910/7910/7910 7911/7911/7911
f 7912/7912/7912 7913/7913/7913 7914/7914/7914
f 7915/7915/7915 7916/7916/7916 7917/7917/7917
f 7918/7918/7918 7919/7919/7919 7920/7920/7920
f 7921/7921/7921 7922/7922/7922 7923/7923/7923
f 7924/7924/7924 7925/7925/7925 7926/7926/7926
f 7927/7927/7927 7928/7928/7928 7929/7929/7929
f 7930/7930/7930 7931/7931/7931 7932/7932/7932
f 7933/7933/7933 7934/7934/7934 7935/7935/7935
f 7936/7936/7936 7937/7937/7937 7938/7938/7938
f 7939/7939/7939 7940/7940/7940 7941/7941/7941
f 7942/7942/7942 7943/7943/7943 7944/7944/7944
f 7945/7945/7945 7946/7946/7946 7947/7947/7947
f 7948/7948/7948 7949/7949/7949 7950/7950/7950
f 7951/7951/7951 7952/7952/7952 7953/7953/7953
f 7954/7954/7954 7955/7955/7955 7956/7956/7956
f 7957/7957/7957 7958/7958/7958 7959/7959/7959
f 7960/7960/7960 7961/7961/7961 7962/7962/7962
f 7963/7963/7963 7964/7964/7964 7965/7965/7965
f 7966/7966/7966 7967/7967/7967 7968/7968/7968
f 7969/7969/7969 7970/7970/7970 7971/7971/7971
f 7972/7972/7972 7973/7973/7973 7974/7974/7974
f 7975/7975/7975 7976/7976/7976 7977/7977/7977
f 7978/7978/7978 7979/7979/7979 7980/7980/7980
f 7981/7981/7981 7982/7982/7982 7983/7983/7983
f 7984/7984/7984 7985/7985/7985 7986/7986/7986
f 7987/7987/7987 7988/7988/7988 7989/7989/7989
f 7990/7990/7990 7991/7991/7991 7992/7992/7992
f 7993/7993/7993 7994/7994/7994 7995/7995/7995
f 7996/7996/7996 7997/7997/7997 7998/7998/7998
f 7999/7999/7999 8000/8000/8000 8001/8001/8001
f 8002/8002/8002 8003/8003/8003 8004/8004/8004
f 8005/8005/8005 8006/8006/8006 8007/8007/8007
f 8008/8008/8008 8009/8009/8009 8010/8010/8010
f 8011/8011/8011 8012/8012/8012 8013/8013/8013
f 8014/8014/8014 8015/8015/8015 8016/8016/8016
f 8017/8017/8017 8018/8018/8018 8019/8019/8019
f 8020/8020/8020 8021/8021/8021 8022/8022/8022
f 8023/8023/8023 8024/8024/8024 8025/8025/8025
f 8026/8026/8026 8027/8027/8027 8028/8028/8028
f 8029/8029/8029 8030/8030/8030 8031/8031/8031
f 8032/8032/8032 8033/8033/8033 8034/8034/8034
f 8035/8035/8035 8036/8036/8036 8037/8037/8037
f 8038/8038/8038 8039/8039/8039 8040/8040/8040
f 8041/8041/8041 8042/8042/8042 8043/8043/8043
f 8044/8044/8044 8045/8045/8045 8046/8046/8046
f 8047/8047/8047 8048/8048/8048 8049/8049/8049
f 8050/8050/8050 8051/8051/8051 8052/8052/8052
f 8053/8053/8053 8054/8054/8054 8055/8055/8055
f 8056/8056/8056 8057/8057/8057 8058/8058/8058
f 8059/8059/8059 8060/8060/8060 8061/8061/8061
f 8062/8062/8062 8063/8063/8063 8064/8064/8064
f 8065/8065/8065 8066/8066/8066 8067/8067/8067
f 8068/8068/8068 8069/8069/8069 8070/8070/8070
f 8071/8071/8071 8072/8072/8072 8073/8073/8073
f 8074/8074/8074 8075/8075/8075 8076/8076/8076
f 8077/8077/8077 8078/8078/8078 8079/8079/8079
f 8080/8080/8080 8081/8081/8081 8082/8082/8082
f 8083/8083/8083 8084/8084/8084 8085/8085/8085
f 8086/8086/8086 8087/8087/8087 8088/8088/8088
f 8089/8089/8089 8090/8090/8090 8091/8091/8091
f 8092/8092/8092 8093/8093/8093 8094/8094/8094
f 8095/8095/8095 8096/8096/8096 8097/8097/8097
f 8098/8098/8098 8099/8099/8099 8100/8100/8100
f 8101/8101/8101 8102/8102/8102 8103/8103/8103
f 8104/8104/8104 8105/8105/8105 8106/8106/8106
f 8107/8107/8107 8108/8108/8108 8109/8109/8109
f 8110/8110/8110 8111/8111/8111 8112/8112/8112
f 8113/8113/8113 8114/8114/8114 8115/8115/8115
f 8116/8116/8116 8117/8117/8117 8118/8118/8118
f 8119/8119/8119 8120/8120/8120 8121/8121/8121
f 8122/8122/8122 8123/8123/8123 8124/8124/8124
f 8125/8125/8125 8126/8126/8126 8127/8127/8127
f 8128/8128/8128 8129/8129/8129 8130/8130/8130
f 8131/8131/8131 8132/8132/8132 8133/8133/8133
f 8134/8134/8134 8135/8135/8135 8136/8136/8136
f 8137/8137/8137 8138/8138/8138 8139/8139/8139
f 8140/8140/8140 8141/8141/8141 8142/8142/8142
f 8143/8143/8143 8144/8144/8144 8145/8145/8145
f 8146/8146/8146 8147/8147/8147 8148/8148/8148
f 8149/8149/8149 8150/8150/8150 8151/8151/8151
f 8152/8152/8152 8153/8153/8153 8154/8154/8154
f 8155/8155/8155 8156/8156/8156 8157/8157/8157
f 8158/8158/8158 8159/8159/8159 8160/8160/8160
f 8161/8161/8161 8162/8162/8162 8163/8163/8163
f 8164/8164/8164 8165/8165/8165 8166/8166/8166
f 8167/8167/8167 8168/8168/8168 8169/8169/8169
f 8170/8170/8170 8171/8171/8171 8172/8172/8172
f 8173/8173/8173 8174/8174/8174 8175/8175/8175
f 8176/8176/8176 8177/8177/8177 8178/8178/8178
f 8179/8179/8179 8180/8180/8180 8181/8181/8181
f 8182/8182/8182 8183/8183/8183 8184/8184/8184
f 8185/8185/8185 8186/8186/8186 8187/8187/8187
f 8188/8188/8188 8189/8189/8189 8190/8190/8190
f 8191/8191/8191 8192/8192/8192 8193/8193/8193
f 8194/8194/8194 8195/8195/8195 8196/8196/8196
f 8197/8197/8197 8198/8198/8198 8199/8199/8199
f 8200/8200/8200 8201/8201/8201 8202/8202/8202
f 8203/8203/8203 8204/8204/8204 8205/8205/8205
f 8206/8206/8206 8207/8207/8207 8208/8208/8208
f 8209/8209/8209 8210/8210/8210 8211/8211/8211
f 8212/8212/8212 8213/8213/8213 8214/8214/8214
f 8215/8215/8215 8216/8216/8216 8217/8217/8217
f 8218/8218/8218 8219/8219/8219 8220/8220/8220
f 8221/8221/8221 8222/8222/8222 8223/8223/8223
f 8224/8224/8224 8225/8225/8225 8226/8226/8226
f 8227/8227/8227 8228/8228/8228 8229/8229/8229
f 8230/8230/8230 8231/8231/8231 8232/8232/8232
f 8233/8233/8233 8234/8234/8234 8235/8235/8235
f 8236/8236/8236 8237/8237/8237 8238/8238/8238
f 8239/8239/8239 8240/8240/8240 8241/8241/8241
f 8242/8242/8242 8243/8243/8243 8244/8244/8244
f 8245/8245/8245 8246/8246/8246 8247/8247/8247
f 8248/8248/8248 8249/8249/8249 8250/8250/8250
f 8251/8251/8251 8252/8252/8252 8253/8253/8253
f 8254/8254/8254 8255/8255/8255 8256/8256/8256
f 8257/8257/8257 8258/8258/8258 8259/8259/8259
f 8260/8260/8260 8261/8261/8261 8262/8262/8262
f 8263/8263/8263 8264/8264/8264 8265/8265/8265
f 8266/8266/8266 8267/8267/8267 8268/8268/8268
f 8269/8269/8269 8270/8270/8270 8271/8271/8271
f 8272/8272/8272 8273/8273/8273 8274/8274/8274
f 8275/8275/8275 8276/8276/8276 8277/8277/8277
f 8278/8278/8278 8279/8279/8279 8280/8280/8280
f 8281/8281/8281 8282/8282/8282 8283/8283/8283
f 8284/8284/8284 8285/8285/8285 8286/8286/8286
f 8287/8287/8287 8288/8288/8288 8289/8289/8289
f 8290/8290/8290 8291/8291/8291 8292/8292/8292
f 8293/8293/8293 8294/8294/8294 8295/8295/8295
f 8296/8296/8296 8297/8297/8297 8298/8298/8298
f 8299/8299/8299 8300/8300/8300 8301/8301/8301
f 8302/8302/8302 8303/8303/8303 8304/8304/8304
f 8305/8305/8305 8306/8306/8306 8307/8307/8307
f 8308/8308/8308 8309/8309/8309 8310/8310/8310
f 8311/8311/8311 8312/8312/8312 8313/8313/8313
f 8314/8314/8314 8315/8315/8315 8316/8316/8316
f 8317/8317/8317 8318/8318/8318 8319/8319/8319
f 8320/8320/8320 8321/8321/8321 8322/8322/8322
f 8323/8323/8323 8324/8324/8324 8325/8325/8325
f 8326/8326/8326 8327/8327/8327 8328/8328/8328
f 8329/8329/8329 8330/8330/8330 8331/8331/8331
f 8332/8332/8332 8333/8333/8333 8334/8334/8334
f 8335/8335/8335 8336/8336/8336 8337/8337/8337
f 8338/8338/8338 8339/8339/8339 8340/8340/8340
f 8341/8341/8341 8342/8342/8342 8343/8343/8343
f 8344/8344/8344 8345/8345/8345 8346/8346/8346
f 8347/8347/8347 8348/8348/8348 8349/8349/8349
f 8350/8350/8350 8351/8351/8351 8352/8352/8352
f 8353/8353/8353 8354/8354/8354 8355/8355/8355
f 8356/8356/8356 8357/8357/8357 8358/8358/8358
f 8359/8359/8359 8360/8360/8360 8361/8361/8361
f 8362/8362/8362 8363/8363/8363 8364/8364/8364
f 8365/8365/8365 8366/8366/8366 8367/8367/8367
f 8368/8368/8368 8369/8369/8369 8370/8370/8370
f 8371/8371/8371 8372/8372/8372 8373/8373/8373
f 8374/8374/8374 8375/8375/8375 8376/8376/8376
f 8377/8377/8377 8378/8378/8378 8379/8379/8379
f 8380/8380/8380 8381/8381/8381 8382/8382/8382
f 8383/8383/8383 8384/8384/8384 8385/8385/8385
f 8386/8386/8386 8387/8387/8387 8388/8388/8388
f 8389/8389/8389 8390/8390/8390 8391/8391/8391
f 8392/8392/8392 8393/8393/8393 8394/8394/8394
f 8395/8395/8395 8396/8396/8396 8397/8397/8397
f 8398/8398/8398 8399/8399/8399 8400/8400/8400
f 8401/8401/8401 8402/8402/8402 8403/8403/8403
f 8404/8404/8404 8405/8405/8405 8406/8406/8406
f 8407/8407/8407 8408/8408/8408 8409/8409/8409
f 8410/8410/8410 8411/8411/8411 8412/8412/8412
f 8413/8413/8413 8414/8414/8414 8415/8415/8415
f 8416/8416/8416 8417/8417/8417 8418/8418/8418
f 8419/8419/8419 8420/8420/8420 8421/8421/8421
f 8422/8422/8422 8423/8423/8423 8424/8424/8424
f 8425/8425/8425 8426/8426/8426 8427/8427/8427
f 8428/8428/8428 8429/8429/8429 8430/8430/8430
f 8431/8431/8431 8432/8432/8432 8433/8433/8433
f 8434/8434/8434 8435/8435/8435 8436/8436/8436
f 8437/8437/8437 8438/8438/8438 8439/8439/8439
f 8440/8440/8440 8441/8441/8441 8442/8442/8442
f 8443/8443/8443 8444/8444/8444 8445/8445/8445
f 8446/8446/8446 8447/8447/8447 8448/8448/8448
f 8449/8449/8449 8450/8450/8450 8451/8451/8451
f 8452/8452/8452 8453/8453/8453 8454/8454/8454
f 8455/8455/8455 8456/8456/8456 8457/8457/8457
f 8458/8458/8458 8459/8459/8459 8460/8460/8460
f 8461/8461/8461 8462/8462/8462 8463/8463/8463
f 8464/8464/8464 8465/8465/8465 8466/8466/8466
f 8467/8467/8467 8468/8468/8468 8469/8469/8469
f 8470/8470/8470 8471/8471/8471 8472/8472/8472
f 8473/8473/8473 8474/8474/8474 8475/8475/8475
f 8476/8476/8476 8477/8477/8477 8478/8478/8478
f 8479/8479/8479 8480/8480/8480 8481/8481/8481
f 8482/8482/8482 8483/8483/8483 8484/8484/8484
f 8485/8485/8485 8486/8486/8486 8487/8487/8487
f 8488/8488/8488 8489/8489/8489 8490/8490/8490
f 8491/8491/8491 8492/8492/8492 8493/8493/8493
f 8494/8494/8494 8495/8495/8495 8496/8496/8496
f 8497/8497/8497 8498/8498/8498 8499/8499/8499
f 8500/8500/8500 8501/8501/8501 8502/8502/8502
f 8503/8503/8503 8504/8504/8504 8505/8505/8505
f 8506/8506/8506 8507/8507/8507 8508/8508/8508
f 8509/8509/8509 8510/8510/8510 8511/8511/8511
f 8512/8512/8512 8513/8513/8513 8514/8514/8514
f 8515/8515/8515 8516/8516/8516 8517/8517/8517
f 8518/8518/8518 8519/8519/8519 8520/8520/8520
f 8521/8521/8521 8522/8522/8522 8523/8523/8523
f 8524/8524/8524 8525/8525/8525 8526/8526/8526
f 8527/8527/8527 8528/8528/8528 8529/8529/8529
f 8530/8530/8530 8531/8531/8531 8532/8532/8532
f 8533/8533/8533 8534/8534/8534 8535/8535/8535
f 8536/8536/8536 8537/8537/8537 8538/8538/8538
f 8539/8539/8539 8540/8540/8540 8541/8541/8541
f 8542/8542/8542 8543/8543/8543 8544/8544/8544
f 8545/8545/8545 8546/8546/8546 8547/8547/8547
f 8548/8548/8548 8549/8549/8549 8550/8550/8550
f 8551/8551/8551 8552/8552/8552 8553/8553/8553
f 8554/8554/8554 8555/8555/8555 8556/8556/8556
f 8557/8557/8557 8558/8558/8558 8559/8559/8559
f 8560/8560/8560 8561/8561/8561 8562/8562/8562
f 8563/8563/8563 8564/8564/8564 8565/8565/8565
f 8566/8566/8566 8567/8567/8567 8568/8568/8568
f 8569/8569/8569 8570/8570/8570 8571/8571/8571
f 8572/8572/8572 8573/8573/8573 8574/8574/8574
f 8575/8575/8575 8576/8576/8576 8577/8577/8577
f 8578/8578/8578 8579/8579/8579 8580/8580/8580
f 8581/8581/8581 8582/8582/8582 8583/8583/8583
f 8584/8584/8584 8585/8585/8585 8586/8586/8586
f 8587/8587/8587 8588/8588/8588 8589/8589/8589
f 8590/8590/8590 8591/8591/8591 8592/8592/8592
f 8593/8593/8593 8594/8594/8594 8595/8595/8595
f 8596/8596/8596 8597/8597/8597 8598/8598/8598
f 8599/8599/8599 8600/8600/8600 8601/8601/8601
f 8602/8602/8602 8603/8603/8603 8604/8604/8604
f 8605/8605/8605 8606/8606/8606 8607/8607/8607
f 8608/8608/8608 8609/8609/8609 8610/8610/8610
f 8611/8611/8611 8612/8612/8612 8613/8613/8613
f 8614/8614/8614 8615/8615/8615 8616/8616/8616
f 8617/8617/8617 8618/8618/8618 8619/8619/8619
f 8620/8620/8620 8621/8621/8621 8622/8622/8622
f 8623/8623/8623 8624/8624/8624 8625/8625/8625
f 8626/8626/8626 8627/8627/8627 8628/8628/8628
f 8629/8629/8629 8630/8630/8630 8631/8631/8631
f 8632/8632/8632 8633/8633/8633 8634/8634/8634
f 8635/8635/8635 8636/8636/8636 8637/8637/8637
f 8638/8638/8638 8639/8639/8639 8640/8640/8640
f 8641/8641/8641 8642/8642/8642 8643/8643/8643
f 8644/8644/8644 8645/8645/8645 8646/8646/8646
f 8647/8647/8647 8648/8648/8648 8649/8649/8649
f 8650/8650/8650 8651/8651/8651 8652/8652/8652
f 8653/8653/8653 8654/8654/8654 8655/8655/8655
f 8656/8656/8656 8657/8657/8657 8658/8658/8658
f 8659/8659/8659 8660/8660/8660 8661/8661/8661
f 8662/8662/8662 8663/8663/8663 8664/8664/8664
f 8665/8665/8665 8666/8666/8666 8667/8667/8667
f 8668/8668/8668 8669/8669/8669 8670/8670/8670
f 8671/8671/8671 8672/8672/8672 8673/8673/8673
f 8674/8674/8674 8675/8675/8675 8676/8676/8676
f 8677/8677/8677 8678/8678/8678 8679/8679/8679
f 8680/8680/8680 8681/8681/8681 8682/8682/8682
f 8683/8683/8683 8684/8684/8684 8685/8685/8685
f 8686/8686/8686 8687/8687/8687 8688/8688/8688
f 8689/8689/8689 8690/8690/8690 8691/8691/8691
f 8692/8692/8692 8693/8693/8693 8694/8694/8694
f 8695/8695/8695 8696/8696/8696 8697/8697/8697
f 8698/8698/8698 8699/8699/8699 8700/8700/8700
f 8701/8701/8701 8702/8702/8702 8703/8703/8703
f 8704/8704/8704 8705/8705/8705 8706/8706/8706
f 8707/8707/8707 8708/8708/8708 8709/8709/8709
f 8710/8710/8710 8711/8711/8711 8712/8712/8712
f 8713/8713/8713 8714/8714/8714 8715/8715/8715
f 8716/8716/8716 8717/8717/8717 8718/8718/8718
f 8719/8719/8719 8720/8720/8720 8721/8721/8721
f 8722/8722/8722 8723/8723/8723 8724/8724/8724
f 8725/8725/8725 8726/8726/8726 8727/8727/8727
f 8728/8728/8728 8729/8729/8729 8730/8730/8730
f 8731/8731/8731 8732/8732/8732 8733/8733/8733
f 8734/8734/8734 8735/8735/8735 8736/8736/8736
f 8737/8737/8737 8738/8738/8738 8739/8739/8739
f 8740/8740/8740 8741/8741/8741 8742/8742/8742
f 8743/8743/8743 8744/8744/8744 8745/8745/8745
f 8746/8746/8746 8747/8747/8747 8748/8748/8748
f 8749/8749/8749 8750/8750/8750 8751/8751/8751
f 8752/8752/8752 8753/8753/8753 8754/8754/8754
f 8755/8755/8755 8756/8756/8756 8757/8757/8757
f 8758/8758/8758 8759/8759/8759 8760/8760/8760
f 8761/8761/8761 8762/8762/8762 8763/8763/8763
f 8764/8764/8764 8765/8765/8765 8766/8766/8766
f 8767/8767/8767 8768/8768/8768 8769/8769/8769
f 8770/8770/8770 8771/8771/8771 8772/8772/8772
f 8773/8773/8773 8774/8774/8774 8775/8775/8775
f 8776/8776/8776 8777/8777/8777 8778/8778/8778
f 8779/8779/8779 8780/8780/8780 8781/8781/8781
f 8782/8782/8782 8783/8783/8783 8784/8784/8784
f 8785/8785/8785 8786/8786/8786 8787/8787/8787
f 8788/8788/8788 8789/8789/8789 8790/8790/8790
f 8791/8791/8791 8792/8792/8792 8793/8793/8793
f 8794/8794/8794 8795/8795/8795 8796/8796/8796
f 8797/8797/8797 8798/8798/8798 8799/8799/8799
f 8800/8800/8800 8801/8801/8801 8802/8802/8802
f 8803/8803/8803 8804/8804/8804 8805/8805/8805
f 8806/8806/8806 8807/8807/8807 8808/8808/8808
f 8809/8809/8809 8810/8810/8810 8811/8811/8811
f 8812/8812/8812 8813/8813/8813 8814/8814/8814
f 8815/8815/8815 8816/8816/8816 8817/8817/8817
f 8818/8818/8818 8819/8819/8819 8820/8820/8820
f 8821/8821/8821 8822/8822/8822 8823/8823/8823
f 8824/8824/8824 8825/8825/8825 8826/8826/8826
f 8827/8827/8827 8828/8828/8828 8829/8829/8829
f 8830/8830/8830 8831/8831/8831 8832/8832/8832
f 8833/8833/8833 8834/8834/8834 8835/8835/8835
f 8836/8836/8836 8837/8837/8837 8838/8838/8838
f 8839/8839/8839 8840/8840/8840 8841/8841/8841
f 8842/8842/8842 8843/8843/8843 8844/8844/8844
f 8845/8845/8845 8846/8846/8846 8847/8847/8847
f 8848/8848/8848 8849/8849/8849 8850/8850/8850
f 8851/8851/8851 8852/8852/8852 8853/8853/8853
f 8854/8854/8854 8855/8855/8855 8856/8856/8856
f 8857/8857/8857 8858/8858/8858 8859/8859/8859
f 8860/8860/8860 8861/8861/8861 8862/8862/8862
f 8863/8863/8863 8864/8864/8864 8865/8865/8865
f 8866/8866/8866 8867/8867/8867 8868/8868/8868
f 8869/8869/8869 8870/8870/8870 8871/8871/8871
f 8872/8872/8872 8873/8873/8873 8874/8874/8874
f 8875/8875/8875 8876/8876/8876 8877/8877/8877
f 8878/8878/8878 8879/8879/8879 8880/8880/8880
f 8881/8881/8881 8882/8882/8882 8883/8883/8883
f 8884/8884/8884 8885/8885/8885 8886/8886/8886
f 8887/8887/8887 8888/8888/8888 8889/8889/8889
f 8890/8890/8890 8891/8891/8891 8892/8892/8892
f 8893/8893/8893 8894/8894/8894 8895/8895/8895
f 8896/8896/8896 8897/8897/8897 8898/8898/8898
f 8899/8899/8899 8900/8900/8900 8901/8901/8901
f 8902/8902/8902 8903/8903/8903 8904/8904/8904
f 8905/8905/8905 8906/8906/8906 8907/8907/8907
f 8908/8908/8908 8909/8909/8909 8910/8910/8910
f 8911/8911/8911 8912/8912/8912 8913/8913/8913
f 8914/8914/8914 8915/8915/8915 8916/8916/8916
f 8917/8917/8917 8918/8918/8918 8919/8919/8919
f 8920/8920/8920 8921/8921/8921 8922/8922/8922
f 8923/8923/8923 8924/8924/8924 8925/8925/8925
f 8926/8926/8926 8927/8927/8927 8928/8928/8928
f 8929/8929/8929 8930/8930/8930 8931/8931/8931
f 8932/8932/8932 8933/8933/8933 8934/8934/8934
f 8935/8935/8935 8936/8936/8936 8937/8937/8937
f 8938/8938/8938 8939/8939/8939 8940/8940/8940
f 8941/8941/8941 8942/8942/8942 8943/8943/8943
f 8944/8944/8944 8945/8945/8945 8946/8946/8946
f 8947/8947/8947 8948/8948/8948 8949/8949/8949
f 8950/8950/8950 8951/8951/8951 8952/8952/8952
f 8953/8953/8953 8954/8954/8954 8955/8955/8955
f 8956/8956/8956 8957/8957/8957 8958/8958/8958
f 8959/8959/8959 8960/8960/8960 8961/8961/8961
f 8962/8962/8962 8963/8963/8963 8964/8964/8964
f 8965/8965/8965 8966/8966/8966 8967/8967/8967
f 8968/8968/8968 8969/8969/8969 8970/8970/8970
f 8971/8971/8971 8972/8972/8972 8973/8973/8973
f 8974/8974/8974 8975/8975/8975 8976/8976/8976
f 8977/8977/8977 8978/8978/8978 8979/8979/8979
f 8980/8980/8980 8981/8981/8981 8982/8982/8982
f 8983/8983/8983 8984/8984/8984 8985/8985/8985
f 8986/8986/8986 8987/8987/8987 8988/8988/8988
f 8989/8989/8989 8990/8990/8990 8991/8991/8991
f 8992/8992/8992 8993/8993/8993 8994/8994/8994
f 8995/8995/8995 8996/8996/8996 8997/8997/8997
f 8998/8998/8998 8999/8999/8999 9000/9000/9000
f 9001/9001/9001 9002/9002/9002 9003/9003/9003
f 9004/9004/9004 9005/9005/9005 9006/9006/9006
f 9007/9007/9007 9008/9008/9008 9009/9009/9009
f 9010/9010/9010 9011/9011/9011 9012/9012/9012
f 9013/9013/9013 9014/9014/9014 9015/9015/9015
f 9016/9016/9016 9017/9017/9017 9018/9018/9018
f 9019/9019/9019 9020/9020/9020 9021/9021/9021
f 9022/9022/9022 9023/9023/9023 9024/9024/9024
f 9025/9025/9025 9026/9026/9026 9027/9027/9027
f 9028/9028/9028 9029/9029/9029 9030/9030/9030
f 9031/9031/9031 9032/9032/9032 9033/9033/9033
f 9034/9034/9034 9035/9035/9035 9036/9036/9036
f 9037/9037/9037 9038/9038/9038 9039/9039/9039
f 9040/9040/9040 9041/9041/9041 9042/9042/9042
f 9043/9043/9043 9044/9044/9044 9045/9045/9045
f 9046/9046/9046 9047/9047/9047 9048/9048/9048
f 9049/9049/9049 9050/9050/9050 9051/9051/9051
f 9052/9052/9052 9053/9053/9053 9054/9054/9054
f 9055/9055/9055 9056/9056/9056 9057/9057/9057
f 9058/9058/9058 9059/9059/9059 9060/9060/9060
f 9061/9061/9061 9062/9062/9062 9063/9063/9063
f 9064/9064/9064 9065/9065/9065 9066/9066/9066
f 9067/9067/9067 9068/9068/9068 9069/9069/9069
f 9070/9070/9070 9071/9071/9071 9072/9072/9072
f 9073/9073/9073 9074/9074/9074 9075/9075/9075
f 9076/9076/9076 9077/9077/9077 9078/9078/9078
f 9079/9079/9079 9080/9080/9080 9081/9081/9081
f 9082/9082/9082 9083/9083/9083 9084/9084/9084
f 9085/9085/9085 9086/9086/9086 9087/9087/9087
f 9088/9088/9088 9089/9089/9089 9090/9090/9090
f 9091/9091/9091 9092/9092/9092 9093/9093/9093
f 9094/9094/9094 9095/9095/9095 9096/9096/9096
f 9097/9097/9097 9098/9098/9098 9099/9099/9099
f 9100/9100/9100 9101/9101/9101 9102/9102/9102
f 9103/9103/9103 9104/9104/9104 9105/9105/9105
f 9106/9106/9106 9107/9107/9107 9108/9108/9108
f 9109/9109/9109 9110/9110/9110 9111/9111/9111
f 9112/9112/9112 9113/9113/9113 9114/9114/9114
f 9115/9115/9115 9116/9116/9116 9117/9117/9117
f 9118/9118/9118 9119/9119/9119 9120/9120/9120
f 9121/9121/9121 9122/9122/9122 9123/9123/9123
f 9124/9124/9124 9125/9125/9125 9126/9126/9126
f 9127/9127/9127 9128/9128/9128 9129/9129/9129
f 9130/9130/9130 9131/9131/9131 9132/9132/9132
f 9133/9133/9133 9134/9134/9134 9135/9135/9135
f 9136/9136/9136 9137/9137/9137 9138/9138/9138
f 9139/9139/9139 9140/9140/9140 9141/9141/9141
f 9142/9142/9142 9143/9143/9143 9144/9144/9144
f 9145/9145/9145 9146/9146/9146 9147/9147/9147
f 9148/9148/9148 9149/9149/9149 9150/9150/9150
f 9151/9151/9151 9152/9152/9152 9153/9153/9153
f 9154/9154/9154 9155/9155/9155 9156/9156/9156
f 9157/9157/9157 9158/9158/9158 9159/9159/9159
f 9160/9160/9160 9161/9161/9161 9162/9162/9162
f 9163/9163/9163 9164/9164/9164 9165/9165/9165
f 9166/9166/9166 9167/9167/9167 9168/9168/9168
f 9169/9169/9169 9170/9170/9170 9171/9171/9171
f 9172/9172/9172 9173/9173/9173 9174/9174/9174
f 9175/9175/9175 9176/9176/9176 9177/9177/9177
f 9178/9178/9178 9179/9179/9179 9180/9180/9180
f 9181/9181/9181 9182/9182/9182 9183/9183/9183
f 9184/9184/9184 9185/9185/9185 9186/9186/9186
f 9187/9187/9187 9188/9188/9188 9189/9189/9189
f 9190/9190/9190 9191/9191/9191 9192/9192/9192
f 9193/9193/9193 9194/9194/9194 9195/9195/9195
f 9196/9196/9196 9197/9197/9197 9198/9198/9198
f 9199/9199/9199 9200/9200/9200 9201/9201/9201
f 9202/9202/9202 9203/9203/9203 9204/9204/9204
f 9205/9205/9205 9206/9206/9206 9207/9207/9207
f 9208/9208/9208 9209/9209/9209 9210/9210/9210
f 9211/9211/9211 9212/9212/9212 9213/9213/9213
f 9214/9214/9214 9215/9215/9215 9216/9216/9216
f 9217/9217/9217 9218/9218/9218 9219/9219/9219
f 9220/9220/9220 9221/9221/9221 9222/9222/9222
f 9223/9223/9223 9224/9224/9224 9225/9225/9225
f 9226/9226/9226 9227/9227/9227 9228/9228/9228
f 9229/9229/9229 9230/9230/9230 9231/9231/9231
f 9232/9232/9232 9233/9233/9233 9234/9234/9234
f 9235/9235/9235 9236/9236/9236 9237/9237/9237
f 9238/9238/9238 9239/9239/9239 9240/9240/9240
f 9241/9241/9241 9242/9242/9242 9243/9243/9243
f 9244/9244/9244 9245/9245/9245 9246/9246/9246
f 9247/9247/9247 9248/9248/9248 9249/9249/9249
f 9250/9250/9250 9251/9251/9251 9252/9252/9252
f 9253/9253/9253 9254/9254/9254 9255/9255/9255
f 9256/9256/9256 9257/9257/9257 9258/9258/9258
f 9259/9259/9259 9260/9260/9260 9261/9261/9261
f 9262/9262/9262 9263/9263/9263 9264/9264/9264
f 9265/9265/9265 9266/9266/9266 9267/9267/9267
f 9268/9268/9268 9269/9269/9269 9270/9270/9270
f 9271/9271/9271 9272/9272/9272 9273/9273/9273
f 9274/9274/9274 9275/9275/9275 9276/9276/9276
f 9277/9277/9277 9278/9278/9278 9279/9279/9279
f 9280/9280/9280 9281/9281/9281 9282/9282/9282
f 9283/9283/9283 9284/9284/9284 9285/9285/9285
f 9286/9286/9286 9287/9287/9287 9288/9288/9288
f 9289/9289/9289 9290/9290/9290 9291/9291/9291
f 9292/9292/9292 9293/9293/9293 9294/9294/9294
f 9295/9295/9295 9296/9296/9296 9297/9297/9297
f 9298/9298/9298 9299/9299/9299 9300/9300/9300
f 9301/9301/9301 9302/9302/9302 9303/9303/9303
f 9304/9304/9304 9305/9305/9305 9306/9306/9306
f 9307/9307/9307 9308/9308/9308 9309/9309/9309
f 9310/9310/9310 9311/9311/9311 9312/9312/9312
f 9313/9313/9313 9314/9314/9314 9315/9315/9315
f 9316/9316/9316 9317/9317/9317 9318/9318/9318
f 9319/9319/9319 9320/9320/9320 9321/9321/9321
f 9322/9322/9322 9323/9323/9323 9324/9324/9324
f 9325/9325/9325 9326/9326/9326 9327/9327/9327
f 9328/9328/9328 9329/9329/9329 9330/9330/9330
f 9331/9331/9331 9332/9332/9332 9333/9333/9333
f 9334/9334/9334 9335/9335/9335 9336/9336/9336
f 9337/9337/9337 9338/9338/9338 9339/9339/9339
f 9340/9340/9340 9341/9341/9341 9342/9342/9342
f 9343/9343/9343 9344/9344/9344 9345/9345/9345
f 9346/9346/9346 9347/9347/9347 9348/9348/9348
f 9349/9349/9349 9350/9350/9350 9351/9351/9351
f 9352/9352/9352 9353/9353/9353 9354/9354/9354
f 9355/9355/9355 9356/9356/9356 9357/9357/9357
f 9358/9358/9358 9359/9359/9359 9360/9360/9360
f 9361/9361/9361 9362/9362/9362 9363/9363/9363
f 9364/9364/9364 9365/9365/9365 9366/9366/9366
f 9367/9367/9367 9368/9368/9368 9369/9369/9369
f 9370/9370/9370 9371/9371/9371 9372/9372/9372
f 9373/9373/9373 9374/9374/9374 9375/9375/9375
f 9376/9376/9376 9377/9377/9377 9378/9378/9378
f 9379/9379/9379 9380/9380/9380 9381/9381/9381
f 9382/9382/9382 9383/9383/9383 9384/9384/9384
f 9385/9385/9385 9386/9386/9386 9387/9387/9387
f 9388/9388/9388 9389/9389/9389 9390/9390/9390
f 9391/9391/9391 9392/9392/9392 9393/9393/9393
f 9394/9394/9394 9395/9395/9395 9396/9396/9396
f 9397/9397/9397 9398/9398/9398 9399/9399/9399
f 9400/9400/9400 9401/9401/9401 9402/9402/9402
f 9403/9403/9403 9404/9404/9404 9405/9405/9405
f 9406/9406/9406 9407/9407/9407 9408/9408/9408
f 9409/9409/9409 9410/9410/9410 9411/9411/9411
f 9412/9412/9412 9413/9413/9413 9414/9414/9414
f 9415/9415/9415 9416/9416/9416 9417/9417/9417
f 9418/9418/9418 9419/9419/9419 9420/9420/9420
f 9421/9421/9421 9422/9422/9422 9423/9423/9423
f 9424/9424/9424 9425/9425/9425 9426/9426/9426
f 9427/9427/9427 9428/9428/9428 9429/9429/9429
f 9430/9430/9430 9431/9431/9431 9432/9432/9432
f 9433/9433/9433 9434/9434/9434 9435/9435/9435
f 9436/9436/9436 9437/9437/9437 9438/9438/9438
f 9439/9439/9439 9440/9440/9440 9441/9441/9441
f 9442/9442/9442 9443/9443/9443 9444/9444/9444
f 9445/9445/9445 9446/9446/9446 9447/9447/9447
f 9448/9448/9448 9449/9449/9449 9450/9450/9450
f 9451/9451/9451 9452/9452/9452 9453/9453/9453
f 9454/9454/9454 9455/9455/9455 9456/9456/9456
f 9457/9457/9457 9458/9458/9458 9459/9459/9459
f 9460/9460/9460 9461/9461/9461 9462/9462/9462
f 9463/9463/9463 9464/9464/9464 9465/9465/9465
f 9466/9466/9466 9467/9467/9467 9468/9468/9468
f 9469/9469/9469 9470/9470/9470 9471/9471/9471
f 9472/9472/9472 9473/9473/9473 9474/9474/9474
f 9475/9475/9475 9476/9476/9476 9477/9477/9477
f 9478/9478/9478 9479/9479/9479 9480/9480/9480
f 9481/9481/9481 9482/9482/9482 9483/9483/9483
f 9484/9484/9484 9485/9485/9485 9486/9486/9486
f 9487/9487/9487 9488/9488/9488 9489/9489/9489
f 9490/9490/9490 9491/9491/9491 9492/9492/9492
f 9493/9493/9493 9494/9494/9494 9495/9495/9495
f 9496/9496/9496 9497/9497/9497 9498/9498/9498
f 9499/9499/9499 9500/9500/9500 9501/9501/9501
f 9502/9502/9502 9503/9503/9503 9504/9504/9504
f 9505/9505/9505 9506/9506/9506 9507/9507/9507
f 9508/9508/9508 9509/9509/9509 9510/9510/9510
f 9511/9511/9511 9512/9512/9512 9513/9513/9513
f 9514/9514/9514 9515/9515/9515 9516/9516/9516
f 9517/9517/9517 9518/9518/9518 9519/9519/9519
f 9520/9520/9520 9521/9521/9521 9522/9522/9522
f 9523/9523/9523 9524/9524/9524 9525/9525/9525
f 9526/9526/9526 9527/9527/9527 9528/9528/9528
f 9529/9529/9529 9530/9530/9530 9531/9531/9531
f 9532/9532/9532 9533/9533/9533 9534/9534/9534
f 9535/9535/9535 9536/9536/9536 9537/9537/9537
f 9538/9538/9538 9539/9539/9539 9540/9540/9540
f 9541/9541/9541 9542/9542/9542 9543/9543/9543
f 9544/9544/9544 9545/9545/9545 9546/9546/9546
f 9547/9547/9547 9548/9548/9548 9549/9549/9549
f 9550/9550/9550 9551/9551/9551 9552/9552/9552
f 9553/9553/9553 9554/9554/9554 9555/9555/9555
f 9556/9556/9556 9557/9557/9557 9558/9558/9558
f 9559/9559/9559 9560/9560/9560 9561/9561/9561
f 9562/9562/9562 9563/9563/9563 9564/9564/9564
f 9565/9565/9565 9566/9566/9566 9567/9567/9567
f 9568/9568/9568 9569/9569/9569 9570/9570/9570
f 9571/9571/9571 9572/9572/9572 9573/9573/9573
f 9574/9574/9574 9575/9575/9575 9576/9576/9576
f 9577/9577/9577 9578/9578/9578 9579/9579/9579
f 9580/9580/9580 9581/9581/9581 9582/9582/9582
f 9583/9583/9583 9584/9584/9584 9585/9585/9585
f 9586/9586/9586 9587/9587/9587 9588/9588/9588
f 9589/9589/9589 9590/9590/9590 9591/9591/9591
f 9592/9592/9592 9593/9593/9593 9594/9594/9594
f 9595/9595/9595 9596/9596/9596 9597/9597/9597
f 9598/9598/9598 9599/9599/9599 9600/9600/9600
f 9601/9601/9601 9602/9602/9602 9603/9603/9603
f 9604/9604/9604 9605/9605/9605 9606/9606/9606
f 9607/9607/9607 9608/9608/9608 9609/9609/9609
f 9610/9610/9610 9611/9611/9611 9612/9612/9612
f 9613/9613/9613 9614/9614/9614 9615/9615/9615
f 9616/9616/9616 9617/9617/9617 9618/9618/9618
f 9619/9619/9619 9620/9620/9620 9621/9621/9621
f 9622/9622/9622 9623/9623/9623 9624/9624/9624
f 9625/9625/9625 9626/9626/9626 9627/9627/9627
f 9628/9628/9628 9629/9629/9629 9630/9630/9630
f 9631/9631/9631 9632/9632/9632 9633/9633/9633
f 9634/9634/9634 9635/9635/9635 9636/9636/9636
f 9637/9637/9637 9638/9638/9638 9639/9639/9639
f 9640/9640/9640 9641/9641/9641 9642/9642/9642
f 9643/9643/9643 9644/9644/9644 9645/9645/9645
f 9646/9646/9646 9647/9647/9647 9648/9648/9648
f 9649/9649/9649 9650/9650/9650 9651/9651/9651
f 9652/9652/9652 9653/9653/9653 9654/9654/9654
f 9655/9655/9655 9656/9656/9656 9657/9657/9657
f 9658/9658/9658 9659/9659/9659 9660/9660/9660
f 9661/9661/9661 9662/9662/9662 9663/9663/9663
f 9664/9664/9664 9665/9665/9665 9666/9666/9666
f 9667/9667/9667 9668/9668/9668 9669/9669/9669
f 9670/9670/9670 9671/9671/9671 9672/9672/9672
f 9673/9673/9673 9674/9674/9674 9675/9675/9675
f 9676/9676/9676 9677/9677/9677 9678/9678/9678
f 9679/9679/9679 9680/9680/9680 9681/9681/9681
f 9682/9682/9682 9683/9683/9683 9684/9684/9684
f 9685/9685/9685 9686/9686/9686 9687/9687/9687
f 9688/9688/9688 9689/9689/9689 9690/9690/9690
f 9691/9691/9691 9692/9692/9692 9693/9693/9693
f 9694/9694/9694 9695/9695/9695 9696/9696/9696
f 9697/9697/9697 9698/9698/9698 9699/9699/9699
f 9700/9700/9700 9701/9701/9701 9702/9702/9702
f 9703/9703/9703 9704/9704/9704 9705/9705/9705
f 9706/9706/9706 9707/9707/9707 9708/9708/9708
f 9709/9709/9709 9710/9710/9710 9711/9711/9711
f 9712/9712/9712 9713/9713/9713 9714/9714/9714
f 9715/9715/9715 9716/9716/9716 9717/9717/9717
f 9718/9718/9718 9719/9719/9719 9720/9720/9720
f 9721/9721/9721 9722/9722/9722 9723/9723/9723
f 9724/9724/9724 9725/9725/9725 9726/9726/9726
f 9727/9727/9727 9728/9728/9728 9729/9729/9729
f 9730/9730/9730 9731/9731/9731 9732/9732/9732
f 9733/9733/9733 9734/9734/9734 9735/9735/9735
f 9736/9736/9736 9737/9737/9737 9738/9738/9738
