mtllib transition_seal_door_003.mtl
usemtl Texture
v 1.257805 3.071799 1.272377
v 0.967328 2.568057 1.715915
v 0.967328 2.853470 1.181943
v 1.257805 0.000013 -3.544818
v 1.257805 -0.648642 -3.260989
v 1.257805 -0.691551 -3.476704
v 1.257805 0.691562 -3.476707
v 1.257805 0.000013 -3.324877
v 1.257805 0.000013 -3.544818
v 1.257805 0.691562 -3.476707
v 1.257805 1.272379 -3.071788
v 1.257805 0.648653 -3.260992
v 1.257805 1.969401 -2.947410
v 1.257805 1.272379 -3.071788
v 1.257805 1.356547 -3.274987
v 1.257805 2.506574 -2.506566
v 1.257805 1.847209 -2.764535
v 1.257805 1.969401 -2.947410
v 1.257805 2.947417 -1.969398
v 1.257805 2.351052 -2.351043
v 1.257805 2.506574 -2.506566
v 1.257805 3.274995 -1.356545
v 1.257805 2.764543 -1.847205
v 1.257805 2.947417 -1.969398
v 1.257805 3.476717 -0.691558
v 1.257805 3.071795 -1.272377
v 1.257805 3.274995 -1.356545
v 1.257805 3.476717 -0.691558
v 1.257805 3.324890 0.000001
v 1.257805 3.261002 -0.648649
v 1.257805 3.476719 0.691558
v 1.257805 3.324890 0.000001
v 1.257805 3.544831 0.000001
v 1.257805 3.476719 0.691558
v 1.257805 3.071799 1.272377
v 1.257805 3.261004 0.648650
v 1.257805 3.274998 1.356545
v 1.257805 2.764547 1.847206
v 1.257805 3.071799 1.272377
v 1.257805 2.506578 2.506568
v 1.257805 2.764547 1.847206
v 1.257805 2.947422 1.969398
v 1.257805 2.506578 2.506568
v 1.257805 1.847215 2.764539
v 1.257805 2.351056 2.351046
v 1.257805 1.356555 3.274990
v 1.257805 1.847215 2.764539
v 1.257805 1.969407 2.947413
v 1.257805 1.356555 3.274990
v 1.257805 0.648664 3.260996
v 1.257805 1.272387 3.071791
v 1.257805 0.000011 3.544824
v 1.257805 0.648664 3.260996
v 1.257805 0.691573 3.476711
v 1.257805 -0.691553 3.476711
v 1.257805 0.000011 3.324883
v 1.257805 0.000011 3.544824
v 1.257805 -1.356536 3.274991
v 1.257805 -0.648645 3.260996
v 1.257805 -0.691553 3.476711
v 1.257805 -1.356536 3.274991
v 1.257805 -1.847195 2.764541
v 1.257805 -1.272368 3.071792
v 1.257805 -2.506559 2.506570
v 1.257805 -1.847195 2.764541
v 1.257805 -1.969388 2.947415
v 1.257805 -2.506559 -2.506563
v 1.257805 -1.847197 -2.764533
v 1.257805 -2.351037 -2.351042
v 1.257805 -1.969390 -2.947407
v 1.257805 -1.272369 -3.071784
v 1.257805 -1.847197 -2.764533
v 1.257805 -0.691551 -3.476704
v 1.257805 -1.272369 -3.071784
v 1.257805 -1.356537 -3.274983
v 1.121061 -0.653540 0.981034
v 1.288097 -0.449557 1.090064
v 1.121061 -0.449557 1.090064
v 1.257805 2.351056 2.351046
v 0.967328 2.568057 1.715915
v 1.257805 2.764547 1.847206
v 1.257805 -0.648642 -3.260989
v 0.967328 0.000013 -3.088560
v 0.967328 -0.602539 -3.029213
v 1.257805 2.351056 2.351046
v 0.967328 1.715924 2.568049
v 0.967328 2.183954 2.183945
v 1.257805 -0.648642 -3.260989
v 0.967328 -1.181935 -2.853456
v 1.257805 -1.272369 -3.071784
v 1.257805 1.272387 3.071791
v 0.967328 1.715924 2.568049
v 1.257805 1.847215 2.764539
v 1.257805 0.000013 -3.324877
v 0.967328 0.602551 -3.029216
v 0.967328 0.000013 -3.088560
v 1.257805 1.272387 3.071791
v 0.967328 0.602561 3.029220
v 0.967328 1.181952 2.853463
v 1.257805 1.272379 -3.071788
v 0.967328 0.602551 -3.029216
v 1.257805 0.648653 -3.260992
v 1.257805 -2.351037 -2.351042
v 0.967328 -1.715906 -2.568042
v 0.967328 -2.183936 -2.183940
v 1.257805 0.000011 3.324883
v 0.967328 0.602561 3.029220
v 1.257805 0.648664 3.260996
v 1.257805 1.847209 -2.764535
v 0.967328 1.181945 -2.853459
v 1.257805 1.272379 -3.071788
v 1.257805 -1.272369 -3.071784
v 0.967328 -1.715906 -2.568042
v 1.257805 -1.847197 -2.764533
v 1.257805 0.000011 3.324883
v 0.967328 -0.602542 3.029220
v 0.967327 0.000010 3.088566
v 1.257805 1.847209 -2.764535
v 0.967328 2.183951 -2.183942
v 0.967328 1.715919 -2.568045
v 1.257805 -0.648645 3.260996
v 0.967328 -1.181934 2.853464
v 0.967328 -0.602542 3.029220
v 1.257805 2.351052 -2.351043
v 0.967328 2.568053 -1.715914
v 0.967328 2.183951 -2.183942
v 1.257805 -1.272368 3.071792
v 0.967328 -1.715905 2.568051
v 0.967328 -1.181934 2.853464
v 1.257805 3.071795 -1.272377
v 0.967328 2.568053 -1.715914
v 1.257805 2.764543 -1.847205
v 1.257805 -2.351037 2.351048
v 0.967328 -1.715905 2.568051
v 1.257805 -1.847195 2.764541
v 1.257805 3.071795 -1.272377
v 0.967328 3.029226 -0.602546
v 0.967328 2.853467 -1.181942
v 1.257805 3.261002 -0.648649
v 0.967328 3.088573 0.000001
v 0.967328 3.029226 -0.602546
v 1.257805 3.261004 0.648650
v 0.967328 3.088573 0.000001
v 1.257805 3.324890 0.000001
v 1.257805 3.071799 1.272377
v 0.967328 3.029228 0.602547
v 1.257805 3.261004 0.648650
v 1.097347 -0.460925 -2.317276
v 0.967328 0.000013 -3.088560
v 1.097347 0.000017 -2.362675
v 1.097347 -0.460925 -2.317276
v 0.967328 -1.181935 -2.853456
v 0.967328 -0.602539 -3.029213
v 1.097347 0.000017 -2.362675
v 0.967328 0.602551 -3.029216
v 1.097347 0.460937 -2.317279
v 1.097347 0.904160 -2.182829
v 0.967328 0.602551 -3.029216
v 0.967328 1.181945 -2.853459
v 1.097347 1.312640 -1.964493
v 0.967328 1.181945 -2.853459
v 0.967328 1.715919 -2.568045
v 1.097347 1.312640 -1.964493
v 0.967328 2.183951 -2.183942
v 1.097347 1.670675 -1.670662
v 1.097347 1.670675 -1.670662
v 0.967328 2.568053 -1.715914
v 1.097347 1.964502 -1.312634
v 1.097347 1.964502 -1.312634
v 0.967328 2.853467 -1.181942
v 1.097347 2.182837 -0.904157
v 1.097347 2.182837 -0.904157
v 0.967328 3.029226 -0.602546
v 1.097347 2.317290 -0.460930
v 1.097347 2.317290 -0.460930
v 0.967328 3.088573 0.000001
v 1.097347 2.362689 0.000003
v 1.097347 2.362689 0.000003
v 0.967328 3.029228 0.602547
v 1.097347 2.317291 0.460932
v 1.097347 2.182840 0.904160
v 0.967328 3.029228 0.602547
v 0.967328 2.853470 1.181943
v 1.097347 1.964506 1.312636
v 0.967328 2.853470 1.181943
v 0.967328 2.568057 1.715915
v 1.097347 1.964506 1.312636
v 0.967328 2.183954 2.183945
v 1.097347 1.670677 1.670667
v 1.097347 1.312643 1.964498
v 0.967328 2.183954 2.183945
v 0.967328 1.715924 2.568049
v 1.097347 1.312643 1.964498
v 0.967328 1.181952 2.853463
v 1.097347 0.904168 2.182833
v 1.097347 0.460948 2.317282
v 0.967328 1.181952 2.853463
v 0.967328 0.602561 3.029220
v 1.097346 0.000011 2.362681
v 0.967328 0.602561 3.029220
v 0.967327 0.000010 3.088566
v 1.097346 0.000011 2.362681
v 0.967328 -0.602542 3.029220
v 1.097347 -0.460930 2.317282
v 1.097347 -0.460930 2.317282
v 0.967328 -1.181934 2.853464
v 1.097347 -0.904151 2.182833
v 1.097347 -0.904151 2.182833
v 0.967328 -1.715905 2.568051
v 1.097347 -1.312625 1.964500
v 1.097347 -1.312625 1.964500
v 0.967328 -2.183936 2.183947
v 1.097347 -1.670658 1.670669
v 1.097347 -1.964489 1.312636
v 0.967328 -2.183936 2.183947
v 0.967328 -2.568039 1.715916
v 1.097347 -1.964489 1.312636
v 0.967328 -2.853453 1.181943
v 1.097347 -2.182824 0.904159
v 1.097347 -2.182824 0.904159
v 0.967328 -3.029210 0.602551
v 1.097347 -2.317274 0.460937
v 1.097347 -2.317274 0.460937
v 0.967328 -3.088556 0.000004
v 1.097347 -2.362672 0.000004
v 1.097347 -2.317274 -0.460930
v 0.967328 -3.088556 0.000004
v 0.967328 -3.029210 -0.602545
v 1.097347 -2.182824 -0.904151
v 0.967328 -3.029210 -0.602545
v 0.967328 -2.853453 -1.181937
v 1.097347 -1.964488 -1.312628
v 0.967328 -2.853453 -1.181937
v 0.967328 -2.568038 -1.715909
v 1.097347 -1.670657 -1.670662
v 0.967328 -2.568038 -1.715909
v 0.967328 -2.183936 -2.183940
v 1.097347 -1.312626 -1.964491
v 0.967328 -2.183936 -2.183940
v 0.967328 -1.715906 -2.568042
v 1.097347 -0.904152 -2.182825
v 0.967328 -1.715906 -2.568042
v 0.967328 -1.181935 -2.853456
v 1.273445 -0.983634 0.000003
v 1.101113 -0.964696 -0.192274
v 1.101113 -0.983634 0.000003
v 1.121061 1.092024 -0.451517
v 1.288097 0.982991 -0.655502
v 1.121061 0.982991 -0.655502
v 1.121061 -0.832335 0.834300
v 1.288097 -0.653540 0.981034
v 1.121061 -0.653540 0.981034
v 1.121061 1.159168 -0.230175
v 1.288097 1.092024 -0.451517
v 1.121061 1.092024 -0.451517
v 1.121061 -0.979068 0.655505
v 1.288097 -0.832335 0.834300
v 1.121061 -0.832335 0.834300
v 1.121061 1.181839 0.000004
v 1.288097 1.159168 -0.230175
v 1.121061 1.159168 -0.230175
v 1.121061 -1.088101 0.451519
v 1.288097 -0.979068 0.655505
v 1.121061 -0.979068 0.655505
v 1.121061 1.159168 0.230179
v 1.288097 1.181839 0.000004
v 1.121061 1.181839 0.000004
v 1.121061 -1.155242 0.230183
v 1.288097 -1.088101 0.451519
v 1.121061 -1.088101 0.451519
v 1.121061 1.092025 0.451521
v 1.288097 1.159168 0.230179
v 1.121061 1.159168 0.230179
v 1.121061 -1.155242 0.230183
v 1.288097 -1.177913 0.000003
v 1.288097 -1.155242 0.230183
v 1.121061 0.982994 0.655505
v 1.288097 1.092025 0.451521
v 1.121061 1.092025 0.451521
v 1.121061 -1.177913 0.000003
v 1.288097 -1.155242 -0.230176
v 1.288097 -1.177913 0.000003
v 1.121061 0.836262 0.834298
v 1.288097 0.982994 0.655505
v 1.121061 0.982994 0.655505
v 1.121061 0.001971 -1.179872
v 1.288097 -0.228218 -1.157199
v 1.121061 -0.228218 -1.157199
v 1.121061 -1.088101 -0.451512
v 1.288097 -1.155242 -0.230176
v 1.121061 -1.155242 -0.230176
v 1.121061 0.657466 0.981033
v 1.288097 0.836262 0.834298
v 1.121061 0.836262 0.834298
v 1.121061 -0.228218 -1.157199
v 1.288097 -0.449558 -1.090057
v 1.121061 -0.449558 -1.090057
v 1.121061 -0.979068 -0.655498
v 1.288097 -1.088101 -0.451512
v 1.121061 -1.088101 -0.451512
v 1.121061 0.453482 1.090065
v 1.288097 0.657466 0.981033
v 1.121061 0.657466 0.981033
v 1.121061 0.232139 -1.157202
v 1.288097 0.001971 -1.179872
v 1.121061 0.001971 -1.179872
v 1.121061 -0.832334 -0.834294
v 1.288097 -0.979068 -0.655498
v 1.121061 -0.979068 -0.655498
v 1.121061 0.232148 1.157205
v 1.288097 0.453482 1.090065
v 1.121061 0.453482 1.090065
v 1.121061 0.453476 -1.090060
v 1.288097 0.232139 -1.157202
v 1.121061 0.232139 -1.157202
v 1.121061 -0.653541 -0.981025
v 1.288097 -0.832334 -0.834294
v 1.121061 -0.832334 -0.834294
v 1.121061 0.232148 1.157205
v 1.288096 0.001965 1.179877
v 1.288097 0.232148 1.157205
v 1.121061 0.657465 -0.981026
v 1.288097 0.453476 -1.090060
v 1.121061 0.453476 -1.090060
v 1.121061 -0.449558 -1.090057
v 1.288097 -0.653541 -0.981025
v 1.121061 -0.653541 -0.981025
v 1.121061 -0.228222 1.157205
v 1.288096 0.001965 1.179877
v 1.121060 0.001965 1.179877
v 1.121061 0.836261 -0.834292
v 1.288097 0.657465 -0.981026
v 1.121061 0.657465 -0.981026
v 1.121061 -0.449557 1.090064
v 1.288097 -0.228222 1.157205
v 1.121061 -0.228222 1.157205
v 1.121061 0.982991 -0.655502
v 1.288097 0.836261 -0.834292
v 1.121061 0.836261 -0.834292
v 1.273445 0.001971 -0.985592
v 1.288097 -0.228218 -1.157199
v 1.288097 0.001971 -1.179872
v 1.273445 -0.375210 -0.910566
v 1.288097 -0.228218 -1.157199
v 1.273445 -0.190315 -0.966653
v 1.273445 0.001971 -0.985592
v 1.288097 0.232139 -1.157202
v 1.273445 0.194237 -0.966655
v 1.273445 0.379129 -0.910569
v 1.288097 0.232139 -1.157202
v 1.288097 0.453476 -1.090060
v 1.273445 0.379129 -0.910569
v 1.288097 0.657465 -0.981026
v 1.273445 0.549529 -0.819488
v 1.273445 0.698885 -0.696916
v 1.288097 0.657465 -0.981026
v 1.288097 0.836261 -0.834292
v 1.273445 0.821454 -0.547566
v 1.288097 0.836261 -0.834292
v 1.288097 0.982991 -0.655502
v 1.273445 0.821454 -0.547566
v 1.288097 1.092024 -0.451517
v 1.273445 0.912533 -0.377169
v 1.273445 0.968621 -0.192272
v 1.288097 1.092024 -0.451517
v 1.288097 1.159168 -0.230175
v 1.273445 0.987559 0.000004
v 1.288097 1.159168 -0.230175
v 1.288097 1.181839 0.000004
v 1.273445 0.987559 0.000004
v 1.288097 1.159168 0.230179
v 1.273445 0.968622 0.192277
v 1.273445 0.968622 0.192277
v 1.288097 1.092025 0.451521
v 1.273445 0.912534 0.377173
v 1.273445 0.821456 0.547569
v 1.288097 1.092025 0.451521
v 1.288097 0.982994 0.655505
v 1.273445 0.821456 0.547569
v 1.288097 0.836262 0.834298
v 1.273445 0.698885 0.696922
v 1.273445 0.549530 0.819495
v 1.288097 0.836262 0.834298
v 1.288097 0.657466 0.981033
v 1.273445 0.379134 0.910573
v 1.288097 0.657466 0.981033
v 1.288097 0.453482 1.090065
v 1.273445 0.379134 0.910573
v 1.288097 0.232148 1.157205
v 1.273445 0.194246 0.966659
v 1.273443 0.001965 0.985597
v 1.288097 0.232148 1.157205
v 1.288096 0.001965 1.179877
v 1.273443 0.001965 0.985597
v 1.288097 -0.228222 1.157205
v 1.273445 -0.190320 0.966659
v 1.273445 -0.375210 0.910573
v 1.288097 -0.228222 1.157205
v 1.288097 -0.449557 1.090064
v 1.273445 -0.545604 0.819496
v 1.288097 -0.449557 1.090064
v 1.288097 -0.653540 0.981034
v 1.273445 -0.545604 0.819496
v 1.288097 -0.832335 0.834300
v 1.273445 -0.694958 0.696923
v 1.273445 -0.817531 0.547569
v 1.288097 -0.832335 0.834300
v 1.288097 -0.979068 0.655505
v 1.273445 -0.817531 0.547569
v 1.288097 -1.088101 0.451519
v 1.273445 -0.908610 0.377172
v 1.273445 -0.908610 0.377172
v 1.288097 -1.155242 0.230183
v 1.273445 -0.964696 0.192281
v 1.273445 -0.983634 0.000003
v 1.288097 -1.155242 0.230183
v 1.288097 -1.177913 0.000003
v 1.273445 -0.983634 0.000003
v 1.288097 -1.155242 -0.230176
v 1.273445 -0.964696 -0.192274
v 1.273445 -0.908610 -0.377164
v 1.288097 -1.155242 -0.230176
v 1.288097 -1.088101 -0.451512
v 1.273445 -0.908610 -0.377164
v 1.288097 -0.979068 -0.655498
v 1.273445 -0.817530 -0.547562
v 1.273445 -0.694957 -0.696918
v 1.288097 -0.979068 -0.655498
v 1.288097 -0.832334 -0.834294
v 1.273445 -0.694957 -0.696918
v 1.288097 -0.653541 -0.981025
v 1.273445 -0.545605 -0.819488
v 1.273445 -0.375210 -0.910566
v 1.288097 -0.653541 -0.981025
v 1.288097 -0.449558 -1.090057
v 1.121255 0.481182 -0.199306
v 1.025953 0.376602 -0.074900
v 1.025953 0.354750 -0.146936
v 1.273445 0.698885 0.696922
v 1.101113 0.821456 0.547569
v 1.273445 0.821456 0.547569
v 1.273445 0.001971 -0.985592
v 1.101113 -0.190315 -0.966653
v 1.273445 -0.190315 -0.966653
v 1.273445 -0.908610 -0.377164
v 1.101113 -0.964696 -0.192274
v 1.273445 -0.964696 -0.192274
v 1.273445 0.549530 0.819495
v 1.101113 0.698885 0.696922
v 1.273445 0.698885 0.696922
v 1.273445 -0.190315 -0.966653
v 1.101113 -0.375210 -0.910566
v 1.273445 -0.375210 -0.910566
v 1.273445 -0.817530 -0.547562
v 1.101113 -0.908610 -0.377164
v 1.273445 -0.908610 -0.377164
v 1.273445 0.379134 0.910573
v 1.101113 0.549530 0.819495
v 1.273445 0.549530 0.819495
v 1.273445 0.194237 -0.966655
v 1.101113 0.001971 -0.985592
v 1.273445 0.001971 -0.985592
v 1.273445 -0.694957 -0.696918
v 1.101113 -0.817530 -0.547562
v 1.273445 -0.817530 -0.547562
v 1.273445 0.194246 0.966659
v 1.101113 0.379134 0.910573
v 1.273445 0.379134 0.910573
v 1.273445 0.379129 -0.910569
v 1.101113 0.194237 -0.966655
v 1.273445 0.194237 -0.966655
v 1.273445 -0.545605 -0.819488
v 1.101113 -0.694957 -0.696918
v 1.273445 -0.694957 -0.696918
v 1.273443 0.001965 0.985597
v 1.101113 0.194246 0.966659
v 1.273445 0.194246 0.966659
v 1.273445 0.549529 -0.819488
v 1.101113 0.379129 -0.910569
v 1.273445 0.379129 -0.910569
v 1.273445 -0.375210 -0.910566
v 1.101113 -0.545605 -0.819488
v 1.273445 -0.545605 -0.819488
v 1.273443 0.001965 0.985597
v 1.101113 -0.190320 0.966659
v 1.101112 0.001965 0.985597
v 1.273445 0.698885 -0.696916
v 1.101113 0.549529 -0.819488
v 1.273445 0.549529 -0.819488
v 1.273445 -0.375210 0.910573
v 1.101113 -0.190320 0.966659
v 1.273445 -0.190320 0.966659
v 1.273445 0.821454 -0.547566
v 1.101113 0.698885 -0.696916
v 1.273445 0.698885 -0.696916
v 1.273445 -0.545604 0.819496
v 1.101113 -0.375210 0.910573
v 1.273445 -0.375210 0.910573
v 1.273445 0.912533 -0.377169
v 1.101113 0.821454 -0.547566
v 1.273445 0.821454 -0.547566
v 1.273445 -0.694958 0.696923
v 1.101113 -0.545604 0.819496
v 1.273445 -0.545604 0.819496
v 1.273445 0.968621 -0.192272
v 1.101113 0.912533 -0.377169
v 1.273445 0.912533 -0.377169
v 1.273445 -0.817531 0.547569
v 1.101113 -0.694958 0.696923
v 1.273445 -0.694958 0.696923
v 1.273445 0.987559 0.000004
v 1.101113 0.968621 -0.192272
v 1.273445 0.968621 -0.192272
v 1.273445 -0.908610 0.377172
v 1.101113 -0.817531 0.547569
v 1.273445 -0.817531 0.547569
v 1.273445 0.968622 0.192277
v 1.101113 0.987559 0.000004
v 1.273445 0.987559 0.000004
v 1.273445 -0.964696 0.192281
v 1.101113 -0.908610 0.377172
v 1.273445 -0.908610 0.377172
v 1.273445 0.912534 0.377173
v 1.101113 0.968622 0.192277
v 1.273445 0.968622 0.192277
v 1.273445 -0.964696 0.192281
v 1.101113 -0.983634 0.000003
v 1.101113 -0.964696 0.192281
v 1.273445 0.821456 0.547569
v 1.101113 0.912534 0.377173
v 1.273445 0.912534 0.377173
v 1.121255 0.000019 -0.520815
v 1.101113 -0.190315 -0.966653
v 1.101113 0.001971 -0.985592
v 1.121255 -0.101595 -0.510807
v 1.101113 -0.375210 -0.910566
v 1.101113 -0.190315 -0.966653
v 1.121255 0.101608 -0.510810
v 1.101113 0.001971 -0.985592
v 1.101113 0.194237 -0.966655
v 1.121255 0.199312 -0.481171
v 1.101113 0.194237 -0.966655
v 1.101113 0.379129 -0.910569
v 1.121255 0.289360 -0.433040
v 1.101113 0.379129 -0.910569
v 1.101113 0.549529 -0.819488
v 1.121255 0.368285 -0.368268
v 1.101113 0.549529 -0.819488
v 1.101113 0.698885 -0.696916
v 1.121255 0.433052 -0.289350
v 1.101113 0.698885 -0.696916
v 1.101113 0.821454 -0.547566
v 1.121255 0.481182 -0.199306
v 1.101113 0.821454 -0.547566
v 1.101113 0.912533 -0.377169
v 1.121255 0.510822 -0.101596
v 1.101113 0.912533 -0.377169
v 1.101113 0.968621 -0.192272
v 1.121255 0.520829 0.000005
v 1.101113 0.968621 -0.192272
v 1.101113 0.987559 0.000004
v 1.121255 0.520829 0.000005
v 1.101113 0.968622 0.192277
v 1.121255 0.510822 0.101602
v 1.121255 0.510822 0.101602
v 1.101113 0.912534 0.377173
v 1.121255 0.481182 0.199312
v 1.121255 0.481182 0.199312
v 1.101113 0.821456 0.547569
v 1.121255 0.433055 0.289354
v 1.121255 0.433055 0.289354
v 1.101113 0.698885 0.696922
v 1.121255 0.368285 0.368275
v 1.121255 0.368285 0.368275
v 1.101113 0.549530 0.819495
v 1.121255 0.289359 0.433049
v 1.121255 0.289359 0.433049
v 1.101113 0.379134 0.910573
v 1.121256 0.199318 0.481177
v 1.121256 0.199318 0.481177
v 1.101113 0.194246 0.966659
v 1.121256 0.101619 0.510813
v 1.121256 0.101619 0.510813
v 1.101112 0.001965 0.985597
v 1.121255 0.000010 0.520821
v 1.121255 0.000010 0.520821
v 1.101113 -0.190320 0.966659
v 1.121256 -0.101602 0.510813
v 1.121256 -0.101602 0.510813
v 1.101113 -0.375210 0.910573
v 1.121256 -0.199303 0.481176
v 1.121256 -0.199303 0.481176
v 1.101113 -0.545604 0.819496
v 1.121255 -0.289341 0.433050
v 1.121255 -0.289341 0.433050
v 1.101113 -0.694958 0.696923
v 1.121255 -0.368266 0.368277
v 1.121255 -0.368266 0.368277
v 1.101113 -0.817531 0.547569
v 1.121255 -0.433038 0.289353
v 1.121255 -0.433038 0.289353
v 1.101113 -0.908610 0.377172
v 1.121255 -0.481167 0.199311
v 1.121255 -0.481167 0.199311
v 1.101113 -0.964696 0.192281
v 1.121255 -0.510804 0.101607
v 1.121255 -0.510804 0.101607
v 1.101113 -0.983634 0.000003
v 1.121255 -0.520812 0.000003
v 1.121255 -0.510805 -0.101600
v 1.101113 -0.983634 0.000003
v 1.101113 -0.964696 -0.192274
v 1.121255 -0.481168 -0.199300
v 1.101113 -0.964696 -0.192274
v 1.101113 -0.908610 -0.377164
v 1.121255 -0.433037 -0.289345
v 1.101113 -0.908610 -0.377164
v 1.101113 -0.817530 -0.547562
v 1.121255 -0.368265 -0.368271
v 1.101113 -0.817530 -0.547562
v 1.101113 -0.694957 -0.696918
v 1.121255 -0.289344 -0.433040
v 1.101113 -0.694957 -0.696918
v 1.101113 -0.545605 -0.819488
v 1.121255 -0.199303 -0.481168
v 1.101113 -0.545605 -0.819488
v 1.101113 -0.375210 -0.910566
v 1.025953 -0.146932 -0.354736
v 1.025953 0.354750 -0.146936
v 1.025953 0.146948 0.354744
v 1.121255 -0.368266 0.368277
v 1.025953 -0.319252 0.213324
v 1.025953 -0.271499 0.271510
v 1.121255 0.510822 -0.101596
v 1.025953 0.383979 0.000005
v 1.025953 0.376602 -0.074900
v 1.121255 -0.433038 0.289353
v 1.025953 -0.354734 0.146941
v 1.025953 -0.319252 0.213324
v 1.121255 0.510822 0.101602
v 1.025953 0.383979 0.000005
v 1.121255 0.520829 0.000005
v 1.121255 -0.481167 0.199311
v 1.025953 -0.376584 0.074910
v 1.025953 -0.354734 0.146941
v 1.121255 0.481182 0.199312
v 1.025953 0.376602 0.074906
v 1.121255 0.510822 0.101602
v 1.121255 -0.510804 0.101607
v 1.025953 -0.383962 0.000003
v 1.025953 -0.376584 0.074910
v 1.121255 0.481182 0.199312
v 1.025953 0.319268 0.213325
v 1.025953 0.354750 0.146942
v 1.121255 -0.510805 -0.101600
v 1.025953 -0.383962 0.000003
v 1.121255 -0.520812 0.000003
v 1.121255 0.368285 0.368275
v 1.025953 0.319268 0.213325
v 1.121255 0.433055 0.289354
v 1.121255 -0.101595 -0.510807
v 1.025953 0.000016 -0.383966
v 1.025953 -0.074898 -0.376588
v 1.121255 -0.481168 -0.199300
v 1.025953 -0.376584 -0.074903
v 1.121255 -0.510805 -0.101600
v 1.121255 0.368285 0.368275
v 1.025953 0.213330 0.319263
v 1.025953 0.271517 0.271509
v 1.121255 -0.101595 -0.510807
v 1.025953 -0.146932 -0.354736
v 1.121255 -0.199303 -0.481168
v 1.121255 -0.433037 -0.289345
v 1.025953 -0.354735 -0.146932
v 1.121255 -0.481168 -0.199300
v 1.121255 0.289359 0.433049
v 1.025953 0.146948 0.354744
v 1.025953 0.213330 0.319263
v 1.121255 0.000019 -0.520815
v 1.025953 0.074912 -0.376590
v 1.025953 0.000016 -0.383966
v 1.121255 -0.368265 -0.368271
v 1.025953 -0.319251 -0.213317
v 1.121255 -0.433037 -0.289345
v 1.121256 0.101619 0.510813
v 1.025953 0.146948 0.354744
v 1.121256 0.199318 0.481177
v 1.121255 0.199312 -0.481171
v 1.025953 0.074912 -0.376590
v 1.121255 0.101608 -0.510810
v 1.121255 -0.289344 -0.433040
v 1.025953 -0.271498 -0.271504
v 1.121255 -0.368265 -0.368271
v 1.121255 0.000010 0.520821
v 1.025953 0.074920 0.376594
v 1.121256 0.101619 0.510813
v 1.121255 0.199312 -0.481171
v 1.025953 0.213331 -0.319255
v 1.025953 0.146944 -0.354739
v 1.121255 -0.199303 -0.481168
v 1.025953 -0.213314 -0.319254
v 1.121255 -0.289344 -0.433040
v 1.121255 0.000010 0.520821
v 1.025953 -0.074903 0.376594
v 1.025953 0.000010 0.383972
v 1.121255 0.289360 -0.433040
v 1.025953 0.271518 -0.271502
v 1.025953 0.213331 -0.319255
v 1.121256 -0.101602 0.510813
v 1.025953 -0.146932 0.354744
v 1.025953 -0.074903 0.376594
v 1.121255 0.368285 -0.368268
v 1.025953 0.319267 -0.213320
v 1.025953 0.271518 -0.271502
v 1.121256 -0.199303 0.481176
v 1.025953 -0.213312 0.319263
v 1.025953 -0.146932 0.354744
v 1.121255 0.481182 -0.199306
v 1.025953 0.319267 -0.213320
v 1.121255 0.433052 -0.289350
v 1.121255 -0.368266 0.368277
v 1.025953 -0.213312 0.319263
v 1.121255 -0.289341 0.433050
v 1.121061 -0.653541 -0.981025
v 1.097347 -0.904152 -2.182825
v 1.121061 -0.449558 -1.090057
v 1.121061 -0.832334 -0.834294
v 1.097347 -1.312626 -1.964491
v 1.121061 -0.653541 -0.981025
v 1.121061 -0.979068 -0.655498
v 1.097347 -1.670657 -1.670662
v 1.121061 -0.832334 -0.834294
v 1.121061 -1.088101 -0.451512
v 1.097347 -1.964488 -1.312628
v 1.121061 -0.979068 -0.655498
v 1.121061 -1.155242 -0.230176
v 1.097347 -2.182824 -0.904151
v 1.121061 -1.088101 -0.451512
v 1.121061 -1.177913 0.000003
v 1.097347 -2.317274 -0.460930
v 1.121061 -1.155242 -0.230176
v 1.121061 -1.177913 0.000003
v 1.097347 -2.317274 0.460937
v 1.097347 -2.362672 0.000004
v 1.121061 -1.155242 0.230183
v 1.097347 -2.182824 0.904159
v 1.097347 -2.317274 0.460937
v 1.121061 -1.088101 0.451519
v 1.097347 -1.964489 1.312636
v 1.097347 -2.182824 0.904159
v 1.121061 -0.979068 0.655505
v 1.097347 -1.670658 1.670669
v 1.097347 -1.964489 1.312636
v 1.121061 -0.832335 0.834300
v 1.097347 -1.312625 1.964500
v 1.097347 -1.670658 1.670669
v 1.121061 -0.653540 0.981034
v 1.097347 -0.904151 2.182833
v 1.097347 -1.312625 1.964500
v 1.121061 -0.449557 1.090064
v 1.097347 -0.460930 2.317282
v 1.097347 -0.904151 2.182833
v 1.121061 -0.228222 1.157205
v 1.097346 0.000011 2.362681
v 1.097347 -0.460930 2.317282
v 1.121060 0.001965 1.179877
v 1.097347 0.460948 2.317282
v 1.097346 0.000011 2.362681
v 1.121061 0.232148 1.157205
v 1.097347 0.904168 2.182833
v 1.097347 0.460948 2.317282
v 1.121061 0.453482 1.090065
v 1.097347 1.312643 1.964498
v 1.097347 0.904168 2.182833
v 1.121061 0.657466 0.981033
v 1.097347 1.670677 1.670667
v 1.097347 1.312643 1.964498
v 1.121061 0.836262 0.834298
v 1.097347 1.964506 1.312636
v 1.097347 1.670677 1.670667
v 1.121061 0.982994 0.655505
v 1.097347 2.182840 0.904160
v 1.097347 1.964506 1.312636
v 1.121061 1.092025 0.451521
v 1.097347 2.317291 0.460932
v 1.097347 2.182840 0.904160
v 1.121061 1.159168 0.230179
v 1.097347 2.362689 0.000003
v 1.097347 2.317291 0.460932
v 1.121061 1.159168 -0.230175
v 1.097347 2.362689 0.000003
v 1.121061 1.181839 0.000004
v 1.121061 1.092024 -0.451517
v 1.097347 2.317290 -0.460930
v 1.121061 1.159168 -0.230175
v 1.121061 0.982991 -0.655502
v 1.097347 2.182837 -0.904157
v 1.121061 1.092024 -0.451517
v 1.121061 0.836261 -0.834292
v 1.097347 1.964502 -1.312634
v 1.121061 0.982991 -0.655502
v 1.121061 0.657465 -0.981026
v 1.097347 1.670675 -1.670662
v 1.121061 0.836261 -0.834292
v 1.121061 0.453476 -1.090060
v 1.097347 1.312640 -1.964493
v 1.121061 0.657465 -0.981026
v 1.121061 0.232139 -1.157202
v 1.097347 0.904160 -2.182829
v 1.121061 0.453476 -1.090060
v 1.121061 0.001971 -1.179872
v 1.097347 0.460937 -2.317279
v 1.121061 0.232139 -1.157202
v 1.121061 -0.449558 -1.090057
v 1.097347 -0.460925 -2.317276
v 1.121061 -0.228218 -1.157199
v 1.121061 -0.228218 -1.157199
v 1.097347 0.000017 -2.362675
v 1.121061 0.001971 -1.179872
v 0.967328 -2.568039 1.715916
v 0.872353 -2.506559 2.506570
v 0.872353 -2.947404 1.969399
v 0.872353 -3.274981 1.356546
v 0.967328 -2.568039 1.715916
v 0.872353 -2.947404 1.969399
v 0.967328 -3.029210 0.602551
v 0.872353 -3.274981 1.356546
v 0.872353 -3.476701 0.691562
v 0.967328 -3.088556 0.000004
v 0.872353 -3.476701 0.691562
v 0.872353 -3.544814 0.000004
v 0.967328 -3.088556 0.000004
v 0.872353 -3.476701 -0.691556
v 0.967328 -3.029210 -0.602545
v 0.872353 -3.274980 -1.356540
v 0.967328 -3.029210 -0.602545
v 0.872353 -3.476701 -0.691556
v 0.967328 -2.853453 -1.181937
v 0.872353 -2.947403 -1.969393
v 0.967328 -2.568038 -1.715909
v 0.967328 -2.183936 -2.183940
v 0.872353 -2.947403 -1.969393
v 0.872353 -2.506559 -2.506563
v 0.872353 -2.506559 -2.506563
v 1.257805 -2.506559 2.506570
v 0.872353 -2.506559 2.506570
v 1.257805 -2.506559 2.506570
v 1.257805 -2.351037 -2.351042
v 1.257805 -2.351037 2.351048
v 1.257805 -2.351037 2.351048
v 0.967328 -2.183936 -2.183940
v 0.967328 -2.183936 2.183947
v 1.180979 0.119611 -2.897173
v 1.241363 -0.113017 -1.080669
v 1.180979 -0.113017 -2.897173
v 0.964005 -0.113017 -2.888068
v 1.241363 -0.113017 -1.080669
v 1.024389 -0.113017 -1.071565
v 0.964005 0.119611 -2.888068
v 1.241363 0.119611 -1.080669
v 1.180979 0.119611 -2.897173
v 0.950215 0.071140 -3.377843
v 1.180979 0.119611 -2.897173
v 1.167188 0.071140 -3.386947
v 0.950215 -0.061713 -3.377843
v 1.180979 -0.113017 -2.897173
v 0.964005 -0.113017 -2.888068
v 1.167188 -0.061713 -3.386947
v 1.180979 0.119611 -2.897173
v 1.180979 -0.113017 -2.897173
v 1.180979 0.126216 2.897177
v 1.241363 -0.106413 1.080673
v 1.241363 0.126216 1.080673
v 0.964005 0.126216 2.888072
v 1.241363 0.126216 1.080673
v 1.024389 0.126216 1.071569
v 0.964005 -0.106413 2.888072
v 1.241363 -0.106413 1.080673
v 1.180979 -0.106413 2.897177
v 0.950215 -0.057941 3.377847
v 1.180979 -0.106413 2.897177
v 1.167188 -0.057941 3.386951
v 0.950215 0.074911 3.377847
v 1.180979 0.126216 2.897177
v 0.964005 0.126216 2.888072
v 1.167188 0.074911 3.386951
v 1.180979 -0.106413 2.897177
v 1.180979 0.126216 2.897177
v 1.180979 2.903774 -0.119615
v 1.241363 1.087271 0.113014
v 1.241363 1.087271 -0.119615
v 0.964005 2.894670 -0.119615
v 1.241363 1.087271 -0.119615
v 1.024389 1.078166 -0.119615
v 0.964005 2.894670 0.113014
v 1.241363 1.087271 0.113014
v 1.180979 2.903774 0.113014
v 0.950215 3.384444 0.064542
v 1.180979 2.903774 0.113014
v 1.167188 3.393549 0.064542
v 0.950215 3.384444 -0.068310
v 1.180979 2.903774 -0.119615
v 0.964005 2.894670 -0.119615
v 1.167188 3.393549 -0.068310
v 1.180979 2.903774 0.113014
v 1.180979 2.903774 -0.119615
v 1.180979 -1.902648 0.119618
v 1.241363 -1.074072 -0.113010
v 1.241363 -1.074072 0.119618
v 1.180979 -1.902648 0.119618
v 1.024389 -1.064967 0.119618
v 0.964005 -1.893544 0.119618
v 1.180979 -1.902648 -0.113010
v 1.024389 -1.064967 -0.113010
v 1.241363 -1.074072 -0.113010
v 0.950215 -2.383318 -0.064539
v 1.180979 -1.902648 -0.113010
v 1.167188 -2.392423 -0.064539
v 0.950215 -2.383318 0.068313
v 1.180979 -1.902648 0.119618
v 0.964005 -1.893544 0.119618
v 1.167188 -2.392423 0.068313
v 1.180979 -1.902648 -0.113010
v 1.180979 -1.902648 0.119618
v 1.180979 2.135123 -1.968698
v 1.241363 0.686168 -0.848730
v 1.180979 1.970629 -2.133192
v 0.964005 1.964191 -2.126754
v 1.241363 0.686168 -0.848730
v 1.024389 0.679730 -0.842292
v 0.964005 2.128685 -1.962260
v 1.241363 0.850661 -0.684237
v 1.180979 2.135123 -1.968698
v 0.950215 2.440733 -2.342858
v 1.180979 2.135123 -1.968698
v 1.167188 2.447171 -2.349296
v 0.950215 2.346792 -2.436799
v 1.180979 1.970629 -2.133192
v 0.964005 1.964191 -2.126754
v 1.167188 2.353230 -2.443237
v 1.180979 2.135123 -1.968698
v 1.180979 1.970629 -2.133192
v 1.180979 -1.957431 2.133195
v 1.241363 -0.837462 0.684240
v 1.241363 -0.672969 0.848734
v 0.964005 -1.950993 2.126757
v 1.241363 -0.672969 0.848734
v 1.024389 -0.666531 0.842296
v 0.964005 -2.115486 1.962264
v 1.241363 -0.837462 0.684240
v 1.180979 -2.121924 1.968702
v 0.950215 -2.427534 2.342862
v 1.180979 -2.121924 1.968702
v 1.167188 -2.433972 2.349300
v 0.950215 -2.333594 2.436802
v 1.180979 -1.957431 2.133195
v 0.964005 -1.950993 2.126757
v 1.167188 -2.340032 2.443240
v 1.180979 -2.121924 1.968702
v 1.180979 -1.957431 2.133195
v 1.180979 2.139793 1.964032
v 1.241363 0.690838 0.844063
v 1.241363 0.855331 0.679570
v 0.964005 2.133355 1.957594
v 1.241363 0.855331 0.679570
v 1.024389 0.848893 0.673132
v 0.964005 1.968862 2.122087
v 1.241363 0.690838 0.844063
v 1.180979 1.975300 2.128525
v 0.950215 2.349459 2.434136
v 1.180979 1.975300 2.128525
v 1.167188 2.355897 2.440574
v 0.950215 2.443400 2.340195
v 1.180979 2.139793 1.964032
v 0.964005 2.133355 1.957594
v 1.167188 2.449838 2.346633
v 1.180979 1.975300 2.128525
v 1.180979 2.139793 1.964032
v 1.180979 -2.126594 -1.964029
v 1.241363 -0.677639 -0.844060
v 1.241363 -0.842132 -0.679566
v 0.964005 -2.120156 -1.957590
v 1.241363 -0.842132 -0.679566
v 1.024389 -0.835694 -0.673129
v 0.964005 -1.955663 -2.122084
v 1.241363 -0.677639 -0.844060
v 1.180979 -1.962101 -2.128522
v 0.950215 -2.336260 -2.434132
v 1.180979 -1.962101 -2.128522
v 1.167188 -2.342698 -2.440570
v 0.950215 -2.430201 -2.340191
v 1.180979 -2.126594 -1.964029
v 0.964005 -2.120156 -1.957590
v 1.167188 -2.436639 -2.346629
v 1.180979 -1.962101 -2.128522
v 1.180979 -2.126594 -1.964029
v 0.978388 -2.626633 -1.144599
v 1.302353 -3.194061 -1.144599
v 0.978388 -3.194061 -1.144599
v 1.302353 -3.161928 0.547519
v 1.012791 -2.658766 0.547519
v 1.302353 -2.658766 0.547519
v 1.302353 -2.626633 1.121300
v 0.978388 -3.194061 1.121300
v 1.302353 -3.194061 1.121300
v 1.302353 -3.194061 -1.144599
v 0.978388 -3.194061 1.121300
v 0.978388 -3.194061 -1.144599
v 0.978388 -2.626633 -1.144599
v 1.302353 -2.626633 1.121300
v 1.302353 -2.626633 -1.144599
v 1.302353 -3.161928 -1.089164
v 1.302353 -2.626633 -1.144599
v 1.302353 -2.658766 -1.089164
v 1.302353 -3.161928 0.547519
v 1.302353 -3.194061 -1.144599
v 1.302353 -3.161928 -1.089164
v 1.302353 -2.658766 0.547519
v 1.302353 -2.626633 -1.144599
v 1.302353 -2.626633 1.121300
v 1.302353 -2.658766 0.547519
v 1.302353 -3.194061 1.121300
v 1.302353 -3.161928 0.547519
v 1.302353 -3.161928 -1.089164
v 1.012791 -3.161928 0.547519
v 1.302353 -3.161928 0.547519
v 1.302353 -2.658766 0.547519
v 1.012791 -2.658766 -1.089164
v 1.302353 -2.658766 -1.089164
v 1.302353 -2.658766 -1.089164
v 1.012791 -3.161928 -1.089164
v 1.302353 -3.161928 -1.089164
v 1.213232 -2.922035 0.485801
v 1.272355 -2.956171 -1.052634
v 1.213232 -2.922035 -1.052634
v 1.272355 -2.956171 0.485801
v 1.272355 -3.024441 -1.052634
v 1.272355 -2.956171 -1.052634
v 1.272355 -3.024441 0.485801
v 1.213232 -3.058577 -1.052634
v 1.272355 -3.024441 -1.052634
v 1.213232 -3.058577 0.485801
v 1.154108 -3.024441 -1.052634
v 1.213232 -3.058577 -1.052634
v 1.154108 -3.024441 0.485801
v 1.154108 -2.956171 -1.052634
v 1.154108 -3.024441 -1.052634
v 1.154108 -2.956171 0.485801
v 1.213232 -2.922035 -1.052634
v 1.154108 -2.956171 -1.052634
v 1.254126 -2.966696 0.485801
v 1.254126 -3.013916 0.562329
v 1.254126 -3.013916 0.485801
v 1.213232 -2.943085 0.485801
v 1.272355 -2.956171 0.485801
v 1.213232 -2.922035 0.485801
v 1.254126 -3.013916 0.485801
v 1.272355 -2.956171 0.485801
v 1.254126 -2.966696 0.485801
v 1.213232 -3.037527 0.485801
v 1.272355 -3.024441 0.485801
v 1.254126 -3.013916 0.485801
v 1.213232 -3.037527 0.485801
v 1.154108 -3.024441 0.485801
v 1.213232 -3.058577 0.485801
v 1.172337 -2.966696 0.485801
v 1.154108 -3.024441 0.485801
v 1.172337 -3.013916 0.485801
v 1.213232 -2.943085 0.485801
v 1.154108 -2.956171 0.485801
v 1.172337 -2.966696 0.485801
v 1.172337 -3.013916 0.485801
v 1.172337 -2.966696 0.562329
v 1.172337 -2.966696 0.485801
v 1.254126 -3.013916 0.485801
v 1.213232 -3.037527 0.562329
v 1.213232 -3.037527 0.485801
v 1.213232 -2.943085 0.485801
v 1.254126 -2.966696 0.562329
v 1.254126 -2.966696 0.485801
v 1.172337 -2.966696 0.485801
v 1.213232 -2.943085 0.562329
v 1.213232 -2.943085 0.485801
v 1.213232 -3.037527 0.485801
v 1.172337 -3.013916 0.562329
v 1.172337 -3.013916 0.485801
v 1.154108 -3.024441 -1.052634
v 1.154108 -2.956171 -1.052634
v 1.272355 -2.956171 -1.052634
v 1.213232 -2.742050 0.485801
v 1.249060 -2.762735 -1.052634
v 1.213232 -2.742050 -1.052634
v 1.249060 -2.762735 0.485801
v 1.249060 -2.804108 -1.052634
v 1.249060 -2.762735 -1.052634
v 1.249060 -2.804108 0.485801
v 1.213232 -2.824793 -1.052634
v 1.249060 -2.804108 -1.052634
v 1.213232 -2.824793 0.485801
v 1.177403 -2.804108 -1.052634
v 1.213232 -2.824793 -1.052634
v 1.177403 -2.804108 0.485801
v 1.177403 -2.762735 -1.052634
v 1.177403 -2.804108 -1.052634
v 1.177403 -2.762735 0.485801
v 1.213232 -2.742050 -1.052634
v 1.177403 -2.762735 -1.052634
v 1.230600 -2.773394 0.485801
v 1.230600 -2.793449 0.562329
v 1.230600 -2.793449 0.485801
v 1.213232 -2.763367 0.485801
v 1.249060 -2.762735 0.485801
v 1.213232 -2.742050 0.485801
v 1.230600 -2.793449 0.485801
v 1.249060 -2.762735 0.485801
v 1.230600 -2.773394 0.485801
v 1.213232 -2.803476 0.485801
v 1.249060 -2.804108 0.485801
v 1.230600 -2.793449 0.485801
v 1.195863 -2.793449 0.485801
v 1.213232 -2.824793 0.485801
v 1.213232 -2.803476 0.485801
v 1.195863 -2.773394 0.485801
v 1.177403 -2.804108 0.485801
v 1.195863 -2.793449 0.485801
v 1.195863 -2.773394 0.485801
v 1.213232 -2.742050 0.485801
v 1.177403 -2.762735 0.485801
v 1.195863 -2.793449 0.485801
v 1.195863 -2.773394 0.562329
v 1.195863 -2.773394 0.485801
v 1.230600 -2.793449 0.485801
v 1.213232 -2.803476 0.562329
v 1.213232 -2.803476 0.485801
v 1.213232 -2.763367 0.485801
v 1.230600 -2.773394 0.562329
v 1.230600 -2.773394 0.485801
v 1.195863 -2.773394 0.485801
v 1.213232 -2.763367 0.562329
v 1.213232 -2.763367 0.485801
v 1.213232 -2.803476 0.485801
v 1.195863 -2.793449 0.562329
v 1.195863 -2.793449 0.485801
v 1.213232 -2.824793 -1.052634
v 1.177403 -2.804108 -1.052634
v 1.177403 -2.762735 -1.052634
v 0.862513 -2.416841 1.191859
v 1.144089 -3.324859 1.191859
v 0.862513 -3.324859 1.191859
v 1.144089 -2.416841 1.191859
v 1.144089 -3.324859 1.259284
v 1.144089 -3.324859 1.191859
v 1.144089 -2.416841 1.259284
v 0.862513 -3.324859 1.259284
v 1.144089 -3.324859 1.259284
v 1.144089 -3.324859 -1.191855
v 0.862513 -2.416841 -1.191855
v 0.862513 -3.324859 -1.191855
v 1.144089 -3.324859 -1.259280
v 1.144089 -2.416841 -1.191855
v 1.144089 -3.324859 -1.191855
v 0.862513 -3.324859 -1.259280
v 1.144089 -2.416841 -1.259280
v 1.144089 -3.324859 -1.259280
v 1.065006 0.760545 0.198379
v 1.091673 -0.679729 -0.361611
v 1.065006 -0.666793 -0.392844
v 1.091673 -0.679729 -0.361611
v 1.091673 0.692930 0.361615
v 1.091673 -0.734407 -0.229608
v 1.091673 0.692930 0.361615
v 1.065006 -0.747344 -0.198375
v 1.091673 -0.734407 -0.229608
v 1.257805 3.071799 1.272377
v 1.257805 2.764547 1.847206
v 0.967328 2.568057 1.715915
v 1.257805 0.000013 -3.544818
v 1.257805 0.000013 -3.324877
v 1.257805 -0.648642 -3.260989
v 1.257805 0.691562 -3.476707
v 1.257805 0.648653 -3.260992
v 1.257805 0.000013 -3.324877
v 1.257805 0.691562 -3.476707
v 1.257805 1.356547 -3.274987
v 1.257805 1.272379 -3.071788
v 1.257805 1.969401 -2.947410
v 1.257805 1.847209 -2.764535
v 1.257805 1.272379 -3.071788
v 1.257805 2.506574 -2.506566
v 1.257805 2.351052 -2.351043
v 1.257805 1.847209 -2.764535
v 1.257805 2.947417 -1.969398
v 1.257805 2.764543 -1.847205
v 1.257805 2.351052 -2.351043
v 1.257805 3.274995 -1.356545
v 1.257805 3.071795 -1.272377
v 1.257805 2.764543 -1.847205
v 1.257805 3.476717 -0.691558
v 1.257805 3.261002 -0.648649
v 1.257805 3.071795 -1.272377
v 1.257805 3.476717 -0.691558
v 1.257805 3.544831 0.000001
v 1.257805 3.324890 0.000001
v 1.257805 3.476719 0.691558
v 1.257805 3.261004 0.648650
v 1.257805 3.324890 0.000001
v 1.257805 3.476719 0.691558
v 1.257805 3.274998 1.356545
v 1.257805 3.071799 1.272377
v 1.257805 3.274998 1.356545
v 1.257805 2.947422 1.969398
v 1.257805 2.764547 1.847206
v 1.257805 2.506578 2.506568
v 1.257805 2.351056 2.351046
v 1.257805 2.764547 1.847206
v 1.257805 2.506578 2.506568
v 1.257805 1.969407 2.947413
v 1.257805 1.847215 2.764539
v 1.257805 1.356555 3.274990
v 1.257805 1.272387 3.071791
v 1.257805 1.847215 2.764539
v 1.257805 1.356555 3.274990
v 1.257805 0.691573 3.476711
v 1.257805 0.648664 3.260996
v 1.257805 0.000011 3.544824
v 1.257805 0.000011 3.324883
v 1.257805 0.648664 3.260996
v 1.257805 -0.691553 3.476711
v 1.257805 -0.648645 3.260996
v 1.257805 0.000011 3.324883
v 1.257805 -1.356536 3.274991
v 1.257805 -1.272368 3.071792
v 1.257805 -0.648645 3.260996
v 1.257805 -1.356536 3.274991
v 1.257805 -1.969388 2.947415
v 1.257805 -1.847195 2.764541
v 1.257805 -2.506559 2.506570
v 1.257805 -2.351037 2.351048
v 1.257805 -1.847195 2.764541
v 1.257805 -2.506559 -2.506563
v 1.257805 -1.969390 -2.947407
v 1.257805 -1.847197 -2.764533
v 1.257805 -1.969390 -2.947407
v 1.257805 -1.356537 -3.274983
v 1.257805 -1.272369 -3.071784
v 1.257805 -0.691551 -3.476704
v 1.257805 -0.648642 -3.260989
v 1.257805 -1.272369 -3.071784
v 1.121061 -0.653540 0.981034
v 1.288097 -0.653540 0.981034
v 1.288097 -0.449557 1.090064
v 1.257805 2.351056 2.351046
v 0.967328 2.183954 2.183945
v 0.967328 2.568057 1.715915
v 1.257805 -0.648642 -3.260989
v 1.257805 0.000013 -3.324877
v 0.967328 0.000013 -3.088560
v 1.257805 2.351056 2.351046
v 1.257805 1.847215 2.764539
v 0.967328 1.715924 2.568049
v 1.257805 -0.648642 -3.260989
v 0.967328 -0.602539 -3.029213
v 0.967328 -1.181935 -2.853456
v 1.257805 1.272387 3.071791
v 0.967328 1.181952 2.853463
v 0.967328 1.715924 2.568049
v 1.257805 0.000013 -3.324877
v 1.257805 0.648653 -3.260992
v 0.967328 0.602551 -3.029216
v 1.257805 1.272387 3.071791
v 1.257805 0.648664 3.260996
v 0.967328 0.602561 3.029220
v 1.257805 1.272379 -3.071788
v 0.967328 1.181945 -2.853459
v 0.967328 0.602551 -3.029216
v 1.257805 -2.351037 -2.351042
v 1.257805 -1.847197 -2.764533
v 0.967328 -1.715906 -2.568042
v 1.257805 0.000011 3.324883
v 0.967327 0.000010 3.088566
v 0.967328 0.602561 3.029220
v 1.257805 1.847209 -2.764535
v 0.967328 1.715919 -2.568045
v 0.967328 1.181945 -2.853459
v 1.257805 -1.272369 -3.071784
v 0.967328 -1.181935 -2.853456
v 0.967328 -1.715906 -2.568042
v 1.257805 0.000011 3.324883
v 1.257805 -0.648645 3.260996
v 0.967328 -0.602542 3.029220
v 1.257805 1.847209 -2.764535
v 1.257805 2.351052 -2.351043
v 0.967328 2.183951 -2.183942
v 1.257805 -0.648645 3.260996
v 1.257805 -1.272368 3.071792
v 0.967328 -1.181934 2.853464
v 1.257805 2.351052 -2.351043
v 1.257805 2.764543 -1.847205
v 0.967328 2.568053 -1.715914
v 1.257805 -1.272368 3.071792
v 1.257805 -1.847195 2.764541
v 0.967328 -1.715905 2.568051
v 1.257805 3.071795 -1.272377
v 0.967328 2.853467 -1.181942
v 0.967328 2.568053 -1.715914
v 1.257805 -2.351037 2.351048
v 0.967328 -2.183936 2.183947
v 0.967328 -1.715905 2.568051
v 1.257805 3.071795 -1.272377
v 1.257805 3.261002 -0.648649
v 0.967328 3.029226 -0.602546
v 1.257805 3.261002 -0.648649
v 1.257805 3.324890 0.000001
v 0.967328 3.088573 0.000001
v 1.257805 3.261004 0.648650
v 0.967328 3.029228 0.602547
v 0.967328 3.088573 0.000001
v 1.257805 3.071799 1.272377
v 0.967328 2.853470 1.181943
v 0.967328 3.029228 0.602547
v 1.097347 -0.460925 -2.317276
v 0.967328 -0.602539 -3.029213
v 0.967328 0.000013 -3.088560
v 1.097347 -0.460925 -2.317276
v 1.097347 -0.904152 -2.182825
v 0.967328 -1.181935 -2.853456
v 1.097347 0.000017 -2.362675
v 0.967328 0.000013 -3.088560
v 0.967328 0.602551 -3.029216
v 1.097347 0.904160 -2.182829
v 1.097347 0.460937 -2.317279
v 0.967328 0.602551 -3.029216
v 1.097347 1.312640 -1.964493
v 1.097347 0.904160 -2.182829
v 0.967328 1.181945 -2.853459
v 1.097347 1.312640 -1.964493
v 0.967328 1.715919 -2.568045
v 0.967328 2.183951 -2.183942
v 1.097347 1.670675 -1.670662
v 0.967328 2.183951 -2.183942
v 0.967328 2.568053 -1.715914
v 1.097347 1.964502 -1.312634
v 0.967328 2.568053 -1.715914
v 0.967328 2.853467 -1.181942
v 1.097347 2.182837 -0.904157
v 0.967328 2.853467 -1.181942
v 0.967328 3.029226 -0.602546
v 1.097347 2.317290 -0.460930
v 0.967328 3.029226 -0.602546
v 0.967328 3.088573 0.000001
v 1.097347 2.362689 0.000003
v 0.967328 3.088573 0.000001
v 0.967328 3.029228 0.602547
v 1.097347 2.182840 0.904160
v 1.097347 2.317291 0.460932
v 0.967328 3.029228 0.602547
v 1.097347 1.964506 1.312636
v 1.097347 2.182840 0.904160
v 0.967328 2.853470 1.181943
v 1.097347 1.964506 1.312636
v 0.967328 2.568057 1.715915
v 0.967328 2.183954 2.183945
v 1.097347 1.312643 1.964498
v 1.097347 1.670677 1.670667
v 0.967328 2.183954 2.183945
v 1.097347 1.312643 1.964498
v 0.967328 1.715924 2.568049
v 0.967328 1.181952 2.853463
v 1.097347 0.460948 2.317282
v 1.097347 0.904168 2.182833
v 0.967328 1.181952 2.853463
v 1.097346 0.000011 2.362681
v 1.097347 0.460948 2.317282
v 0.967328 0.602561 3.029220
v 1.097346 0.000011 2.362681
v 0.967327 0.000010 3.088566
v 0.967328 -0.602542 3.029220
v 1.097347 -0.460930 2.317282
v 0.967328 -0.602542 3.029220
v 0.967328 -1.181934 2.853464
v 1.097347 -0.904151 2.182833
v 0.967328 -1.181934 2.853464
v 0.967328 -1.715905 2.568051
v 1.097347 -1.312625 1.964500
v 0.967328 -1.715905 2.568051
v 0.967328 -2.183936 2.183947
v 1.097347 -1.964489 1.312636
v 1.097347 -1.670658 1.670669
v 0.967328 -2.183936 2.183947
v 1.097347 -1.964489 1.312636
v 0.967328 -2.568039 1.715916
v 0.967328 -2.853453 1.181943
v 1.097347 -2.182824 0.904159
v 0.967328 -2.853453 1.181943
v 0.967328 -3.029210 0.602551
v 1.097347 -2.317274 0.460937
v 0.967328 -3.029210 0.602551
v 0.967328 -3.088556 0.000004
v 1.097347 -2.317274 -0.460930
v 1.097347 -2.362672 0.000004
v 0.967328 -3.088556 0.000004
v 1.097347 -2.182824 -0.904151
v 1.097347 -2.317274 -0.460930
v 0.967328 -3.029210 -0.602545
v 1.097347 -1.964488 -1.312628
v 1.097347 -2.182824 -0.904151
v 0.967328 -2.853453 -1.181937
v 1.097347 -1.670657 -1.670662
v 1.097347 -1.964488 -1.312628
v 0.967328 -2.568038 -1.715909
v 1.097347 -1.312626 -1.964491
v 1.097347 -1.670657 -1.670662
v 0.967328 -2.183936 -2.183940
v 1.097347 -0.904152 -2.182825
v 1.097347 -1.312626 -1.964491
v 0.967328 -1.715906 -2.568042
v 1.273445 -0.983634 0.000003
v 1.273445 -0.964696 -0.192274
v 1.101113 -0.964696 -0.192274
v 1.121061 1.092024 -0.451517
v 1.288097 1.092024 -0.451517
v 1.288097 0.982991 -0.655502
v 1.121061 -0.832335 0.834300
v 1.288097 -0.832335 0.834300
v 1.288097 -0.653540 0.981034
v 1.121061 1.159168 -0.230175
v 1.288097 1.159168 -0.230175
v 1.288097 1.092024 -0.451517
v 1.121061 -0.979068 0.655505
v 1.288097 -0.979068 0.655505
v 1.288097 -0.832335 0.834300
v 1.121061 1.181839 0.000004
v 1.288097 1.181839 0.000004
v 1.288097 1.159168 -0.230175
v 1.121061 -1.088101 0.451519
v 1.288097 -1.088101 0.451519
v 1.288097 -0.979068 0.655505
v 1.121061 1.159168 0.230179
v 1.288097 1.159168 0.230179
v 1.288097 1.181839 0.000004
v 1.121061 -1.155242 0.230183
v 1.288097 -1.155242 0.230183
v 1.288097 -1.088101 0.451519
v 1.121061 1.092025 0.451521
v 1.288097 1.092025 0.451521
v 1.288097 1.159168 0.230179
v 1.121061 -1.155242 0.230183
v 1.121061 -1.177913 0.000003
v 1.288097 -1.177913 0.000003
v 1.121061 0.982994 0.655505
v 1.288097 0.982994 0.655505
v 1.288097 1.092025 0.451521
v 1.121061 -1.177913 0.000003
v 1.121061 -1.155242 -0.230176
v 1.288097 -1.155242 -0.230176
v 1.121061 0.836262 0.834298
v 1.288097 0.836262 0.834298
v 1.288097 0.982994 0.655505
v 1.121061 0.001971 -1.179872
v 1.288097 0.001971 -1.179872
v 1.288097 -0.228218 -1.157199
v 1.121061 -1.088101 -0.451512
v 1.288097 -1.088101 -0.451512
v 1.288097 -1.155242 -0.230176
v 1.121061 0.657466 0.981033
v 1.288097 0.657466 0.981033
v 1.288097 0.836262 0.834298
v 1.121061 -0.228218 -1.157199
v 1.288097 -0.228218 -1.157199
v 1.288097 -0.449558 -1.090057
v 1.121061 -0.979068 -0.655498
v 1.288097 -0.979068 -0.655498
v 1.288097 -1.088101 -0.451512
v 1.121061 0.453482 1.090065
v 1.288097 0.453482 1.090065
v 1.288097 0.657466 0.981033
v 1.121061 0.232139 -1.157202
v 1.288097 0.232139 -1.157202
v 1.288097 0.001971 -1.179872
v 1.121061 -0.832334 -0.834294
v 1.288097 -0.832334 -0.834294
v 1.288097 -0.979068 -0.655498
v 1.121061 0.232148 1.157205
v 1.288097 0.232148 1.157205
v 1.288097 0.453482 1.090065
v 1.121061 0.453476 -1.090060
v 1.288097 0.453476 -1.090060
v 1.288097 0.232139 -1.157202
v 1.121061 -0.653541 -0.981025
v 1.288097 -0.653541 -0.981025
v 1.288097 -0.832334 -0.834294
v 1.121061 0.232148 1.157205
v 1.121060 0.001965 1.179877
v 1.288096 0.001965 1.179877
v 1.121061 0.657465 -0.981026
v 1.288097 0.657465 -0.981026
v 1.288097 0.453476 -1.090060
v 1.121061 -0.449558 -1.090057
v 1.288097 -0.449558 -1.090057
v 1.288097 -0.653541 -0.981025
v 1.121061 -0.228222 1.157205
v 1.288097 -0.228222 1.157205
v 1.288096 0.001965 1.179877
v 1.121061 0.836261 -0.834292
v 1.288097 0.836261 -0.834292
v 1.288097 0.657465 -0.981026
v 1.121061 -0.449557 1.090064
v 1.288097 -0.449557 1.090064
v 1.288097 -0.228222 1.157205
v 1.121061 0.982991 -0.655502
v 1.288097 0.982991 -0.655502
v 1.288097 0.836261 -0.834292
v 1.273445 0.001971 -0.985592
v 1.273445 -0.190315 -0.966653
v 1.288097 -0.228218 -1.157199
v 1.273445 -0.375210 -0.910566
v 1.288097 -0.449558 -1.090057
v 1.288097 -0.228218 -1.157199
v 1.273445 0.001971 -0.985592
v 1.288097 0.001971 -1.179872
v 1.288097 0.232139 -1.157202
v 1.273445 0.379129 -0.910569
v 1.273445 0.194237 -0.966655
v 1.288097 0.232139 -1.157202
v 1.273445 0.379129 -0.910569
v 1.288097 0.453476 -1.090060
v 1.288097 0.657465 -0.981026
v 1.273445 0.698885 -0.696916
v 1.273445 0.549529 -0.819488
v 1.288097 0.657465 -0.981026
v 1.273445 0.821454 -0.547566
v 1.273445 0.698885 -0.696916
v 1.288097 0.836261 -0.834292
v 1.273445 0.821454 -0.547566
v 1.288097 0.982991 -0.655502
v 1.288097 1.092024 -0.451517
v 1.273445 0.968621 -0.192272
v 1.273445 0.912533 -0.377169
v 1.288097 1.092024 -0.451517
v 1.273445 0.987559 0.000004
v 1.273445 0.968621 -0.192272
v 1.288097 1.159168 -0.230175
v 1.273445 0.987559 0.000004
v 1.288097 1.181839 0.000004
v 1.288097 1.159168 0.230179
v 1.273445 0.968622 0.192277
v 1.288097 1.159168 0.230179
v 1.288097 1.092025 0.451521
v 1.273445 0.821456 0.547569
v 1.273445 0.912534 0.377173
v 1.288097 1.092025 0.451521
v 1.273445 0.821456 0.547569
v 1.288097 0.982994 0.655505
v 1.288097 0.836262 0.834298
v 1.273445 0.549530 0.819495
v 1.273445 0.698885 0.696922
v 1.288097 0.836262 0.834298
v 1.273445 0.379134 0.910573
v 1.273445 0.549530 0.819495
v 1.288097 0.657466 0.981033
v 1.273445 0.379134 0.910573
v 1.288097 0.453482 1.090065
v 1.288097 0.232148 1.157205
v 1.273443 0.001965 0.985597
v 1.273445 0.194246 0.966659
v 1.288097 0.232148 1.157205
v 1.273443 0.001965 0.985597
v 1.288096 0.001965 1.179877
v 1.288097 -0.228222 1.157205
v 1.273445 -0.375210 0.910573
v 1.273445 -0.190320 0.966659
v 1.288097 -0.228222 1.157205
v 1.273445 -0.545604 0.819496
v 1.273445 -0.375210 0.910573
v 1.288097 -0.449557 1.090064
v 1.273445 -0.545604 0.819496
v 1.288097 -0.653540 0.981034
v 1.288097 -0.832335 0.834300
v 1.273445 -0.817531 0.547569
v 1.273445 -0.694958 0.696923
v 1.288097 -0.832335 0.834300
v 1.273445 -0.817531 0.547569
v 1.288097 -0.979068 0.655505
v 1.288097 -1.088101 0.451519
v 1.273445 -0.908610 0.377172
v 1.288097 -1.088101 0.451519
v 1.288097 -1.155242 0.230183
v 1.273445 -0.983634 0.000003
v 1.273445 -0.964696 0.192281
v 1.288097 -1.155242 0.230183
v 1.273445 -0.983634 0.000003
v 1.288097 -1.177913 0.000003
v 1.288097 -1.155242 -0.230176
v 1.273445 -0.908610 -0.377164
v 1.273445 -0.964696 -0.192274
v 1.288097 -1.155242 -0.230176
v 1.273445 -0.908610 -0.377164
v 1.288097 -1.088101 -0.451512
v 1.288097 -0.979068 -0.655498
v 1.273445 -0.694957 -0.696918
v 1.273445 -0.817530 -0.547562
v 1.288097 -0.979068 -0.655498
v 1.273445 -0.694957 -0.696918
v 1.288097 -0.832334 -0.834294
v 1.288097 -0.653541 -0.981025
v 1.273445 -0.375210 -0.910566
v 1.273445 -0.545605 -0.819488
v 1.288097 -0.653541 -0.981025
v 1.121255 0.481182 -0.199306
v 1.121255 0.510822 -0.101596
v 1.025953 0.376602 -0.074900
v 1.273445 0.698885 0.696922
v 1.101113 0.698885 0.696922
v 1.101113 0.821456 0.547569
v 1.273445 0.001971 -0.985592
v 1.101113 0.001971 -0.985592
v 1.101113 -0.190315 -0.966653
v 1.273445 -0.908610 -0.377164
v 1.101113 -0.908610 -0.377164
v 1.101113 -0.964696 -0.192274
v 1.273445 0.549530 0.819495
v 1.101113 0.549530 0.819495
v 1.101113 0.698885 0.696922
v 1.273445 -0.190315 -0.966653
v 1.101113 -0.190315 -0.966653
v 1.101113 -0.375210 -0.910566
v 1.273445 -0.817530 -0.547562
v 1.101113 -0.817530 -0.547562
v 1.101113 -0.908610 -0.377164
v 1.273445 0.379134 0.910573
v 1.101113 0.379134 0.910573
v 1.101113 0.549530 0.819495
v 1.273445 0.194237 -0.966655
v 1.101113 0.194237 -0.966655
v 1.101113 0.001971 -0.985592
v 1.273445 -0.694957 -0.696918
v 1.101113 -0.694957 -0.696918
v 1.101113 -0.817530 -0.547562
v 1.273445 0.194246 0.966659
v 1.101113 0.194246 0.966659
v 1.101113 0.379134 0.910573
v 1.273445 0.379129 -0.910569
v 1.101113 0.379129 -0.910569
v 1.101113 0.194237 -0.966655
v 1.273445 -0.545605 -0.819488
v 1.101113 -0.545605 -0.819488
v 1.101113 -0.694957 -0.696918
v 1.273443 0.001965 0.985597
v 1.101112 0.001965 0.985597
v 1.101113 0.194246 0.966659
v 1.273445 0.549529 -0.819488
v 1.101113 0.549529 -0.819488
v 1.101113 0.379129 -0.910569
v 1.273445 -0.375210 -0.910566
v 1.101113 -0.375210 -0.910566
v 1.101113 -0.545605 -0.819488
v 1.273443 0.001965 0.985597
v 1.273445 -0.190320 0.966659
v 1.101113 -0.190320 0.966659
v 1.273445 0.698885 -0.696916
v 1.101113 0.698885 -0.696916
v 1.101113 0.549529 -0.819488
v 1.273445 -0.375210 0.910573
v 1.101113 -0.375210 0.910573
v 1.101113 -0.190320 0.966659
v 1.273445 0.821454 -0.547566
v 1.101113 0.821454 -0.547566
v 1.101113 0.698885 -0.696916
v 1.273445 -0.545604 0.819496
v 1.101113 -0.545604 0.819496
v 1.101113 -0.375210 0.910573
v 1.273445 0.912533 -0.377169
v 1.101113 0.912533 -0.377169
v 1.101113 0.821454 -0.547566
v 1.273445 -0.694958 0.696923
v 1.101113 -0.694958 0.696923
v 1.101113 -0.545604 0.819496
v 1.273445 0.968621 -0.192272
v 1.101113 0.968621 -0.192272
v 1.101113 0.912533 -0.377169
v 1.273445 -0.817531 0.547569
v 1.101113 -0.817531 0.547569
v 1.101113 -0.694958 0.696923
v 1.273445 0.987559 0.000004
v 1.101113 0.987559 0.000004
v 1.101113 0.968621 -0.192272
v 1.273445 -0.908610 0.377172
v 1.101113 -0.908610 0.377172
v 1.101113 -0.817531 0.547569
v 1.273445 0.968622 0.192277
v 1.101113 0.968622 0.192277
v 1.101113 0.987559 0.000004
v 1.273445 -0.964696 0.192281
v 1.101113 -0.964696 0.192281
v 1.101113 -0.908610 0.377172
v 1.273445 0.912534 0.377173
v 1.101113 0.912534 0.377173
v 1.101113 0.968622 0.192277
v 1.273445 -0.964696 0.192281
v 1.273445 -0.983634 0.000003
v 1.101113 -0.983634 0.000003
v 1.273445 0.821456 0.547569
v 1.101113 0.821456 0.547569
v 1.101113 0.912534 0.377173
v 1.121255 0.000019 -0.520815
v 1.121255 -0.101595 -0.510807
v 1.101113 -0.190315 -0.966653
v 1.121255 -0.101595 -0.510807
v 1.121255 -0.199303 -0.481168
v 1.101113 -0.375210 -0.910566
v 1.121255 0.101608 -0.510810
v 1.121255 0.000019 -0.520815
v 1.101113 0.001971 -0.985592
v 1.121255 0.199312 -0.481171
v 1.121255 0.101608 -0.510810
v 1.101113 0.194237 -0.966655
v 1.121255 0.289360 -0.433040
v 1.121255 0.199312 -0.481171
v 1.101113 0.379129 -0.910569
v 1.121255 0.368285 -0.368268
v 1.121255 0.289360 -0.433040
v 1.101113 0.549529 -0.819488
v 1.121255 0.433052 -0.289350
v 1.121255 0.368285 -0.368268
v 1.101113 0.698885 -0.696916
v 1.121255 0.481182 -0.199306
v 1.121255 0.433052 -0.289350
v 1.101113 0.821454 -0.547566
v 1.121255 0.510822 -0.101596
v 1.121255 0.481182 -0.199306
v 1.101113 0.912533 -0.377169
v 1.121255 0.520829 0.000005
v 1.121255 0.510822 -0.101596
v 1.101113 0.968621 -0.192272
v 1.121255 0.520829 0.000005
v 1.101113 0.987559 0.000004
v 1.101113 0.968622 0.192277
v 1.121255 0.510822 0.101602
v 1.101113 0.968622 0.192277
v 1.101113 0.912534 0.377173
v 1.121255 0.481182 0.199312
v 1.101113 0.912534 0.377173
v 1.101113 0.821456 0.547569
v 1.121255 0.433055 0.289354
v 1.101113 0.821456 0.547569
v 1.101113 0.698885 0.696922
v 1.121255 0.368285 0.368275
v 1.101113 0.698885 0.696922
v 1.101113 0.549530 0.819495
v 1.121255 0.289359 0.433049
v 1.101113 0.549530 0.819495
v 1.101113 0.379134 0.910573
v 1.121256 0.199318 0.481177
v 1.101113 0.379134 0.910573
v 1.101113 0.194246 0.966659
v 1.121256 0.101619 0.510813
v 1.101113 0.194246 0.966659
v 1.101112 0.001965 0.985597
v 1.121255 0.000010 0.520821
v 1.101112 0.001965 0.985597
v 1.101113 -0.190320 0.966659
v 1.121256 -0.101602 0.510813
v 1.101113 -0.190320 0.966659
v 1.101113 -0.375210 0.910573
v 1.121256 -0.199303 0.481176
v 1.101113 -0.375210 0.910573
v 1.101113 -0.545604 0.819496
v 1.121255 -0.289341 0.433050
v 1.101113 -0.545604 0.819496
v 1.101113 -0.694958 0.696923
v 1.121255 -0.368266 0.368277
v 1.101113 -0.694958 0.696923
v 1.101113 -0.817531 0.547569
v 1.121255 -0.433038 0.289353
v 1.101113 -0.817531 0.547569
v 1.101113 -0.908610 0.377172
v 1.121255 -0.481167 0.199311
v 1.101113 -0.908610 0.377172
v 1.101113 -0.964696 0.192281
v 1.121255 -0.510804 0.101607
v 1.101113 -0.964696 0.192281
v 1.101113 -0.983634 0.000003
v 1.121255 -0.510805 -0.101600
v 1.121255 -0.520812 0.000003
v 1.101113 -0.983634 0.000003
v 1.121255 -0.481168 -0.199300
v 1.121255 -0.510805 -0.101600
v 1.101113 -0.964696 -0.192274
v 1.121255 -0.433037 -0.289345
v 1.121255 -0.481168 -0.199300
v 1.101113 -0.908610 -0.377164
v 1.121255 -0.368265 -0.368271
v 1.121255 -0.433037 -0.289345
v 1.101113 -0.817530 -0.547562
v 1.121255 -0.289344 -0.433040
v 1.121255 -0.368265 -0.368271
v 1.101113 -0.694957 -0.696918
v 1.121255 -0.199303 -0.481168
v 1.121255 -0.289344 -0.433040
v 1.101113 -0.545605 -0.819488
v 1.025953 -0.146932 -0.354736
v 1.025953 -0.074898 -0.376588
v 1.025953 0.146944 -0.354739
v 1.025953 -0.074898 -0.376588
v 1.025953 0.000016 -0.383966
v 1.025953 0.146944 -0.354739
v 1.025953 0.000016 -0.383966
v 1.025953 0.074912 -0.376590
v 1.025953 0.146944 -0.354739
v 1.025953 0.146944 -0.354739
v 1.025953 0.213331 -0.319255
v 1.025953 0.354750 -0.146936
v 1.025953 0.213331 -0.319255
v 1.025953 0.271518 -0.271502
v 1.025953 0.354750 -0.146936
v 1.025953 0.271518 -0.271502
v 1.025953 0.319267 -0.213320
v 1.025953 0.354750 -0.146936
v 1.025953 0.354750 -0.146936
v 1.025953 0.376602 -0.074900
v 1.025953 0.354750 0.146942
v 1.025953 0.376602 -0.074900
v 1.025953 0.383979 0.000005
v 1.025953 0.354750 0.146942
v 1.025953 0.383979 0.000005
v 1.025953 0.376602 0.074906
v 1.025953 0.354750 0.146942
v 1.025953 0.354750 0.146942
v 1.025953 0.319268 0.213325
v 1.025953 0.271517 0.271509
v 1.025953 0.271517 0.271509
v 1.025953 0.213330 0.319263
v 1.025953 0.146948 0.354744
v 1.025953 0.146948 0.354744
v 1.025953 0.074920 0.376594
v 1.025953 0.000010 0.383972
v 1.025953 0.000010 0.383972
v 1.025953 -0.074903 0.376594
v 1.025953 0.146948 0.354744
v 1.025953 -0.074903 0.376594
v 1.025953 -0.146932 0.354744
v 1.025953 0.146948 0.354744
v 1.025953 -0.146932 0.354744
v 1.025953 -0.213312 0.319263
v 1.025953 -0.271499 0.271510
v 1.025953 -0.271499 0.271510
v 1.025953 -0.319252 0.213324
v 1.025953 -0.354734 0.146941
v 1.025953 -0.354734 0.146941
v 1.025953 -0.376584 0.074910
v 1.025953 -0.354735 -0.146932
v 1.025953 -0.376584 0.074910
v 1.025953 -0.383962 0.000003
v 1.025953 -0.354735 -0.146932
v 1.025953 -0.383962 0.000003
v 1.025953 -0.376584 -0.074903
v 1.025953 -0.354735 -0.146932
v 1.025953 -0.354735 -0.146932
v 1.025953 -0.319251 -0.213317
v 1.025953 -0.146932 -0.354736
v 1.025953 -0.319251 -0.213317
v 1.025953 -0.271498 -0.271504
v 1.025953 -0.146932 -0.354736
v 1.025953 -0.271498 -0.271504
v 1.025953 -0.213314 -0.319254
v 1.025953 -0.146932 -0.354736
v 1.025953 0.354750 0.146942
v 1.025953 0.271517 0.271509
v 1.025953 0.354750 -0.146936
v 1.025953 0.271517 0.271509
v 1.025953 0.146948 0.354744
v 1.025953 0.354750 -0.146936
v 1.025953 -0.146932 0.354744
v 1.025953 -0.271499 0.271510
v 1.025953 -0.354734 0.146941
v 1.025953 -0.146932 -0.354736
v 1.025953 0.146944 -0.354739
v 1.025953 0.354750 -0.146936
v 1.025953 0.146948 0.354744
v 1.025953 -0.146932 0.354744
v 1.025953 -0.146932 -0.354736
v 1.025953 -0.146932 0.354744
v 1.025953 -0.354734 0.146941
v 1.025953 -0.146932 -0.354736
v 1.025953 -0.354734 0.146941
v 1.025953 -0.354735 -0.146932
v 1.025953 -0.146932 -0.354736
v 1.121255 -0.368266 0.368277
v 1.121255 -0.433038 0.289353
v 1.025953 -0.319252 0.213324
v 1.121255 0.510822 -0.101596
v 1.121255 0.520829 0.000005
v 1.025953 0.383979 0.000005
v 1.121255 -0.433038 0.289353
v 1.121255 -0.481167 0.199311
v 1.025953 -0.354734 0.146941
v 1.121255 0.510822 0.101602
v 1.025953 0.376602 0.074906
v 1.025953 0.383979 0.000005
v 1.121255 -0.481167 0.199311
v 1.121255 -0.510804 0.101607
v 1.025953 -0.376584 0.074910
v 1.121255 0.481182 0.199312
v 1.025953 0.354750 0.146942
v 1.025953 0.376602 0.074906
v 1.121255 -0.510804 0.101607
v 1.121255 -0.520812 0.000003
v 1.025953 -0.383962 0.000003
v 1.121255 0.481182 0.199312
v 1.121255 0.433055 0.289354
v 1.025953 0.319268 0.213325
v 1.121255 -0.510805 -0.101600
v 1.025953 -0.376584 -0.074903
v 1.025953 -0.383962 0.000003
v 1.121255 0.368285 0.368275
v 1.025953 0.271517 0.271509
v 1.025953 0.319268 0.213325
v 1.121255 -0.101595 -0.510807
v 1.121255 0.000019 -0.520815
v 1.025953 0.000016 -0.383966
v 1.121255 -0.481168 -0.199300
v 1.025953 -0.354735 -0.146932
v 1.025953 -0.376584 -0.074903
v 1.121255 0.368285 0.368275
v 1.121255 0.289359 0.433049
v 1.025953 0.213330 0.319263
v 1.121255 -0.101595 -0.510807
v 1.025953 -0.074898 -0.376588
v 1.025953 -0.146932 -0.354736
v 1.121255 -0.433037 -0.289345
v 1.025953 -0.319251 -0.213317
v 1.025953 -0.354735 -0.146932
v 1.121255 0.289359 0.433049
v 1.121256 0.199318 0.481177
v 1.025953 0.146948 0.354744
v 1.121255 0.000019 -0.520815
v 1.121255 0.101608 -0.510810
v 1.025953 0.074912 -0.376590
v 1.121255 -0.368265 -0.368271
v 1.025953 -0.271498 -0.271504
v 1.025953 -0.319251 -0.213317
v 1.121256 0.101619 0.510813
v 1.025953 0.074920 0.376594
v 1.025953 0.146948 0.354744
v 1.121255 0.199312 -0.481171
v 1.025953 0.146944 -0.354739
v 1.025953 0.074912 -0.376590
v 1.121255 -0.289344 -0.433040
v 1.025953 -0.213314 -0.319254
v 1.025953 -0.271498 -0.271504
v 1.121255 0.000010 0.520821
v 1.025953 0.000010 0.383972
v 1.025953 0.074920 0.376594
v 1.121255 0.199312 -0.481171
v 1.121255 0.289360 -0.433040
v 1.025953 0.213331 -0.319255
v 1.121255 -0.199303 -0.481168
v 1.025953 -0.146932 -0.354736
v 1.025953 -0.213314 -0.319254
v 1.121255 0.000010 0.520821
v 1.121256 -0.101602 0.510813
v 1.025953 -0.074903 0.376594
v 1.121255 0.289360 -0.433040
v 1.121255 0.368285 -0.368268
v 1.025953 0.271518 -0.271502
v 1.121256 -0.101602 0.510813
v 1.121256 -0.199303 0.481176
v 1.025953 -0.146932 0.354744
v 1.121255 0.368285 -0.368268
v 1.121255 0.433052 -0.289350
v 1.025953 0.319267 -0.213320
v 1.121256 -0.199303 0.481176
v 1.121255 -0.289341 0.433050
v 1.025953 -0.213312 0.319263
v 1.121255 0.481182 -0.199306
v 1.025953 0.354750 -0.146936
v 1.025953 0.319267 -0.213320
v 1.121255 -0.368266 0.368277
v 1.025953 -0.271499 0.271510
v 1.025953 -0.213312 0.319263
v 1.121061 -0.653541 -0.981025
v 1.097347 -1.312626 -1.964491
v 1.097347 -0.904152 -2.182825
v 1.121061 -0.832334 -0.834294
v 1.097347 -1.670657 -1.670662
v 1.097347 -1.312626 -1.964491
v 1.121061 -0.979068 -0.655498
v 1.097347 -1.964488 -1.312628
v 1.097347 -1.670657 -1.670662
v 1.121061 -1.088101 -0.451512
v 1.097347 -2.182824 -0.904151
v 1.097347 -1.964488 -1.312628
v 1.121061 -1.155242 -0.230176
v 1.097347 -2.317274 -0.460930
v 1.097347 -2.182824 -0.904151
v 1.121061 -1.177913 0.000003
v 1.097347 -2.362672 0.000004
v 1.097347 -2.317274 -0.460930
v 1.121061 -1.177913 0.000003
v 1.121061 -1.155242 0.230183
v 1.097347 -2.317274 0.460937
v 1.121061 -1.155242 0.230183
v 1.121061 -1.088101 0.451519
v 1.097347 -2.182824 0.904159
v 1.121061 -1.088101 0.451519
v 1.121061 -0.979068 0.655505
v 1.097347 -1.964489 1.312636
v 1.121061 -0.979068 0.655505
v 1.121061 -0.832335 0.834300
v 1.097347 -1.670658 1.670669
v 1.121061 -0.832335 0.834300
v 1.121061 -0.653540 0.981034
v 1.097347 -1.312625 1.964500
v 1.121061 -0.653540 0.981034
v 1.121061 -0.449557 1.090064
v 1.097347 -0.904151 2.182833
v 1.121061 -0.449557 1.090064
v 1.121061 -0.228222 1.157205
v 1.097347 -0.460930 2.317282
v 1.121061 -0.228222 1.157205
v 1.121060 0.001965 1.179877
v 1.097346 0.000011 2.362681
v 1.121060 0.001965 1.179877
v 1.121061 0.232148 1.157205
v 1.097347 0.460948 2.317282
v 1.121061 0.232148 1.157205
v 1.121061 0.453482 1.090065
v 1.097347 0.904168 2.182833
v 1.121061 0.453482 1.090065
v 1.121061 0.657466 0.981033
v 1.097347 1.312643 1.964498
v 1.121061 0.657466 0.981033
v 1.121061 0.836262 0.834298
v 1.097347 1.670677 1.670667
v 1.121061 0.836262 0.834298
v 1.121061 0.982994 0.655505
v 1.097347 1.964506 1.312636
v 1.121061 0.982994 0.655505
v 1.121061 1.092025 0.451521
v 1.097347 2.182840 0.904160
v 1.121061 1.092025 0.451521
v 1.121061 1.159168 0.230179
v 1.097347 2.317291 0.460932
v 1.121061 1.159168 0.230179
v 1.121061 1.181839 0.000004
v 1.097347 2.362689 0.000003
v 1.121061 1.159168 -0.230175
v 1.097347 2.317290 -0.460930
v 1.097347 2.362689 0.000003
v 1.121061 1.092024 -0.451517
v 1.097347 2.182837 -0.904157
v 1.097347 2.317290 -0.460930
v 1.121061 0.982991 -0.655502
v 1.097347 1.964502 -1.312634
v 1.097347 2.182837 -0.904157
v 1.121061 0.836261 -0.834292
v 1.097347 1.670675 -1.670662
v 1.097347 1.964502 -1.312634
v 1.121061 0.657465 -0.981026
v 1.097347 1.312640 -1.964493
v 1.097347 1.670675 -1.670662
v 1.121061 0.453476 -1.090060
v 1.097347 0.904160 -2.182829
v 1.097347 1.312640 -1.964493
v 1.121061 0.232139 -1.157202
v 1.097347 0.460937 -2.317279
v 1.097347 0.904160 -2.182829
v 1.121061 0.001971 -1.179872
v 1.097347 0.000017 -2.362675
v 1.097347 0.460937 -2.317279
v 1.121061 -0.449558 -1.090057
v 1.097347 -0.904152 -2.182825
v 1.097347 -0.460925 -2.317276
v 1.121061 -0.228218 -1.157199
v 1.097347 -0.460925 -2.317276
v 1.097347 0.000017 -2.362675
v 0.967328 -2.568039 1.715916
v 0.967328 -2.183936 2.183947
v 0.872353 -2.506559 2.506570
v 0.872353 -3.274981 1.356546
v 0.967328 -2.853453 1.181943
v 0.967328 -2.568039 1.715916
v 0.967328 -3.029210 0.602551
v 0.967328 -2.853453 1.181943
v 0.872353 -3.274981 1.356546
v 0.967328 -3.088556 0.000004
v 0.967328 -3.029210 0.602551
v 0.872353 -3.476701 0.691562
v 0.967328 -3.088556 0.000004
v 0.872353 -3.544814 0.000004
v 0.872353 -3.476701 -0.691556
v 0.872353 -3.274980 -1.356540
v 0.967328 -2.853453 -1.181937
v 0.967328 -3.029210 -0.602545
v 0.967328 -2.853453 -1.181937
v 0.872353 -3.274980 -1.356540
v 0.872353 -2.947403 -1.969393
v 0.967328 -2.183936 -2.183940
v 0.967328 -2.568038 -1.715909
v 0.872353 -2.947403 -1.969393
v 0.872353 -2.506559 -2.506563
v 1.257805 -2.506559 -2.506563
v 1.257805 -2.506559 2.506570
v 1.257805 -2.506559 2.506570
v 1.257805 -2.506559 -2.506563
v 1.257805 -2.351037 -2.351042
v 1.257805 -2.351037 2.351048
v 1.257805 -2.351037 -2.351042
v 0.967328 -2.183936 -2.183940
v 1.180979 0.119611 -2.897173
v 1.241363 0.119611 -1.080669
v 1.241363 -0.113017 -1.080669
v 0.964005 -0.113017 -2.888068
v 1.180979 -0.113017 -2.897173
v 1.241363 -0.113017 -1.080669
v 0.964005 0.119611 -2.888068
v 1.024389 0.119611 -1.071565
v 1.241363 0.119611 -1.080669
v 0.950215 0.071140 -3.377843
v 0.964005 0.119611 -2.888068
v 1.180979 0.119611 -2.897173
v 0.950215 -0.061713 -3.377843
v 1.167188 -0.061713 -3.386947
v 1.180979 -0.113017 -2.897173
v 1.167188 -0.061713 -3.386947
v 1.167188 0.071140 -3.386947
v 1.180979 0.119611 -2.897173
v 1.180979 0.126216 2.897177
v 1.180979 -0.106413 2.897177
v 1.241363 -0.106413 1.080673
v 0.964005 0.126216 2.888072
v 1.180979 0.126216 2.897177
v 1.241363 0.126216 1.080673
v 0.964005 -0.106413 2.888072
v 1.024389 -0.106413 1.071569
v 1.241363 -0.106413 1.080673
v 0.950215 -0.057941 3.377847
v 0.964005 -0.106413 2.888072
v 1.180979 -0.106413 2.897177
v 0.950215 0.074911 3.377847
v 1.167188 0.074911 3.386951
v 1.180979 0.126216 2.897177
v 1.167188 0.074911 3.386951
v 1.167188 -0.057941 3.386951
v 1.180979 -0.106413 2.897177
v 1.180979 2.903774 -0.119615
v 1.180979 2.903774 0.113014
v 1.241363 1.087271 0.113014
v 0.964005 2.894670 -0.119615
v 1.180979 2.903774 -0.119615
v 1.241363 1.087271 -0.119615
v 0.964005 2.894670 0.113014
v 1.024389 1.078166 0.113014
v 1.241363 1.087271 0.113014
v 0.950215 3.384444 0.064542
v 0.964005 2.894670 0.113014
v 1.180979 2.903774 0.113014
v 0.950215 3.384444 -0.068310
v 1.167188 3.393549 -0.068310
v 1.180979 2.903774 -0.119615
v 1.167188 3.393549 -0.068310
v 1.167188 3.393549 0.064542
v 1.180979 2.903774 0.113014
v 1.180979 -1.902648 0.119618
v 1.180979 -1.902648 -0.113010
v 1.241363 -1.074072 -0.113010
v 1.180979 -1.902648 0.119618
v 1.241363 -1.074072 0.119618
v 1.024389 -1.064967 0.119618
v 1.180979 -1.902648 -0.113010
v 0.964005 -1.893544 -0.113010
v 1.024389 -1.064967 -0.113010
v 0.950215 -2.383318 -0.064539
v 0.964005 -1.893544 -0.113010
v 1.180979 -1.902648 -0.113010
v 0.950215 -2.383318 0.068313
v 1.167188 -2.392423 0.068313
v 1.180979 -1.902648 0.119618
v 1.167188 -2.392423 0.068313
v 1.167188 -2.392423 -0.064539
v 1.180979 -1.902648 -0.113010
v 1.180979 2.135123 -1.968698
v 1.241363 0.850661 -0.684237
v 1.241363 0.686168 -0.848730
v 0.964005 1.964191 -2.126754
v 1.180979 1.970629 -2.133192
v 1.241363 0.686168 -0.848730
v 0.964005 2.128685 -1.962260
v 1.024389 0.844223 -0.677799
v 1.241363 0.850661 -0.684237
v 0.950215 2.440733 -2.342858
v 0.964005 2.128685 -1.962260
v 1.180979 2.135123 -1.968698
v 0.950215 2.346792 -2.436799
v 1.167188 2.353230 -2.443237
v 1.180979 1.970629 -2.133192
v 1.167188 2.353230 -2.443237
v 1.167188 2.447171 -2.349296
v 1.180979 2.135123 -1.968698
v 1.180979 -1.957431 2.133195
v 1.180979 -2.121924 1.968702
v 1.241363 -0.837462 0.684240
v 0.964005 -1.950993 2.126757
v 1.180979 -1.957431 2.133195
v 1.241363 -0.672969 0.848734
v 0.964005 -2.115486 1.962264
v 1.024389 -0.831024 0.677802
v 1.241363 -0.837462 0.684240
v 0.950215 -2.427534 2.342862
v 0.964005 -2.115486 1.962264
v 1.180979 -2.121924 1.968702
v 0.950215 -2.333594 2.436802
v 1.167188 -2.340032 2.443240
v 1.180979 -1.957431 2.133195
v 1.167188 -2.340032 2.443240
v 1.167188 -2.433972 2.349300
v 1.180979 -2.121924 1.968702
v 1.180979 2.139793 1.964032
v 1.180979 1.975300 2.128525
v 1.241363 0.690838 0.844063
v 0.964005 2.133355 1.957594
v 1.180979 2.139793 1.964032
v 1.241363 0.855331 0.679570
v 0.964005 1.968862 2.122087
v 1.024389 0.684400 0.837626
v 1.241363 0.690838 0.844063
v 0.950215 2.349459 2.434136
v 0.964005 1.968862 2.122087
v 1.180979 1.975300 2.128525
v 0.950215 2.443400 2.340195
v 1.167188 2.449838 2.346633
v 1.180979 2.139793 1.964032
v 1.167188 2.449838 2.346633
v 1.167188 2.355897 2.440574
v 1.180979 1.975300 2.128525
v 1.180979 -2.126594 -1.964029
v 1.180979 -1.962101 -2.128522
v 1.241363 -0.677639 -0.844060
v 0.964005 -2.120156 -1.957590
v 1.180979 -2.126594 -1.964029
v 1.241363 -0.842132 -0.679566
v 0.964005 -1.955663 -2.122084
v 1.024389 -0.671201 -0.837622
v 1.241363 -0.677639 -0.844060
v 0.950215 -2.336260 -2.434132
v 0.964005 -1.955663 -2.122084
v 1.180979 -1.962101 -2.128522
v 0.950215 -2.430201 -2.340191
v 1.167188 -2.436639 -2.346629
v 1.180979 -2.126594 -1.964029
v 1.167188 -2.436639 -2.346629
v 1.167188 -2.342698 -2.440570
v 1.180979 -1.962101 -2.128522
v 0.978388 -2.626633 -1.144599
v 1.302353 -2.626633 -1.144599
v 1.302353 -3.194061 -1.144599
v 1.302353 -3.161928 0.547519
v 1.012791 -3.161928 0.547519
v 1.012791 -2.658766 0.547519
v 1.302353 -2.626633 1.121300
v 0.978388 -2.626633 1.121300
v 0.978388 -3.194061 1.121300
v 1.302353 -3.194061 -1.144599
v 1.302353 -3.194061 1.121300
v 0.978388 -3.194061 1.121300
v 0.978388 -2.626633 -1.144599
v 0.978388 -2.626633 1.121300
v 1.302353 -2.626633 1.121300
v 1.302353 -3.161928 -1.089164
v 1.302353 -3.194061 -1.144599
v 1.302353 -2.626633 -1.144599
v 1.302353 -3.161928 0.547519
v 1.302353 -3.194061 1.121300
v 1.302353 -3.194061 -1.144599
v 1.302353 -2.658766 0.547519
v 1.302353 -2.658766 -1.089164
v 1.302353 -2.626633 -1.144599
v 1.302353 -2.658766 0.547519
v 1.302353 -2.626633 1.121300
v 1.302353 -3.194061 1.121300
v 1.302353 -3.161928 -1.089164
v 1.012791 -3.161928 -1.089164
v 1.012791 -3.161928 0.547519
v 1.302353 -2.658766 0.547519
v 1.012791 -2.658766 0.547519
v 1.012791 -2.658766 -1.089164
v 1.302353 -2.658766 -1.089164
v 1.012791 -2.658766 -1.089164
v 1.012791 -3.161928 -1.089164
v 1.213232 -2.922035 0.485801
v 1.272355 -2.956171 0.485801
v 1.272355 -2.956171 -1.052634
v 1.272355 -2.956171 0.485801
v 1.272355 -3.024441 0.485801
v 1.272355 -3.024441 -1.052634
v 1.272355 -3.024441 0.485801
v 1.213232 -3.058577 0.485801
v 1.213232 -3.058577 -1.052634
v 1.213232 -3.058577 0.485801
v 1.154108 -3.024441 0.485801
v 1.154108 -3.024441 -1.052634
v 1.154108 -3.024441 0.485801
v 1.154108 -2.956171 0.485801
v 1.154108 -2.956171 -1.052634
v 1.154108 -2.956171 0.485801
v 1.213232 -2.922035 0.485801
v 1.213232 -2.922035 -1.052634
v 1.254126 -2.966696 0.485801
v 1.254126 -2.966696 0.562329
v 1.254126 -3.013916 0.562329
v 1.213232 -2.943085 0.485801
v 1.254126 -2.966696 0.485801
v 1.272355 -2.956171 0.485801
v 1.254126 -3.013916 0.485801
v 1.272355 -3.024441 0.485801
v 1.272355 -2.956171 0.485801
v 1.213232 -3.037527 0.485801
v 1.213232 -3.058577 0.485801
v 1.272355 -3.024441 0.485801
v 1.213232 -3.037527 0.485801
v 1.172337 -3.013916 0.485801
v 1.154108 -3.024441 0.485801
v 1.172337 -2.966696 0.485801
v 1.154108 -2.956171 0.485801
v 1.154108 -3.024441 0.485801
v 1.213232 -2.943085 0.485801
v 1.213232 -2.922035 0.485801
v 1.154108 -2.956171 0.485801
v 1.172337 -3.013916 0.485801
v 1.172337 -3.013916 0.562329
v 1.172337 -2.966696 0.562329
v 1.254126 -3.013916 0.485801
v 1.254126 -3.013916 0.562329
v 1.213232 -3.037527 0.562329
v 1.213232 -2.943085 0.485801
v 1.213232 -2.943085 0.562329
v 1.254126 -2.966696 0.562329
v 1.172337 -2.966696 0.485801
v 1.172337 -2.966696 0.562329
v 1.213232 -2.943085 0.562329
v 1.213232 -3.037527 0.485801
v 1.213232 -3.037527 0.562329
v 1.172337 -3.013916 0.562329
v 1.154108 -2.956171 -1.052634
v 1.213232 -2.922035 -1.052634
v 1.272355 -2.956171 -1.052634
v 1.272355 -2.956171 -1.052634
v 1.272355 -3.024441 -1.052634
v 1.213232 -3.058577 -1.052634
v 1.213232 -3.058577 -1.052634
v 1.154108 -3.024441 -1.052634
v 1.272355 -2.956171 -1.052634
v 1.213232 -2.742050 0.485801
v 1.249060 -2.762735 0.485801
v 1.249060 -2.762735 -1.052634
v 1.249060 -2.762735 0.485801
v 1.249060 -2.804108 0.485801
v 1.249060 -2.804108 -1.052634
v 1.249060 -2.804108 0.485801
v 1.213232 -2.824793 0.485801
v 1.213232 -2.824793 -1.052634
v 1.213232 -2.824793 0.485801
v 1.177403 -2.804108 0.485801
v 1.177403 -2.804108 -1.052634
v 1.177403 -2.804108 0.485801
v 1.177403 -2.762735 0.485801
v 1.177403 -2.762735 -1.052634
v 1.177403 -2.762735 0.485801
v 1.213232 -2.742050 0.485801
v 1.213232 -2.742050 -1.052634
v 1.230600 -2.773394 0.485801
v 1.230600 -2.773394 0.562329
v 1.230600 -2.793449 0.562329
v 1.213232 -2.763367 0.485801
v 1.230600 -2.773394 0.485801
v 1.249060 -2.762735 0.485801
v 1.230600 -2.793449 0.485801
v 1.249060 -2.804108 0.485801
v 1.249060 -2.762735 0.485801
v 1.213232 -2.803476 0.485801
v 1.213232 -2.824793 0.485801
v 1.249060 -2.804108 0.485801
v 1.195863 -2.793449 0.485801
v 1.177403 -2.804108 0.485801
v 1.213232 -2.824793 0.485801
v 1.195863 -2.773394 0.485801
v 1.177403 -2.762735 0.485801
v 1.177403 -2.804108 0.485801
v 1.195863 -2.773394 0.485801
v 1.213232 -2.763367 0.485801
v 1.213232 -2.742050 0.485801
v 1.195863 -2.793449 0.485801
v 1.195863 -2.793449 0.562329
v 1.195863 -2.773394 0.562329
v 1.230600 -2.793449 0.485801
v 1.230600 -2.793449 0.562329
v 1.213232 -2.803476 0.562329
v 1.213232 -2.763367 0.485801
v 1.213232 -2.763367 0.562329
v 1.230600 -2.773394 0.562329
v 1.195863 -2.773394 0.485801
v 1.195863 -2.773394 0.562329
v 1.213232 -2.763367 0.562329
v 1.213232 -2.803476 0.485801
v 1.213232 -2.803476 0.562329
v 1.195863 -2.793449 0.562329
v 1.177403 -2.762735 -1.052634
v 1.213232 -2.742050 -1.052634
v 1.213232 -2.824793 -1.052634
v 1.213232 -2.742050 -1.052634
v 1.249060 -2.762735 -1.052634
v 1.213232 -2.824793 -1.052634
v 1.249060 -2.762735 -1.052634
v 1.249060 -2.804108 -1.052634
v 1.213232 -2.824793 -1.052634
v 0.862513 -2.416841 1.191859
v 1.144089 -2.416841 1.191859
v 1.144089 -3.324859 1.191859
v 1.144089 -2.416841 1.191859
v 1.144089 -2.416841 1.259284
v 1.144089 -3.324859 1.259284
v 1.144089 -2.416841 1.259284
v 0.862513 -2.416841 1.259284
v 0.862513 -3.324859 1.259284
v 1.144089 -3.324859 -1.191855
v 1.144089 -2.416841 -1.191855
v 0.862513 -2.416841 -1.191855
v 1.144089 -3.324859 -1.259280
v 1.144089 -2.416841 -1.259280
v 1.144089 -2.416841 -1.191855
v 0.862513 -3.324859 -1.259280
v 0.862513 -2.416841 -1.259280
v 1.144089 -2.416841 -1.259280
v 1.065006 0.760545 0.198379
v 1.091673 0.747608 0.229611
v 1.091673 -0.679729 -0.361611
v 1.091673 -0.679729 -0.361611
v 1.091673 0.747608 0.229611
v 1.091673 0.692930 0.361615
v 1.091673 0.692930 0.361615
v 1.065006 0.679994 0.392848
v 1.065006 -0.747344 -0.198375
vt 0.657085 0.103982
vt 0.663515 0.108868
vt 0.661054 0.102809
vt 0.696891 0.053242
vt 0.703896 0.057021
vt 0.704576 0.054654
vt 0.689102 0.053269
vt 0.696677 0.055696
vt 0.696891 0.053242
vt 0.689102 0.053269
vt 0.682145 0.057149
vt 0.689353 0.055720
vt 0.674153 0.057786
vt 0.682145 0.057149
vt 0.681424 0.054783
vt 0.667654 0.062196
vt 0.675329 0.059963
vt 0.674153 0.057786
vt 0.662120 0.067723
vt 0.669232 0.064100
vt 0.667654 0.062196
vt 0.657743 0.074237
vt 0.664031 0.069288
vt 0.662120 0.067723
vt 0.654717 0.081507
vt 0.659929 0.075404
vt 0.657743 0.074237
vt 0.654717 0.081507
vt 0.655696 0.089448
vt 0.657088 0.082217
vt 0.653229 0.097020
vt 0.655696 0.089448
vt 0.653237 0.089217
vt 0.653229 0.097020
vt 0.657085 0.103982
vt 0.655680 0.096779
vt 0.654724 0.104691
vt 0.659851 0.110784
vt 0.657085 0.103982
vt 0.661976 0.118477
vt 0.659851 0.110784
vt 0.657670 0.111938
vt 0.661976 0.118477
vt 0.669043 0.122163
vt 0.663892 0.116922
vt 0.673938 0.128469
vt 0.669043 0.122163
vt 0.667465 0.124061
vt 0.673938 0.128469
vt 0.681880 0.129185
vt 0.675118 0.126300
vt 0.688790 0.133173
vt 0.681880 0.129185
vt 0.681139 0.131539
vt 0.696614 0.133304
vt 0.689064 0.130722
vt 0.688790 0.133173
vt 0.704324 0.131944
vt 0.696414 0.130844
vt 0.696614 0.133304
vt 0.704324 0.131944
vt 0.710562 0.126944
vt 0.703662 0.129562
vt 0.718342 0.125096
vt 0.710562 0.126944
vt 0.711653 0.129163
vt 0.724036 0.067060
vt 0.716878 0.063720
vt 0.722196 0.068676
vt 0.718385 0.061773
vt 0.710713 0.059757
vt 0.716878 0.063720
vt 0.704576 0.054654
vt 0.710713 0.059757
vt 0.711835 0.057565
vt 0.291465 0.384281
vt 0.293292 0.381750
vt 0.291465 0.381750
vt 0.663892 0.116922
vt 0.663515 0.108868
vt 0.659851 0.110784
vt 0.703896 0.057021
vt 0.696306 0.059773
vt 0.702726 0.061033
vt 0.663892 0.116922
vt 0.671704 0.118995
vt 0.667122 0.114325
vt 0.703896 0.057021
vt 0.708813 0.063435
vt 0.710713 0.059757
vt 0.675118 0.126300
vt 0.671704 0.118995
vt 0.669043 0.122163
vt 0.696677 0.055696
vt 0.689764 0.059834
vt 0.696306 0.059773
vt 0.675118 0.126300
vt 0.683142 0.125235
vt 0.677114 0.122671
vt 0.682145 0.057149
vt 0.689764 0.059834
vt 0.689353 0.055720
vt 0.722196 0.068676
vt 0.714344 0.066983
vt 0.719208 0.071519
vt 0.689064 0.130722
vt 0.683142 0.125235
vt 0.681880 0.129185
vt 0.675329 0.059963
vt 0.683345 0.061120
vt 0.682145 0.057149
vt 0.710713 0.059757
vt 0.714344 0.066983
vt 0.716878 0.063720
vt 0.689064 0.130722
vt 0.696093 0.126708
vt 0.689544 0.126610
vt 0.675329 0.059963
vt 0.671839 0.067270
vt 0.677309 0.063659
vt 0.696414 0.130844
vt 0.702559 0.125549
vt 0.696093 0.126708
vt 0.669232 0.064100
vt 0.667226 0.071920
vt 0.671839 0.067270
vt 0.703662 0.129562
vt 0.708720 0.123168
vt 0.702559 0.125549
vt 0.659929 0.075404
vt 0.667226 0.071920
vt 0.664031 0.069288
vt 0.716869 0.123130
vt 0.708720 0.123168
vt 0.710562 0.126944
vt 0.659929 0.075404
vt 0.661100 0.083437
vt 0.663590 0.077373
vt 0.657088 0.082217
vt 0.659775 0.089851
vt 0.661100 0.083437
vt 0.655680 0.096779
vt 0.659775 0.089851
vt 0.655696 0.089448
vt 0.657085 0.103982
vt 0.659790 0.096390
vt 0.655680 0.096779
vt 0.700489 0.068646
vt 0.696306 0.059773
vt 0.695570 0.067703
vt 0.700489 0.068646
vt 0.708813 0.063435
vt 0.702726 0.061033
vt 0.695570 0.067703
vt 0.689764 0.059834
vt 0.690571 0.067734
vt 0.685667 0.068724
vt 0.689764 0.059834
vt 0.683345 0.061120
vt 0.681047 0.070654
vt 0.683345 0.061120
vt 0.677309 0.063659
vt 0.681047 0.070654
vt 0.671839 0.067270
vt 0.676890 0.073439
vt 0.676890 0.073439
vt 0.667226 0.071920
vt 0.673361 0.076979
vt 0.673361 0.076979
vt 0.663590 0.077373
vt 0.670587 0.081139
vt 0.670587 0.081139
vt 0.661100 0.083437
vt 0.668675 0.085759
vt 0.668675 0.085759
vt 0.659775 0.089851
vt 0.667694 0.090658
vt 0.667694 0.090658
vt 0.659790 0.096390
vt 0.667687 0.095649
vt 0.668650 0.100544
vt 0.659790 0.096390
vt 0.661054 0.102809
vt 0.670536 0.105167
vt 0.661054 0.102809
vt 0.663515 0.108868
vt 0.670536 0.105167
vt 0.667122 0.114325
vt 0.673292 0.109334
vt 0.676798 0.112896
vt 0.667122 0.114325
vt 0.671704 0.118995
vt 0.676798 0.112896
vt 0.677114 0.122671
vt 0.680937 0.115705
vt 0.685540 0.117659
vt 0.677114 0.122671
vt 0.683142 0.125235
vt 0.690441 0.118694
vt 0.683142 0.125235
vt 0.689544 0.126610
vt 0.690441 0.118694
vt 0.696093 0.126708
vt 0.695460 0.118756
vt 0.695460 0.118756
vt 0.702559 0.125549
vt 0.700408 0.117846
vt 0.700408 0.117846
vt 0.708720 0.123168
vt 0.705107 0.115988
vt 0.705107 0.115988
vt 0.714444 0.119644
vt 0.709367 0.113238
vt 0.713001 0.109675
vt 0.714444 0.119644
vt 0.719253 0.114913
vt 0.713001 0.109675
vt 0.723023 0.109347
vt 0.715860 0.105458
vt 0.715860 0.105458
vt 0.725614 0.103152
vt 0.717830 0.100758
vt 0.717830 0.100758
vt 0.726939 0.096572
vt 0.718833 0.095764
vt 0.718828 0.090672
vt 0.726939 0.096572
vt 0.726933 0.089859
vt 0.717827 0.085681
vt 0.726933 0.089859
vt 0.725607 0.083278
vt 0.715858 0.080990
vt 0.725607 0.083278
vt 0.722998 0.077088
vt 0.713005 0.076791
vt 0.722998 0.077088
vt 0.719208 0.071519
vt 0.709371 0.073265
vt 0.719208 0.071519
vt 0.714344 0.066983
vt 0.705151 0.070519
vt 0.714344 0.066983
vt 0.708813 0.063435
vt 0.944394 0.584970
vt 0.942509 0.582856
vt 0.942509 0.584970
vt 0.291465 0.351384
vt 0.293292 0.348853
vt 0.291465 0.348853
vt 0.291465 0.386811
vt 0.293292 0.384281
vt 0.291465 0.384281
vt 0.291465 0.353914
vt 0.293292 0.351384
vt 0.291465 0.351384
vt 0.291465 0.389342
vt 0.293292 0.386811
vt 0.291465 0.386811
vt 0.291465 0.356445
vt 0.293292 0.353914
vt 0.291465 0.353914
vt 0.291465 0.391872
vt 0.293292 0.389342
vt 0.291465 0.389342
vt 0.291465 0.358975
vt 0.293292 0.356445
vt 0.291465 0.356445
vt 0.291465 0.394403
vt 0.293292 0.391872
vt 0.291465 0.391872
vt 0.291465 0.361506
vt 0.293292 0.358975
vt 0.291465 0.358975
vt 0.291465 0.394403
vt 0.293292 0.396933
vt 0.293292 0.394403
vt 0.291465 0.364036
vt 0.293292 0.361506
vt 0.291465 0.361506
vt 0.291465 0.396933
vt 0.293292 0.399464
vt 0.293292 0.396933
vt 0.291465 0.366567
vt 0.293292 0.364036
vt 0.291465 0.364036
vt 0.291465 0.417178
vt 0.293292 0.414647
vt 0.291465 0.414647
vt 0.291465 0.401994
vt 0.293292 0.399464
vt 0.291465 0.399464
vt 0.291465 0.369097
vt 0.293292 0.366567
vt 0.291465 0.366567
vt 0.291465 0.414647
vt 0.293292 0.412116
vt 0.291465 0.412116
vt 0.291465 0.404525
vt 0.293292 0.401994
vt 0.291465 0.401994
vt 0.291465 0.371628
vt 0.293292 0.369097
vt 0.291465 0.369097
vt 0.291465 0.419708
vt 0.293292 0.417178
vt 0.291465 0.417178
vt 0.291465 0.407055
vt 0.293292 0.404525
vt 0.291465 0.404525
vt 0.291465 0.374158
vt 0.293292 0.371628
vt 0.291465 0.371628
vt 0.291465 0.422238
vt 0.293292 0.419708
vt 0.291465 0.419708
vt 0.291465 0.409586
vt 0.293292 0.407055
vt 0.291465 0.407055
vt 0.291465 0.374158
vt 0.293292 0.376689
vt 0.293292 0.374158
vt 0.291465 0.424769
vt 0.293292 0.422238
vt 0.291465 0.422238
vt 0.291465 0.412116
vt 0.293292 0.409586
vt 0.291465 0.409586
vt 0.291465 0.379220
vt 0.293292 0.376689
vt 0.291465 0.376689
vt 0.291465 0.427300
vt 0.293292 0.424769
vt 0.291465 0.424769
vt 0.291465 0.381750
vt 0.293292 0.379220
vt 0.291465 0.379220
vt 0.291465 0.429830
vt 0.293292 0.427300
vt 0.291465 0.427300
vt 0.023698 0.086721
vt 0.026841 0.086863
vt 0.025050 0.085073
vt 0.026367 0.089974
vt 0.026841 0.086863
vt 0.025192 0.088216
vt 0.023698 0.086721
vt 0.022946 0.083667
vt 0.021941 0.085547
vt 0.019988 0.084738
vt 0.022946 0.083667
vt 0.020607 0.082698
vt 0.019988 0.084738
vt 0.018124 0.082204
vt 0.017915 0.084326
vt 0.015801 0.084326
vt 0.018124 0.082204
vt 0.015592 0.082204
vt 0.013728 0.084738
vt 0.015592 0.082204
vt 0.013109 0.082698
vt 0.013728 0.084738
vt 0.010770 0.083667
vt 0.011775 0.085547
vt 0.010018 0.086722
vt 0.010770 0.083667
vt 0.008665 0.085074
vt 0.008523 0.088216
vt 0.008665 0.085074
vt 0.006875 0.086864
vt 0.008523 0.088216
vt 0.005469 0.088969
vt 0.007349 0.089974
vt 0.007349 0.089974
vt 0.004500 0.091308
vt 0.006541 0.091927
vt 0.006128 0.094000
vt 0.004500 0.091308
vt 0.004007 0.093791
vt 0.006128 0.094000
vt 0.004007 0.096323
vt 0.006129 0.096114
vt 0.006541 0.098187
vt 0.004007 0.096323
vt 0.004501 0.098805
vt 0.007350 0.100140
vt 0.004501 0.098805
vt 0.005469 0.101144
vt 0.007350 0.100140
vt 0.006876 0.103249
vt 0.008524 0.101897
vt 0.010018 0.103392
vt 0.006876 0.103249
vt 0.008666 0.105039
vt 0.010018 0.103392
vt 0.010771 0.106446
vt 0.011776 0.104566
vt 0.013728 0.105375
vt 0.010771 0.106446
vt 0.013110 0.107415
vt 0.015801 0.105787
vt 0.013110 0.107415
vt 0.015593 0.107909
vt 0.015801 0.105787
vt 0.018124 0.107909
vt 0.017915 0.105787
vt 0.019988 0.105375
vt 0.018124 0.107909
vt 0.020607 0.107415
vt 0.019988 0.105375
vt 0.022946 0.106446
vt 0.021941 0.104566
vt 0.021941 0.104566
vt 0.025051 0.105039
vt 0.023698 0.103391
vt 0.025193 0.101897
vt 0.025051 0.105039
vt 0.026841 0.103249
vt 0.025193 0.101897
vt 0.028247 0.101144
vt 0.026367 0.100139
vt 0.027176 0.098186
vt 0.028247 0.101144
vt 0.029216 0.098805
vt 0.027176 0.098186
vt 0.029710 0.096322
vt 0.027588 0.096113
vt 0.027588 0.093999
vt 0.029710 0.096322
vt 0.029710 0.093791
vt 0.027588 0.093999
vt 0.029216 0.091308
vt 0.027176 0.091926
vt 0.026367 0.089974
vt 0.029216 0.091308
vt 0.028247 0.088969
vt 0.284852 0.086922
vt 0.283297 0.085644
vt 0.283147 0.086411
vt 0.944394 0.610337
vt 0.942509 0.612450
vt 0.944394 0.612450
vt 0.944394 0.568059
vt 0.942509 0.570173
vt 0.944394 0.570173
vt 0.944394 0.580742
vt 0.942509 0.582856
vt 0.944394 0.582856
vt 0.944394 0.608222
vt 0.942509 0.610337
vt 0.944394 0.610337
vt 0.944394 0.570173
vt 0.942509 0.572287
vt 0.944394 0.572287
vt 0.944394 0.578629
vt 0.942509 0.580742
vt 0.944394 0.580742
vt 0.944394 0.606109
vt 0.942509 0.608222
vt 0.944394 0.608222
vt 0.944394 0.565946
vt 0.942509 0.568059
vt 0.944394 0.568059
vt 0.944394 0.576515
vt 0.942509 0.578629
vt 0.944394 0.578629
vt 0.944394 0.603995
vt 0.942509 0.606109
vt 0.944394 0.606109
vt 0.944394 0.563832
vt 0.942509 0.565946
vt 0.944394 0.565946
vt 0.944394 0.574401
vt 0.942509 0.576515
vt 0.944394 0.576515
vt 0.944394 0.601881
vt 0.942509 0.603995
vt 0.944394 0.603995
vt 0.944394 0.561718
vt 0.942509 0.563832
vt 0.944394 0.563832
vt 0.944394 0.572287
vt 0.942509 0.574401
vt 0.944394 0.574401
vt 0.944394 0.601881
vt 0.942509 0.599767
vt 0.942509 0.601881
vt 0.944394 0.559604
vt 0.942509 0.561718
vt 0.944394 0.561718
vt 0.944394 0.597653
vt 0.942509 0.599767
vt 0.944394 0.599767
vt 0.944394 0.557490
vt 0.942509 0.559604
vt 0.944394 0.559604
vt 0.944394 0.595539
vt 0.942509 0.597653
vt 0.944394 0.597653
vt 0.944394 0.555376
vt 0.942509 0.557490
vt 0.944394 0.557490
vt 0.944394 0.593426
vt 0.942509 0.595539
vt 0.944394 0.595539
vt 0.944394 0.620906
vt 0.942509 0.623020
vt 0.944394 0.623020
vt 0.944394 0.591312
vt 0.942509 0.593426
vt 0.944394 0.593426
vt 0.944394 0.618792
vt 0.942509 0.620906
vt 0.944394 0.620906
vt 0.944394 0.589198
vt 0.942509 0.591312
vt 0.944394 0.591312
vt 0.944394 0.616678
vt 0.942509 0.618792
vt 0.944394 0.618792
vt 0.944394 0.587084
vt 0.942509 0.589198
vt 0.944394 0.589198
vt 0.944394 0.614564
vt 0.942509 0.616678
vt 0.944394 0.616678
vt 0.944394 0.587084
vt 0.942509 0.584970
vt 0.942509 0.587084
vt 0.944394 0.612450
vt 0.942509 0.614564
vt 0.944394 0.614564
vt 0.279897 0.090989
vt 0.278264 0.096127
vt 0.280409 0.096128
vt 0.278762 0.090992
vt 0.276159 0.095707
vt 0.278264 0.096127
vt 0.281006 0.090766
vt 0.280409 0.096128
vt 0.282512 0.095711
vt 0.282051 0.090336
vt 0.282512 0.095711
vt 0.284494 0.094894
vt 0.282994 0.089709
vt 0.284494 0.094894
vt 0.286279 0.093703
vt 0.283793 0.088906
vt 0.286279 0.093703
vt 0.287796 0.092186
vt 0.284418 0.087965
vt 0.287796 0.092186
vt 0.288987 0.090404
vt 0.284852 0.086922
vt 0.288987 0.090404
vt 0.289807 0.088423
vt 0.285068 0.085812
vt 0.289807 0.088423
vt 0.290224 0.086320
vt 0.285064 0.084683
vt 0.290224 0.086320
vt 0.290224 0.084177
vt 0.285064 0.084683
vt 0.289807 0.082077
vt 0.284844 0.083575
vt 0.284844 0.083575
vt 0.288989 0.080094
vt 0.284413 0.082528
vt 0.284413 0.082528
vt 0.287799 0.078308
vt 0.283780 0.081588
vt 0.283780 0.081588
vt 0.286282 0.076788
vt 0.282981 0.080784
vt 0.282981 0.080784
vt 0.284495 0.075593
vt 0.282036 0.080155
vt 0.282036 0.080155
vt 0.282510 0.074771
vt 0.280989 0.079724
vt 0.280989 0.079724
vt 0.280402 0.074351
vt 0.279880 0.079501
vt 0.279880 0.079501
vt 0.278249 0.074352
vt 0.278744 0.079500
vt 0.278744 0.079500
vt 0.276139 0.074776
vt 0.277631 0.079727
vt 0.277631 0.079727
vt 0.274155 0.075607
vt 0.276585 0.080166
vt 0.276585 0.080166
vt 0.272374 0.076807
vt 0.275647 0.080799
vt 0.275647 0.080799
vt 0.270863 0.078330
vt 0.274845 0.081599
vt 0.274845 0.081599
vt 0.269679 0.080119
vt 0.274219 0.082543
vt 0.274219 0.082543
vt 0.268869 0.082101
vt 0.273790 0.083590
vt 0.273790 0.083590
vt 0.268461 0.084198
vt 0.273574 0.084699
vt 0.273574 0.084699
vt 0.268468 0.086331
vt 0.273578 0.085825
vt 0.273798 0.086930
vt 0.268468 0.086331
vt 0.268886 0.088423
vt 0.274230 0.087972
vt 0.268886 0.088423
vt 0.269703 0.090396
vt 0.274859 0.088911
vt 0.269703 0.090396
vt 0.270889 0.092175
vt 0.275660 0.089709
vt 0.270889 0.092175
vt 0.272400 0.093690
vt 0.276602 0.090337
vt 0.272400 0.093690
vt 0.274179 0.094883
vt 0.277649 0.090770
vt 0.274179 0.094883
vt 0.276159 0.095707
vt 0.278168 0.089053
vt 0.283147 0.086411
vt 0.280471 0.081424
vt 0.274845 0.081599
vt 0.275796 0.083379
vt 0.276228 0.082730
vt 0.285068 0.085812
vt 0.283295 0.084861
vt 0.283297 0.085644
vt 0.274219 0.082543
vt 0.275499 0.084103
vt 0.275796 0.083379
vt 0.284844 0.083575
vt 0.283295 0.084861
vt 0.285064 0.084683
vt 0.273790 0.083590
vt 0.275345 0.084868
vt 0.275499 0.084103
vt 0.284413 0.082528
vt 0.283140 0.084093
vt 0.284844 0.083575
vt 0.273574 0.084699
vt 0.275344 0.085649
vt 0.275345 0.084868
vt 0.284413 0.082528
vt 0.282402 0.082720
vt 0.282839 0.083371
vt 0.273798 0.086930
vt 0.275344 0.085649
vt 0.273578 0.085825
vt 0.282981 0.080784
vt 0.282402 0.082720
vt 0.283780 0.081588
vt 0.278762 0.090992
vt 0.279722 0.089212
vt 0.278938 0.089208
vt 0.274230 0.087972
vt 0.275499 0.086414
vt 0.273798 0.086930
vt 0.282981 0.080784
vt 0.281195 0.081728
vt 0.281847 0.082165
vt 0.278762 0.090992
vt 0.278168 0.089053
vt 0.277649 0.090770
vt 0.274859 0.088911
vt 0.275801 0.087132
vt 0.274230 0.087972
vt 0.282036 0.080155
vt 0.280471 0.081424
vt 0.281195 0.081728
vt 0.279897 0.090989
vt 0.280490 0.089061
vt 0.279722 0.089212
vt 0.275660 0.089709
vt 0.276238 0.087780
vt 0.274859 0.088911
vt 0.279880 0.079501
vt 0.280471 0.081424
vt 0.280989 0.079724
vt 0.282051 0.090336
vt 0.280490 0.089061
vt 0.281006 0.090766
vt 0.276602 0.090337
vt 0.276793 0.088331
vt 0.275660 0.089709
vt 0.278744 0.079500
vt 0.279705 0.081275
vt 0.279880 0.079501
vt 0.282051 0.090336
vt 0.281862 0.088329
vt 0.281211 0.088763
vt 0.277649 0.090770
vt 0.277445 0.088761
vt 0.276602 0.090337
vt 0.278744 0.079500
vt 0.278157 0.081437
vt 0.278924 0.081280
vt 0.282994 0.089709
vt 0.282415 0.087779
vt 0.281862 0.088329
vt 0.277631 0.079727
vt 0.277433 0.081743
vt 0.278157 0.081437
vt 0.283793 0.088906
vt 0.282850 0.087130
vt 0.282415 0.087779
vt 0.276585 0.080166
vt 0.276781 0.082176
vt 0.277433 0.081743
vt 0.284852 0.086922
vt 0.282850 0.087130
vt 0.284418 0.087965
vt 0.274845 0.081599
vt 0.276781 0.082176
vt 0.275647 0.080799
vt 0.701256 0.083279
vt 0.705151 0.070519
vt 0.699158 0.081892
vt 0.703044 0.085050
vt 0.709371 0.073265
vt 0.701256 0.083279
vt 0.704451 0.087141
vt 0.713005 0.076791
vt 0.703044 0.085050
vt 0.705420 0.089470
vt 0.715858 0.080990
vt 0.704451 0.087141
vt 0.705913 0.091946
vt 0.717827 0.085681
vt 0.705420 0.089470
vt 0.705909 0.094472
vt 0.718828 0.090672
vt 0.705913 0.091946
vt 0.705909 0.094472
vt 0.717830 0.100758
vt 0.718833 0.095764
vt 0.705407 0.096950
vt 0.715860 0.105458
vt 0.717830 0.100758
vt 0.704428 0.099282
vt 0.713001 0.109675
vt 0.715860 0.105458
vt 0.703012 0.101376
vt 0.709367 0.113238
vt 0.713001 0.109675
vt 0.701214 0.103152
vt 0.705107 0.115988
vt 0.709367 0.113238
vt 0.699109 0.104541
vt 0.700408 0.117846
vt 0.705107 0.115988
vt 0.696777 0.105491
vt 0.695460 0.118756
vt 0.700408 0.117846
vt 0.694309 0.105966
vt 0.690441 0.118694
vt 0.695460 0.118756
vt 0.691800 0.105951
vt 0.685540 0.117659
vt 0.690441 0.118694
vt 0.689346 0.105448
vt 0.680937 0.115705
vt 0.685540 0.117659
vt 0.687037 0.104472
vt 0.676798 0.112896
vt 0.680937 0.115705
vt 0.684961 0.103067
vt 0.673292 0.109334
vt 0.676798 0.112896
vt 0.683199 0.101286
vt 0.670536 0.105167
vt 0.673292 0.109334
vt 0.681815 0.099197
vt 0.668650 0.100544
vt 0.670536 0.105167
vt 0.680863 0.096881
vt 0.667687 0.095649
vt 0.668650 0.100544
vt 0.680380 0.094425
vt 0.667694 0.090658
vt 0.667687 0.095649
vt 0.680872 0.089469
vt 0.667694 0.090658
vt 0.680382 0.091923
vt 0.681831 0.087158
vt 0.668675 0.085759
vt 0.680872 0.089469
vt 0.683223 0.085078
vt 0.670587 0.081139
vt 0.681831 0.087158
vt 0.684994 0.083308
vt 0.673361 0.076979
vt 0.683223 0.085078
vt 0.687078 0.081917
vt 0.676890 0.073439
vt 0.684994 0.083308
vt 0.689394 0.080956
vt 0.681047 0.070654
vt 0.687078 0.081917
vt 0.691855 0.080465
vt 0.685667 0.068724
vt 0.689394 0.080956
vt 0.694366 0.080461
vt 0.690571 0.067734
vt 0.691855 0.080465
vt 0.699158 0.081892
vt 0.700489 0.068646
vt 0.696832 0.080942
vt 0.696832 0.080942
vt 0.695570 0.067703
vt 0.694366 0.080461
vt 0.719253 0.114913
vt 0.717725 0.123681
vt 0.723245 0.118229
vt 0.727580 0.111810
vt 0.719253 0.114913
vt 0.723245 0.118229
vt 0.725614 0.103152
vt 0.727580 0.111810
vt 0.730569 0.104670
vt 0.726939 0.096572
vt 0.730569 0.104670
vt 0.732090 0.097083
vt 0.726939 0.096572
vt 0.732090 0.089343
vt 0.726933 0.089859
vt 0.730556 0.081754
vt 0.726933 0.089859
vt 0.732090 0.089343
vt 0.725607 0.083278
vt 0.727556 0.074613
vt 0.722998 0.077088
vt 0.719208 0.071519
vt 0.727556 0.074613
vt 0.723207 0.068203
vt 0.749689 0.078457
vt 0.745472 0.133304
vt 0.749689 0.133304
vt 0.745472 0.133304
vt 0.743770 0.080159
vt 0.743770 0.131603
vt 0.743770 0.131603
vt 0.740104 0.081987
vt 0.740104 0.129775
vt 0.043291 0.047188
vt 0.063068 0.044640
vt 0.043293 0.044673
vt 0.043206 0.042301
vt 0.063068 0.044640
vt 0.063084 0.042265
vt 0.043212 0.049559
vt 0.063067 0.047218
vt 0.043291 0.047188
vt 0.037744 0.049126
vt 0.043291 0.047188
vt 0.037918 0.046693
vt 0.037724 0.042767
vt 0.043293 0.044673
vt 0.043206 0.042301
vt 0.037913 0.045205
vt 0.043291 0.047188
vt 0.043293 0.044673
vt 0.009576 0.048098
vt 0.029350 0.050643
vt 0.029351 0.048065
vt 0.009489 0.045727
vt 0.029351 0.048065
vt 0.029367 0.045690
vt 0.009495 0.052984
vt 0.029350 0.050643
vt 0.009574 0.050614
vt 0.004027 0.052551
vt 0.009574 0.050614
vt 0.004201 0.050118
vt 0.004007 0.046192
vt 0.009576 0.048098
vt 0.009489 0.045727
vt 0.004196 0.048631
vt 0.009574 0.050614
vt 0.009576 0.048098
vt 0.360652 0.044906
vt 0.380426 0.047450
vt 0.380427 0.044873
vt 0.360565 0.042534
vt 0.380427 0.044873
vt 0.380443 0.042498
vt 0.360571 0.049791
vt 0.380426 0.047450
vt 0.360650 0.047421
vt 0.355103 0.049358
vt 0.360650 0.047421
vt 0.355277 0.046925
vt 0.355083 0.042999
vt 0.360652 0.044906
vt 0.360565 0.042534
vt 0.355272 0.045438
vt 0.360650 0.047421
vt 0.360652 0.044906
vt 0.013061 0.035281
vt 0.004015 0.032714
vt 0.004007 0.035280
vt 0.013061 0.035281
vt 0.004085 0.037677
vt 0.013196 0.037642
vt 0.013067 0.032761
vt 0.004105 0.030321
vt 0.004015 0.032714
vt 0.018606 0.030891
vt 0.013067 0.032761
vt 0.018414 0.033285
vt 0.018606 0.037151
vt 0.013061 0.035281
vt 0.013196 0.037642
vt 0.018413 0.034752
vt 0.013067 0.032761
vt 0.013061 0.035281
vt 0.109689 0.045521
vt 0.129466 0.042972
vt 0.109691 0.043005
vt 0.109604 0.040633
vt 0.129466 0.042972
vt 0.129482 0.040597
vt 0.109610 0.047891
vt 0.129466 0.045550
vt 0.109689 0.045521
vt 0.104142 0.047458
vt 0.109689 0.045521
vt 0.104316 0.045025
vt 0.104122 0.041099
vt 0.109691 0.043005
vt 0.109604 0.040633
vt 0.104311 0.043538
vt 0.109689 0.045521
vt 0.109691 0.043005
vt 0.149497 0.043258
vt 0.169272 0.045803
vt 0.169272 0.043225
vt 0.149411 0.040887
vt 0.169272 0.043225
vt 0.169288 0.040850
vt 0.149417 0.048144
vt 0.169272 0.045803
vt 0.149495 0.045774
vt 0.143948 0.047711
vt 0.149495 0.045774
vt 0.144122 0.045278
vt 0.143928 0.041352
vt 0.149497 0.043258
vt 0.149411 0.040887
vt 0.144117 0.043791
vt 0.149495 0.045774
vt 0.149497 0.043258
vt 0.416546 0.041694
vt 0.436320 0.044238
vt 0.436321 0.041660
vt 0.416459 0.039322
vt 0.436321 0.041660
vt 0.436337 0.039285
vt 0.416465 0.046579
vt 0.436320 0.044238
vt 0.416544 0.044209
vt 0.410997 0.046146
vt 0.416544 0.044209
vt 0.411171 0.043713
vt 0.410977 0.039787
vt 0.416546 0.041694
vt 0.416459 0.039322
vt 0.411166 0.042226
vt 0.416544 0.044209
vt 0.416546 0.041694
vt 0.214059 0.042722
vt 0.233834 0.045267
vt 0.233834 0.042689
vt 0.213972 0.040350
vt 0.233834 0.042689
vt 0.233850 0.040314
vt 0.213978 0.047608
vt 0.233834 0.045267
vt 0.214057 0.045237
vt 0.208510 0.047174
vt 0.214057 0.045237
vt 0.208684 0.044742
vt 0.208490 0.040816
vt 0.214059 0.042722
vt 0.213972 0.040350
vt 0.208679 0.043254
vt 0.214057 0.045237
vt 0.214059 0.042722
vt 0.175807 0.059735
vt 0.172263 0.065944
vt 0.175807 0.065944
vt 0.954944 0.875085
vt 0.958112 0.869580
vt 0.954944 0.869580
vt 0.147473 0.059735
vt 0.143928 0.065944
vt 0.147473 0.065944
vt 0.172263 0.065944
vt 0.147473 0.069488
vt 0.172263 0.069488
vt 0.172263 0.056191
vt 0.147473 0.059735
vt 0.172263 0.059735
vt 0.171656 0.065592
vt 0.172263 0.059735
vt 0.171656 0.060087
vt 0.153750 0.065592
vt 0.172263 0.065944
vt 0.171656 0.065592
vt 0.153750 0.060087
vt 0.172263 0.059735
vt 0.147473 0.059735
vt 0.153750 0.060087
vt 0.147473 0.065944
vt 0.153750 0.065592
vt 0.954944 0.892991
vt 0.958112 0.875085
vt 0.954944 0.875085
vt 0.954944 0.916402
vt 0.958112 0.898496
vt 0.954944 0.898496
vt 0.954944 0.898496
vt 0.958112 0.892991
vt 0.954944 0.892991
vt 0.513647 0.029002
vt 0.496816 0.028255
vt 0.496816 0.029002
vt 0.513647 0.028255
vt 0.496816 0.027508
vt 0.496816 0.028255
vt 0.513647 0.027508
vt 0.496816 0.026761
vt 0.496816 0.027508
vt 0.513647 0.026761
vt 0.496816 0.026014
vt 0.496816 0.026761
vt 0.513647 0.026014
vt 0.496816 0.025267
vt 0.496816 0.026014
vt 0.513647 0.029749
vt 0.496816 0.029002
vt 0.496816 0.029749
vt 0.993970 0.320358
vt 0.993133 0.320875
vt 0.993970 0.320875
vt 0.994228 0.281763
vt 0.993780 0.282251
vt 0.994427 0.281878
vt 0.993333 0.281763
vt 0.993780 0.282251
vt 0.993780 0.282021
vt 0.993333 0.281246
vt 0.993133 0.281878
vt 0.993333 0.281763
vt 0.993333 0.281246
vt 0.993780 0.280758
vt 0.993133 0.281131
vt 0.994228 0.281246
vt 0.993780 0.280758
vt 0.993780 0.280988
vt 0.994228 0.281763
vt 0.994427 0.281131
vt 0.994228 0.281246
vt 0.993970 0.321908
vt 0.993133 0.322425
vt 0.993970 0.322425
vt 0.993970 0.320875
vt 0.993133 0.321391
vt 0.993970 0.321391
vt 0.993970 0.319841
vt 0.993133 0.320358
vt 0.993970 0.320358
vt 0.993970 0.319325
vt 0.993133 0.319841
vt 0.993970 0.319841
vt 0.993970 0.321391
vt 0.993133 0.321908
vt 0.993970 0.321908
vt 0.993133 0.272371
vt 0.993780 0.272744
vt 0.994427 0.271624
vt 0.716744 0.732510
vt 0.699913 0.732057
vt 0.699913 0.732510
vt 0.716744 0.732057
vt 0.699913 0.731604
vt 0.699913 0.732057
vt 0.716744 0.731604
vt 0.699913 0.731152
vt 0.699913 0.731604
vt 0.716744 0.731152
vt 0.699913 0.730699
vt 0.699913 0.731152
vt 0.716744 0.730699
vt 0.699913 0.730247
vt 0.699913 0.730699
vt 0.716744 0.732962
vt 0.699913 0.732510
vt 0.699913 0.732962
vt 0.461335 0.006319
vt 0.462172 0.006099
vt 0.461335 0.006099
vt 0.635936 0.005620
vt 0.636328 0.005613
vt 0.635936 0.005387
vt 0.636126 0.005949
vt 0.636328 0.005613
vt 0.636126 0.005730
vt 0.635936 0.006059
vt 0.636328 0.006066
vt 0.636126 0.005949
vt 0.635746 0.005949
vt 0.635936 0.006292
vt 0.635936 0.006059
vt 0.635746 0.005730
vt 0.635544 0.006066
vt 0.635746 0.005949
vt 0.635746 0.005730
vt 0.635936 0.005387
vt 0.635544 0.005613
vt 0.461335 0.005660
vt 0.462172 0.005441
vt 0.461335 0.005441
vt 0.461335 0.006099
vt 0.462172 0.005880
vt 0.461335 0.005880
vt 0.461335 0.006538
vt 0.462172 0.006319
vt 0.461335 0.006319
vt 0.461335 0.006758
vt 0.462172 0.006538
vt 0.461335 0.006538
vt 0.461335 0.005880
vt 0.462172 0.005660
vt 0.461335 0.005660
vt 0.644733 0.006292
vt 0.645125 0.006066
vt 0.645125 0.005613
vt 0.930907 0.467411
vt 0.940842 0.470491
vt 0.940842 0.467411
vt 0.930907 0.470492
vt 0.940842 0.471229
vt 0.940842 0.470491
vt 0.930907 0.471229
vt 0.940842 0.474310
vt 0.940842 0.471229
vt 0.980526 0.210889
vt 0.983606 0.220823
vt 0.983606 0.210889
vt 0.979788 0.210889
vt 0.980526 0.220823
vt 0.980526 0.210889
vt 0.976707 0.210889
vt 0.979788 0.220823
vt 0.979788 0.210889
vt 0.903747 0.927743
vt 0.886844 0.927271
vt 0.886844 0.927743
vt 0.886844 0.927271
vt 0.903747 0.925708
vt 0.886844 0.925708
vt 0.903747 0.925708
vt 0.886844 0.925237
vt 0.886844 0.925708
vt 0.657085 0.103982
vt 0.659851 0.110784
vt 0.663515 0.108868
vt 0.696891 0.053242
vt 0.696677 0.055696
vt 0.703896 0.057021
vt 0.689102 0.053269
vt 0.689353 0.055720
vt 0.696677 0.055696
vt 0.689102 0.053269
vt 0.681424 0.054783
vt 0.682145 0.057149
vt 0.674153 0.057786
vt 0.675329 0.059963
vt 0.682145 0.057149
vt 0.667654 0.062196
vt 0.669232 0.064100
vt 0.675329 0.059963
vt 0.662120 0.067723
vt 0.664031 0.069288
vt 0.669232 0.064100
vt 0.657743 0.074237
vt 0.659929 0.075404
vt 0.664031 0.069288
vt 0.654717 0.081507
vt 0.657088 0.082217
vt 0.659929 0.075404
vt 0.654717 0.081507
vt 0.653237 0.089217
vt 0.655696 0.089448
vt 0.653229 0.097020
vt 0.655680 0.096779
vt 0.655696 0.089448
vt 0.653229 0.097020
vt 0.654724 0.104691
vt 0.657085 0.103982
vt 0.654724 0.104691
vt 0.657670 0.111938
vt 0.659851 0.110784
vt 0.661976 0.118477
vt 0.663892 0.116922
vt 0.659851 0.110784
vt 0.661976 0.118477
vt 0.667465 0.124061
vt 0.669043 0.122163
vt 0.673938 0.128469
vt 0.675118 0.126300
vt 0.669043 0.122163
vt 0.673938 0.128469
vt 0.681139 0.131539
vt 0.681880 0.129185
vt 0.688790 0.133173
vt 0.689064 0.130722
vt 0.681880 0.129185
vt 0.696614 0.133304
vt 0.696414 0.130844
vt 0.689064 0.130722
vt 0.704324 0.131944
vt 0.703662 0.129562
vt 0.696414 0.130844
vt 0.704324 0.131944
vt 0.711653 0.129163
vt 0.710562 0.126944
vt 0.718342 0.125096
vt 0.716869 0.123130
vt 0.710562 0.126944
vt 0.724036 0.067060
vt 0.718385 0.061773
vt 0.716878 0.063720
vt 0.718385 0.061773
vt 0.711835 0.057565
vt 0.710713 0.059757
vt 0.704576 0.054654
vt 0.703896 0.057021
vt 0.710713 0.059757
vt 0.291465 0.384281
vt 0.293292 0.384281
vt 0.293292 0.381750
vt 0.663892 0.116922
vt 0.667122 0.114325
vt 0.663515 0.108868
vt 0.703896 0.057021
vt 0.696677 0.055696
vt 0.696306 0.059773
vt 0.663892 0.116922
vt 0.669043 0.122163
vt 0.671704 0.118995
vt 0.703896 0.057021
vt 0.702726 0.061033
vt 0.708813 0.063435
vt 0.675118 0.126300
vt 0.677114 0.122671
vt 0.671704 0.118995
vt 0.696677 0.055696
vt 0.689353 0.055720
vt 0.689764 0.059834
vt 0.675118 0.126300
vt 0.681880 0.129185
vt 0.683142 0.125235
vt 0.682145 0.057149
vt 0.683345 0.061120
vt 0.689764 0.059834
vt 0.722196 0.068676
vt 0.716878 0.063720
vt 0.714344 0.066983
vt 0.689064 0.130722
vt 0.689544 0.126610
vt 0.683142 0.125235
vt 0.675329 0.059963
vt 0.677309 0.063659
vt 0.683345 0.061120
vt 0.710713 0.059757
vt 0.708813 0.063435
vt 0.714344 0.066983
vt 0.689064 0.130722
vt 0.696414 0.130844
vt 0.696093 0.126708
vt 0.675329 0.059963
vt 0.669232 0.064100
vt 0.671839 0.067270
vt 0.696414 0.130844
vt 0.703662 0.129562
vt 0.702559 0.125549
vt 0.669232 0.064100
vt 0.664031 0.069288
vt 0.667226 0.071920
vt 0.703662 0.129562
vt 0.710562 0.126944
vt 0.708720 0.123168
vt 0.659929 0.075404
vt 0.663590 0.077373
vt 0.667226 0.071920
vt 0.716869 0.123130
vt 0.714444 0.119644
vt 0.708720 0.123168
vt 0.659929 0.075404
vt 0.657088 0.082217
vt 0.661100 0.083437
vt 0.657088 0.082217
vt 0.655696 0.089448
vt 0.659775 0.089851
vt 0.655680 0.096779
vt 0.659790 0.096390
vt 0.659775 0.089851
vt 0.657085 0.103982
vt 0.661054 0.102809
vt 0.659790 0.096390
vt 0.700489 0.068646
vt 0.702726 0.061033
vt 0.696306 0.059773
vt 0.700489 0.068646
vt 0.705151 0.070519
vt 0.708813 0.063435
vt 0.695570 0.067703
vt 0.696306 0.059773
vt 0.689764 0.059834
vt 0.685667 0.068724
vt 0.690571 0.067734
vt 0.689764 0.059834
vt 0.681047 0.070654
vt 0.685667 0.068724
vt 0.683345 0.061120
vt 0.681047 0.070654
vt 0.677309 0.063659
vt 0.671839 0.067270
vt 0.676890 0.073439
vt 0.671839 0.067270
vt 0.667226 0.071920
vt 0.673361 0.076979
vt 0.667226 0.071920
vt 0.663590 0.077373
vt 0.670587 0.081139
vt 0.663590 0.077373
vt 0.661100 0.083437
vt 0.668675 0.085759
vt 0.661100 0.083437
vt 0.659775 0.089851
vt 0.667694 0.090658
vt 0.659775 0.089851
vt 0.659790 0.096390
vt 0.668650 0.100544
vt 0.667687 0.095649
vt 0.659790 0.096390
vt 0.670536 0.105167
vt 0.668650 0.100544
vt 0.661054 0.102809
vt 0.670536 0.105167
vt 0.663515 0.108868
vt 0.667122 0.114325
vt 0.676798 0.112896
vt 0.673292 0.109334
vt 0.667122 0.114325
vt 0.676798 0.112896
vt 0.671704 0.118995
vt 0.677114 0.122671
vt 0.685540 0.117659
vt 0.680937 0.115705
vt 0.677114 0.122671
vt 0.690441 0.118694
vt 0.685540 0.117659
vt 0.683142 0.125235
vt 0.690441 0.118694
vt 0.689544 0.126610
vt 0.696093 0.126708
vt 0.695460 0.118756
vt 0.696093 0.126708
vt 0.702559 0.125549
vt 0.700408 0.117846
vt 0.702559 0.125549
vt 0.708720 0.123168
vt 0.705107 0.115988
vt 0.708720 0.123168
vt 0.714444 0.119644
vt 0.713001 0.109675
vt 0.709367 0.113238
vt 0.714444 0.119644
vt 0.713001 0.109675
vt 0.719253 0.114913
vt 0.723023 0.109347
vt 0.715860 0.105458
vt 0.723023 0.109347
vt 0.725614 0.103152
vt 0.717830 0.100758
vt 0.725614 0.103152
vt 0.726939 0.096572
vt 0.718828 0.090672
vt 0.718833 0.095764
vt 0.726939 0.096572
vt 0.717827 0.085681
vt 0.718828 0.090672
vt 0.726933 0.089859
vt 0.715858 0.080990
vt 0.717827 0.085681
vt 0.725607 0.083278
vt 0.713005 0.076791
vt 0.715858 0.080990
vt 0.722998 0.077088
vt 0.709371 0.073265
vt 0.713005 0.076791
vt 0.719208 0.071519
vt 0.705151 0.070519
vt 0.709371 0.073265
vt 0.714344 0.066983
vt 0.944394 0.584970
vt 0.944394 0.582856
vt 0.942509 0.582856
vt 0.291465 0.351384
vt 0.293292 0.351384
vt 0.293292 0.348853
vt 0.291465 0.386811
vt 0.293292 0.386811
vt 0.293292 0.384281
vt 0.291465 0.353914
vt 0.293292 0.353914
vt 0.293292 0.351384
vt 0.291465 0.389342
vt 0.293292 0.389342
vt 0.293292 0.386811
vt 0.291465 0.356445
vt 0.293292 0.356445
vt 0.293292 0.353914
vt 0.291465 0.391872
vt 0.293292 0.391872
vt 0.293292 0.389342
vt 0.291465 0.358975
vt 0.293292 0.358975
vt 0.293292 0.356445
vt 0.291465 0.394403
vt 0.293292 0.394403
vt 0.293292 0.391872
vt 0.291465 0.361506
vt 0.293292 0.361506
vt 0.293292 0.358975
vt 0.291465 0.394403
vt 0.291465 0.396933
vt 0.293292 0.396933
vt 0.291465 0.364036
vt 0.293292 0.364036
vt 0.293292 0.361506
vt 0.291465 0.396933
vt 0.291465 0.399464
vt 0.293292 0.399464
vt 0.291465 0.366567
vt 0.293292 0.366567
vt 0.293292 0.364036
vt 0.291465 0.417178
vt 0.293292 0.417178
vt 0.293292 0.414647
vt 0.291465 0.401994
vt 0.293292 0.401994
vt 0.293292 0.399464
vt 0.291465 0.369097
vt 0.293292 0.369097
vt 0.293292 0.366567
vt 0.291465 0.414647
vt 0.293292 0.414647
vt 0.293292 0.412116
vt 0.291465 0.404525
vt 0.293292 0.404525
vt 0.293292 0.401994
vt 0.291465 0.371628
vt 0.293292 0.371628
vt 0.293292 0.369097
vt 0.291465 0.419708
vt 0.293292 0.419708
vt 0.293292 0.417178
vt 0.291465 0.407055
vt 0.293292 0.407055
vt 0.293292 0.404525
vt 0.291465 0.374158
vt 0.293292 0.374158
vt 0.293292 0.371628
vt 0.291465 0.422238
vt 0.293292 0.422238
vt 0.293292 0.419708
vt 0.291465 0.409586
vt 0.293292 0.409586
vt 0.293292 0.407055
vt 0.291465 0.374158
vt 0.291465 0.376689
vt 0.293292 0.376689
vt 0.291465 0.424769
vt 0.293292 0.424769
vt 0.293292 0.422238
vt 0.291465 0.412116
vt 0.293292 0.412116
vt 0.293292 0.409586
vt 0.291465 0.379220
vt 0.293292 0.379220
vt 0.293292 0.376689
vt 0.291465 0.427300
vt 0.293292 0.427300
vt 0.293292 0.424769
vt 0.291465 0.381750
vt 0.293292 0.381750
vt 0.293292 0.379220
vt 0.291465 0.429830
vt 0.293292 0.429830
vt 0.293292 0.427300
vt 0.023698 0.086721
vt 0.025192 0.088216
vt 0.026841 0.086863
vt 0.026367 0.089974
vt 0.028247 0.088969
vt 0.026841 0.086863
vt 0.023698 0.086721
vt 0.025050 0.085073
vt 0.022946 0.083667
vt 0.019988 0.084738
vt 0.021941 0.085547
vt 0.022946 0.083667
vt 0.019988 0.084738
vt 0.020607 0.082698
vt 0.018124 0.082204
vt 0.015801 0.084326
vt 0.017915 0.084326
vt 0.018124 0.082204
vt 0.013728 0.084738
vt 0.015801 0.084326
vt 0.015592 0.082204
vt 0.013728 0.084738
vt 0.013109 0.082698
vt 0.010770 0.083667
vt 0.010018 0.086722
vt 0.011775 0.085547
vt 0.010770 0.083667
vt 0.008523 0.088216
vt 0.010018 0.086722
vt 0.008665 0.085074
vt 0.008523 0.088216
vt 0.006875 0.086864
vt 0.005469 0.088969
vt 0.007349 0.089974
vt 0.005469 0.088969
vt 0.004500 0.091308
vt 0.006128 0.094000
vt 0.006541 0.091927
vt 0.004500 0.091308
vt 0.006128 0.094000
vt 0.004007 0.093791
vt 0.004007 0.096323
vt 0.006541 0.098187
vt 0.006129 0.096114
vt 0.004007 0.096323
vt 0.007350 0.100140
vt 0.006541 0.098187
vt 0.004501 0.098805
vt 0.007350 0.100140
vt 0.005469 0.101144
vt 0.006876 0.103249
vt 0.010018 0.103392
vt 0.008524 0.101897
vt 0.006876 0.103249
vt 0.010018 0.103392
vt 0.008666 0.105039
vt 0.010771 0.106446
vt 0.013728 0.105375
vt 0.011776 0.104566
vt 0.010771 0.106446
vt 0.015801 0.105787
vt 0.013728 0.105375
vt 0.013110 0.107415
vt 0.015801 0.105787
vt 0.015593 0.107909
vt 0.018124 0.107909
vt 0.019988 0.105375
vt 0.017915 0.105787
vt 0.018124 0.107909
vt 0.019988 0.105375
vt 0.020607 0.107415
vt 0.022946 0.106446
vt 0.021941 0.104566
vt 0.022946 0.106446
vt 0.025051 0.105039
vt 0.025193 0.101897
vt 0.023698 0.103391
vt 0.025051 0.105039
vt 0.025193 0.101897
vt 0.026841 0.103249
vt 0.028247 0.101144
vt 0.027176 0.098186
vt 0.026367 0.100139
vt 0.028247 0.101144
vt 0.027176 0.098186
vt 0.029216 0.098805
vt 0.029710 0.096322
vt 0.027588 0.093999
vt 0.027588 0.096113
vt 0.029710 0.096322
vt 0.027588 0.093999
vt 0.029710 0.093791
vt 0.029216 0.091308
vt 0.026367 0.089974
vt 0.027176 0.091926
vt 0.029216 0.091308
vt 0.284852 0.086922
vt 0.285068 0.085812
vt 0.283297 0.085644
vt 0.944394 0.610337
vt 0.942509 0.610337
vt 0.942509 0.612450
vt 0.944394 0.568059
vt 0.942509 0.568059
vt 0.942509 0.570173
vt 0.944394 0.580742
vt 0.942509 0.580742
vt 0.942509 0.582856
vt 0.944394 0.608222
vt 0.942509 0.608222
vt 0.942509 0.610337
vt 0.944394 0.570173
vt 0.942509 0.570173
vt 0.942509 0.572287
vt 0.944394 0.578629
vt 0.942509 0.578629
vt 0.942509 0.580742
vt 0.944394 0.606109
vt 0.942509 0.606109
vt 0.942509 0.608222
vt 0.944394 0.565946
vt 0.942509 0.565946
vt 0.942509 0.568059
vt 0.944394 0.576515
vt 0.942509 0.576515
vt 0.942509 0.578629
vt 0.944394 0.603995
vt 0.942509 0.603995
vt 0.942509 0.606109
vt 0.944394 0.563832
vt 0.942509 0.563832
vt 0.942509 0.565946
vt 0.944394 0.574401
vt 0.942509 0.574401
vt 0.942509 0.576515
vt 0.944394 0.601881
vt 0.942509 0.601881
vt 0.942509 0.603995
vt 0.944394 0.561718
vt 0.942509 0.561718
vt 0.942509 0.563832
vt 0.944394 0.572287
vt 0.942509 0.572287
vt 0.942509 0.574401
vt 0.944394 0.601881
vt 0.944394 0.599767
vt 0.942509 0.599767
vt 0.944394 0.559604
vt 0.942509 0.559604
vt 0.942509 0.561718
vt 0.944394 0.597653
vt 0.942509 0.597653
vt 0.942509 0.599767
vt 0.944394 0.557490
vt 0.942509 0.557490
vt 0.942509 0.559604
vt 0.944394 0.595539
vt 0.942509 0.595539
vt 0.942509 0.597653
vt 0.944394 0.555376
vt 0.942509 0.555376
vt 0.942509 0.557490
vt 0.944394 0.593426
vt 0.942509 0.593426
vt 0.942509 0.595539
vt 0.944394 0.620906
vt 0.942509 0.620906
vt 0.942509 0.623020
vt 0.944394 0.591312
vt 0.942509 0.591312
vt 0.942509 0.593426
vt 0.944394 0.618792
vt 0.942509 0.618792
vt 0.942509 0.620906
vt 0.944394 0.589198
vt 0.942509 0.589198
vt 0.942509 0.591312
vt 0.944394 0.616678
vt 0.942509 0.616678
vt 0.942509 0.618792
vt 0.944394 0.587084
vt 0.942509 0.587084
vt 0.942509 0.589198
vt 0.944394 0.614564
vt 0.942509 0.614564
vt 0.942509 0.616678
vt 0.944394 0.587084
vt 0.944394 0.584970
vt 0.942509 0.584970
vt 0.944394 0.612450
vt 0.942509 0.612450
vt 0.942509 0.614564
vt 0.279897 0.090989
vt 0.278762 0.090992
vt 0.278264 0.096127
vt 0.278762 0.090992
vt 0.277649 0.090770
vt 0.276159 0.095707
vt 0.281006 0.090766
vt 0.279897 0.090989
vt 0.280409 0.096128
vt 0.282051 0.090336
vt 0.281006 0.090766
vt 0.282512 0.095711
vt 0.282994 0.089709
vt 0.282051 0.090336
vt 0.284494 0.094894
vt 0.283793 0.088906
vt 0.282994 0.089709
vt 0.286279 0.093703
vt 0.284418 0.087965
vt 0.283793 0.088906
vt 0.287796 0.092186
vt 0.284852 0.086922
vt 0.284418 0.087965
vt 0.288987 0.090404
vt 0.285068 0.085812
vt 0.284852 0.086922
vt 0.289807 0.088423
vt 0.285064 0.084683
vt 0.285068 0.085812
vt 0.290224 0.086320
vt 0.285064 0.084683
vt 0.290224 0.084177
vt 0.289807 0.082077
vt 0.284844 0.083575
vt 0.289807 0.082077
vt 0.288989 0.080094
vt 0.284413 0.082528
vt 0.288989 0.080094
vt 0.287799 0.078308
vt 0.283780 0.081588
vt 0.287799 0.078308
vt 0.286282 0.076788
vt 0.282981 0.080784
vt 0.286282 0.076788
vt 0.284495 0.075593
vt 0.282036 0.080155
vt 0.284495 0.075593
vt 0.282510 0.074771
vt 0.280989 0.079724
vt 0.282510 0.074771
vt 0.280402 0.074351
vt 0.279880 0.079501
vt 0.280402 0.074351
vt 0.278249 0.074352
vt 0.278744 0.079500
vt 0.278249 0.074352
vt 0.276139 0.074776
vt 0.277631 0.079727
vt 0.276139 0.074776
vt 0.274155 0.075607
vt 0.276585 0.080166
vt 0.274155 0.075607
vt 0.272374 0.076807
vt 0.275647 0.080799
vt 0.272374 0.076807
vt 0.270863 0.078330
vt 0.274845 0.081599
vt 0.270863 0.078330
vt 0.269679 0.080119
vt 0.274219 0.082543
vt 0.269679 0.080119
vt 0.268869 0.082101
vt 0.273790 0.083590
vt 0.268869 0.082101
vt 0.268461 0.084198
vt 0.273574 0.084699
vt 0.268461 0.084198
vt 0.268468 0.086331
vt 0.273798 0.086930
vt 0.273578 0.085825
vt 0.268468 0.086331
vt 0.274230 0.087972
vt 0.273798 0.086930
vt 0.268886 0.088423
vt 0.274859 0.088911
vt 0.274230 0.087972
vt 0.269703 0.090396
vt 0.275660 0.089709
vt 0.274859 0.088911
vt 0.270889 0.092175
vt 0.276602 0.090337
vt 0.275660 0.089709
vt 0.272400 0.093690
vt 0.277649 0.090770
vt 0.276602 0.090337
vt 0.274179 0.094883
vt 0.278168 0.089053
vt 0.278938 0.089208
vt 0.281211 0.088763
vt 0.278938 0.089208
vt 0.279722 0.089212
vt 0.281211 0.088763
vt 0.279722 0.089212
vt 0.280490 0.089061
vt 0.281211 0.088763
vt 0.281211 0.088763
vt 0.281862 0.088329
vt 0.283147 0.086411
vt 0.281862 0.088329
vt 0.282415 0.087779
vt 0.283147 0.086411
vt 0.282415 0.087779
vt 0.282850 0.087130
vt 0.283147 0.086411
vt 0.283147 0.086411
vt 0.283297 0.085644
vt 0.282839 0.083371
vt 0.283297 0.085644
vt 0.283295 0.084861
vt 0.282839 0.083371
vt 0.283295 0.084861
vt 0.283140 0.084093
vt 0.282839 0.083371
vt 0.282839 0.083371
vt 0.282402 0.082720
vt 0.281847 0.082165
vt 0.281847 0.082165
vt 0.281195 0.081728
vt 0.280471 0.081424
vt 0.280471 0.081424
vt 0.279705 0.081275
vt 0.278924 0.081280
vt 0.278924 0.081280
vt 0.278157 0.081437
vt 0.280471 0.081424
vt 0.278157 0.081437
vt 0.277433 0.081743
vt 0.280471 0.081424
vt 0.277433 0.081743
vt 0.276781 0.082176
vt 0.276228 0.082730
vt 0.276228 0.082730
vt 0.275796 0.083379
vt 0.275499 0.084103
vt 0.275499 0.084103
vt 0.275345 0.084868
vt 0.275801 0.087132
vt 0.275345 0.084868
vt 0.275344 0.085649
vt 0.275801 0.087132
vt 0.275344 0.085649
vt 0.275499 0.086414
vt 0.275801 0.087132
vt 0.275801 0.087132
vt 0.276238 0.087780
vt 0.278168 0.089053
vt 0.276238 0.087780
vt 0.276793 0.088331
vt 0.278168 0.089053
vt 0.276793 0.088331
vt 0.277445 0.088761
vt 0.278168 0.089053
vt 0.282839 0.083371
vt 0.281847 0.082165
vt 0.283147 0.086411
vt 0.281847 0.082165
vt 0.280471 0.081424
vt 0.283147 0.086411
vt 0.277433 0.081743
vt 0.276228 0.082730
vt 0.275499 0.084103
vt 0.278168 0.089053
vt 0.281211 0.088763
vt 0.283147 0.086411
vt 0.280471 0.081424
vt 0.277433 0.081743
vt 0.278168 0.089053
vt 0.277433 0.081743
vt 0.275499 0.084103
vt 0.278168 0.089053
vt 0.275499 0.084103
vt 0.275801 0.087132
vt 0.278168 0.089053
vt 0.274845 0.081599
vt 0.274219 0.082543
vt 0.275796 0.083379
vt 0.285068 0.085812
vt 0.285064 0.084683
vt 0.283295 0.084861
vt 0.274219 0.082543
vt 0.273790 0.083590
vt 0.275499 0.084103
vt 0.284844 0.083575
vt 0.283140 0.084093
vt 0.283295 0.084861
vt 0.273790 0.083590
vt 0.273574 0.084699
vt 0.275345 0.084868
vt 0.284413 0.082528
vt 0.282839 0.083371
vt 0.283140 0.084093
vt 0.273574 0.084699
vt 0.273578 0.085825
vt 0.275344 0.085649
vt 0.284413 0.082528
vt 0.283780 0.081588
vt 0.282402 0.082720
vt 0.273798 0.086930
vt 0.275499 0.086414
vt 0.275344 0.085649
vt 0.282981 0.080784
vt 0.281847 0.082165
vt 0.282402 0.082720
vt 0.278762 0.090992
vt 0.279897 0.090989
vt 0.279722 0.089212
vt 0.274230 0.087972
vt 0.275801 0.087132
vt 0.275499 0.086414
vt 0.282981 0.080784
vt 0.282036 0.080155
vt 0.281195 0.081728
vt 0.278762 0.090992
vt 0.278938 0.089208
vt 0.278168 0.089053
vt 0.274859 0.088911
vt 0.276238 0.087780
vt 0.275801 0.087132
vt 0.282036 0.080155
vt 0.280989 0.079724
vt 0.280471 0.081424
vt 0.279897 0.090989
vt 0.281006 0.090766
vt 0.280490 0.089061
vt 0.275660 0.089709
vt 0.276793 0.088331
vt 0.276238 0.087780
vt 0.279880 0.079501
vt 0.279705 0.081275
vt 0.280471 0.081424
vt 0.282051 0.090336
vt 0.281211 0.088763
vt 0.280490 0.089061
vt 0.276602 0.090337
vt 0.277445 0.088761
vt 0.276793 0.088331
vt 0.278744 0.079500
vt 0.278924 0.081280
vt 0.279705 0.081275
vt 0.282051 0.090336
vt 0.282994 0.089709
vt 0.281862 0.088329
vt 0.277649 0.090770
vt 0.278168 0.089053
vt 0.277445 0.088761
vt 0.278744 0.079500
vt 0.277631 0.079727
vt 0.278157 0.081437
vt 0.282994 0.089709
vt 0.283793 0.088906
vt 0.282415 0.087779
vt 0.277631 0.079727
vt 0.276585 0.080166
vt 0.277433 0.081743
vt 0.283793 0.088906
vt 0.284418 0.087965
vt 0.282850 0.087130
vt 0.276585 0.080166
vt 0.275647 0.080799
vt 0.276781 0.082176
vt 0.284852 0.086922
vt 0.283147 0.086411
vt 0.282850 0.087130
vt 0.274845 0.081599
vt 0.276228 0.082730
vt 0.276781 0.082176
vt 0.701256 0.083279
vt 0.709371 0.073265
vt 0.705151 0.070519
vt 0.703044 0.085050
vt 0.713005 0.076791
vt 0.709371 0.073265
vt 0.704451 0.087141
vt 0.715858 0.080990
vt 0.713005 0.076791
vt 0.705420 0.089470
vt 0.717827 0.085681
vt 0.715858 0.080990
vt 0.705913 0.091946
vt 0.718828 0.090672
vt 0.717827 0.085681
vt 0.705909 0.094472
vt 0.718833 0.095764
vt 0.718828 0.090672
vt 0.705909 0.094472
vt 0.705407 0.096950
vt 0.717830 0.100758
vt 0.705407 0.096950
vt 0.704428 0.099282
vt 0.715860 0.105458
vt 0.704428 0.099282
vt 0.703012 0.101376
vt 0.713001 0.109675
vt 0.703012 0.101376
vt 0.701214 0.103152
vt 0.709367 0.113238
vt 0.701214 0.103152
vt 0.699109 0.104541
vt 0.705107 0.115988
vt 0.699109 0.104541
vt 0.696777 0.105491
vt 0.700408 0.117846
vt 0.696777 0.105491
vt 0.694309 0.105966
vt 0.695460 0.118756
vt 0.694309 0.105966
vt 0.691800 0.105951
vt 0.690441 0.118694
vt 0.691800 0.105951
vt 0.689346 0.105448
vt 0.685540 0.117659
vt 0.689346 0.105448
vt 0.687037 0.104472
vt 0.680937 0.115705
vt 0.687037 0.104472
vt 0.684961 0.103067
vt 0.676798 0.112896
vt 0.684961 0.103067
vt 0.683199 0.101286
vt 0.673292 0.109334
vt 0.683199 0.101286
vt 0.681815 0.099197
vt 0.670536 0.105167
vt 0.681815 0.099197
vt 0.680863 0.096881
vt 0.668650 0.100544
vt 0.680863 0.096881
vt 0.680380 0.094425
vt 0.667687 0.095649
vt 0.680380 0.094425
vt 0.680382 0.091923
vt 0.667694 0.090658
vt 0.680872 0.089469
vt 0.668675 0.085759
vt 0.667694 0.090658
vt 0.681831 0.087158
vt 0.670587 0.081139
vt 0.668675 0.085759
vt 0.683223 0.085078
vt 0.673361 0.076979
vt 0.670587 0.081139
vt 0.684994 0.083308
vt 0.676890 0.073439
vt 0.673361 0.076979
vt 0.687078 0.081917
vt 0.681047 0.070654
vt 0.676890 0.073439
vt 0.689394 0.080956
vt 0.685667 0.068724
vt 0.681047 0.070654
vt 0.691855 0.080465
vt 0.690571 0.067734
vt 0.685667 0.068724
vt 0.694366 0.080461
vt 0.695570 0.067703
vt 0.690571 0.067734
vt 0.699158 0.081892
vt 0.705151 0.070519
vt 0.700489 0.068646
vt 0.696832 0.080942
vt 0.700489 0.068646
vt 0.695570 0.067703
vt 0.719253 0.114913
vt 0.714444 0.119644
vt 0.717725 0.123681
vt 0.727580 0.111810
vt 0.723023 0.109347
vt 0.719253 0.114913
vt 0.725614 0.103152
vt 0.723023 0.109347
vt 0.727580 0.111810
vt 0.726939 0.096572
vt 0.725614 0.103152
vt 0.730569 0.104670
vt 0.726939 0.096572
vt 0.732090 0.097083
vt 0.732090 0.089343
vt 0.730556 0.081754
vt 0.725607 0.083278
vt 0.726933 0.089859
vt 0.725607 0.083278
vt 0.730556 0.081754
vt 0.727556 0.074613
vt 0.719208 0.071519
vt 0.722998 0.077088
vt 0.727556 0.074613
vt 0.749689 0.078457
vt 0.745472 0.078457
vt 0.745472 0.133304
vt 0.745472 0.133304
vt 0.745472 0.078457
vt 0.743770 0.080159
vt 0.743770 0.131603
vt 0.743770 0.080159
vt 0.740104 0.081987
vt 0.043291 0.047188
vt 0.063067 0.047218
vt 0.063068 0.044640
vt 0.043206 0.042301
vt 0.043293 0.044673
vt 0.063068 0.044640
vt 0.043212 0.049559
vt 0.063084 0.049592
vt 0.063067 0.047218
vt 0.037744 0.049126
vt 0.043212 0.049559
vt 0.043291 0.047188
vt 0.037724 0.042767
vt 0.037913 0.045205
vt 0.043293 0.044673
vt 0.037913 0.045205
vt 0.037918 0.046693
vt 0.043291 0.047188
vt 0.009576 0.048098
vt 0.009574 0.050614
vt 0.029350 0.050643
vt 0.009489 0.045727
vt 0.009576 0.048098
vt 0.029351 0.048065
vt 0.009495 0.052984
vt 0.029367 0.053018
vt 0.029350 0.050643
vt 0.004027 0.052551
vt 0.009495 0.052984
vt 0.009574 0.050614
vt 0.004007 0.046192
vt 0.004196 0.048631
vt 0.009576 0.048098
vt 0.004196 0.048631
vt 0.004201 0.050118
vt 0.009574 0.050614
vt 0.360652 0.044906
vt 0.360650 0.047421
vt 0.380426 0.047450
vt 0.360565 0.042534
vt 0.360652 0.044906
vt 0.380427 0.044873
vt 0.360571 0.049791
vt 0.380443 0.049825
vt 0.380426 0.047450
vt 0.355103 0.049358
vt 0.360571 0.049791
vt 0.360650 0.047421
vt 0.355083 0.042999
vt 0.355272 0.045438
vt 0.360652 0.044906
vt 0.355272 0.045438
vt 0.355277 0.046925
vt 0.360650 0.047421
vt 0.013061 0.035281
vt 0.013067 0.032761
vt 0.004015 0.032714
vt 0.013061 0.035281
vt 0.004007 0.035280
vt 0.004085 0.037677
vt 0.013067 0.032761
vt 0.013207 0.030401
vt 0.004105 0.030321
vt 0.018606 0.030891
vt 0.013207 0.030401
vt 0.013067 0.032761
vt 0.018606 0.037151
vt 0.018413 0.034752
vt 0.013061 0.035281
vt 0.018413 0.034752
vt 0.018414 0.033285
vt 0.013067 0.032761
vt 0.109689 0.045521
vt 0.129466 0.045550
vt 0.129466 0.042972
vt 0.109604 0.040633
vt 0.109691 0.043005
vt 0.129466 0.042972
vt 0.109610 0.047891
vt 0.129482 0.047924
vt 0.129466 0.045550
vt 0.104142 0.047458
vt 0.109610 0.047891
vt 0.109689 0.045521
vt 0.104122 0.041099
vt 0.104311 0.043538
vt 0.109691 0.043005
vt 0.104311 0.043538
vt 0.104316 0.045025
vt 0.109689 0.045521
vt 0.149497 0.043258
vt 0.149495 0.045774
vt 0.169272 0.045803
vt 0.149411 0.040887
vt 0.149497 0.043258
vt 0.169272 0.043225
vt 0.149417 0.048144
vt 0.169288 0.048177
vt 0.169272 0.045803
vt 0.143948 0.047711
vt 0.149417 0.048144
vt 0.149495 0.045774
vt 0.143928 0.041352
vt 0.144117 0.043791
vt 0.149497 0.043258
vt 0.144117 0.043791
vt 0.144122 0.045278
vt 0.149495 0.045774
vt 0.416546 0.041694
vt 0.416544 0.044209
vt 0.436320 0.044238
vt 0.416459 0.039322
vt 0.416546 0.041694
vt 0.436321 0.041660
vt 0.416465 0.046579
vt 0.436337 0.046613
vt 0.436320 0.044238
vt 0.410997 0.046146
vt 0.416465 0.046579
vt 0.416544 0.044209
vt 0.410977 0.039787
vt 0.411166 0.042226
vt 0.416546 0.041694
vt 0.411166 0.042226
vt 0.411171 0.043713
vt 0.416544 0.044209
vt 0.214059 0.042722
vt 0.214057 0.045237
vt 0.233834 0.045267
vt 0.213972 0.040350
vt 0.214059 0.042722
vt 0.233834 0.042689
vt 0.213978 0.047608
vt 0.233850 0.047641
vt 0.233834 0.045267
vt 0.208510 0.047174
vt 0.213978 0.047608
vt 0.214057 0.045237
vt 0.208490 0.040816
vt 0.208679 0.043254
vt 0.214059 0.042722
vt 0.208679 0.043254
vt 0.208684 0.044742
vt 0.214057 0.045237
vt 0.175807 0.059735
vt 0.172263 0.059735
vt 0.172263 0.065944
vt 0.954944 0.875085
vt 0.958112 0.875085
vt 0.958112 0.869580
vt 0.147473 0.059735
vt 0.143928 0.059735
vt 0.143928 0.065944
vt 0.172263 0.065944
vt 0.147473 0.065944
vt 0.147473 0.069488
vt 0.172263 0.056191
vt 0.147473 0.056191
vt 0.147473 0.059735
vt 0.171656 0.065592
vt 0.172263 0.065944
vt 0.172263 0.059735
vt 0.153750 0.065592
vt 0.147473 0.065944
vt 0.172263 0.065944
vt 0.153750 0.060087
vt 0.171656 0.060087
vt 0.172263 0.059735
vt 0.153750 0.060087
vt 0.147473 0.059735
vt 0.147473 0.065944
vt 0.954944 0.892991
vt 0.958112 0.892991
vt 0.958112 0.875085
vt 0.954944 0.916402
vt 0.958112 0.916402
vt 0.958112 0.898496
vt 0.954944 0.898496
vt 0.958112 0.898496
vt 0.958112 0.892991
vt 0.513647 0.029002
vt 0.513647 0.028255
vt 0.496816 0.028255
vt 0.513647 0.028255
vt 0.513647 0.027508
vt 0.496816 0.027508
vt 0.513647 0.027508
vt 0.513647 0.026761
vt 0.496816 0.026761
vt 0.513647 0.026761
vt 0.513647 0.026014
vt 0.496816 0.026014
vt 0.513647 0.026014
vt 0.513647 0.025267
vt 0.496816 0.025267
vt 0.513647 0.029749
vt 0.513647 0.029002
vt 0.496816 0.029002
vt 0.993970 0.320358
vt 0.993133 0.320358
vt 0.993133 0.320875
vt 0.994228 0.281763
vt 0.993780 0.282021
vt 0.993780 0.282251
vt 0.993333 0.281763
vt 0.993133 0.281878
vt 0.993780 0.282251
vt 0.993333 0.281246
vt 0.993133 0.281131
vt 0.993133 0.281878
vt 0.993333 0.281246
vt 0.993780 0.280988
vt 0.993780 0.280758
vt 0.994228 0.281246
vt 0.994427 0.281131
vt 0.993780 0.280758
vt 0.994228 0.281763
vt 0.994427 0.281878
vt 0.994427 0.281131
vt 0.993970 0.321908
vt 0.993133 0.321908
vt 0.993133 0.322425
vt 0.993970 0.320875
vt 0.993133 0.320875
vt 0.993133 0.321391
vt 0.993970 0.319841
vt 0.993133 0.319841
vt 0.993133 0.320358
vt 0.993970 0.319325
vt 0.993133 0.319325
vt 0.993133 0.319841
vt 0.993970 0.321391
vt 0.993133 0.321391
vt 0.993133 0.321908
vt 0.993780 0.272744
vt 0.994427 0.272371
vt 0.994427 0.271624
vt 0.994427 0.271624
vt 0.993780 0.271250
vt 0.993133 0.271624
vt 0.993133 0.271624
vt 0.993133 0.272371
vt 0.994427 0.271624
vt 0.716744 0.732510
vt 0.716744 0.732057
vt 0.699913 0.732057
vt 0.716744 0.732057
vt 0.716744 0.731604
vt 0.699913 0.731604
vt 0.716744 0.731604
vt 0.716744 0.731152
vt 0.699913 0.731152
vt 0.716744 0.731152
vt 0.716744 0.730699
vt 0.699913 0.730699
vt 0.716744 0.730699
vt 0.716744 0.730247
vt 0.699913 0.730247
vt 0.716744 0.732962
vt 0.716744 0.732510
vt 0.699913 0.732510
vt 0.461335 0.006319
vt 0.462172 0.006319
vt 0.462172 0.006099
vt 0.635936 0.005620
vt 0.636126 0.005730
vt 0.636328 0.005613
vt 0.636126 0.005949
vt 0.636328 0.006066
vt 0.636328 0.005613
vt 0.635936 0.006059
vt 0.635936 0.006292
vt 0.636328 0.006066
vt 0.635746 0.005949
vt 0.635544 0.006066
vt 0.635936 0.006292
vt 0.635746 0.005730
vt 0.635544 0.005613
vt 0.635544 0.006066
vt 0.635746 0.005730
vt 0.635936 0.005620
vt 0.635936 0.005387
vt 0.461335 0.005660
vt 0.462172 0.005660
vt 0.462172 0.005441
vt 0.461335 0.006099
vt 0.462172 0.006099
vt 0.462172 0.005880
vt 0.461335 0.006538
vt 0.462172 0.006538
vt 0.462172 0.006319
vt 0.461335 0.006758
vt 0.462172 0.006758
vt 0.462172 0.006538
vt 0.461335 0.005880
vt 0.462172 0.005880
vt 0.462172 0.005660
vt 0.645125 0.005613
vt 0.644733 0.005387
vt 0.644733 0.006292
vt 0.644733 0.005387
vt 0.644341 0.005613
vt 0.644733 0.006292
vt 0.644341 0.005613
vt 0.644341 0.006066
vt 0.644733 0.006292
vt 0.930907 0.467411
vt 0.930907 0.470492
vt 0.940842 0.470491
vt 0.930907 0.470492
vt 0.930907 0.471229
vt 0.940842 0.471229
vt 0.930907 0.471229
vt 0.930907 0.474310
vt 0.940842 0.474310
vt 0.980526 0.210889
vt 0.980526 0.220823
vt 0.983606 0.220823
vt 0.979788 0.210889
vt 0.979788 0.220823
vt 0.980526 0.220823
vt 0.976707 0.210889
vt 0.976707 0.220823
vt 0.979788 0.220823
vt 0.903747 0.927743
vt 0.903747 0.927271
vt 0.886844 0.927271
vt 0.886844 0.927271
vt 0.903747 0.927271
vt 0.903747 0.925708
vt 0.903747 0.925708
vt 0.903747 0.925237
vt 0.886844 0.925237
vn 0.631081 -0.716669 -0.296853
vn 0.631081 -0.644985 -0.430965
vn 0.631081 -0.716669 -0.296853
vn 1.000000 0.000000 -0.000000
vn 1.000000 0.000000 -0.000000
vn 1.000000 0.000000 0.000000
vn 1.000000 0.000000 0.000000
vn 1.000000 0.000000 -0.000000
vn 1.000000 0.000000 -0.000000
vn 1.000000 0.000000 0.000000
vn 1.000000 0.000000 0.000000
vn 1.000000 0.000000 0.000000
vn 1.000000 0.000000 -0.000000
vn 1.000000 0.000000 0.000000
vn 1.000000 0.000000 0.000000
vn 1.000000 0.000000 0.000000
vn 1.000000 0.000000 0.000000
vn 1.000000 0.000000 -0.000000
vn 1.000000 0.000000 -0.000000
vn 1.000000 0.000000 0.000000
vn 1.000000 0.000000 0.000000
vn 1.000000 0.000000 0.000000
vn 1.000000 0.000000 -0.000000
vn 1.000000 0.000000 -0.000000
vn 1.000000 0.000000 0.000000
vn 1.000000 0.000000 0.000000
vn 1.000000 0.000000 0.000000
vn 1.000000 0.000000 0.000000
vn 1.000000 0.000000 0.000000
vn 1.000000 0.000000 0.000000
vn 1.000000 0.000000 -0.000000
vn 1.000000 0.000000 0.000000
vn 1.000000 0.000000 0.000000
vn 1.000000 0.000000 -0.000000
vn 1.000000 0.000000 0.000000
vn 1.000000 0.000000 -0.000000
vn 1.000000 0.000000 0.000000
vn 1.000000 0.000000 -0.000000
vn 1.000000 0.000000 0.000000
vn 1.000000 0.000000 0.000000
vn 1.000000 0.000000 -0.000000
vn 1.000000 0.000000 -0.000000
vn 1.000000 0.000000 0.000000
vn 1.000000 0.000000 0.000000
vn 1.000000 0.000000 0.000000
vn 1.000000 0.000000 0.000000
vn 1.000000 0.000000 0.000000
vn 1.000000 0.000000 0.000000
vn 1.000000 0.000000 0.000000
vn 1.000000 -0.000000 0.000000
vn 1.000000 0.000000 0.000000
vn 1.000000 0.000000 0.000000
vn 1.000000 -0.000000 0.000000
vn 1.000000 -0.000000 0.000000
vn 1.000000 0.000000 -0.000000
vn 1.000000 0.000000 0.000000
vn 1.000000 0.000000 0.000000
vn 1.000000 0.000000 0.000000
vn 1.000000 0.000000 -0.000000
vn 1.000000 0.000000 -0.000000
vn 1.000000 0.000000 0.000000
vn 1.000000 0.000000 -0.000000
vn 1.000000 0.000000 0.000000
vn 1.000000 0.000000 0.000000
vn 1.000000 0.000000 -0.000000
vn 1.000000 0.000000 -0.000000
vn 1.000000 0.000000 0.000000
vn 1.000000 0.000000 -0.000000
vn 1.000000 0.000000 0.000000
vn 1.000000 0.000000 -0.000000
vn 1.000000 0.000000 -0.000000
vn 1.000000 0.000000 -0.000000
vn 1.000000 0.000000 0.000000
vn 1.000000 0.000000 -0.000000
vn 1.000000 0.000000 0.000000
vn 0.000000 -0.555571 0.831469
vn 0.000000 -0.382683 0.923880
vn 0.000000 -0.382682 0.923880
vn 0.631082 -0.548515 -0.548514
vn 0.631081 -0.644985 -0.430965
vn 0.631081 -0.644985 -0.430965
vn 0.631081 0.151335 0.760812
vn 0.631081 0.000001 0.775717
vn 0.631081 0.151335 0.760812
vn 0.631082 -0.548515 -0.548514
vn 0.631081 -0.430965 -0.644985
vn 0.631082 -0.548514 -0.548514
vn 0.631081 0.151335 0.760812
vn 0.631081 0.296854 0.716669
vn 0.631081 0.296854 0.716669
vn 0.631081 -0.296854 -0.716669
vn 0.631081 -0.430965 -0.644985
vn 0.631081 -0.430966 -0.644985
vn 0.631081 0.000001 0.775717
vn 0.631081 -0.151334 0.760812
vn 0.631081 0.000001 0.775717
vn 0.631081 -0.296854 -0.716669
vn 0.631081 -0.151335 -0.760811
vn 0.631081 -0.296854 -0.716668
vn 0.631081 -0.296853 0.716669
vn 0.631081 -0.151334 0.760812
vn 0.631081 -0.151334 0.760812
vn 0.629247 0.493054 0.600788
vn 0.631081 0.430965 0.644985
vn 0.629247 0.493054 0.600787
vn 0.631081 -0.000000 -0.775717
vn 0.631081 -0.151335 -0.760811
vn 0.631081 -0.151335 -0.760811
vn 0.631081 -0.430964 0.644986
vn 0.631081 -0.296853 0.716669
vn 0.631081 -0.296853 0.716669
vn 0.631081 0.296854 0.716669
vn 0.631081 0.430965 0.644985
vn 0.631081 0.430965 0.644985
vn 0.631081 -0.000000 -0.775717
vn 0.631082 0.151335 -0.760811
vn 0.631081 0.000000 -0.775717
vn 0.631081 -0.430964 0.644986
vn 0.631081 -0.548514 0.548515
vn 0.631081 -0.430964 0.644986
vn 0.631082 0.151335 -0.760811
vn 0.631082 0.296853 -0.716669
vn 0.631082 0.151335 -0.760811
vn 0.631081 -0.548514 0.548515
vn 0.631082 -0.644984 0.430966
vn 0.631081 -0.548514 0.548515
vn 0.631081 0.296853 -0.716669
vn 0.631081 0.430965 -0.644985
vn 0.631082 0.296853 -0.716669
vn 0.631082 -0.716668 0.296854
vn 0.631082 -0.644984 0.430966
vn 0.631081 -0.644984 0.430966
vn 0.629248 0.493054 -0.600788
vn 0.631081 0.430965 -0.644985
vn 0.631081 0.430965 -0.644985
vn 0.631082 -0.716668 0.296854
vn 0.631081 -0.760811 0.151336
vn 0.631083 -0.716667 0.296854
vn 0.631081 -0.760811 0.151336
vn 0.631082 -0.775717 0.000001
vn 0.631081 -0.760811 0.151336
vn 0.631081 -0.760812 -0.151335
vn 0.631082 -0.775717 0.000001
vn 0.631082 -0.775716 0.000001
vn 0.631081 -0.716669 -0.296853
vn 0.631081 -0.760812 -0.151335
vn 0.631081 -0.760812 -0.151335
vn 0.994647 -0.020160 -0.101348
vn 0.984334 -0.000000 -0.176312
vn 0.994646 -0.000001 -0.103337
vn 0.994647 -0.020160 -0.101348
vn 0.984334 -0.067472 -0.162891
vn 0.984334 -0.034397 -0.172924
vn 0.994646 -0.000001 -0.103337
vn 0.984334 0.034397 -0.172924
vn 0.994646 0.020160 -0.101355
vn 0.994646 0.039547 -0.095477
vn 0.984334 0.034397 -0.172924
vn 0.984334 0.067472 -0.162891
vn 0.994645 0.057415 -0.085929
vn 0.984334 0.067472 -0.162891
vn 0.984334 0.097953 -0.146598
vn 0.994645 0.057415 -0.085929
vn 0.984334 0.124671 -0.124671
vn 0.994645 0.073078 -0.073079
vn 0.994645 0.073078 -0.073079
vn 0.984335 0.146598 -0.097954
vn 0.994645 0.085932 -0.057419
vn 0.994645 0.085932 -0.057419
vn 0.984334 0.162891 -0.067472
vn 0.994645 0.095484 -0.039551
vn 0.994645 0.095484 -0.039551
vn 0.984334 0.172924 -0.034397
vn 0.994645 0.101367 -0.020164
vn 0.994645 0.101367 -0.020164
vn 0.984334 0.176312 -0.000000
vn 0.994645 0.103353 0.000000
vn 0.994645 0.103353 0.000000
vn 0.984334 0.172924 0.034397
vn 0.994645 0.101367 0.020163
vn 0.994645 0.095484 0.039551
vn 0.984334 0.172924 0.034397
vn 0.984334 0.162891 0.067472
vn 0.994645 0.085932 0.057419
vn 0.984334 0.162891 0.067472
vn 0.984334 0.146598 0.097954
vn 0.994645 0.085932 0.057419
vn 0.984334 0.124671 0.124671
vn 0.994645 0.073078 0.073079
vn 0.994645 0.057415 0.085930
vn 0.984334 0.124671 0.124671
vn 0.984334 0.097954 0.146598
vn 0.994645 0.057415 0.085930
vn 0.984334 0.067472 0.162891
vn 0.994646 0.039547 0.095477
vn 0.994646 0.020159 0.101355
vn 0.984334 0.067472 0.162891
vn 0.984335 0.034396 0.172924
vn 0.994646 -0.000001 0.103337
vn 0.984335 0.034396 0.172924
vn 0.984335 0.000000 0.176311
vn 0.994646 -0.000001 0.103337
vn 0.984335 -0.034396 0.172924
vn 0.994647 -0.020159 0.101349
vn 0.994647 -0.020159 0.101349
vn 0.984334 -0.067472 0.162891
vn 0.994647 -0.039544 0.095466
vn 0.994647 -0.039544 0.095466
vn 0.984334 -0.097954 0.146598
vn 0.994647 -0.057407 0.085914
vn 0.994647 -0.057407 0.085914
vn 0.982476 -0.136824 0.126572
vn 0.994648 -0.073063 0.073062
vn 0.994648 -0.085912 0.057404
vn 0.982476 -0.136824 0.126572
vn 0.981607 -0.158739 0.106066
vn 0.994648 -0.085912 0.057404
vn 0.981607 -0.176381 0.073059
vn 0.994648 -0.095458 0.039540
vn 0.994648 -0.095458 0.039540
vn 0.981607 -0.187245 0.037245
vn 0.994648 -0.101337 0.020157
vn 0.994648 -0.101337 0.020157
vn 0.981607 -0.190914 0.000000
vn 0.994648 -0.103322 0.000000
vn 0.994648 -0.101337 -0.020157
vn 0.981607 -0.190914 0.000000
vn 0.981607 -0.187245 -0.037245
vn 0.994648 -0.095458 -0.039540
vn 0.981607 -0.187245 -0.037245
vn 0.981607 -0.176381 -0.073060
vn 0.994648 -0.085911 -0.057404
vn 0.981607 -0.176381 -0.073060
vn 0.981607 -0.158739 -0.106066
vn 0.994648 -0.073063 -0.073062
vn 0.981607 -0.158739 -0.106066
vn 0.982476 -0.136824 -0.126571
vn 0.994647 -0.057407 -0.085914
vn 0.982476 -0.136824 -0.126571
vn 0.984335 -0.097954 -0.146598
vn 0.994647 -0.039544 -0.095465
vn 0.984335 -0.097954 -0.146598
vn 0.984334 -0.067472 -0.162891
vn 0.000000 1.000000 -0.000001
vn -0.000000 0.980785 0.195090
vn -0.000000 1.000000 -0.000001
vn 0.000000 0.923879 -0.382685
vn 0.000000 0.831469 -0.555571
vn 0.000000 0.831469 -0.555571
vn 0.000000 -0.707107 0.707106
vn 0.000000 -0.555571 0.831469
vn 0.000000 -0.555571 0.831469
vn 0.000000 0.980785 -0.195092
vn 0.000000 0.923879 -0.382685
vn 0.000000 0.923879 -0.382685
vn 0.000000 -0.831469 0.555571
vn 0.000000 -0.707107 0.707107
vn 0.000000 -0.707107 0.707106
vn 0.000000 1.000000 -0.000000
vn 0.000000 0.980785 -0.195092
vn 0.000000 0.980785 -0.195092
vn 0.000000 -0.923880 0.382682
vn 0.000000 -0.831469 0.555571
vn 0.000000 -0.831469 0.555571
vn 0.000000 0.980785 0.195091
vn 0.000000 1.000000 -0.000000
vn 0.000000 1.000000 -0.000000
vn -0.000000 -0.980785 0.195091
vn 0.000000 -0.923880 0.382682
vn 0.000000 -0.923880 0.382682
vn 0.000000 0.923880 0.382682
vn 0.000000 0.980785 0.195091
vn 0.000000 0.980785 0.195091
vn -0.000000 -0.980785 0.195091
vn -0.000001 -1.000000 0.000001
vn 0.000000 -0.980785 0.195091
vn 0.000000 0.831470 0.555570
vn 0.000000 0.923880 0.382682
vn 0.000000 0.923880 0.382682
vn -0.000001 -1.000000 0.000000
vn -0.000000 -0.980785 -0.195091
vn -0.000001 -1.000000 0.000001
vn 0.000000 0.707107 0.707106
vn 0.000000 0.831470 0.555570
vn 0.000000 0.831470 0.555570
vn 0.000000 -0.000001 -1.000000
vn 0.000000 -0.195091 -0.980785
vn 0.000000 -0.195091 -0.980785
vn 0.000000 -0.923879 -0.382684
vn -0.000000 -0.980785 -0.195091
vn 0.000000 -0.980785 -0.195091
vn 0.000000 0.555572 0.831469
vn 0.000000 0.707107 0.707106
vn 0.000000 0.707107 0.707106
vn 0.000000 -0.195091 -0.980785
vn 0.000000 -0.382683 -0.923880
vn 0.000000 -0.382683 -0.923880
vn 0.000000 -0.831469 -0.555571
vn 0.000000 -0.923879 -0.382684
vn 0.000000 -0.923879 -0.382684
vn 0.000000 0.382683 0.923880
vn 0.000000 0.555572 0.831469
vn 0.000000 0.555572 0.831469
vn 0.000000 0.195090 -0.980785
vn 0.000000 -0.000001 -1.000000
vn 0.000000 -0.000001 -1.000000
vn 0.000000 -0.707107 -0.707107
vn 0.000000 -0.831469 -0.555571
vn 0.000000 -0.831469 -0.555571
vn 0.000000 0.195090 0.980785
vn 0.000000 0.382683 0.923880
vn 0.000000 0.382683 0.923880
vn 0.000000 0.382682 -0.923880
vn 0.000000 0.195090 -0.980785
vn 0.000000 0.195090 -0.980785
vn 0.000000 -0.555570 -0.831469
vn 0.000000 -0.707107 -0.707107
vn 0.000000 -0.707107 -0.707107
vn 0.000000 0.195090 0.980785
vn 0.000000 0.000001 1.000000
vn 0.000000 0.195090 0.980785
vn 0.000000 0.555569 -0.831470
vn 0.000000 0.382682 -0.923880
vn 0.000000 0.382682 -0.923880
vn 0.000000 -0.382683 -0.923880
vn 0.000000 -0.555570 -0.831470
vn 0.000000 -0.555570 -0.831469
vn 0.000000 -0.195089 0.980785
vn 0.000000 0.000001 1.000000
vn 0.000000 0.000001 1.000000
vn 0.000000 0.707106 -0.707108
vn 0.000000 0.555569 -0.831470
vn 0.000000 0.555569 -0.831470
vn 0.000000 -0.382682 0.923880
vn 0.000000 -0.195090 0.980785
vn 0.000000 -0.195089 0.980785
vn 0.000000 0.831469 -0.555571
vn 0.000000 0.707106 -0.707108
vn 0.000000 0.707106 -0.707108
vn 0.997168 0.000000 0.075207
vn 0.997168 0.014672 0.073762
vn 0.997168 0.000000 0.075208
vn 0.997168 0.028781 0.069483
vn 0.997168 0.014672 0.073762
vn 0.997168 0.014672 0.073762
vn 0.997168 0.000000 0.075207
vn 0.997168 -0.014672 0.073762
vn 0.997168 -0.014672 0.073762
vn 0.997168 -0.028780 0.069482
vn 0.997168 -0.014672 0.073762
vn 0.997168 -0.028780 0.069483
vn 0.997168 -0.028780 0.069482
vn 0.997168 -0.041783 0.062532
vn 0.997168 -0.041783 0.062532
vn 0.997168 -0.053179 0.053180
vn 0.997168 -0.041783 0.062532
vn 0.997168 -0.053179 0.053180
vn 0.997168 -0.062532 0.041783
vn 0.997168 -0.053179 0.053180
vn 0.997168 -0.062532 0.041783
vn 0.997168 -0.062532 0.041783
vn 0.997168 -0.069482 0.028781
vn 0.997168 -0.069482 0.028781
vn 0.997168 -0.073762 0.014672
vn 0.997168 -0.069482 0.028781
vn 0.997168 -0.073762 0.014673
vn 0.997168 -0.075207 0.000000
vn 0.997168 -0.073762 0.014673
vn 0.997168 -0.075207 0.000000
vn 0.997168 -0.075207 0.000000
vn 0.997168 -0.073762 -0.014672
vn 0.997168 -0.073762 -0.014672
vn 0.997168 -0.073762 -0.014672
vn 0.997168 -0.069482 -0.028781
vn 0.997168 -0.069483 -0.028781
vn 0.997168 -0.062533 -0.041783
vn 0.997168 -0.069482 -0.028781
vn 0.997168 -0.062533 -0.041783
vn 0.997168 -0.062533 -0.041783
vn 0.997168 -0.053180 -0.053179
vn 0.997168 -0.053180 -0.053179
vn 0.997168 -0.041783 -0.062532
vn 0.997168 -0.053180 -0.053179
vn 0.997168 -0.041783 -0.062533
vn 0.997168 -0.028781 -0.069482
vn 0.997168 -0.041783 -0.062533
vn 0.997168 -0.028781 -0.069482
vn 0.997168 -0.028781 -0.069482
vn 0.997168 -0.014675 -0.073762
vn 0.997168 -0.014675 -0.073761
vn 0.997168 0.000000 -0.075208
vn 0.997168 -0.014675 -0.073762
vn 0.997168 0.000000 -0.075209
vn 0.997168 0.000000 -0.075208
vn 0.997168 0.014675 -0.073762
vn 0.997168 0.014675 -0.073762
vn 0.997168 0.028780 -0.069482
vn 0.997168 0.014675 -0.073762
vn 0.997168 0.028780 -0.069482
vn 0.997168 0.041783 -0.062533
vn 0.997168 0.028780 -0.069482
vn 0.997168 0.041783 -0.062532
vn 0.997168 0.041783 -0.062533
vn 0.997168 0.053179 -0.053180
vn 0.997168 0.053179 -0.053180
vn 0.997168 0.062532 -0.041783
vn 0.997168 0.053179 -0.053180
vn 0.997168 0.062532 -0.041783
vn 0.997168 0.062532 -0.041783
vn 0.997168 0.069482 -0.028781
vn 0.997168 0.069482 -0.028781
vn 0.997168 0.069482 -0.028781
vn 0.997168 0.073762 -0.014672
vn 0.997168 0.073762 -0.014672
vn 0.997168 0.075207 0.000000
vn 0.997168 0.073762 -0.014672
vn 0.997168 0.075207 0.000000
vn 0.997168 0.075207 0.000000
vn 0.997168 0.073762 0.014672
vn 0.997168 0.073762 0.014672
vn 0.997168 0.069482 0.028781
vn 0.997168 0.073762 0.014672
vn 0.997168 0.069482 0.028780
vn 0.997168 0.069482 0.028781
vn 0.997168 0.062532 0.041783
vn 0.997168 0.062533 0.041782
vn 0.997168 0.053179 0.053179
vn 0.997168 0.062532 0.041783
vn 0.997168 0.053180 0.053180
vn 0.997168 0.053179 0.053179
vn 0.997168 0.041783 0.062532
vn 0.997168 0.041783 0.062532
vn 0.997168 0.028781 0.069483
vn 0.997168 0.041783 0.062532
vn 0.997168 0.028781 0.069483
vn 0.820615 -0.527980 0.218697
vn 0.820615 -0.560500 0.111493
vn 0.820615 -0.527980 0.218698
vn 0.000000 -0.707107 -0.707106
vn 0.000000 -0.831470 -0.555570
vn 0.000000 -0.831470 -0.555570
vn 0.000000 0.000001 1.000000
vn 0.000000 0.195091 0.980785
vn 0.000000 0.195091 0.980785
vn 0.000000 0.923879 0.382684
vn -0.000000 0.980785 0.195090
vn 0.000000 0.980785 0.195091
vn 0.000000 -0.555571 -0.831469
vn 0.000000 -0.707107 -0.707107
vn 0.000000 -0.707107 -0.707106
vn 0.000000 0.195091 0.980785
vn 0.000000 0.382683 0.923880
vn 0.000000 0.382683 0.923880
vn 0.000000 0.831469 0.555570
vn 0.000000 0.923879 0.382684
vn 0.000000 0.923879 0.382684
vn 0.000000 -0.382683 -0.923880
vn 0.000000 -0.555571 -0.831469
vn 0.000000 -0.555571 -0.831469
vn 0.000000 -0.195091 0.980785
vn 0.000000 0.000001 1.000000
vn 0.000000 0.000001 1.000000
vn 0.000000 0.707107 0.707107
vn 0.000000 0.831469 0.555570
vn 0.000000 0.831469 0.555570
vn 0.000000 -0.195091 -0.980785
vn 0.000000 -0.382683 -0.923880
vn 0.000000 -0.382683 -0.923880
vn 0.000000 -0.382682 0.923880
vn 0.000000 -0.195090 0.980785
vn 0.000000 -0.195091 0.980785
vn 0.000000 0.555570 0.831470
vn 0.000000 0.707107 0.707107
vn 0.000000 0.707107 0.707107
vn 0.000000 -0.000001 -1.000000
vn 0.000000 -0.195091 -0.980785
vn 0.000000 -0.195091 -0.980785
vn 0.000000 -0.555569 0.831471
vn 0.000000 -0.382682 0.923880
vn 0.000000 -0.382682 0.923880
vn 0.000000 0.382683 0.923880
vn 0.000000 0.555570 0.831470
vn 0.000000 0.555570 0.831470
vn 0.000000 -0.000001 -1.000000
vn 0.000000 0.195090 -0.980785
vn 0.000000 -0.000001 -1.000000
vn 0.000000 -0.707106 0.707108
vn 0.000000 -0.555569 0.831471
vn 0.000000 -0.555569 0.831471
vn 0.000000 0.382682 -0.923880
vn 0.000000 0.195090 -0.980785
vn 0.000000 0.195090 -0.980785
vn 0.000000 -0.831469 0.555571
vn 0.000000 -0.707106 0.707108
vn 0.000000 -0.707106 0.707108
vn 0.000000 0.555571 -0.831469
vn 0.000000 0.382682 -0.923880
vn 0.000000 0.382682 -0.923880
vn 0.000000 -0.923879 0.382685
vn 0.000000 -0.831469 0.555571
vn 0.000000 -0.831469 0.555571
vn 0.000000 0.707107 -0.707107
vn 0.000000 0.555571 -0.831469
vn 0.000000 0.555571 -0.831469
vn 0.000000 -0.980785 0.195092
vn 0.000000 -0.923879 0.382685
vn 0.000000 -0.923879 0.382685
vn 0.000000 0.831469 -0.555571
vn 0.000000 0.707107 -0.707107
vn 0.000000 0.707107 -0.707107
vn 0.000000 -1.000000 0.000001
vn -0.000000 -0.980785 0.195092
vn 0.000000 -0.980785 0.195092
vn 0.000000 0.923880 -0.382682
vn 0.000000 0.831469 -0.555571
vn 0.000000 0.831469 -0.555571
vn 0.000000 -0.980785 -0.195091
vn -0.000000 -1.000000 0.000001
vn 0.000000 -1.000000 0.000001
vn 0.000000 0.980785 -0.195090
vn 0.000000 0.923880 -0.382682
vn 0.000000 0.923880 -0.382682
vn 0.000000 -0.923880 -0.382682
vn 0.000000 -0.980785 -0.195091
vn 0.000000 -0.980785 -0.195091
vn 0.000000 0.980785 -0.195090
vn -0.000000 1.000000 -0.000001
vn 0.000000 0.980785 -0.195090
vn 0.000000 -0.831470 -0.555570
vn 0.000000 -0.923880 -0.382682
vn 0.000000 -0.923880 -0.382682
vn 0.999062 -0.000013 -0.043296
vn 0.999061 -0.008444 -0.042501
vn 0.999062 0.000010 -0.043296
vn 0.999061 -0.008466 -0.042497
vn 0.999059 -0.016587 -0.040069
vn 0.999061 -0.008444 -0.042501
vn 0.999064 0.008428 -0.042432
vn 0.999062 0.000010 -0.043296
vn 0.999064 0.008450 -0.042428
vn 0.999065 0.016531 -0.039942
vn 0.999064 0.008450 -0.042428
vn 0.999065 0.016551 -0.039933
vn 0.999067 0.023989 -0.035923
vn 0.999065 0.016551 -0.039933
vn 0.999067 0.024006 -0.035912
vn 0.999068 0.030519 -0.030531
vn 0.999067 0.024006 -0.035912
vn 0.999068 0.030530 -0.030520
vn 0.999069 0.035871 -0.023977
vn 0.999068 0.030530 -0.030520
vn 0.999069 0.035878 -0.023966
vn 0.999070 0.039845 -0.016510
vn 0.999069 0.035878 -0.023966
vn 0.999070 0.039848 -0.016501
vn 0.999070 0.042291 -0.008415
vn 0.999070 0.039848 -0.016501
vn 0.999070 0.042291 -0.008410
vn 0.999070 0.043116 -0.000001
vn 0.999070 0.042291 -0.008410
vn 0.999070 0.043116 0.000000
vn 0.999070 0.043116 -0.000001
vn 0.999070 0.042291 0.008411
vn 0.999070 0.042291 0.008414
vn 0.999070 0.042291 0.008414
vn 0.999070 0.039848 0.016502
vn 0.999070 0.039845 0.016509
vn 0.999070 0.039845 0.016509
vn 0.999069 0.035878 0.023966
vn 0.999069 0.035871 0.023977
vn 0.999069 0.035871 0.023977
vn 0.999068 0.030530 0.030520
vn 0.999068 0.030519 0.030532
vn 0.999068 0.030519 0.030532
vn 0.999067 0.024006 0.035912
vn 0.999067 0.023991 0.035922
vn 0.999067 0.023991 0.035922
vn 0.999065 0.016552 0.039934
vn 0.999065 0.016533 0.039942
vn 0.999065 0.016533 0.039942
vn 0.999064 0.008447 0.042429
vn 0.999064 0.008424 0.042434
vn 0.999064 0.008424 0.042434
vn 0.999062 0.000010 0.043298
vn 0.999062 -0.000013 0.043299
vn 0.999062 -0.000013 0.043299
vn 0.999061 -0.008440 0.042503
vn 0.999061 -0.008461 0.042499
vn 0.999061 -0.008461 0.042499
vn 0.999059 -0.016587 0.040070
vn 0.999059 -0.016607 0.040061
vn 0.999059 -0.016607 0.040061
vn 0.999058 -0.024104 0.036089
vn 0.999058 -0.024120 0.036077
vn 0.999058 -0.024120 0.036077
vn 0.999057 -0.030702 0.030712
vn 0.999057 -0.030713 0.030701
vn 0.999057 -0.030713 0.030701
vn 0.999056 -0.036123 0.024144
vn 0.999056 -0.036130 0.024133
vn 0.999056 -0.036130 0.024133
vn 0.999055 -0.040155 0.016637
vn 0.999055 -0.040159 0.016629
vn 0.999055 -0.040159 0.016629
vn 0.999054 -0.042640 0.008483
vn 0.999055 -0.042641 0.008480
vn 0.999055 -0.042641 0.008480
vn 0.999054 -0.043479 -0.000000
vn 0.999054 -0.043479 0.000000
vn 0.999054 -0.042641 -0.008480
vn 0.999054 -0.043479 -0.000000
vn 0.999054 -0.042640 -0.008484
vn 0.999055 -0.040159 -0.016630
vn 0.999054 -0.042640 -0.008484
vn 0.999055 -0.040155 -0.016637
vn 0.999056 -0.036130 -0.024133
vn 0.999055 -0.040155 -0.016637
vn 0.999056 -0.036123 -0.024143
vn 0.999057 -0.030713 -0.030701
vn 0.999056 -0.036123 -0.024143
vn 0.999057 -0.030701 -0.030712
vn 0.999058 -0.024118 -0.036080
vn 0.999057 -0.030701 -0.030712
vn 0.999058 -0.024103 -0.036089
vn 0.999059 -0.016605 -0.040062
vn 0.999058 -0.024103 -0.036089
vn 0.999059 -0.016587 -0.040069
vn 1.000000 0.000000 -0.000000
vn 1.000000 0.000000 -0.000000
vn 1.000000 0.000001 0.000001
vn 0.820615 0.404098 -0.404098
vn 0.820616 0.475168 -0.317498
vn 0.820615 0.404098 -0.404098
vn 0.820616 -0.560500 0.111491
vn 0.820616 -0.571480 0.000000
vn 0.820615 -0.560500 0.111493
vn 0.820616 0.475169 -0.317498
vn 0.820616 0.527980 -0.218695
vn 0.820616 0.475168 -0.317498
vn 0.820616 -0.560500 -0.111491
vn 0.820616 -0.571480 0.000000
vn 0.820616 -0.571480 -0.000000
vn 0.820616 0.527980 -0.218694
vn 0.820616 0.560500 -0.111490
vn 0.820616 0.527980 -0.218695
vn 0.820615 -0.527980 -0.218696
vn 0.820616 -0.560499 -0.111491
vn 0.820616 -0.560500 -0.111491
vn 0.820616 0.560500 -0.111490
vn 0.820616 0.571480 -0.000001
vn 0.820616 0.560500 -0.111490
vn 0.820615 -0.527980 -0.218696
vn 0.820616 -0.475169 -0.317498
vn 0.820616 -0.527980 -0.218695
vn 0.820616 0.560500 0.111490
vn 0.820616 0.571480 -0.000001
vn 0.820616 0.571480 -0.000001
vn 0.820615 -0.404098 -0.404098
vn 0.820616 -0.475169 -0.317498
vn 0.820616 -0.475169 -0.317497
vn 0.820615 0.111491 0.560501
vn 0.820616 0.000001 0.571480
vn 0.820615 0.111491 0.560501
vn 0.820615 0.527980 0.218697
vn 0.820616 0.560499 0.111491
vn 0.820616 0.560500 0.111490
vn 0.820615 -0.404098 -0.404098
vn 0.820615 -0.317498 -0.475169
vn 0.820615 -0.404098 -0.404098
vn 0.820615 0.111491 0.560501
vn 0.820615 0.218695 0.527980
vn 0.820615 0.218697 0.527980
vn 0.820615 0.475170 0.317498
vn 0.820616 0.527979 0.218697
vn 0.820615 0.527980 0.218697
vn 0.820615 -0.317498 -0.475169
vn 0.820615 -0.218695 -0.527980
vn 0.820615 -0.317498 -0.475169
vn 0.820616 -0.000000 0.571480
vn 0.820616 -0.111491 0.560499
vn 0.820616 0.000001 0.571480
vn 0.820615 0.404099 0.404098
vn 0.820615 0.475170 0.317499
vn 0.820615 0.475170 0.317498
vn 0.820615 -0.111495 -0.560500
vn 0.820615 -0.218695 -0.527980
vn 0.820616 -0.218695 -0.527980
vn 0.820615 -0.218696 0.527980
vn 0.820616 -0.111491 0.560499
vn 0.820616 -0.111490 0.560499
vn 0.820615 0.317499 0.475169
vn 0.820615 0.404099 0.404099
vn 0.820615 0.404099 0.404098
vn 0.820616 -0.000000 -0.571481
vn 0.820615 -0.111493 -0.560500
vn 0.820615 -0.111495 -0.560500
vn 0.820615 -0.218696 0.527980
vn 0.820615 -0.317497 0.475170
vn 0.820615 -0.218695 0.527980
vn 0.820615 0.218697 0.527980
vn 0.820615 0.317498 0.475170
vn 0.820615 0.317499 0.475169
vn 0.820616 -0.000000 -0.571481
vn 0.820615 0.111493 -0.560500
vn 0.820616 -0.000000 -0.571480
vn 0.820615 -0.317498 0.475170
vn 0.820615 -0.404098 0.404099
vn 0.820615 -0.317497 0.475170
vn 0.820615 0.111495 -0.560500
vn 0.820615 0.218694 -0.527981
vn 0.820615 0.111493 -0.560500
vn 0.820615 -0.404098 0.404099
vn 0.820615 -0.475169 0.317498
vn 0.820615 -0.404098 0.404099
vn 0.820616 0.218695 -0.527980
vn 0.820616 0.317497 -0.475169
vn 0.820615 0.218694 -0.527981
vn 0.820615 -0.527980 0.218697
vn 0.820615 -0.475169 0.317498
vn 0.820615 -0.475169 0.317498
vn 0.820615 0.404098 -0.404098
vn 0.820616 0.317497 -0.475169
vn 0.820616 0.317497 -0.475169
vn 0.999800 -0.011125 -0.016653
vn 0.994647 -0.039544 -0.095465
vn 0.999799 -0.007664 -0.018508
vn 0.999800 -0.014156 -0.014159
vn 0.994647 -0.057407 -0.085914
vn 0.999800 -0.011125 -0.016653
vn 0.999800 -0.016643 -0.011122
vn 0.994648 -0.073063 -0.073062
vn 0.999800 -0.014156 -0.014159
vn 0.999800 -0.018491 -0.007660
vn 0.994648 -0.085911 -0.057404
vn 0.999800 -0.016643 -0.011122
vn 0.999800 -0.019628 -0.003905
vn 0.994648 -0.095458 -0.039540
vn 0.999800 -0.018491 -0.007660
vn 0.999800 -0.020012 0.000000
vn 0.994648 -0.101337 -0.020157
vn 0.999800 -0.019628 -0.003905
vn 0.999800 -0.020012 0.000000
vn 0.994648 -0.101337 0.020157
vn 0.994648 -0.103322 0.000000
vn 0.999800 -0.019628 0.003905
vn 0.994648 -0.095458 0.039540
vn 0.994648 -0.101337 0.020157
vn 0.999800 -0.018491 0.007660
vn 0.994648 -0.085912 0.057404
vn 0.994648 -0.095458 0.039540
vn 0.999800 -0.016643 0.011122
vn 0.994648 -0.073063 0.073062
vn 0.994648 -0.085912 0.057404
vn 0.999800 -0.014156 0.014159
vn 0.994647 -0.057407 0.085914
vn 0.994648 -0.073063 0.073062
vn 0.999799 -0.011125 0.016653
vn 0.994647 -0.039544 0.095466
vn 0.994647 -0.057407 0.085914
vn 0.999799 -0.007664 0.018508
vn 0.994647 -0.020159 0.101349
vn 0.994647 -0.039544 0.095466
vn 0.999799 -0.003905 0.019654
vn 0.994646 -0.000001 0.103337
vn 0.994647 -0.020159 0.101349
vn 0.999799 0.000003 0.020045
vn 0.994646 0.020159 0.101355
vn 0.994646 -0.000001 0.103337
vn 0.999799 0.003912 0.019666
vn 0.994646 0.039547 0.095477
vn 0.994646 0.020159 0.101355
vn 0.999799 0.007678 0.018530
vn 0.994645 0.057415 0.085930
vn 0.994646 0.039547 0.095477
vn 0.999799 0.011148 0.016681
vn 0.994645 0.073078 0.073079
vn 0.994645 0.057415 0.085930
vn 0.999799 0.014192 0.014189
vn 0.994645 0.085932 0.057419
vn 0.994645 0.073078 0.073079
vn 0.999799 0.016691 0.011151
vn 0.994645 0.095484 0.039551
vn 0.994645 0.085932 0.057419
vn 0.999799 0.018548 0.007682
vn 0.994645 0.101367 0.020163
vn 0.994645 0.095484 0.039551
vn 0.999799 0.019692 0.003916
vn 0.994645 0.103353 0.000000
vn 0.994645 0.101367 0.020163
vn 0.999799 0.019692 -0.003916
vn 0.994645 0.103353 0.000000
vn 0.999798 0.020078 0.000000
vn 0.999799 0.018548 -0.007682
vn 0.994645 0.101367 -0.020164
vn 0.999799 0.019692 -0.003916
vn 0.999799 0.016691 -0.011151
vn 0.994645 0.095484 -0.039551
vn 0.999799 0.018548 -0.007682
vn 0.999799 0.014192 -0.014189
vn 0.994645 0.085932 -0.057419
vn 0.999799 0.016691 -0.011151
vn 0.999799 0.011148 -0.016681
vn 0.994645 0.073078 -0.073079
vn 0.999799 0.014192 -0.014189
vn 0.999799 0.007678 -0.018530
vn 0.994645 0.057415 -0.085929
vn 0.999799 0.011148 -0.016681
vn 0.999799 0.003914 -0.019666
vn 0.994646 0.039547 -0.095477
vn 0.999799 0.007678 -0.018530
vn 0.999799 0.000002 -0.020045
vn 0.994646 0.020160 -0.101355
vn 0.999799 0.003914 -0.019666
vn 0.999799 -0.007664 -0.018508
vn 0.994647 -0.020160 -0.101348
vn 0.999799 -0.003907 -0.019654
vn 0.999799 -0.003907 -0.019654
vn 0.994646 -0.000001 -0.103337
vn 0.999799 0.000002 -0.020045
vn 0.981607 -0.158739 0.106066
vn 0.978817 -0.158264 0.129884
vn 0.979014 -0.169447 0.113221
vn 0.979014 -0.188280 0.077988
vn 0.981607 -0.158739 0.106066
vn 0.979014 -0.169447 0.113221
vn 0.981607 -0.187245 0.037245
vn 0.979014 -0.188280 0.077988
vn 0.979014 -0.199877 0.039758
vn 0.981607 -0.190914 0.000000
vn 0.979014 -0.199877 0.039758
vn 0.979014 -0.203792 0.000000
vn 0.981607 -0.190914 0.000000
vn 0.979014 -0.199877 -0.039758
vn 0.981607 -0.187245 -0.037245
vn 0.979014 -0.188279 -0.077988
vn 0.981607 -0.187245 -0.037245
vn 0.979014 -0.199877 -0.039758
vn 0.981607 -0.176381 -0.073060
vn 0.979014 -0.169447 -0.113221
vn 0.981607 -0.158739 -0.106066
vn 0.982476 -0.136824 -0.126571
vn 0.979014 -0.169447 -0.113221
vn 0.978817 -0.158264 -0.129884
vn 0.000000 -1.000000 0.000000
vn 0.000000 -1.000000 0.000000
vn 0.000000 -1.000000 0.000000
vn 1.000000 0.000000 0.000000
vn 1.000000 0.000000 0.000000
vn 1.000000 0.000000 0.000000
vn 0.498643 0.866807 0.000000
vn 0.498643 0.866807 0.000000
vn 0.498643 0.866807 0.000000
vn 0.999448 0.000000 -0.033223
vn 0.999448 0.000000 -0.033223
vn 0.999448 0.000000 -0.033223
vn 0.000000 -1.000000 0.000000
vn 0.000000 -1.000000 0.000000
vn 0.000000 -1.000000 0.000000
vn 0.000000 1.000000 0.000000
vn 0.000000 1.000000 0.000000
vn 0.000000 1.000000 0.000000
vn -0.004128 0.995141 -0.098371
vn -0.004128 0.995141 -0.098371
vn -0.004128 0.995141 -0.098371
vn -0.004367 -0.994562 -0.104059
vn -0.004367 -0.994562 -0.104059
vn -0.004367 -0.994562 -0.104059
vn 0.999604 0.000000 -0.028147
vn 0.999604 0.000000 -0.028147
vn 0.999604 0.000000 -0.028147
vn 0.999448 0.000000 0.033223
vn 0.999448 0.000000 0.033223
vn 0.999448 0.000000 0.033223
vn 0.000000 1.000000 0.000000
vn 0.000000 1.000000 0.000000
vn 0.000000 1.000000 0.000000
vn 0.000000 -1.000000 0.000000
vn 0.000000 -1.000000 0.000000
vn 0.000000 -1.000000 0.000000
vn -0.004128 -0.995141 0.098371
vn -0.004128 -0.995141 0.098371
vn -0.004128 -0.995141 0.098371
vn -0.004367 0.994562 0.104059
vn -0.004367 0.994562 0.104059
vn -0.004367 0.994562 0.104059
vn 0.999604 0.000000 0.028146
vn 0.999604 0.000000 0.028146
vn 0.999604 0.000000 0.028146
vn 0.999448 0.033223 0.000000
vn 0.999448 0.033223 0.000000
vn 0.999448 0.033223 0.000000
vn 0.000000 0.000000 -1.000000
vn 0.000000 0.000000 -1.000000
vn 0.000000 0.000000 -1.000000
vn 0.000000 0.000000 1.000000
vn 0.000000 0.000000 1.000000
vn 0.000000 0.000000 1.000000
vn -0.004128 0.098371 0.995141
vn -0.004128 0.098371 0.995141
vn -0.004128 0.098371 0.995141
vn -0.004367 0.104059 -0.994562
vn -0.004367 0.104059 -0.994562
vn -0.004367 0.104059 -0.994562
vn 0.999604 0.028146 0.000000
vn 0.999604 0.028146 0.000000
vn 0.999604 0.028146 0.000000
vn 0.997355 -0.072683 0.000000
vn 0.997355 -0.072683 0.000000
vn 0.997355 -0.072683 0.000000
vn 0.000000 -0.000000 1.000000
vn 0.000000 -0.000000 1.000000
vn 0.000000 -0.000000 1.000000
vn 0.000000 0.000000 -1.000000
vn 0.000000 0.000000 -1.000000
vn 0.000000 0.000000 -1.000000
vn -0.004128 -0.098370 -0.995141
vn -0.004128 -0.098370 -0.995141
vn -0.004128 -0.098370 -0.995141
vn -0.004366 -0.104059 0.994562
vn -0.004366 -0.104059 0.994562
vn -0.004366 -0.104059 0.994562
vn 0.999604 -0.028146 0.000000
vn 0.999604 -0.028146 0.000000
vn 0.999604 -0.028146 0.000000
vn 0.999448 0.023492 -0.023493
vn 0.999448 0.023492 -0.023493
vn 0.999448 0.023492 -0.023493
vn 0.000001 -0.707107 -0.707107
vn 0.000001 -0.707107 -0.707107
vn 0.000001 -0.707107 -0.707107
vn 0.000000 0.707107 0.707107
vn 0.000000 0.707107 0.707107
vn 0.000000 0.707107 0.707107
vn -0.004128 0.773230 0.634112
vn -0.004128 0.773230 0.634112
vn -0.004128 0.773230 0.634112
vn -0.004366 -0.629680 -0.776842
vn -0.004366 -0.629680 -0.776842
vn -0.004366 -0.629680 -0.776842
vn 0.999604 0.019902 -0.019903
vn 0.999604 0.019902 -0.019903
vn 0.999604 0.019902 -0.019903
vn 0.999448 -0.023492 0.023493
vn 0.999448 -0.023492 0.023493
vn 0.999448 -0.023492 0.023493
vn 0.000001 0.707107 0.707107
vn 0.000001 0.707107 0.707107
vn 0.000001 0.707107 0.707107
vn 0.000000 -0.707107 -0.707107
vn 0.000000 -0.707107 -0.707107
vn 0.000000 -0.707107 -0.707107
vn -0.004129 -0.773230 -0.634112
vn -0.004129 -0.773230 -0.634112
vn -0.004129 -0.773230 -0.634112
vn -0.004368 0.629681 0.776842
vn -0.004368 0.629681 0.776842
vn -0.004368 0.629681 0.776842
vn 0.999604 -0.019902 0.019903
vn 0.999604 -0.019902 0.019903
vn 0.999604 -0.019902 0.019903
vn 0.999448 0.023492 0.023493
vn 0.999448 0.023492 0.023493
vn 0.999448 0.023492 0.023493
vn 0.000001 0.707107 -0.707107
vn 0.000001 0.707107 -0.707107
vn 0.000001 0.707107 -0.707107
vn 0.000001 -0.707107 0.707107
vn 0.000001 -0.707107 0.707107
vn 0.000001 -0.707107 0.707107
vn -0.004126 -0.634112 0.773230
vn -0.004126 -0.634112 0.773230
vn -0.004126 -0.634112 0.773230
vn -0.004366 0.776842 -0.629681
vn -0.004366 0.776842 -0.629681
vn -0.004366 0.776842 -0.629681
vn 0.999604 0.019903 0.019902
vn 0.999604 0.019903 0.019902
vn 0.999604 0.019903 0.019902
vn 0.999448 -0.023492 -0.023492
vn 0.999448 -0.023492 -0.023492
vn 0.999448 -0.023492 -0.023492
vn -0.000002 -0.707107 0.707106
vn -0.000002 -0.707107 0.707106
vn -0.000002 -0.707107 0.707106
vn -0.000001 0.707107 -0.707107
vn -0.000001 0.707107 -0.707107
vn -0.000001 0.707107 -0.707107
vn -0.004128 0.634114 -0.773229
vn -0.004128 0.634114 -0.773229
vn -0.004128 0.634114 -0.773229
vn -0.004367 -0.776842 0.629680
vn -0.004367 -0.776842 0.629680
vn -0.004367 -0.776842 0.629680
vn 0.999604 -0.019902 -0.019902
vn 0.999604 -0.019902 -0.019902
vn 0.999604 -0.019902 -0.019902
vn 0.000000 0.000000 -1.000000
vn 0.000000 0.000000 -1.000000
vn 0.000000 0.000000 -1.000000
vn 0.000000 0.000000 -1.000000
vn 0.000000 0.000000 -1.000000
vn 0.000000 0.000000 -1.000000
vn 0.000000 0.000000 1.000000
vn 0.000000 0.000000 1.000000
vn 0.000000 0.000000 1.000000
vn 0.000000 -1.000000 0.000000
vn 0.000000 -1.000000 0.000000
vn 0.000000 -1.000000 0.000000
vn 0.000000 1.000000 0.000000
vn 0.000000 1.000000 0.000000
vn 0.000000 1.000000 0.000000
vn 1.000000 0.000000 0.000000
vn 1.000000 0.000000 -0.000002
vn 1.000000 0.000000 -0.000001
vn 1.000000 0.000000 0.000000
vn 1.000000 0.000000 0.000000
vn 1.000000 0.000000 0.000000
vn 1.000000 0.000000 0.000000
vn 1.000000 0.000000 -0.000002
vn 1.000000 0.000000 0.000000
vn 1.000000 0.000000 0.000000
vn 1.000000 0.000000 0.000000
vn 1.000000 0.000000 0.000000
vn 0.000000 1.000000 0.000000
vn 0.000000 1.000000 0.000000
vn 0.000000 1.000000 0.000000
vn 0.000000 -1.000000 0.000000
vn 0.000000 -1.000000 0.000000
vn 0.000000 -1.000000 0.000000
vn 0.000000 0.000000 1.000000
vn 0.000000 0.000000 1.000000
vn 0.000000 0.000000 1.000000
vn 0.000001 1.000000 0.000000
vn 0.866029 0.499995 0.000000
vn 0.000001 1.000000 0.000000
vn 0.866029 0.499994 0.000000
vn 0.866029 -0.499995 0.000000
vn 0.866029 0.499995 0.000000
vn 0.866029 -0.499994 0.000000
vn 0.000001 -1.000000 0.000000
vn 0.866029 -0.499995 0.000000
vn 0.000001 -1.000000 0.000000
vn -0.866028 -0.499995 0.000000
vn 0.000001 -1.000000 0.000000
vn -0.866028 -0.499995 0.000000
vn -0.866028 0.499995 0.000000
vn -0.866028 -0.499995 0.000000
vn -0.866028 0.499995 0.000000
vn 0.000001 1.000000 0.000000
vn -0.866028 0.499995 0.000000
vn 0.866029 0.499994 0.000000
vn 0.866028 -0.499995 0.000000
vn 0.866028 -0.499995 0.000000
vn 0.000000 0.000000 1.000000
vn 0.000000 0.000000 1.000000
vn 0.000000 0.000000 1.000000
vn 0.000000 0.000000 1.000000
vn 0.000000 0.000000 1.000000
vn 0.000000 0.000000 1.000000
vn 0.000000 0.000000 1.000000
vn 0.000000 0.000000 1.000000
vn 0.000000 0.000000 1.000000
vn 0.000000 0.000000 1.000000
vn 0.000000 0.000000 1.000000
vn 0.000000 0.000000 1.000000
vn 0.000000 0.000000 1.000000
vn 0.000000 0.000000 1.000000
vn 0.000000 0.000000 1.000000
vn 0.000000 0.000000 1.000000
vn 0.000000 0.000000 1.000000
vn 0.000000 0.000000 1.000000
vn -0.866029 -0.499994 0.000000
vn -0.866028 0.499995 0.000000
vn -0.866028 0.499995 0.000000
vn 0.866028 -0.499995 0.000000
vn -0.000001 -1.000000 0.000000
vn -0.000001 -1.000000 0.000000
vn 0.000001 1.000000 0.000000
vn 0.866029 0.499994 0.000000
vn 0.866029 0.499994 0.000000
vn -0.866028 0.499995 0.000000
vn 0.000001 1.000000 0.000000
vn 0.000001 1.000000 0.000000
vn -0.000001 -1.000000 0.000000
vn -0.866029 -0.499994 0.000000
vn -0.866029 -0.499994 0.000000
vn 0.000000 0.000000 -1.000000
vn 0.000000 -0.000000 -1.000000
vn 0.000000 -0.000000 -1.000000
vn 0.000008 1.000000 0.000000
vn 0.866022 0.500006 0.000000
vn -0.000005 1.000000 0.000000
vn 0.866025 0.500001 0.000000
vn 0.866022 -0.500007 0.000000
vn 0.866022 0.500006 0.000000
vn 0.866025 -0.500001 0.000000
vn -0.000005 -1.000000 0.000000
vn 0.866022 -0.500007 0.000000
vn 0.000008 -1.000000 0.000000
vn -0.866024 -0.500002 0.000000
vn -0.000005 -1.000000 0.000000
vn -0.866021 -0.500008 0.000000
vn -0.866024 0.500002 0.000000
vn -0.866024 -0.500002 0.000000
vn -0.866021 0.500008 0.000000
vn -0.000005 1.000000 0.000000
vn -0.866024 0.500002 0.000000
vn 0.866018 0.500013 0.000000
vn 0.866014 -0.500020 0.000000
vn 0.866018 -0.500014 0.000000
vn 0.000000 0.000000 1.000000
vn 0.000000 0.000000 1.000000
vn 0.000000 0.000000 1.000000
vn 0.000000 0.000000 1.000000
vn 0.000000 0.000000 1.000000
vn 0.000000 0.000000 1.000000
vn 0.000000 0.000000 1.000000
vn 0.000000 0.000000 1.000000
vn 0.000000 0.000000 1.000000
vn 0.000000 0.000000 1.000000
vn 0.000000 0.000000 1.000000
vn 0.000000 0.000000 1.000000
vn 0.000000 0.000000 1.000000
vn 0.000000 0.000000 1.000000
vn 0.000000 0.000000 1.000000
vn 0.000000 0.000000 1.000000
vn 0.000000 0.000000 1.000000
vn 0.000000 0.000000 1.000000
vn -0.866014 -0.500020 0.000000
vn -0.866018 0.500013 0.000000
vn -0.866015 0.500019 0.000000
vn 0.866018 -0.500014 0.000000
vn -0.000007 -1.000000 0.000000
vn 0.000007 -1.000000 0.000000
vn 0.000007 1.000000 0.000000
vn 0.866015 0.500019 0.000000
vn 0.866018 0.500013 0.000000
vn -0.866015 0.500019 0.000000
vn -0.000007 1.000000 0.000000
vn 0.000007 1.000000 0.000000
vn 0.000007 -1.000000 0.000000
vn -0.866018 -0.500014 0.000000
vn -0.866014 -0.500020 0.000000
vn 0.000000 0.000000 -1.000000
vn 0.000000 0.000000 -1.000000
vn 0.000000 0.000000 -1.000000
vn 0.000000 0.000000 -1.000000
vn 0.000000 0.000000 -1.000000
vn 0.000000 0.000000 -1.000000
vn 1.000000 0.000000 0.000000
vn 1.000000 0.000000 0.000000
vn 1.000000 0.000000 0.000000
vn 0.000000 0.000000 1.000000
vn 0.000000 0.000000 1.000000
vn 0.000000 0.000000 1.000000
vn 0.000000 0.000000 1.000000
vn 0.000000 0.000000 1.000000
vn 0.000000 0.000000 1.000000
vn 1.000000 0.000000 0.000000
vn 1.000000 0.000000 0.000000
vn 1.000000 0.000000 0.000000
vn 0.000000 0.000000 -1.000000
vn 0.000000 0.000000 -1.000000
vn 0.000000 0.000000 -1.000000
vn 0.785128 0.237008 -0.572190
vn 0.785129 0.237009 -0.572189
vn 0.785129 0.237009 -0.572189
vn 1.000000 0.000000 0.000000
vn 1.000000 0.000000 0.000000
vn 1.000000 0.000000 0.000000
vn 0.785128 -0.237008 0.572190
vn 0.785127 -0.237008 0.572191
vn 0.785127 -0.237008 0.572191
vn 0.631081 -0.716669 -0.296853
vn 0.631081 -0.644985 -0.430965
vn 0.631081 -0.644985 -0.430965
vn 1.000000 0.000000 -0.000000
vn 1.000000 0.000000 -0.000000
vn 1.000000 0.000000 -0.000000
vn 1.000000 0.000000 0.000000
vn 1.000000 0.000000 0.000000
vn 1.000000 0.000000 -0.000000
vn 1.000000 0.000000 0.000000
vn 1.000000 0.000000 0.000000
vn 1.000000 0.000000 0.000000
vn 1.000000 0.000000 -0.000000
vn 1.000000 0.000000 0.000000
vn 1.000000 0.000000 0.000000
vn 1.000000 0.000000 0.000000
vn 1.000000 0.000000 0.000000
vn 1.000000 0.000000 0.000000
vn 1.000000 0.000000 -0.000000
vn 1.000000 0.000000 -0.000000
vn 1.000000 0.000000 0.000000
vn 1.000000 0.000000 0.000000
vn 1.000000 0.000000 0.000000
vn 1.000000 0.000000 -0.000000
vn 1.000000 0.000000 0.000000
vn 1.000000 0.000000 0.000000
vn 1.000000 0.000000 0.000000
vn 1.000000 0.000000 0.000000
vn 1.000000 0.000000 0.000000
vn 1.000000 0.000000 0.000000
vn 1.000000 0.000000 -0.000000
vn 1.000000 0.000000 -0.000000
vn 1.000000 0.000000 0.000000
vn 1.000000 0.000000 -0.000000
vn 1.000000 0.000000 0.000000
vn 1.000000 0.000000 0.000000
vn 1.000000 0.000000 0.000000
vn 1.000000 0.000000 -0.000000
vn 1.000000 0.000000 -0.000000
vn 1.000000 0.000000 0.000000
vn 1.000000 0.000000 0.000000
vn 1.000000 0.000000 -0.000000
vn 1.000000 0.000000 0.000000
vn 1.000000 0.000000 0.000000
vn 1.000000 0.000000 0.000000
vn 1.000000 0.000000 0.000000
vn 1.000000 0.000000 0.000000
vn 1.000000 0.000000 0.000000
vn 1.000000 0.000000 0.000000
vn 1.000000 -0.000000 0.000000
vn 1.000000 -0.000000 0.000000
vn 1.000000 0.000000 0.000000
vn 1.000000 0.000000 0.000000
vn 1.000000 -0.000000 0.000000
vn 1.000000 0.000000 -0.000000
vn 1.000000 0.000000 -0.000000
vn 1.000000 0.000000 0.000000
vn 1.000000 0.000000 0.000000
vn 1.000000 0.000000 0.000000
vn 1.000000 0.000000 -0.000000
vn 1.000000 0.000000 0.000000
vn 1.000000 0.000000 -0.000000
vn 1.000000 0.000000 -0.000000
vn 1.000000 0.000000 0.000000
vn 1.000000 0.000000 0.000000
vn 1.000000 0.000000 -0.000000
vn 1.000000 0.000000 0.000000
vn 1.000000 0.000000 -0.000000
vn 1.000000 0.000000 -0.000000
vn 1.000000 0.000000 -0.000000
vn 1.000000 0.000000 0.000000
vn 1.000000 0.000000 -0.000000
vn 1.000000 0.000000 0.000000
vn 1.000000 0.000000 -0.000000
vn 1.000000 0.000000 -0.000000
vn 0.000000 -0.555571 0.831469
vn 0.000000 -0.555571 0.831469
vn 0.000000 -0.382683 0.923880
vn 0.631082 -0.548515 -0.548514
vn 0.631082 -0.548514 -0.548514
vn 0.631081 -0.644985 -0.430965
vn 0.631081 0.151335 0.760812
vn 0.631081 0.000001 0.775717
vn 0.631081 0.000001 0.775717
vn 0.631082 -0.548515 -0.548514
vn 0.631081 -0.430966 -0.644985
vn 0.631081 -0.430965 -0.644985
vn 0.631081 0.151335 0.760812
vn 0.631081 0.151335 0.760812
vn 0.631081 0.296854 0.716669
vn 0.631081 -0.296854 -0.716669
vn 0.631081 -0.296854 -0.716668
vn 0.631081 -0.430965 -0.644985
vn 0.631081 0.000001 0.775717
vn 0.631081 -0.151334 0.760812
vn 0.631081 -0.151334 0.760812
vn 0.631081 -0.296854 -0.716669
vn 0.631081 -0.151335 -0.760811
vn 0.631081 -0.151335 -0.760811
vn 0.631081 -0.296853 0.716669
vn 0.631081 -0.296853 0.716669
vn 0.631081 -0.151334 0.760812
vn 0.629247 0.493054 0.600788
vn 0.631081 0.430965 0.644985
vn 0.631081 0.430965 0.644985
vn 0.631081 -0.000000 -0.775717
vn 0.631081 0.000000 -0.775717
vn 0.631081 -0.151335 -0.760811
vn 0.631081 -0.430964 0.644986
vn 0.631081 -0.430964 0.644986
vn 0.631081 -0.296853 0.716669
vn 0.631081 0.296854 0.716669
vn 0.631081 0.296854 0.716669
vn 0.631081 0.430965 0.644985
vn 0.631081 -0.000000 -0.775717
vn 0.631082 0.151335 -0.760811
vn 0.631082 0.151335 -0.760811
vn 0.631081 -0.430964 0.644986
vn 0.631081 -0.548514 0.548515
vn 0.631081 -0.548514 0.548515
vn 0.631082 0.151335 -0.760811
vn 0.631081 0.296853 -0.716669
vn 0.631082 0.296853 -0.716669
vn 0.631081 -0.548514 0.548515
vn 0.631081 -0.644984 0.430966
vn 0.631082 -0.644984 0.430966
vn 0.631081 0.296853 -0.716669
vn 0.631081 0.430965 -0.644985
vn 0.631081 0.430965 -0.644985
vn 0.631082 -0.716668 0.296854
vn 0.631083 -0.716667 0.296854
vn 0.631082 -0.644984 0.430966
vn 0.629248 0.493054 -0.600788
vn 0.629248 0.493054 -0.600788
vn 0.631081 0.430965 -0.644985
vn 0.631082 -0.716668 0.296854
vn 0.631081 -0.760811 0.151336
vn 0.631081 -0.760811 0.151336
vn 0.631081 -0.760811 0.151336
vn 0.631082 -0.775716 0.000001
vn 0.631082 -0.775717 0.000001
vn 0.631081 -0.760812 -0.151335
vn 0.631081 -0.760812 -0.151335
vn 0.631082 -0.775717 0.000001
vn 0.631081 -0.716669 -0.296853
vn 0.631081 -0.716669 -0.296853
vn 0.631081 -0.760812 -0.151335
vn 0.994647 -0.020160 -0.101348
vn 0.984334 -0.034397 -0.172924
vn 0.984334 -0.000000 -0.176312
vn 0.994647 -0.020160 -0.101348
vn 0.994647 -0.039544 -0.095465
vn 0.984334 -0.067472 -0.162891
vn 0.994646 -0.000001 -0.103337
vn 0.984334 -0.000000 -0.176312
vn 0.984334 0.034397 -0.172924
vn 0.994646 0.039547 -0.095477
vn 0.994646 0.020160 -0.101355
vn 0.984334 0.034397 -0.172924
vn 0.994645 0.057415 -0.085929
vn 0.994646 0.039547 -0.095477
vn 0.984334 0.067472 -0.162891
vn 0.994645 0.057415 -0.085929
vn 0.984334 0.097953 -0.146598
vn 0.984334 0.124671 -0.124671
vn 0.994645 0.073078 -0.073079
vn 0.984334 0.124671 -0.124671
vn 0.984335 0.146598 -0.097954
vn 0.994645 0.085932 -0.057419
vn 0.984335 0.146598 -0.097954
vn 0.984334 0.162891 -0.067472
vn 0.994645 0.095484 -0.039551
vn 0.984334 0.162891 -0.067472
vn 0.984334 0.172924 -0.034397
vn 0.994645 0.101367 -0.020164
vn 0.984334 0.172924 -0.034397
vn 0.984334 0.176312 -0.000000
vn 0.994645 0.103353 0.000000
vn 0.984334 0.176312 -0.000000
vn 0.984334 0.172924 0.034397
vn 0.994645 0.095484 0.039551
vn 0.994645 0.101367 0.020163
vn 0.984334 0.172924 0.034397
vn 0.994645 0.085932 0.057419
vn 0.994645 0.095484 0.039551
vn 0.984334 0.162891 0.067472
vn 0.994645 0.085932 0.057419
vn 0.984334 0.146598 0.097954
vn 0.984334 0.124671 0.124671
vn 0.994645 0.057415 0.085930
vn 0.994645 0.073078 0.073079
vn 0.984334 0.124671 0.124671
vn 0.994645 0.057415 0.085930
vn 0.984334 0.097954 0.146598
vn 0.984334 0.067472 0.162891
vn 0.994646 0.020159 0.101355
vn 0.994646 0.039547 0.095477
vn 0.984334 0.067472 0.162891
vn 0.994646 -0.000001 0.103337
vn 0.994646 0.020159 0.101355
vn 0.984335 0.034396 0.172924
vn 0.994646 -0.000001 0.103337
vn 0.984335 0.000000 0.176311
vn 0.984335 -0.034396 0.172924
vn 0.994647 -0.020159 0.101349
vn 0.984335 -0.034396 0.172924
vn 0.984334 -0.067472 0.162891
vn 0.994647 -0.039544 0.095466
vn 0.984334 -0.067472 0.162891
vn 0.984334 -0.097954 0.146598
vn 0.994647 -0.057407 0.085914
vn 0.984334 -0.097954 0.146598
vn 0.982476 -0.136824 0.126572
vn 0.994648 -0.085912 0.057404
vn 0.994648 -0.073063 0.073062
vn 0.982476 -0.136824 0.126572
vn 0.994648 -0.085912 0.057404
vn 0.981607 -0.158739 0.106066
vn 0.981607 -0.176381 0.073059
vn 0.994648 -0.095458 0.039540
vn 0.981607 -0.176381 0.073059
vn 0.981607 -0.187245 0.037245
vn 0.994648 -0.101337 0.020157
vn 0.981607 -0.187245 0.037245
vn 0.981607 -0.190914 0.000000
vn 0.994648 -0.101337 -0.020157
vn 0.994648 -0.103322 0.000000
vn 0.981607 -0.190914 0.000000
vn 0.994648 -0.095458 -0.039540
vn 0.994648 -0.101337 -0.020157
vn 0.981607 -0.187245 -0.037245
vn 0.994648 -0.085911 -0.057404
vn 0.994648 -0.095458 -0.039540
vn 0.981607 -0.176381 -0.073060
vn 0.994648 -0.073063 -0.073062
vn 0.994648 -0.085911 -0.057404
vn 0.981607 -0.158739 -0.106066
vn 0.994647 -0.057407 -0.085914
vn 0.994648 -0.073063 -0.073062
vn 0.982476 -0.136824 -0.126571
vn 0.994647 -0.039544 -0.095465
vn 0.994647 -0.057407 -0.085914
vn 0.984335 -0.097954 -0.146598
vn 0.000000 1.000000 -0.000001
vn 0.000000 0.980785 0.195091
vn -0.000000 0.980785 0.195090
vn 0.000000 0.923879 -0.382685
vn 0.000000 0.923879 -0.382685
vn 0.000000 0.831469 -0.555571
vn 0.000000 -0.707107 0.707106
vn 0.000000 -0.707107 0.707107
vn 0.000000 -0.555571 0.831469
vn 0.000000 0.980785 -0.195092
vn 0.000000 0.980785 -0.195092
vn 0.000000 0.923879 -0.382685
vn 0.000000 -0.831469 0.555571
vn 0.000000 -0.831469 0.555571
vn 0.000000 -0.707107 0.707107
vn 0.000000 1.000000 -0.000000
vn 0.000000 1.000000 -0.000000
vn 0.000000 0.980785 -0.195092
vn 0.000000 -0.923880 0.382682
vn 0.000000 -0.923880 0.382682
vn 0.000000 -0.831469 0.555571
vn 0.000000 0.980785 0.195091
vn 0.000000 0.980785 0.195091
vn 0.000000 1.000000 -0.000000
vn -0.000000 -0.980785 0.195091
vn 0.000000 -0.980785 0.195091
vn 0.000000 -0.923880 0.382682
vn 0.000000 0.923880 0.382682
vn 0.000000 0.923880 0.382682
vn 0.000000 0.980785 0.195091
vn -0.000000 -0.980785 0.195091
vn -0.000001 -1.000000 0.000000
vn -0.000001 -1.000000 0.000001
vn 0.000000 0.831470 0.555570
vn 0.000000 0.831470 0.555570
vn 0.000000 0.923880 0.382682
vn -0.000001 -1.000000 0.000000
vn 0.000000 -0.980785 -0.195091
vn -0.000000 -0.980785 -0.195091
vn 0.000000 0.707107 0.707106
vn 0.000000 0.707107 0.707106
vn 0.000000 0.831470 0.555570
vn 0.000000 -0.000001 -1.000000
vn 0.000000 -0.000001 -1.000000
vn 0.000000 -0.195091 -0.980785
vn 0.000000 -0.923879 -0.382684
vn 0.000000 -0.923879 -0.382684
vn -0.000000 -0.980785 -0.195091
vn 0.000000 0.555572 0.831469
vn 0.000000 0.555572 0.831469
vn 0.000000 0.707107 0.707106
vn 0.000000 -0.195091 -0.980785
vn 0.000000 -0.195091 -0.980785
vn 0.000000 -0.382683 -0.923880
vn 0.000000 -0.831469 -0.555571
vn 0.000000 -0.831469 -0.555571
vn 0.000000 -0.923879 -0.382684
vn 0.000000 0.382683 0.923880
vn 0.000000 0.382683 0.923880
vn 0.000000 0.555572 0.831469
vn 0.000000 0.195090 -0.980785
vn 0.000000 0.195090 -0.980785
vn 0.000000 -0.000001 -1.000000
vn 0.000000 -0.707107 -0.707107
vn 0.000000 -0.707107 -0.707107
vn 0.000000 -0.831469 -0.555571
vn 0.000000 0.195090 0.980785
vn 0.000000 0.195090 0.980785
vn 0.000000 0.382683 0.923880
vn 0.000000 0.382682 -0.923880
vn 0.000000 0.382682 -0.923880
vn 0.000000 0.195090 -0.980785
vn 0.000000 -0.555570 -0.831469
vn 0.000000 -0.555570 -0.831470
vn 0.000000 -0.707107 -0.707107
vn 0.000000 0.195090 0.980785
vn 0.000000 0.000001 1.000000
vn 0.000000 0.000001 1.000000
vn 0.000000 0.555569 -0.831470
vn 0.000000 0.555569 -0.831470
vn 0.000000 0.382682 -0.923880
vn 0.000000 -0.382683 -0.923880
vn 0.000000 -0.382683 -0.923880
vn 0.000000 -0.555570 -0.831470
vn 0.000000 -0.195089 0.980785
vn 0.000000 -0.195090 0.980785
vn 0.000000 0.000001 1.000000
vn 0.000000 0.707106 -0.707108
vn 0.000000 0.707106 -0.707108
vn 0.000000 0.555569 -0.831470
vn 0.000000 -0.382682 0.923880
vn 0.000000 -0.382683 0.923880
vn 0.000000 -0.195090 0.980785
vn 0.000000 0.831469 -0.555571
vn 0.000000 0.831469 -0.555571
vn 0.000000 0.707106 -0.707108
vn 0.997168 0.000000 0.075207
vn 0.997168 0.014672 0.073762
vn 0.997168 0.014672 0.073762
vn 0.997168 0.028781 0.069483
vn 0.997168 0.028781 0.069483
vn 0.997168 0.014672 0.073762
vn 0.997168 0.000000 0.075207
vn 0.997168 0.000000 0.075208
vn 0.997168 -0.014672 0.073762
vn 0.997168 -0.028780 0.069482
vn 0.997168 -0.014672 0.073762
vn 0.997168 -0.014672 0.073762
vn 0.997168 -0.028780 0.069482
vn 0.997168 -0.028780 0.069483
vn 0.997168 -0.041783 0.062532
vn 0.997168 -0.053179 0.053180
vn 0.997168 -0.041783 0.062532
vn 0.997168 -0.041783 0.062532
vn 0.997168 -0.062532 0.041783
vn 0.997168 -0.053179 0.053180
vn 0.997168 -0.053179 0.053180
vn 0.997168 -0.062532 0.041783
vn 0.997168 -0.062532 0.041783
vn 0.997168 -0.069482 0.028781
vn 0.997168 -0.073762 0.014672
vn 0.997168 -0.069482 0.028781
vn 0.997168 -0.069482 0.028781
vn 0.997168 -0.075207 0.000000
vn 0.997168 -0.073762 0.014672
vn 0.997168 -0.073762 0.014673
vn 0.997168 -0.075207 0.000000
vn 0.997168 -0.075207 0.000000
vn 0.997168 -0.073762 -0.014672
vn 0.997168 -0.073762 -0.014672
vn 0.997168 -0.073762 -0.014672
vn 0.997168 -0.069482 -0.028781
vn 0.997168 -0.062533 -0.041783
vn 0.997168 -0.069483 -0.028781
vn 0.997168 -0.069482 -0.028781
vn 0.997168 -0.062533 -0.041783
vn 0.997168 -0.062533 -0.041783
vn 0.997168 -0.053180 -0.053179
vn 0.997168 -0.041783 -0.062532
vn 0.997168 -0.053180 -0.053179
vn 0.997168 -0.053180 -0.053179
vn 0.997168 -0.028781 -0.069482
vn 0.997168 -0.041783 -0.062532
vn 0.997168 -0.041783 -0.062533
vn 0.997168 -0.028781 -0.069482
vn 0.997168 -0.028781 -0.069482
vn 0.997168 -0.014675 -0.073762
vn 0.997168 0.000000 -0.075208
vn 0.997168 -0.014675 -0.073761
vn 0.997168 -0.014675 -0.073762
vn 0.997168 0.000000 -0.075208
vn 0.997168 0.000000 -0.075209
vn 0.997168 0.014675 -0.073762
vn 0.997168 0.028780 -0.069482
vn 0.997168 0.014675 -0.073762
vn 0.997168 0.014675 -0.073762
vn 0.997168 0.041783 -0.062533
vn 0.997168 0.028780 -0.069482
vn 0.997168 0.028780 -0.069482
vn 0.997168 0.041783 -0.062533
vn 0.997168 0.041783 -0.062532
vn 0.997168 0.053179 -0.053180
vn 0.997168 0.062532 -0.041783
vn 0.997168 0.053179 -0.053180
vn 0.997168 0.053179 -0.053180
vn 0.997168 0.062532 -0.041783
vn 0.997168 0.062532 -0.041783
vn 0.997168 0.069482 -0.028781
vn 0.997168 0.069482 -0.028781
vn 0.997168 0.069482 -0.028781
vn 0.997168 0.073762 -0.014672
vn 0.997168 0.075207 0.000000
vn 0.997168 0.073762 -0.014672
vn 0.997168 0.073762 -0.014672
vn 0.997168 0.075207 0.000000
vn 0.997168 0.075207 0.000000
vn 0.997168 0.073762 0.014672
vn 0.997168 0.069482 0.028781
vn 0.997168 0.073762 0.014672
vn 0.997168 0.073762 0.014672
vn 0.997168 0.069482 0.028781
vn 0.997168 0.069482 0.028780
vn 0.997168 0.062532 0.041783
vn 0.997168 0.053179 0.053179
vn 0.997168 0.062533 0.041782
vn 0.997168 0.062532 0.041783
vn 0.997168 0.053179 0.053179
vn 0.997168 0.053180 0.053180
vn 0.997168 0.041783 0.062532
vn 0.997168 0.028781 0.069483
vn 0.997168 0.041783 0.062532
vn 0.997168 0.041783 0.062532
vn 0.820615 -0.527980 0.218697
vn 0.820616 -0.560500 0.111491
vn 0.820615 -0.560500 0.111493
vn 0.000000 -0.707107 -0.707106
vn 0.000000 -0.707107 -0.707107
vn 0.000000 -0.831470 -0.555570
vn 0.000000 0.000001 1.000000
vn 0.000000 0.000001 1.000000
vn 0.000000 0.195091 0.980785
vn 0.000000 0.923879 0.382684
vn 0.000000 0.923879 0.382684
vn -0.000000 0.980785 0.195090
vn 0.000000 -0.555571 -0.831469
vn 0.000000 -0.555571 -0.831469
vn 0.000000 -0.707107 -0.707107
vn 0.000000 0.195091 0.980785
vn 0.000000 0.195091 0.980785
vn 0.000000 0.382683 0.923880
vn 0.000000 0.831469 0.555570
vn 0.000000 0.831469 0.555570
vn 0.000000 0.923879 0.382684
vn 0.000000 -0.382683 -0.923880
vn 0.000000 -0.382683 -0.923880
vn 0.000000 -0.555571 -0.831469
vn 0.000000 -0.195091 0.980785
vn 0.000000 -0.195090 0.980785
vn 0.000000 0.000001 1.000000
vn 0.000000 0.707107 0.707107
vn 0.000000 0.707107 0.707107
vn 0.000000 0.831469 0.555570
vn 0.000000 -0.195091 -0.980785
vn 0.000000 -0.195091 -0.980785
vn 0.000000 -0.382683 -0.923880
vn 0.000000 -0.382682 0.923880
vn 0.000000 -0.382682 0.923880
vn 0.000000 -0.195090 0.980785
vn 0.000000 0.555570 0.831470
vn 0.000000 0.555570 0.831470
vn 0.000000 0.707107 0.707107
vn 0.000000 -0.000001 -1.000000
vn 0.000000 -0.000001 -1.000000
vn 0.000000 -0.195091 -0.980785
vn 0.000000 -0.555569 0.831471
vn 0.000000 -0.555569 0.831471
vn 0.000000 -0.382682 0.923880
vn 0.000000 0.382683 0.923880
vn 0.000000 0.382683 0.923880
vn 0.000000 0.555570 0.831470
vn 0.000000 -0.000001 -1.000000
vn 0.000000 0.195090 -0.980785
vn 0.000000 0.195090 -0.980785
vn 0.000000 -0.707106 0.707108
vn 0.000000 -0.707106 0.707108
vn 0.000000 -0.555569 0.831471
vn 0.000000 0.382682 -0.923880
vn 0.000000 0.382682 -0.923880
vn 0.000000 0.195090 -0.980785
vn 0.000000 -0.831469 0.555571
vn 0.000000 -0.831469 0.555571
vn 0.000000 -0.707106 0.707108
vn 0.000000 0.555571 -0.831469
vn 0.000000 0.555571 -0.831469
vn 0.000000 0.382682 -0.923880
vn 0.000000 -0.923879 0.382685
vn 0.000000 -0.923879 0.382685
vn 0.000000 -0.831469 0.555571
vn 0.000000 0.707107 -0.707107
vn 0.000000 0.707107 -0.707107
vn 0.000000 0.555571 -0.831469
vn 0.000000 -0.980785 0.195092
vn -0.000000 -0.980785 0.195092
vn 0.000000 -0.923879 0.382685
vn 0.000000 0.831469 -0.555571
vn 0.000000 0.831469 -0.555571
vn 0.000000 0.707107 -0.707107
vn 0.000000 -1.000000 0.000001
vn -0.000000 -1.000000 0.000001
vn -0.000000 -0.980785 0.195092
vn 0.000000 0.923880 -0.382682
vn 0.000000 0.923880 -0.382682
vn 0.000000 0.831469 -0.555571
vn 0.000000 -0.980785 -0.195091
vn 0.000000 -0.980785 -0.195091
vn -0.000000 -1.000000 0.000001
vn 0.000000 0.980785 -0.195090
vn 0.000000 0.980785 -0.195090
vn 0.000000 0.923880 -0.382682
vn 0.000000 -0.923880 -0.382682
vn 0.000000 -0.923880 -0.382682
vn 0.000000 -0.980785 -0.195091
vn 0.000000 0.980785 -0.195090
vn 0.000000 1.000000 -0.000001
vn -0.000000 1.000000 -0.000001
vn 0.000000 -0.831470 -0.555570
vn 0.000000 -0.831470 -0.555570
vn 0.000000 -0.923880 -0.382682
vn 0.999062 -0.000013 -0.043296
vn 0.999061 -0.008466 -0.042497
vn 0.999061 -0.008444 -0.042501
vn 0.999061 -0.008466 -0.042497
vn 0.999059 -0.016605 -0.040062
vn 0.999059 -0.016587 -0.040069
vn 0.999064 0.008428 -0.042432
vn 0.999062 -0.000013 -0.043296
vn 0.999062 0.000010 -0.043296
vn 0.999065 0.016531 -0.039942
vn 0.999064 0.008428 -0.042432
vn 0.999064 0.008450 -0.042428
vn 0.999067 0.023989 -0.035923
vn 0.999065 0.016531 -0.039942
vn 0.999065 0.016551 -0.039933
vn 0.999068 0.030519 -0.030531
vn 0.999067 0.023989 -0.035923
vn 0.999067 0.024006 -0.035912
vn 0.999069 0.035871 -0.023977
vn 0.999068 0.030519 -0.030531
vn 0.999068 0.030530 -0.030520
vn 0.999070 0.039845 -0.016510
vn 0.999069 0.035871 -0.023977
vn 0.999069 0.035878 -0.023966
vn 0.999070 0.042291 -0.008415
vn 0.999070 0.039845 -0.016510
vn 0.999070 0.039848 -0.016501
vn 0.999070 0.043116 -0.000001
vn 0.999070 0.042291 -0.008415
vn 0.999070 0.042291 -0.008410
vn 0.999070 0.043116 -0.000001
vn 0.999070 0.043116 0.000000
vn 0.999070 0.042291 0.008411
vn 0.999070 0.042291 0.008414
vn 0.999070 0.042291 0.008411
vn 0.999070 0.039848 0.016502
vn 0.999070 0.039845 0.016509
vn 0.999070 0.039848 0.016502
vn 0.999069 0.035878 0.023966
vn 0.999069 0.035871 0.023977
vn 0.999069 0.035878 0.023966
vn 0.999068 0.030530 0.030520
vn 0.999068 0.030519 0.030532
vn 0.999068 0.030530 0.030520
vn 0.999067 0.024006 0.035912
vn 0.999067 0.023991 0.035922
vn 0.999067 0.024006 0.035912
vn 0.999065 0.016552 0.039934
vn 0.999065 0.016533 0.039942
vn 0.999065 0.016552 0.039934
vn 0.999064 0.008447 0.042429
vn 0.999064 0.008424 0.042434
vn 0.999064 0.008447 0.042429
vn 0.999062 0.000010 0.043298
vn 0.999062 -0.000013 0.043299
vn 0.999062 0.000010 0.043298
vn 0.999061 -0.008440 0.042503
vn 0.999061 -0.008461 0.042499
vn 0.999061 -0.008440 0.042503
vn 0.999059 -0.016587 0.040070
vn 0.999059 -0.016607 0.040061
vn 0.999059 -0.016587 0.040070
vn 0.999058 -0.024104 0.036089
vn 0.999058 -0.024120 0.036077
vn 0.999058 -0.024104 0.036089
vn 0.999057 -0.030702 0.030712
vn 0.999057 -0.030713 0.030701
vn 0.999057 -0.030702 0.030712
vn 0.999056 -0.036123 0.024144
vn 0.999056 -0.036130 0.024133
vn 0.999056 -0.036123 0.024144
vn 0.999055 -0.040155 0.016637
vn 0.999055 -0.040159 0.016629
vn 0.999055 -0.040155 0.016637
vn 0.999054 -0.042640 0.008483
vn 0.999055 -0.042641 0.008480
vn 0.999054 -0.042640 0.008483
vn 0.999054 -0.043479 -0.000000
vn 0.999054 -0.042641 -0.008480
vn 0.999054 -0.043479 0.000000
vn 0.999054 -0.043479 -0.000000
vn 0.999055 -0.040159 -0.016630
vn 0.999054 -0.042641 -0.008480
vn 0.999054 -0.042640 -0.008484
vn 0.999056 -0.036130 -0.024133
vn 0.999055 -0.040159 -0.016630
vn 0.999055 -0.040155 -0.016637
vn 0.999057 -0.030713 -0.030701
vn 0.999056 -0.036130 -0.024133
vn 0.999056 -0.036123 -0.024143
vn 0.999058 -0.024118 -0.036080
vn 0.999057 -0.030713 -0.030701
vn 0.999057 -0.030701 -0.030712
vn 0.999059 -0.016605 -0.040062
vn 0.999058 -0.024118 -0.036080
vn 0.999058 -0.024103 -0.036089
vn 1.000000 0.000000 -0.000000
vn 1.000000 0.000000 0.000000
vn 1.000000 0.000000 0.000000
vn 1.000000 0.000000 0.000000
vn 1.000000 0.000000 0.000000
vn 1.000000 0.000000 0.000000
vn 1.000000 0.000000 0.000000
vn 1.000000 0.000000 0.000000
vn 1.000000 0.000000 0.000000
vn 1.000000 0.000000 0.000000
vn 1.000000 0.000000 0.000004
vn 1.000000 0.000000 -0.000000
vn 1.000000 0.000000 0.000004
vn 1.000000 0.000000 -0.000000
vn 1.000000 0.000000 -0.000000
vn 1.000000 0.000000 -0.000000
vn 1.000000 0.000000 -0.000007
vn 1.000000 0.000000 -0.000000
vn 1.000000 0.000000 -0.000000
vn 1.000000 0.000000 0.000000
vn 1.000000 0.000000 0.000000
vn 1.000000 0.000000 0.000000
vn 1.000000 0.000000 0.000000
vn 1.000000 0.000000 0.000000
vn 1.000000 0.000000 0.000000
vn 1.000000 0.000000 0.000000
vn 1.000000 0.000000 0.000000
vn 1.000000 0.000000 0.000000
vn 1.000000 0.000000 0.000000
vn 1.000000 0.000002 0.000001
vn 1.000000 0.000002 0.000001
vn 1.000000 0.000010 0.000013
vn 1.000000 0.000001 0.000001
vn 1.000000 0.000001 0.000001
vn 1.000000 -0.000009 -0.000027
vn 1.000000 0.000003 0.000034
vn 1.000000 0.000003 0.000034
vn 1.000000 0.000000 0.000002
vn 1.000000 0.000001 0.000001
vn 1.000000 0.000000 0.000002
vn 1.000000 -0.000001 0.000000
vn 1.000000 0.000001 0.000001
vn 1.000000 -0.000001 0.000000
vn 1.000000 -0.000010 0.000007
vn 1.000000 -0.000004 0.000003
vn 1.000000 -0.000004 0.000003
vn 1.000000 0.000000 -0.000007
vn 1.000000 -0.000001 -0.000000
vn 1.000000 -0.000001 -0.000000
vn 1.000000 0.000000 -0.000000
vn 1.000000 0.000000 0.000000
vn 1.000000 0.000000 -0.000000
vn 1.000000 0.000000 0.000001
vn 1.000000 0.000000 0.000000
vn 1.000000 0.000000 0.000001
vn 1.000000 0.000000 0.000000
vn 1.000000 0.000000 0.000000
vn 1.000000 0.000000 0.000000
vn 1.000000 0.000000 0.000001
vn 1.000000 0.000000 -0.000000
vn 1.000000 0.000000 0.000001
vn 1.000000 0.000000 0.000008
vn 1.000000 0.000000 -0.000000
vn 1.000000 0.000000 0.000008
vn 1.000000 0.000000 -0.000013
vn 1.000000 0.000000 -0.000000
vn 1.000000 0.000000 0.000000
vn 1.000000 0.000002 0.000001
vn 1.000000 0.000000 -0.000000
vn 1.000000 0.000002 0.000001
vn 1.000000 0.000001 0.000001
vn 1.000000 0.000000 -0.000000
vn 1.000000 -0.000001 0.000000
vn 1.000000 -0.000004 0.000003
vn 1.000000 -0.000001 -0.000000
vn 1.000000 0.000000 -0.000000
vn 1.000000 0.000000 0.000000
vn 1.000000 0.000000 -0.000000
vn 1.000000 0.000001 0.000001
vn 1.000000 -0.000001 0.000000
vn 1.000000 0.000000 -0.000000
vn 1.000000 -0.000001 0.000000
vn 1.000000 -0.000001 -0.000000
vn 1.000000 0.000000 -0.000000
vn 1.000000 -0.000001 -0.000000
vn 1.000000 0.000000 0.000000
vn 1.000000 0.000000 -0.000000
vn 0.820615 0.404098 -0.404098
vn 0.820616 0.475169 -0.317498
vn 0.820616 0.475168 -0.317498
vn 0.820616 -0.560500 0.111491
vn 0.820616 -0.571480 -0.000000
vn 0.820616 -0.571480 0.000000
vn 0.820616 0.475169 -0.317498
vn 0.820616 0.527980 -0.218694
vn 0.820616 0.527980 -0.218695
vn 0.820616 -0.560500 -0.111491
vn 0.820616 -0.560499 -0.111491
vn 0.820616 -0.571480 0.000000
vn 0.820616 0.527980 -0.218694
vn 0.820616 0.560500 -0.111490
vn 0.820616 0.560500 -0.111490
vn 0.820615 -0.527980 -0.218696
vn 0.820616 -0.527980 -0.218695
vn 0.820616 -0.560499 -0.111491
vn 0.820616 0.560500 -0.111490
vn 0.820616 0.571480 -0.000001
vn 0.820616 0.571480 -0.000001
vn 0.820615 -0.527980 -0.218696
vn 0.820616 -0.475169 -0.317497
vn 0.820616 -0.475169 -0.317498
vn 0.820616 0.560500 0.111490
vn 0.820616 0.560499 0.111491
vn 0.820616 0.571480 -0.000001
vn 0.820615 -0.404098 -0.404098
vn 0.820615 -0.404098 -0.404098
vn 0.820616 -0.475169 -0.317498
vn 0.820615 0.111491 0.560501
vn 0.820616 -0.000000 0.571480
vn 0.820616 0.000001 0.571480
vn 0.820615 0.527980 0.218697
vn 0.820616 0.527979 0.218697
vn 0.820616 0.560499 0.111491
vn 0.820615 -0.404098 -0.404098
vn 0.820615 -0.317498 -0.475169
vn 0.820615 -0.317498 -0.475169
vn 0.820615 0.111491 0.560501
vn 0.820615 0.111491 0.560501
vn 0.820615 0.218695 0.527980
vn 0.820615 0.475170 0.317498
vn 0.820615 0.475170 0.317499
vn 0.820616 0.527979 0.218697
vn 0.820615 -0.317498 -0.475169
vn 0.820616 -0.218695 -0.527980
vn 0.820615 -0.218695 -0.527980
vn 0.820616 -0.000000 0.571480
vn 0.820616 -0.111490 0.560499
vn 0.820616 -0.111491 0.560499
vn 0.820615 0.404099 0.404098
vn 0.820615 0.404099 0.404099
vn 0.820615 0.475170 0.317499
vn 0.820615 -0.111495 -0.560500
vn 0.820615 -0.111493 -0.560500
vn 0.820615 -0.218695 -0.527980
vn 0.820615 -0.218696 0.527980
vn 0.820615 -0.218695 0.527980
vn 0.820616 -0.111491 0.560499
vn 0.820615 0.317499 0.475169
vn 0.820615 0.317498 0.475170
vn 0.820615 0.404099 0.404099
vn 0.820616 -0.000000 -0.571481
vn 0.820616 -0.000000 -0.571480
vn 0.820615 -0.111493 -0.560500
vn 0.820615 -0.218696 0.527980
vn 0.820615 -0.317498 0.475170
vn 0.820615 -0.317497 0.475170
vn 0.820615 0.218697 0.527980
vn 0.820615 0.218695 0.527980
vn 0.820615 0.317498 0.475170
vn 0.820616 -0.000000 -0.571481
vn 0.820615 0.111495 -0.560500
vn 0.820615 0.111493 -0.560500
vn 0.820615 -0.317498 0.475170
vn 0.820615 -0.404098 0.404099
vn 0.820615 -0.404098 0.404099
vn 0.820615 0.111495 -0.560500
vn 0.820616 0.218695 -0.527980
vn 0.820615 0.218694 -0.527981
vn 0.820615 -0.404098 0.404099
vn 0.820615 -0.475169 0.317498
vn 0.820615 -0.475169 0.317498
vn 0.820616 0.218695 -0.527980
vn 0.820616 0.317497 -0.475169
vn 0.820616 0.317497 -0.475169
vn 0.820615 -0.527980 0.218697
vn 0.820615 -0.527980 0.218698
vn 0.820615 -0.475169 0.317498
vn 0.820615 0.404098 -0.404098
vn 0.820615 0.404098 -0.404098
vn 0.820616 0.317497 -0.475169
vn 0.999800 -0.011125 -0.016653
vn 0.994647 -0.057407 -0.085914
vn 0.994647 -0.039544 -0.095465
vn 0.999800 -0.014156 -0.014159
vn 0.994648 -0.073063 -0.073062
vn 0.994647 -0.057407 -0.085914
vn 0.999800 -0.016643 -0.011122
vn 0.994648 -0.085911 -0.057404
vn 0.994648 -0.073063 -0.073062
vn 0.999800 -0.018491 -0.007660
vn 0.994648 -0.095458 -0.039540
vn 0.994648 -0.085911 -0.057404
vn 0.999800 -0.019628 -0.003905
vn 0.994648 -0.101337 -0.020157
vn 0.994648 -0.095458 -0.039540
vn 0.999800 -0.020012 0.000000
vn 0.994648 -0.103322 0.000000
vn 0.994648 -0.101337 -0.020157
vn 0.999800 -0.020012 0.000000
vn 0.999800 -0.019628 0.003905
vn 0.994648 -0.101337 0.020157
vn 0.999800 -0.019628 0.003905
vn 0.999800 -0.018491 0.007660
vn 0.994648 -0.095458 0.039540
vn 0.999800 -0.018491 0.007660
vn 0.999800 -0.016643 0.011122
vn 0.994648 -0.085912 0.057404
vn 0.999800 -0.016643 0.011122
vn 0.999800 -0.014156 0.014159
vn 0.994648 -0.073063 0.073062
vn 0.999800 -0.014156 0.014159
vn 0.999799 -0.011125 0.016653
vn 0.994647 -0.057407 0.085914
vn 0.999799 -0.011125 0.016653
vn 0.999799 -0.007664 0.018508
vn 0.994647 -0.039544 0.095466
vn 0.999799 -0.007664 0.018508
vn 0.999799 -0.003905 0.019654
vn 0.994647 -0.020159 0.101349
vn 0.999799 -0.003905 0.019654
vn 0.999799 0.000003 0.020045
vn 0.994646 -0.000001 0.103337
vn 0.999799 0.000003 0.020045
vn 0.999799 0.003912 0.019666
vn 0.994646 0.020159 0.101355
vn 0.999799 0.003912 0.019666
vn 0.999799 0.007678 0.018530
vn 0.994646 0.039547 0.095477
vn 0.999799 0.007678 0.018530
vn 0.999799 0.011148 0.016681
vn 0.994645 0.057415 0.085930
vn 0.999799 0.011148 0.016681
vn 0.999799 0.014192 0.014189
vn 0.994645 0.073078 0.073079
vn 0.999799 0.014192 0.014189
vn 0.999799 0.016691 0.011151
vn 0.994645 0.085932 0.057419
vn 0.999799 0.016691 0.011151
vn 0.999799 0.018548 0.007682
vn 0.994645 0.095484 0.039551
vn 0.999799 0.018548 0.007682
vn 0.999799 0.019692 0.003916
vn 0.994645 0.101367 0.020163
vn 0.999799 0.019692 0.003916
vn 0.999798 0.020078 0.000000
vn 0.994645 0.103353 0.000000
vn 0.999799 0.019692 -0.003916
vn 0.994645 0.101367 -0.020164
vn 0.994645 0.103353 0.000000
vn 0.999799 0.018548 -0.007682
vn 0.994645 0.095484 -0.039551
vn 0.994645 0.101367 -0.020164
vn 0.999799 0.016691 -0.011151
vn 0.994645 0.085932 -0.057419
vn 0.994645 0.095484 -0.039551
vn 0.999799 0.014192 -0.014189
vn 0.994645 0.073078 -0.073079
vn 0.994645 0.085932 -0.057419
vn 0.999799 0.011148 -0.016681
vn 0.994645 0.057415 -0.085929
vn 0.994645 0.073078 -0.073079
vn 0.999799 0.007678 -0.018530
vn 0.994646 0.039547 -0.095477
vn 0.994645 0.057415 -0.085929
vn 0.999799 0.003914 -0.019666
vn 0.994646 0.020160 -0.101355
vn 0.994646 0.039547 -0.095477
vn 0.999799 0.000002 -0.020045
vn 0.994646 -0.000001 -0.103337
vn 0.994646 0.020160 -0.101355
vn 0.999799 -0.007664 -0.018508
vn 0.994647 -0.039544 -0.095465
vn 0.994647 -0.020160 -0.101348
vn 0.999799 -0.003907 -0.019654
vn 0.994647 -0.020160 -0.101348
vn 0.994646 -0.000001 -0.103337
vn 0.981607 -0.158739 0.106066
vn 0.982476 -0.136824 0.126572
vn 0.978817 -0.158264 0.129884
vn 0.979014 -0.188280 0.077988
vn 0.981607 -0.176381 0.073059
vn 0.981607 -0.158739 0.106066
vn 0.981607 -0.187245 0.037245
vn 0.981607 -0.176381 0.073059
vn 0.979014 -0.188280 0.077988
vn 0.981607 -0.190914 0.000000
vn 0.981607 -0.187245 0.037245
vn 0.979014 -0.199877 0.039758
vn 0.981607 -0.190914 0.000000
vn 0.979014 -0.203792 0.000000
vn 0.979014 -0.199877 -0.039758
vn 0.979014 -0.188279 -0.077988
vn 0.981607 -0.176381 -0.073060
vn 0.981607 -0.187245 -0.037245
vn 0.981607 -0.176381 -0.073060
vn 0.979014 -0.188279 -0.077988
vn 0.979014 -0.169447 -0.113221
vn 0.982476 -0.136824 -0.126571
vn 0.981607 -0.158739 -0.106066
vn 0.979014 -0.169447 -0.113221
vn 0.000000 -1.000000 0.000000
vn 0.000000 -1.000000 0.000000
vn 0.000000 -1.000000 0.000000
vn 1.000000 0.000000 0.000000
vn 1.000000 0.000000 0.000000
vn 1.000000 0.000000 0.000000
vn 0.498641 0.866808 0.000000
vn 0.498641 0.866808 0.000000
vn 0.498641 0.866808 0.000000
vn 0.999448 0.000000 -0.033223
vn 0.999448 0.000000 -0.033223
vn 0.999448 0.000000 -0.033223
vn 0.000000 -1.000000 0.000000
vn 0.000000 -1.000000 0.000000
vn 0.000000 -1.000000 0.000000
vn 0.000000 1.000000 0.000000
vn 0.000000 1.000000 0.000000
vn 0.000000 1.000000 0.000000
vn -0.004128 0.995141 -0.098371
vn -0.004128 0.995141 -0.098371
vn -0.004128 0.995141 -0.098371
vn -0.004366 -0.994562 -0.104059
vn -0.004366 -0.994562 -0.104059
vn -0.004366 -0.994562 -0.104059
vn 0.999604 0.000000 -0.028146
vn 0.999604 0.000000 -0.028146
vn 0.999604 0.000000 -0.028146
vn 0.999448 0.000000 0.033223
vn 0.999448 0.000000 0.033223
vn 0.999448 0.000000 0.033223
vn 0.000000 1.000000 0.000000
vn 0.000000 1.000000 0.000000
vn 0.000000 1.000000 0.000000
vn 0.000000 -1.000000 0.000000
vn 0.000000 -1.000000 0.000000
vn 0.000000 -1.000000 0.000000
vn -0.004128 -0.995141 0.098371
vn -0.004128 -0.995141 0.098371
vn -0.004128 -0.995141 0.098371
vn -0.004366 0.994562 0.104059
vn -0.004366 0.994562 0.104059
vn -0.004366 0.994562 0.104059
vn 0.999604 0.000000 0.028146
vn 0.999604 0.000000 0.028146
vn 0.999604 0.000000 0.028146
vn 0.999448 0.033223 0.000000
vn 0.999448 0.033223 0.000000
vn 0.999448 0.033223 0.000000
vn 0.000000 0.000000 -1.000000
vn 0.000000 0.000000 -1.000000
vn 0.000000 0.000000 -1.000000
vn 0.000000 0.000000 1.000000
vn 0.000000 0.000000 1.000000
vn 0.000000 0.000000 1.000000
vn -0.004128 0.098371 0.995141
vn -0.004128 0.098371 0.995141
vn -0.004128 0.098371 0.995141
vn -0.004367 0.104059 -0.994562
vn -0.004367 0.104059 -0.994562
vn -0.004367 0.104059 -0.994562
vn 0.999604 0.028146 0.000000
vn 0.999604 0.028146 0.000000
vn 0.999604 0.028146 0.000000
vn 0.997355 -0.072683 0.000000
vn 0.997355 -0.072683 0.000000
vn 0.997355 -0.072683 0.000000
vn 0.000000 -0.000000 1.000000
vn 0.000000 -0.000000 1.000000
vn 0.000000 -0.000000 1.000000
vn 0.000000 0.000000 -1.000000
vn 0.000000 0.000000 -1.000000
vn 0.000000 0.000000 -1.000000
vn -0.004128 -0.098370 -0.995141
vn -0.004128 -0.098370 -0.995141
vn -0.004128 -0.098370 -0.995141
vn -0.004366 -0.104059 0.994562
vn -0.004366 -0.104059 0.994562
vn -0.004366 -0.104059 0.994562
vn 0.999604 -0.028146 0.000000
vn 0.999604 -0.028146 0.000000
vn 0.999604 -0.028146 0.000000
vn 0.999448 0.023492 -0.023492
vn 0.999448 0.023492 -0.023492
vn 0.999448 0.023492 -0.023492
vn -0.000001 -0.707107 -0.707107
vn -0.000001 -0.707107 -0.707107
vn -0.000001 -0.707107 -0.707107
vn 0.000001 0.707107 0.707107
vn 0.000001 0.707107 0.707107
vn 0.000001 0.707107 0.707107
vn -0.004127 0.773230 0.634112
vn -0.004127 0.773230 0.634112
vn -0.004127 0.773230 0.634112
vn -0.004366 -0.629680 -0.776843
vn -0.004366 -0.629680 -0.776843
vn -0.004366 -0.629680 -0.776843
vn 0.999604 0.019903 -0.019902
vn 0.999604 0.019903 -0.019902
vn 0.999604 0.019903 -0.019902
vn 0.999448 -0.023492 0.023492
vn 0.999448 -0.023492 0.023492
vn 0.999448 -0.023492 0.023492
vn 0.000000 0.707107 0.707107
vn 0.000000 0.707107 0.707107
vn 0.000000 0.707107 0.707107
vn 0.000000 -0.707107 -0.707107
vn 0.000000 -0.707107 -0.707107
vn 0.000000 -0.707107 -0.707107
vn -0.004128 -0.773229 -0.634113
vn -0.004128 -0.773229 -0.634113
vn -0.004128 -0.773229 -0.634113
vn -0.004367 0.629680 0.776842
vn -0.004367 0.629680 0.776842
vn -0.004367 0.629680 0.776842
vn 0.999604 -0.019903 0.019902
vn 0.999604 -0.019903 0.019902
vn 0.999604 -0.019903 0.019902
vn 0.999448 0.023492 0.023492
vn 0.999448 0.023492 0.023492
vn 0.999448 0.023492 0.023492
vn 0.000001 0.707107 -0.707107
vn 0.000001 0.707107 -0.707107
vn 0.000001 0.707107 -0.707107
vn 0.000000 -0.707107 0.707107
vn 0.000000 -0.707107 0.707107
vn 0.000000 -0.707107 0.707107
vn -0.004130 -0.634113 0.773230
vn -0.004130 -0.634113 0.773230
vn -0.004130 -0.634113 0.773230
vn -0.004368 0.776842 -0.629680
vn -0.004368 0.776842 -0.629680
vn -0.004368 0.776842 -0.629680
vn 0.999604 0.019902 0.019903
vn 0.999604 0.019902 0.019903
vn 0.999604 0.019902 0.019903
vn 0.999448 -0.023492 -0.023493
vn 0.999448 -0.023492 -0.023493
vn 0.999448 -0.023492 -0.023493
vn 0.000001 -0.707107 0.707107
vn 0.000001 -0.707107 0.707107
vn 0.000001 -0.707107 0.707107
vn 0.000001 0.707107 -0.707107
vn 0.000001 0.707107 -0.707107
vn 0.000001 0.707107 -0.707107
vn -0.004128 0.634112 -0.773230
vn -0.004128 0.634112 -0.773230
vn -0.004128 0.634112 -0.773230
vn -0.004365 -0.776842 0.629681
vn -0.004365 -0.776842 0.629681
vn -0.004365 -0.776842 0.629681
vn 0.999604 -0.019902 -0.019903
vn 0.999604 -0.019902 -0.019903
vn 0.999604 -0.019902 -0.019903
vn 0.000000 0.000000 -1.000000
vn 0.000000 0.000000 -1.000000
vn 0.000000 0.000000 -1.000000
vn 0.000000 0.000000 -1.000000
vn 0.000000 0.000000 -1.000000
vn 0.000000 0.000000 -1.000000
vn 0.000000 0.000000 1.000000
vn 0.000000 0.000000 1.000000
vn 0.000000 0.000000 1.000000
vn 0.000000 -1.000000 0.000000
vn 0.000000 -1.000000 0.000000
vn 0.000000 -1.000000 0.000000
vn 0.000000 1.000000 0.000000
vn 0.000000 1.000000 0.000000
vn 0.000000 1.000000 0.000000
vn 1.000000 0.000000 0.000000
vn 1.000000 0.000000 0.000000
vn 1.000000 0.000000 -0.000002
vn 1.000000 0.000000 0.000000
vn 1.000000 0.000000 0.000000
vn 1.000000 0.000000 0.000000
vn 1.000000 0.000000 0.000000
vn 1.000000 0.000000 -0.000001
vn 1.000000 0.000000 -0.000002
vn 1.000000 0.000000 0.000000
vn 1.000000 0.000000 0.000000
vn 1.000000 0.000000 0.000000
vn 0.000000 1.000000 0.000000
vn 0.000000 1.000000 0.000000
vn 0.000000 1.000000 0.000000
vn 0.000000 -1.000000 0.000000
vn 0.000000 -1.000000 0.000000
vn 0.000000 -1.000000 0.000000
vn 0.000000 0.000000 1.000000
vn 0.000000 0.000000 1.000000
vn 0.000000 0.000000 1.000000
vn 0.000001 1.000000 0.000000
vn 0.866029 0.499994 0.000000
vn 0.866029 0.499995 0.000000
vn 0.866029 0.499994 0.000000
vn 0.866029 -0.499994 0.000000
vn 0.866029 -0.499995 0.000000
vn 0.866029 -0.499994 0.000000
vn 0.000001 -1.000000 0.000000
vn 0.000001 -1.000000 0.000000
vn 0.000001 -1.000000 0.000000
vn -0.866028 -0.499995 0.000000
vn -0.866028 -0.499995 0.000000
vn -0.866028 -0.499995 0.000000
vn -0.866028 0.499995 0.000000
vn -0.866028 0.499995 0.000000
vn -0.866028 0.499995 0.000000
vn 0.000001 1.000000 0.000000
vn 0.000001 1.000000 0.000000
vn 0.866029 0.499994 0.000000
vn 0.866029 0.499994 0.000000
vn 0.866028 -0.499995 0.000000
vn 0.000000 0.000000 1.000000
vn 0.000000 0.000000 1.000000
vn 0.000000 0.000000 1.000000
vn 0.000000 0.000000 1.000000
vn 0.000000 0.000000 1.000000
vn 0.000000 0.000000 1.000000
vn 0.000000 0.000000 1.000000
vn 0.000000 0.000000 1.000000
vn 0.000000 0.000000 1.000000
vn 0.000000 0.000000 1.000000
vn 0.000000 0.000000 1.000000
vn 0.000000 0.000000 1.000000
vn 0.000000 0.000000 1.000000
vn 0.000000 0.000000 1.000000
vn 0.000000 0.000000 1.000000
vn 0.000000 0.000000 1.000000
vn 0.000000 0.000000 1.000000
vn 0.000000 0.000000 1.000000
vn -0.866029 -0.499994 0.000000
vn -0.866029 -0.499994 0.000000
vn -0.866028 0.499995 0.000000
vn 0.866028 -0.499995 0.000000
vn 0.866028 -0.499995 0.000000
vn -0.000001 -1.000000 0.000000
vn 0.000001 1.000000 0.000000
vn 0.000001 1.000000 0.000000
vn 0.866029 0.499994 0.000000
vn -0.866028 0.499995 0.000000
vn -0.866028 0.499995 0.000000
vn 0.000001 1.000000 0.000000
vn -0.000001 -1.000000 0.000000
vn -0.000001 -1.000000 0.000000
vn -0.866029 -0.499994 0.000000
vn 0.000000 -0.000000 -1.000000
vn 0.000000 -0.000002 -1.000000
vn 0.000000 -0.000000 -1.000000
vn 0.000000 -0.000000 -1.000000
vn 0.000000 0.000000 -1.000000
vn 0.000000 0.000000 -1.000000
vn 0.000000 0.000000 -1.000000
vn 0.000000 0.000000 -1.000000
vn 0.000000 -0.000000 -1.000000
vn 0.000008 1.000000 0.000000
vn 0.866025 0.500001 0.000000
vn 0.866022 0.500006 0.000000
vn 0.866025 0.500001 0.000000
vn 0.866025 -0.500001 0.000000
vn 0.866022 -0.500007 0.000000
vn 0.866025 -0.500001 0.000000
vn 0.000008 -1.000000 0.000000
vn -0.000005 -1.000000 0.000000
vn 0.000008 -1.000000 0.000000
vn -0.866021 -0.500008 0.000000
vn -0.866024 -0.500002 0.000000
vn -0.866021 -0.500008 0.000000
vn -0.866021 0.500008 0.000000
vn -0.866024 0.500002 0.000000
vn -0.866021 0.500008 0.000000
vn 0.000008 1.000000 0.000000
vn -0.000005 1.000000 0.000000
vn 0.866018 0.500013 0.000000
vn 0.866015 0.500019 0.000000
vn 0.866014 -0.500020 0.000000
vn 0.000000 0.000000 1.000000
vn 0.000000 0.000000 1.000000
vn 0.000000 0.000000 1.000000
vn 0.000000 0.000000 1.000000
vn 0.000000 0.000000 1.000000
vn 0.000000 0.000000 1.000000
vn 0.000000 0.000000 1.000000
vn 0.000000 0.000000 1.000000
vn 0.000000 0.000000 1.000000
vn 0.000000 0.000000 1.000000
vn 0.000000 0.000000 1.000000
vn 0.000000 0.000000 1.000000
vn 0.000000 0.000000 1.000000
vn 0.000000 0.000000 1.000000
vn 0.000000 0.000000 1.000000
vn 0.000000 0.000000 1.000000
vn 0.000000 0.000000 1.000000
vn 0.000000 0.000000 1.000000
vn -0.866014 -0.500020 0.000000
vn -0.866018 -0.500014 0.000000
vn -0.866018 0.500013 0.000000
vn 0.866018 -0.500014 0.000000
vn 0.866014 -0.500020 0.000000
vn -0.000007 -1.000000 0.000000
vn 0.000007 1.000000 0.000000
vn -0.000007 1.000000 0.000000
vn 0.866015 0.500019 0.000000
vn -0.866015 0.500019 0.000000
vn -0.866018 0.500013 0.000000
vn -0.000007 1.000000 0.000000
vn 0.000007 -1.000000 0.000000
vn -0.000007 -1.000000 0.000000
vn -0.866018 -0.500014 0.000000
vn 0.000000 0.000000 -1.000000
vn 0.000000 0.000000 -1.000000
vn 0.000000 0.000000 -1.000000
vn 0.000000 0.000000 -1.000000
vn 0.000000 0.000000 -1.000000
vn 0.000000 0.000000 -1.000000
vn 0.000000 0.000000 -1.000000
vn 0.000000 0.000000 -1.000000
vn 0.000000 0.000000 -1.000000
vn 0.000000 0.000000 -1.000000
vn 0.000000 0.000000 -1.000000
vn 0.000000 0.000000 -1.000000
vn 1.000000 0.000000 0.000000
vn 1.000000 0.000000 0.000000
vn 1.000000 0.000000 0.000000
vn 0.000000 0.000000 1.000000
vn 0.000000 0.000000 1.000000
vn 0.000000 0.000000 1.000000
vn 0.000000 0.000000 1.000000
vn 0.000000 0.000000 1.000000
vn 0.000000 0.000000 1.000000
vn 1.000000 0.000000 0.000000
vn 1.000000 0.000000 0.000000
vn 1.000000 0.000000 0.000000
vn 0.000000 0.000000 -1.000000
vn 0.000000 0.000000 -1.000000
vn 0.000000 0.000000 -1.000000
vn 0.785128 0.237008 -0.572190
vn 0.785128 0.237008 -0.572190
vn 0.785129 0.237009 -0.572189
vn 1.000000 0.000000 0.000000
vn 1.000000 0.000000 0.000000
vn 1.000000 0.000000 0.000000
vn 0.785128 -0.237008 0.572190
vn 0.785128 -0.237008 0.572190
vn 0.785127 -0.237008 0.572191
f 1/1/1 2/2/2 3/3/3
f 4/4/4 5/5/5 6/6/6
f 7/7/7 8/8/8 9/9/9
f 10/10/10 11/11/11 12/12/12
f 13/13/13 14/14/14 15/15/15
f 16/16/16 17/17/17 18/18/18
f 19/19/19 20/20/20 21/21/21
f 22/22/22 23/23/23 24/24/24
f 25/25/25 26/26/26 27/27/27
f 28/28/28 29/29/29 30/30/30
f 31/31/31 32/32/32 33/33/33
f 34/34/34 35/35/35 36/36/36
f 37/37/37 38/38/38 39/39/39
f 40/40/40 41/41/41 42/42/42
f 43/43/43 44/44/44 45/45/45
f 46/46/46 47/47/47 48/48/48
f 49/49/49 50/50/50 51/51/51
f 52/52/52 53/53/53 54/54/54
f 55/55/55 56/56/56 57/57/57
f 58/58/58 59/59/59 60/60/60
f 61/61/61 62/62/62 63/63/63
f 64/64/64 65/65/65 66/66/66
f 67/67/67 68/68/68 69/69/69
f 70/70/70 71/71/71 72/72/72
f 73/73/73 74/74/74 75/75/75
f 76/76/76 77/77/77 78/78/78
f 79/79/79 80/80/80 81/81/81
f 82/82/82 83/83/83 84/84/84
f 85/85/85 86/86/86 87/87/87
f 88/88/88 89/89/89 90/90/90
f 91/91/91 92/92/92 93/93/93
f 94/94/94 95/95/95 96/96/96
f 97/97/97 98/98/98 99/99/99
f 100/100/100 101/101/101 102/102/102
f 103/103/103 104/104/104 105/105/105
f 106/106/106 107/107/107 108/108/108
f 109/109/109 110/110/110 111/111/111
f 112/112/112 113/113/113 114/114/114
f 115/115/115 116/116/116 117/117/117
f 118/118/118 119/119/119 120/120/120
f 121/121/121 122/122/122 123/123/123
f 124/124/124 125/125/125 126/126/126
f 127/127/127 128/128/128 129/129/129
f 130/130/130 131/131/131 132/132/132
f 133/133/133 134/134/134 135/135/135
f 136/136/136 137/137/137 138/138/138
f 139/139/139 140/140/140 141/141/141
f 142/142/142 143/143/143 144/144/144
f 145/145/145 146/146/146 147/147/147
f 148/148/148 149/149/149 150/150/150
f 151/151/151 152/152/152 153/153/153
f 154/154/154 155/155/155 156/156/156
f 157/157/157 158/158/158 159/159/159
f 160/160/160 161/161/161 162/162/162
f 163/163/163 164/164/164 165/165/165
f 166/166/166 167/167/167 168/168/168
f 169/169/169 170/170/170 171/171/171
f 172/172/172 173/173/173 174/174/174
f 175/175/175 176/176/176 177/177/177
f 178/178/178 179/179/179 180/180/180
f 181/181/181 182/182/182 183/183/183
f 184/184/184 185/185/185 186/186/186
f 187/187/187 188/188/188 189/189/189
f 190/190/190 191/191/191 192/192/192
f 193/193/193 194/194/194 195/195/195
f 196/196/196 197/197/197 198/198/198
f 199/199/199 200/200/200 201/201/201
f 202/202/202 203/203/203 204/204/204
f 205/205/205 206/206/206 207/207/207
f 208/208/208 209/209/209 210/210/210
f 211/211/211 212/212/212 213/213/213
f 214/214/214 215/215/215 216/216/216
f 217/217/217 218/218/218 219/219/219
f 220/220/220 221/221/221 222/222/222
f 223/223/223 224/224/224 225/225/225
f 226/226/226 227/227/227 228/228/228
f 229/229/229 230/230/230 231/231/231
f 232/232/232 233/233/233 234/234/234
f 235/235/235 236/236/236 237/237/237
f 238/238/238 239/239/239 240/240/240
f 241/241/241 242/242/242 243/243/243
f 244/244/244 245/245/245 246/246/246
f 247/247/247 248/248/248 249/249/249
f 250/250/250 251/251/251 252/252/252
f 253/253/253 254/254/254 255/255/255
f 256/256/256 257/257/257 258/258/258
f 259/259/259 260/260/260 261/261/261
f 262/262/262 263/263/263 264/264/264
f 265/265/265 266/266/266 267/267/267
f 268/268/268 269/269/269 270/270/270
f 271/271/271 272/272/272 273/273/273
f 274/274/274 275/275/275 276/276/276
f 277/277/277 278/278/278 279/279/279
f 280/280/280 281/281/281 282/282/282
f 283/283/283 284/284/284 285/285/285
f 286/286/286 287/287/287 288/288/288
f 289/289/289 290/290/290 291/291/291
f 292/292/292 293/293/293 294/294/294
f 295/295/295 296/296/296 297/297/297
f 298/298/298 299/299/299 300/300/300
f 301/301/301 302/302/302 303/303/303
f 304/304/304 305/305/305 306/306/306
f 307/307/307 308/308/308 309/309/309
f 310/310/310 311/311/311 312/312/312
f 313/313/313 314/314/314 315/315/315
f 316/316/316 317/317/317 318/318/318
f 319/319/319 320/320/320 321/321/321
f 322/322/322 323/323/323 324/324/324
f 325/325/325 326/326/326 327/327/327
f 328/328/328 329/329/329 330/330/330
f 331/331/331 332/332/332 333/333/333
f 334/334/334 335/335/335 336/336/336
f 337/337/337 338/338/338 339/339/339
f 340/340/340 341/341/341 342/342/342
f 343/343/343 344/344/344 345/345/345
f 346/346/346 347/347/347 348/348/348
f 349/349/349 350/350/350 351/351/351
f 352/352/352 353/353/353 354/354/354
f 355/355/355 356/356/356 357/357/357
f 358/358/358 359/359/359 360/360/360
f 361/361/361 362/362/362 363/363/363
f 364/364/364 365/365/365 366/366/366
f 367/367/367 368/368/368 369/369/369
f 370/370/370 371/371/371 372/372/372
f 373/373/373 374/374/374 375/375/375
f 376/376/376 377/377/377 378/378/378
f 379/379/379 380/380/380 381/381/381
f 382/382/382 383/383/383 384/384/384
f 385/385/385 386/386/386 387/387/387
f 388/388/388 389/389/389 390/390/390
f 391/391/391 392/392/392 393/393/393
f 394/394/394 395/395/395 396/396/396
f 397/397/397 398/398/398 399/399/399
f 400/400/400 401/401/401 402/402/402
f 403/403/403 404/404/404 405/405/405
f 406/406/406 407/407/407 408/408/408
f 409/409/409 410/410/410 411/411/411
f 412/412/412 413/413/413 414/414/414
f 415/415/415 416/416/416 417/417/417
f 418/418/418 419/419/419 420/420/420
f 421/421/421 422/422/422 423/423/423
f 424/424/424 425/425/425 426/426/426
f 427/427/427 428/428/428 429/429/429
f 430/430/430 431/431/431 432/432/432
f 433/433/433 434/434/434 435/435/435
f 436/436/436 437/437/437 438/438/438
f 439/439/439 440/440/440 441/441/441
f 442/442/442 443/443/443 444/444/444
f 445/445/445 446/446/446 447/447/447
f 448/448/448 449/449/449 450/450/450
f 451/451/451 452/452/452 453/453/453
f 454/454/454 455/455/455 456/456/456
f 457/457/457 458/458/458 459/459/459
f 460/460/460 461/461/461 462/462/462
f 463/463/463 464/464/464 465/465/465
f 466/466/466 467/467/467 468/468/468
f 469/469/469 470/470/470 471/471/471
f 472/472/472 473/473/473 474/474/474
f 475/475/475 476/476/476 477/477/477
f 478/478/478 479/479/479 480/480/480
f 481/481/481 482/482/482 483/483/483
f 484/484/484 485/485/485 486/486/486
f 487/487/487 488/488/488 489/489/489
f 490/490/490 491/491/491 492/492/492
f 493/493/493 494/494/494 495/495/495
f 496/496/496 497/497/497 498/498/498
f 499/499/499 500/500/500 501/501/501
f 502/502/502 503/503/503 504/504/504
f 505/505/505 506/506/506 507/507/507
f 508/508/508 509/509/509 510/510/510
f 511/511/511 512/512/512 513/513/513
f 514/514/514 515/515/515 516/516/516
f 517/517/517 518/518/518 519/519/519
f 520/520/520 521/521/521 522/522/522
f 523/523/523 524/524/524 525/525/525
f 526/526/526 527/527/527 528/528/528
f 529/529/529 530/530/530 531/531/531
f 532/532/532 533/533/533 534/534/534
f 535/535/535 536/536/536 537/537/537
f 538/538/538 539/539/539 540/540/540
f 541/541/541 542/542/542 543/543/543
f 544/544/544 545/545/545 546/546/546
f 547/547/547 548/548/548 549/549/549
f 550/550/550 551/551/551 552/552/552
f 553/553/553 554/554/554 555/555/555
f 556/556/556 557/557/557 558/558/558
f 559/559/559 560/560/560 561/561/561
f 562/562/562 563/563/563 564/564/564
f 565/565/565 566/566/566 567/567/567
f 568/568/568 569/569/569 570/570/570
f 571/571/571 572/572/572 573/573/573
f 574/574/574 575/575/575 576/576/576
f 577/577/577 578/578/578 579/579/579
f 580/580/580 581/581/581 582/582/582
f 583/583/583 584/584/584 585/585/585
f 586/586/586 587/587/587 588/588/588
f 589/589/589 590/590/590 591/591/591
f 592/592/592 593/593/593 594/594/594
f 595/595/595 596/596/596 597/597/597
f 598/598/598 599/599/599 600/600/600
f 601/601/601 602/602/602 603/603/603
f 604/604/604 605/605/605 606/606/606
f 607/607/607 608/608/608 609/609/609
f 610/610/610 611/611/611 612/612/612
f 613/613/613 614/614/614 615/615/615
f 616/616/616 617/617/617 618/618/618
f 619/619/619 620/620/620 621/621/621
f 622/622/622 623/623/623 624/624/624
f 625/625/625 626/626/626 627/627/627
f 628/628/628 629/629/629 630/630/630
f 631/631/631 632/632/632 633/633/633
f 634/634/634 635/635/635 636/636/636
f 637/637/637 638/638/638 639/639/639
f 640/640/640 641/641/641 642/642/642
f 643/643/643 644/644/644 645/645/645
f 646/646/646 647/647/647 648/648/648
f 649/649/649 650/650/650 651/651/651
f 652/652/652 653/653/653 654/654/654
f 655/655/655 656/656/656 657/657/657
f 658/658/658 659/659/659 660/660/660
f 661/661/661 662/662/662 663/663/663
f 664/664/664 665/665/665 666/666/666
f 667/667/667 668/668/668 669/669/669
f 670/670/670 671/671/671 672/672/672
f 673/673/673 674/674/674 675/675/675
f 676/676/676 677/677/677 678/678/678
f 679/679/679 680/680/680 681/681/681
f 682/682/682 683/683/683 684/684/684
f 685/685/685 686/686/686 687/687/687
f 688/688/688 689/689/689 690/690/690
f 691/691/691 692/692/692 693/693/693
f 694/694/694 695/695/695 696/696/696
f 697/697/697 698/698/698 699/699/699
f 700/700/700 701/701/701 702/702/702
f 703/703/703 704/704/704 705/705/705
f 706/706/706 707/707/707 708/708/708
f 709/709/709 710/710/710 711/711/711
f 712/712/712 713/713/713 714/714/714
f 715/715/715 716/716/716 717/717/717
f 718/718/718 719/719/719 720/720/720
f 721/721/721 722/722/722 723/723/723
f 724/724/724 725/725/725 726/726/726
f 727/727/727 728/728/728 729/729/729
f 730/730/730 731/731/731 732/732/732
f 733/733/733 734/734/734 735/735/735
f 736/736/736 737/737/737 738/738/738
f 739/739/739 740/740/740 741/741/741
f 742/742/742 743/743/743 744/744/744
f 745/745/745 746/746/746 747/747/747
f 748/748/748 749/749/749 750/750/750
f 751/751/751 752/752/752 753/753/753
f 754/754/754 755/755/755 756/756/756
f 757/757/757 758/758/758 759/759/759
f 760/760/760 761/761/761 762/762/762
f 763/763/763 764/764/764 765/765/765
f 766/766/766 767/767/767 768/768/768
f 769/769/769 770/770/770 771/771/771
f 772/772/772 773/773/773 774/774/774
f 775/775/775 776/776/776 777/777/777
f 778/778/778 779/779/779 780/780/780
f 781/781/781 782/782/782 783/783/783
f 784/784/784 785/785/785 786/786/786
f 787/787/787 788/788/788 789/789/789
f 790/790/790 791/791/791 792/792/792
f 793/793/793 794/794/794 795/795/795
f 796/796/796 797/797/797 798/798/798
f 799/799/799 800/800/800 801/801/801
f 802/802/802 803/803/803 804/804/804
f 805/805/805 806/806/806 807/807/807
f 808/808/808 809/809/809 810/810/810
f 811/811/811 812/812/812 813/813/813
f 814/814/814 815/815/815 816/816/816
f 817/817/817 818/818/818 819/819/819
f 820/820/820 821/821/821 822/822/822
f 823/823/823 824/824/824 825/825/825
f 826/826/826 827/827/827 828/828/828
f 829/829/829 830/830/830 831/831/831
f 832/832/832 833/833/833 834/834/834
f 835/835/835 836/836/836 837/837/837
f 838/838/838 839/839/839 840/840/840
f 841/841/841 842/842/842 843/843/843
f 844/844/844 845/845/845 846/846/846
f 847/847/847 848/848/848 849/849/849
f 850/850/850 851/851/851 852/852/852
f 853/853/853 854/854/854 855/855/855
f 856/856/856 857/857/857 858/858/858
f 859/859/859 860/860/860 861/861/861
f 862/862/862 863/863/863 864/864/864
f 865/865/865 866/866/866 867/867/867
f 868/868/868 869/869/869 870/870/870
f 871/871/871 872/872/872 873/873/873
f 874/874/874 875/875/875 876/876/876
f 877/877/877 878/878/878 879/879/879
f 880/880/880 881/881/881 882/882/882
f 883/883/883 884/884/884 885/885/885
f 886/886/886 887/887/887 888/888/888
f 889/889/889 890/890/890 891/891/891
f 892/892/892 893/893/893 894/894/894
f 895/895/895 896/896/896 897/897/897
f 898/898/898 899/899/899 900/900/900
f 901/901/901 902/902/902 903/903/903
f 904/904/904 905/905/905 906/906/906
f 907/907/907 908/908/908 909/909/909
f 910/910/910 911/911/911 912/912/912
f 913/913/913 914/914/914 915/915/915
f 916/916/916 917/917/917 918/918/918
f 919/919/919 920/920/920 921/921/921
f 922/922/922 923/923/923 924/924/924
f 925/925/925 926/926/926 927/927/927
f 928/928/928 929/929/929 930/930/930
f 931/931/931 932/932/932 933/933/933
f 934/934/934 935/935/935 936/936/936
f 937/937/937 938/938/938 939/939/939
f 940/940/940 941/941/941 942/942/942
f 943/943/943 944/944/944 945/945/945
f 946/946/946 947/947/947 948/948/948
f 949/949/949 950/950/950 951/951/951
f 952/952/952 953/953/953 954/954/954
f 955/955/955 956/956/956 957/957/957
f 958/958/958 959/959/959 960/960/960
f 961/961/961 962/962/962 963/963/963
f 964/964/964 965/965/965 966/966/966
f 967/967/967 968/968/968 969/969/969
f 970/970/970 971/971/971 972/972/972
f 973/973/973 974/974/974 975/975/975
f 976/976/976 977/977/977 978/978/978
f 979/979/979 980/980/980 981/981/981
f 982/982/982 983/983/983 984/984/984
f 985/985/985 986/986/986 987/987/987
f 988/988/988 989/989/989 990/990/990
f 991/991/991 992/992/992 993/993/993
f 994/994/994 995/995/995 996/996/996
f 997/997/997 998/998/998 999/999/999
f 1000/1000/1000 1001/1001/1001 1002/1002/1002
f 1003/1003/1003 1004/1004/1004 1005/1005/1005
f 1006/1006/1006 1007/1007/1007 1008/1008/1008
f 1009/1009/1009 1010/1010/1010 1011/1011/1011
f 1012/1012/1012 1013/1013/1013 1014/1014/1014
f 1015/1015/1015 1016/1016/1016 1017/1017/1017
f 1018/1018/1018 1019/1019/1019 1020/1020/1020
f 1021/1021/1021 1022/1022/1022 1023/1023/1023
f 1024/1024/1024 1025/1025/1025 1026/1026/1026
f 1027/1027/1027 1028/1028/1028 1029/1029/1029
f 1030/1030/1030 1031/1031/1031 1032/1032/1032
f 1033/1033/1033 1034/1034/1034 1035/1035/1035
f 1036/1036/1036 1037/1037/1037 1038/1038/1038
f 1039/1039/1039 1040/1040/1040 1041/1041/1041
f 1042/1042/1042 1043/1043/1043 1044/1044/1044
f 1045/1045/1045 1046/1046/1046 1047/1047/1047
f 1048/1048/1048 1049/1049/1049 1050/1050/1050
f 1051/1051/1051 1052/1052/1052 1053/1053/1053
f 1054/1054/1054 1055/1055/1055 1056/1056/1056
f 1057/1057/1057 1058/1058/1058 1059/1059/1059
f 1060/1060/1060 1061/1061/1061 1062/1062/1062
f 1063/1063/1063 1064/1064/1064 1065/1065/1065
f 1066/1066/1066 1067/1067/1067 1068/1068/1068
f 1069/1069/1069 1070/1070/1070 1071/1071/1071
f 1072/1072/1072 1073/1073/1073 1074/1074/1074
f 1075/1075/1075 1076/1076/1076 1077/1077/1077
f 1078/1078/1078 1079/1079/1079 1080/1080/1080
f 1081/1081/1081 1082/1082/1082 1083/1083/1083
f 1084/1084/1084 1085/1085/1085 1086/1086/1086
f 1087/1087/1087 1088/1088/1088 1089/1089/1089
f 1090/1090/1090 1091/1091/1091 1092/1092/1092
f 1093/1093/1093 1094/1094/1094 1095/1095/1095
f 1096/1096/1096 1097/1097/1097 1098/1098/1098
f 1099/1099/1099 1100/1100/1100 1101/1101/1101
f 1102/1102/1102 1103/1103/1103 1104/1104/1104
f 1105/1105/1105 1106/1106/1106 1107/1107/1107
f 1108/1108/1108 1109/1109/1109 1110/1110/1110
f 1111/1111/1111 1112/1112/1112 1113/1113/1113
f 1114/1114/1114 1115/1115/1115 1116/1116/1116
f 1117/1117/1117 1118/1118/1118 1119/1119/1119
f 1120/1120/1120 1121/1121/1121 1122/1122/1122
f 1123/1123/1123 1124/1124/1124 1125/1125/1125
f 1126/1126/1126 1127/1127/1127 1128/1128/1128
f 1129/1129/1129 1130/1130/1130 1131/1131/1131
f 1132/1132/1132 1133/1133/1133 1134/1134/1134
f 1135/1135/1135 1136/1136/1136 1137/1137/1137
f 1138/1138/1138 1139/1139/1139 1140/1140/1140
f 1141/1141/1141 1142/1142/1142 1143/1143/1143
f 1144/1144/1144 1145/1145/1145 1146/1146/1146
f 1147/1147/1147 1148/1148/1148 1149/1149/1149
f 1150/1150/1150 1151/1151/1151 1152/1152/1152
f 1153/1153/1153 1154/1154/1154 1155/1155/1155
f 1156/1156/1156 1157/1157/1157 1158/1158/1158
f 1159/1159/1159 1160/1160/1160 1161/1161/1161
f 1162/1162/1162 1163/1163/1163 1164/1164/1164
f 1165/1165/1165 1166/1166/1166 1167/1167/1167
f 1168/1168/1168 1169/1169/1169 1170/1170/1170
f 1171/1171/1171 1172/1172/1172 1173/1173/1173
f 1174/1174/1174 1175/1175/1175 1176/1176/1176
f 1177/1177/1177 1178/1178/1178 1179/1179/1179
f 1180/1180/1180 1181/1181/1181 1182/1182/1182
f 1183/1183/1183 1184/1184/1184 1185/1185/1185
f 1186/1186/1186 1187/1187/1187 1188/1188/1188
f 1189/1189/1189 1190/1190/1190 1191/1191/1191
f 1192/1192/1192 1193/1193/1193 1194/1194/1194
f 1195/1195/1195 1196/1196/1196 1197/1197/1197
f 1198/1198/1198 1199/1199/1199 1200/1200/1200
f 1201/1201/1201 1202/1202/1202 1203/1203/1203
f 1204/1204/1204 1205/1205/1205 1206/1206/1206
f 1207/1207/1207 1208/1208/1208 1209/1209/1209
f 1210/1210/1210 1211/1211/1211 1212/1212/1212
f 1213/1213/1213 1214/1214/1214 1215/1215/1215
f 1216/1216/1216 1217/1217/1217 1218/1218/1218
f 1219/1219/1219 1220/1220/1220 1221/1221/1221
f 1222/1222/1222 1223/1223/1223 1224/1224/1224
f 1225/1225/1225 1226/1226/1226 1227/1227/1227
f 1228/1228/1228 1229/1229/1229 1230/1230/1230
f 1231/1231/1231 1232/1232/1232 1233/1233/1233
f 1234/1234/1234 1235/1235/1235 1236/1236/1236
f 1237/1237/1237 1238/1238/1238 1239/1239/1239
f 1240/1240/1240 1241/1241/1241 1242/1242/1242
f 1243/1243/1243 1244/1244/1244 1245/1245/1245
f 1246/1246/1246 1247/1247/1247 1248/1248/1248
f 1249/1249/1249 1250/1250/1250 1251/1251/1251
f 1252/1252/1252 1253/1253/1253 1254/1254/1254
f 1255/1255/1255 1256/1256/1256 1257/1257/1257
f 1258/1258/1258 1259/1259/1259 1260/1260/1260
f 1261/1261/1261 1262/1262/1262 1263/1263/1263
f 1264/1264/1264 1265/1265/1265 1266/1266/1266
f 1267/1267/1267 1268/1268/1268 1269/1269/1269
f 1270/1270/1270 1271/1271/1271 1272/1272/1272
f 1273/1273/1273 1274/1274/1274 1275/1275/1275
f 1276/1276/1276 1277/1277/1277 1278/1278/1278
f 1279/1279/1279 1280/1280/1280 1281/1281/1281
f 1282/1282/1282 1283/1283/1283 1284/1284/1284
f 1285/1285/1285 1286/1286/1286 1287/1287/1287
f 1288/1288/1288 1289/1289/1289 1290/1290/1290
f 1291/1291/1291 1292/1292/1292 1293/1293/1293
f 1294/1294/1294 1295/1295/1295 1296/1296/1296
f 1297/1297/1297 1298/1298/1298 1299/1299/1299
f 1300/1300/1300 1301/1301/1301 1302/1302/1302
f 1303/1303/1303 1304/1304/1304 1305/1305/1305
f 1306/1306/1306 1307/1307/1307 1308/1308/1308
f 1309/1309/1309 1310/1310/1310 1311/1311/1311
f 1312/1312/1312 1313/1313/1313 1314/1314/1314
f 1315/1315/1315 1316/1316/1316 1317/1317/1317
f 1318/1318/1318 1319/1319/1319 1320/1320/1320
f 1321/1321/1321 1322/1322/1322 1323/1323/1323
f 1324/1324/1324 1325/1325/1325 1326/1326/1326
f 1327/1327/1327 1328/1328/1328 1329/1329/1329
f 1330/1330/1330 1331/1331/1331 1332/1332/1332
f 1333/1333/1333 1334/1334/1334 1335/1335/1335
f 1336/1336/1336 1337/1337/1337 1338/1338/1338
f 1339/1339/1339 1340/1340/1340 1341/1341/1341
f 1342/1342/1342 1343/1343/1343 1344/1344/1344
f 1345/1345/1345 1346/1346/1346 1347/1347/1347
f 1348/1348/1348 1349/1349/1349 1350/1350/1350
f 1351/1351/1351 1352/1352/1352 1353/1353/1353
f 1354/1354/1354 1355/1355/1355 1356/1356/1356
f 1357/1357/1357 1358/1358/1358 1359/1359/1359
f 1360/1360/1360 1361/1361/1361 1362/1362/1362
f 1363/1363/1363 1364/1364/1364 1365/1365/1365
f 1366/1366/1366 1367/1367/1367 1368/1368/1368
f 1369/1369/1369 1370/1370/1370 1371/1371/1371
f 1372/1372/1372 1373/1373/1373 1374/1374/1374
f 1375/1375/1375 1376/1376/1376 1377/1377/1377
f 1378/1378/1378 1379/1379/1379 1380/1380/1380
f 1381/1381/1381 1382/1382/1382 1383/1383/1383
f 1384/1384/1384 1385/1385/1385 1386/1386/1386
f 1387/1387/1387 1388/1388/1388 1389/1389/1389
f 1390/1390/1390 1391/1391/1391 1392/1392/1392
f 1393/1393/1393 1394/1394/1394 1395/1395/1395
f 1396/1396/1396 1397/1397/1397 1398/1398/1398
f 1399/1399/1399 1400/1400/1400 1401/1401/1401
f 1402/1402/1402 1403/1403/1403 1404/1404/1404
f 1405/1405/1405 1406/1406/1406 1407/1407/1407
f 1408/1408/1408 1409/1409/1409 1410/1410/1410
f 1411/1411/1411 1412/1412/1412 1413/1413/1413
f 1414/1414/1414 1415/1415/1415 1416/1416/1416
f 1417/1417/1417 1418/1418/1418 1419/1419/1419
f 1420/1420/1420 1421/1421/1421 1422/1422/1422
f 1423/1423/1423 1424/1424/1424 1425/1425/1425
f 1426/1426/1426 1427/1427/1427 1428/1428/1428
f 1429/1429/1429 1430/1430/1430 1431/1431/1431
f 1432/1432/1432 1433/1433/1433 1434/1434/1434
f 1435/1435/1435 1436/1436/1436 1437/1437/1437
f 1438/1438/1438 1439/1439/1439 1440/1440/1440
f 1441/1441/1441 1442/1442/1442 1443/1443/1443
f 1444/1444/1444 1445/1445/1445 1446/1446/1446
f 1447/1447/1447 1448/1448/1448 1449/1449/1449
f 1450/1450/1450 1451/1451/1451 1452/1452/1452
f 1453/1453/1453 1454/1454/1454 1455/1455/1455
f 1456/1456/1456 1457/1457/1457 1458/1458/1458
f 1459/1459/1459 1460/1460/1460 1461/1461/1461
f 1462/1462/1462 1463/1463/1463 1464/1464/1464
f 1465/1465/1465 1466/1466/1466 1467/1467/1467
f 1468/1468/1468 1469/1469/1469 1470/1470/1470
f 1471/1471/1471 1472/1472/1472 1473/1473/1473
f 1474/1474/1474 1475/1475/1475 1476/1476/1476
f 1477/1477/1477 1478/1478/1478 1479/1479/1479
f 1480/1480/1480 1481/1481/1481 1482/1482/1482
f 1483/1483/1483 1484/1484/1484 1485/1485/1485
f 1486/1486/1486 1487/1487/1487 1488/1488/1488
f 1489/1489/1489 1490/1490/1490 1491/1491/1491
f 1492/1492/1492 1493/1493/1493 1494/1494/1494
f 1495/1495/1495 1496/1496/1496 1497/1497/1497
f 1498/1498/1498 1499/1499/1499 1500/1500/1500
f 1501/1501/1501 1502/1502/1502 1503/1503/1503
f 1504/1504/1504 1505/1505/1505 1506/1506/1506
f 1507/1507/1507 1508/1508/1508 1509/1509/1509
f 1510/1510/1510 1511/1511/1511 1512/1512/1512
f 1513/1513/1513 1514/1514/1514 1515/1515/1515
f 1516/1516/1516 1517/1517/1517 1518/1518/1518
f 1519/1519/1519 1520/1520/1520 1521/1521/1521
f 1522/1522/1522 1523/1523/1523 1524/1524/1524
f 1525/1525/1525 1526/1526/1526 1527/1527/1527
f 1528/1528/1528 1529/1529/1529 1530/1530/1530
f 1531/1531/1531 1532/1532/1532 1533/1533/1533
f 1534/1534/1534 1535/1535/1535 1536/1536/1536
f 1537/1537/1537 1538/1538/1538 1539/1539/1539
f 1540/1540/1540 1541/1541/1541 1542/1542/1542
f 1543/1543/1543 1544/1544/1544 1545/1545/1545
f 1546/1546/1546 1547/1547/1547 1548/1548/1548
f 1549/1549/1549 1550/1550/1550 1551/1551/1551
f 1552/1552/1552 1553/1553/1553 1554/1554/1554
f 1555/1555/1555 1556/1556/1556 1557/1557/1557
f 1558/1558/1558 1559/1559/1559 1560/1560/1560
f 1561/1561/1561 1562/1562/1562 1563/1563/1563
f 1564/1564/1564 1565/1565/1565 1566/1566/1566
f 1567/1567/1567 1568/1568/1568 1569/1569/1569
f 1570/1570/1570 1571/1571/1571 1572/1572/1572
f 1573/1573/1573 1574/1574/1574 1575/1575/1575
f 1576/1576/1576 1577/1577/1577 1578/1578/1578
f 1579/1579/1579 1580/1580/1580 1581/1581/1581
f 1582/1582/1582 1583/1583/1583 1584/1584/1584
f 1585/1585/1585 1586/1586/1586 1587/1587/1587
f 1588/1588/1588 1589/1589/1589 1590/1590/1590
f 1591/1591/1591 1592/1592/1592 1593/1593/1593
f 1594/1594/1594 1595/1595/1595 1596/1596/1596
f 1597/1597/1597 1598/1598/1598 1599/1599/1599
f 1600/1600/1600 1601/1601/1601 1602/1602/1602
f 1603/1603/1603 1604/1604/1604 1605/1605/1605
f 1606/1606/1606 1607/1607/1607 1608/1608/1608
f 1609/1609/1609 1610/1610/1610 1611/1611/1611
f 1612/1612/1612 1613/1613/1613 1614/1614/1614
f 1615/1615/1615 1616/1616/1616 1617/1617/1617
f 1618/1618/1618 1619/1619/1619 1620/1620/1620
f 1621/1621/1621 1622/1622/1622 1623/1623/1623
f 1624/1624/1624 1625/1625/1625 1626/1626/1626
f 1627/1627/1627 1628/1628/1628 1629/1629/1629
f 1630/1630/1630 1631/1631/1631 1632/1632/1632
f 1633/1633/1633 1634/1634/1634 1635/1635/1635
f 1636/1636/1636 1637/1637/1637 1638/1638/1638
f 1639/1639/1639 1640/1640/1640 1641/1641/1641
f 1642/1642/1642 1643/1643/1643 1644/1644/1644
f 1645/1645/1645 1646/1646/1646 1647/1647/1647
f 1648/1648/1648 1649/1649/1649 1650/1650/1650
f 1651/1651/1651 1652/1652/1652 1653/1653/1653
f 1654/1654/1654 1655/1655/1655 1656/1656/1656
f 1657/1657/1657 1658/1658/1658 1659/1659/1659
f 1660/1660/1660 1661/1661/1661 1662/1662/1662
f 1663/1663/1663 1664/1664/1664 1665/1665/1665
f 1666/1666/1666 1667/1667/1667 1668/1668/1668
f 1669/1669/1669 1670/1670/1670 1671/1671/1671
f 1672/1672/1672 1673/1673/1673 1674/1674/1674
f 1675/1675/1675 1676/1676/1676 1677/1677/1677
f 1678/1678/1678 1679/1679/1679 1680/1680/1680
f 1681/1681/1681 1682/1682/1682 1683/1683/1683
f 1684/1684/1684 1685/1685/1685 1686/1686/1686
f 1687/1687/1687 1688/1688/1688 1689/1689/1689
f 1690/1690/1690 1691/1691/1691 1692/1692/1692
f 1693/1693/1693 1694/1694/1694 1695/1695/1695
f 1696/1696/1696 1697/1697/1697 1698/1698/1698
f 1699/1699/1699 1700/1700/1700 1701/1701/1701
f 1702/1702/1702 1703/1703/1703 1704/1704/1704
f 1705/1705/1705 1706/1706/1706 1707/1707/1707
f 1708/1708/1708 1709/1709/1709 1710/1710/1710
f 1711/1711/1711 1712/1712/1712 1713/1713/1713
f 1714/1714/1714 1715/1715/1715 1716/1716/1716
f 1717/1717/1717 1718/1718/1718 1719/1719/1719
f 1720/1720/1720 1721/1721/1721 1722/1722/1722
f 1723/1723/1723 1724/1724/1724 1725/1725/1725
f 1726/1726/1726 1727/1727/1727 1728/1728/1728
f 1729/1729/1729 1730/1730/1730 1731/1731/1731
f 1732/1732/1732 1733/1733/1733 1734/1734/1734
f 1735/1735/1735 1736/1736/1736 1737/1737/1737
f 1738/1738/1738 1739/1739/1739 1740/1740/1740
f 1741/1741/1741 1742/1742/1742 1743/1743/1743
f 1744/1744/1744 1745/1745/1745 1746/1746/1746
f 1747/1747/1747 1748/1748/1748 1749/1749/1749
f 1750/1750/1750 1751/1751/1751 1752/1752/1752
f 1753/1753/1753 1754/1754/1754 1755/1755/1755
f 1756/1756/1756 1757/1757/1757 1758/1758/1758
f 1759/1759/1759 1760/1760/1760 1761/1761/1761
f 1762/1762/1762 1763/1763/1763 1764/1764/1764
f 1765/1765/1765 1766/1766/1766 1767/1767/1767
f 1768/1768/1768 1769/1769/1769 1770/1770/1770
f 1771/1771/1771 1772/1772/1772 1773/1773/1773
f 1774/1774/1774 1775/1775/1775 1776/1776/1776
f 1777/1777/1777 1778/1778/1778 1779/1779/1779
f 1780/1780/1780 1781/1781/1781 1782/1782/1782
f 1783/1783/1783 1784/1784/1784 1785/1785/1785
f 1786/1786/1786 1787/1787/1787 1788/1788/1788
f 1789/1789/1789 1790/1790/1790 1791/1791/1791
f 1792/1792/1792 1793/1793/1793 1794/1794/1794
f 1795/1795/1795 1796/1796/1796 1797/1797/1797
f 1798/1798/1798 1799/1799/1799 1800/1800/1800
f 1801/1801/1801 1802/1802/1802 1803/1803/1803
f 1804/1804/1804 1805/1805/1805 1806/1806/1806
f 1807/1807/1807 1808/1808/1808 1809/1809/1809
f 1810/1810/1810 1811/1811/1811 1812/1812/1812
f 1813/1813/1813 1814/1814/1814 1815/1815/1815
f 1816/1816/1816 1817/1817/1817 1818/1818/1818
f 1819/1819/1819 1820/1820/1820 1821/1821/1821
f 1822/1822/1822 1823/1823/1823 1824/1824/1824
f 1825/1825/1825 1826/1826/1826 1827/1827/1827
f 1828/1828/1828 1829/1829/1829 1830/1830/1830
f 1831/1831/1831 1832/1832/1832 1833/1833/1833
f 1834/1834/1834 1835/1835/1835 1836/1836/1836
f 1837/1837/1837 1838/1838/1838 1839/1839/1839
f 1840/1840/1840 1841/1841/1841 1842/1842/1842
f 1843/1843/1843 1844/1844/1844 1845/1845/1845
f 1846/1846/1846 1847/1847/1847 1848/1848/1848
f 1849/1849/1849 1850/1850/1850 1851/1851/1851
f 1852/1852/1852 1853/1853/1853 1854/1854/1854
f 1855/1855/1855 1856/1856/1856 1857/1857/1857
f 1858/1858/1858 1859/1859/1859 1860/1860/1860
f 1861/1861/1861 1862/1862/1862 1863/1863/1863
f 1864/1864/1864 1865/1865/1865 1866/1866/1866
f 1867/1867/1867 1868/1868/1868 1869/1869/1869
f 1870/1870/1870 1871/1871/1871 1872/1872/1872
f 1873/1873/1873 1874/1874/1874 1875/1875/1875
f 1876/1876/1876 1877/1877/1877 1878/1878/1878
f 1879/1879/1879 1880/1880/1880 1881/1881/1881
f 1882/1882/1882 1883/1883/1883 1884/1884/1884
f 1885/1885/1885 1886/1886/1886 1887/1887/1887
f 1888/1888/1888 1889/1889/1889 1890/1890/1890
f 1891/1891/1891 1892/1892/1892 1893/1893/1893
f 1894/1894/1894 1895/1895/1895 1896/1896/1896
f 1897/1897/1897 1898/1898/1898 1899/1899/1899
f 1900/1900/1900 1901/1901/1901 1902/1902/1902
f 1903/1903/1903 1904/1904/1904 1905/1905/1905
f 1906/1906/1906 1907/1907/1907 1908/1908/1908
f 1909/1909/1909 1910/1910/1910 1911/1911/1911
f 1912/1912/1912 1913/1913/1913 1914/1914/1914
f 1915/1915/1915 1916/1916/1916 1917/1917/1917
f 1918/1918/1918 1919/1919/1919 1920/1920/1920
f 1921/1921/1921 1922/1922/1922 1923/1923/1923
f 1924/1924/1924 1925/1925/1925 1926/1926/1926
f 1927/1927/1927 1928/1928/1928 1929/1929/1929
f 1930/1930/1930 1931/1931/1931 1932/1932/1932
f 1933/1933/1933 1934/1934/1934 1935/1935/1935
f 1936/1936/1936 1937/1937/1937 1938/1938/1938
f 1939/1939/1939 1940/1940/1940 1941/1941/1941
f 1942/1942/1942 1943/1943/1943 1944/1944/1944
f 1945/1945/1945 1946/1946/1946 1947/1947/1947
f 1948/1948/1948 1949/1949/1949 1950/1950/1950
f 1951/1951/1951 1952/1952/1952 1953/1953/1953
f 1954/1954/1954 1955/1955/1955 1956/1956/1956
f 1957/1957/1957 1958/1958/1958 1959/1959/1959
f 1960/1960/1960 1961/1961/1961 1962/1962/1962
f 1963/1963/1963 1964/1964/1964 1965/1965/1965
f 1966/1966/1966 1967/1967/1967 1968/1968/1968
f 1969/1969/1969 1970/1970/1970 1971/1971/1971
f 1972/1972/1972 1973/1973/1973 1974/1974/1974
f 1975/1975/1975 1976/1976/1976 1977/1977/1977
f 1978/1978/1978 1979/1979/1979 1980/1980/1980
f 1981/1981/1981 1982/1982/1982 1983/1983/1983
f 1984/1984/1984 1985/1985/1985 1986/1986/1986
f 1987/1987/1987 1988/1988/1988 1989/1989/1989
f 1990/1990/1990 1991/1991/1991 1992/1992/1992
f 1993/1993/1993 1994/1994/1994 1995/1995/1995
f 1996/1996/1996 1997/1997/1997 1998/1998/1998
f 1999/1999/1999 2000/2000/2000 2001/2001/2001
f 2002/2002/2002 2003/2003/2003 2004/2004/2004
f 2005/2005/2005 2006/2006/2006 2007/2007/2007
f 2008/2008/2008 2009/2009/2009 2010/2010/2010
f 2011/2011/2011 2012/2012/2012 2013/2013/2013
f 2014/2014/2014 2015/2015/2015 2016/2016/2016
f 2017/2017/2017 2018/2018/2018 2019/2019/2019
f 2020/2020/2020 2021/2021/2021 2022/2022/2022
f 2023/2023/2023 2024/2024/2024 2025/2025/2025
f 2026/2026/2026 2027/2027/2027 2028/2028/2028
f 2029/2029/2029 2030/2030/2030 2031/2031/2031
f 2032/2032/2032 2033/2033/2033 2034/2034/2034
f 2035/2035/2035 2036/2036/2036 2037/2037/2037
f 2038/2038/2038 2039/2039/2039 2040/2040/2040
f 2041/2041/2041 2042/2042/2042 2043/2043/2043
f 2044/2044/2044 2045/2045/2045 2046/2046/2046
f 2047/2047/2047 2048/2048/2048 2049/2049/2049
f 2050/2050/2050 2051/2051/2051 2052/2052/2052
f 2053/2053/2053 2054/2054/2054 2055/2055/2055
f 2056/2056/2056 2057/2057/2057 2058/2058/2058
f 2059/2059/2059 2060/2060/2060 2061/2061/2061
f 2062/2062/2062 2063/2063/2063 2064/2064/2064
f 2065/2065/2065 2066/2066/2066 2067/2067/2067
f 2068/2068/2068 2069/2069/2069 2070/2070/2070
f 2071/2071/2071 2072/2072/2072 2073/2073/2073
f 2074/2074/2074 2075/2075/2075 2076/2076/2076
f 2077/2077/2077 2078/2078/2078 2079/2079/2079
f 2080/2080/2080 2081/2081/2081 2082/2082/2082
f 2083/2083/2083 2084/2084/2084 2085/2085/2085
f 2086/2086/2086 2087/2087/2087 2088/2088/2088
f 2089/2089/2089 2090/2090/2090 2091/2091/2091
f 2092/2092/2092 2093/2093/2093 2094/2094/2094
f 2095/2095/2095 2096/2096/2096 2097/2097/2097
f 2098/2098/2098 2099/2099/2099 2100/2100/2100
f 2101/2101/2101 2102/2102/2102 2103/2103/2103
f 2104/2104/2104 2105/2105/2105 2106/2106/2106
f 2107/2107/2107 2108/2108/2108 2109/2109/2109
f 2110/2110/2110 2111/2111/2111 2112/2112/2112
f 2113/2113/2113 2114/2114/2114 2115/2115/2115
f 2116/2116/2116 2117/2117/2117 2118/2118/2118
f 2119/2119/2119 2120/2120/2120 2121/2121/2121
f 2122/2122/2122 2123/2123/2123 2124/2124/2124
f 2125/2125/2125 2126/2126/2126 2127/2127/2127
f 2128/2128/2128 2129/2129/2129 2130/2130/2130
f 2131/2131/2131 2132/2132/2132 2133/2133/2133
f 2134/2134/2134 2135/2135/2135 2136/2136/2136
f 2137/2137/2137 2138/2138/2138 2139/2139/2139
f 2140/2140/2140 2141/2141/2141 2142/2142/2142
f 2143/2143/2143 2144/2144/2144 2145/2145/2145
f 2146/2146/2146 2147/2147/2147 2148/2148/2148
f 2149/2149/2149 2150/2150/2150 2151/2151/2151
f 2152/2152/2152 2153/2153/2153 2154/2154/2154
f 2155/2155/2155 2156/2156/2156 2157/2157/2157
f 2158/2158/2158 2159/2159/2159 2160/2160/2160
f 2161/2161/2161 2162/2162/2162 2163/2163/2163
f 2164/2164/2164 2165/2165/2165 2166/2166/2166
f 2167/2167/2167 2168/2168/2168 2169/2169/2169
f 2170/2170/2170 2171/2171/2171 2172/2172/2172
f 2173/2173/2173 2174/2174/2174 2175/2175/2175
f 2176/2176/2176 2177/2177/2177 2178/2178/2178
f 2179/2179/2179 2180/2180/2180 2181/2181/2181
f 2182/2182/2182 2183/2183/2183 2184/2184/2184
f 2185/2185/2185 2186/2186/2186 2187/2187/2187
f 2188/2188/2188 2189/2189/2189 2190/2190/2190
f 2191/2191/2191 2192/2192/2192 2193/2193/2193
f 2194/2194/2194 2195/2195/2195 2196/2196/2196
f 2197/2197/2197 2198/2198/2198 2199/2199/2199
f 2200/2200/2200 2201/2201/2201 2202/2202/2202
f 2203/2203/2203 2204/2204/2204 2205/2205/2205
f 2206/2206/2206 2207/2207/2207 2208/2208/2208
f 2209/2209/2209 2210/2210/2210 2211/2211/2211
f 2212/2212/2212 2213/2213/2213 2214/2214/2214
f 2215/2215/2215 2216/2216/2216 2217/2217/2217
f 2218/2218/2218 2219/2219/2219 2220/2220/2220
f 2221/2221/2221 2222/2222/2222 2223/2223/2223
f 2224/2224/2224 2225/2225/2225 2226/2226/2226
f 2227/2227/2227 2228/2228/2228 2229/2229/2229
f 2230/2230/2230 2231/2231/2231 2232/2232/2232
f 2233/2233/2233 2234/2234/2234 2235/2235/2235
f 2236/2236/2236 2237/2237/2237 2238/2238/2238
f 2239/2239/2239 2240/2240/2240 2241/2241/2241
f 2242/2242/2242 2243/2243/2243 2244/2244/2244
f 2245/2245/2245 2246/2246/2246 2247/2247/2247
f 2248/2248/2248 2249/2249/2249 2250/2250/2250
f 2251/2251/2251 2252/2252/2252 2253/2253/2253
f 2254/2254/2254 2255/2255/2255 2256/2256/2256
f 2257/2257/2257 2258/2258/2258 2259/2259/2259
f 2260/2260/2260 2261/2261/2261 2262/2262/2262
f 2263/2263/2263 2264/2264/2264 2265/2265/2265
f 2266/2266/2266 2267/2267/2267 2268/2268/2268
f 2269/2269/2269 2270/2270/2270 2271/2271/2271
f 2272/2272/2272 2273/2273/2273 2274/2274/2274
f 2275/2275/2275 2276/2276/2276 2277/2277/2277
f 2278/2278/2278 2279/2279/2279 2280/2280/2280
f 2281/2281/2281 2282/2282/2282 2283/2283/2283
f 2284/2284/2284 2285/2285/2285 2286/2286/2286
f 2287/2287/2287 2288/2288/2288 2289/2289/2289
f 2290/2290/2290 2291/2291/2291 2292/2292/2292
f 2293/2293/2293 2294/2294/2294 2295/2295/2295
f 2296/2296/2296 2297/2297/2297 2298/2298/2298
f 2299/2299/2299 2300/2300/2300 2301/2301/2301
f 2302/2302/2302 2303/2303/2303 2304/2304/2304
f 2305/2305/2305 2306/2306/2306 2307/2307/2307
f 2308/2308/2308 2309/2309/2309 2310/2310/2310
f 2311/2311/2311 2312/2312/2312 2313/2313/2313
f 2314/2314/2314 2315/2315/2315 2316/2316/2316
f 2317/2317/2317 2318/2318/2318 2319/2319/2319
f 2320/2320/2320 2321/2321/2321 2322/2322/2322
f 2323/2323/2323 2324/2324/2324 2325/2325/2325
f 2326/2326/2326 2327/2327/2327 2328/2328/2328
f 2329/2329/2329 2330/2330/2330 2331/2331/2331
f 2332/2332/2332 2333/2333/2333 2334/2334/2334
f 2335/2335/2335 2336/2336/2336 2337/2337/2337
f 2338/2338/2338 2339/2339/2339 2340/2340/2340
f 2341/2341/2341 2342/2342/2342 2343/2343/2343
f 2344/2344/2344 2345/2345/2345 2346/2346/2346
f 2347/2347/2347 2348/2348/2348 2349/2349/2349
f 2350/2350/2350 2351/2351/2351 2352/2352/2352
f 2353/2353/2353 2354/2354/2354 2355/2355/2355
f 2356/2356/2356 2357/2357/2357 2358/2358/2358
f 2359/2359/2359 2360/2360/2360 2361/2361/2361
f 2362/2362/2362 2363/2363/2363 2364/2364/2364
f 2365/2365/2365 2366/2366/2366 2367/2367/2367
f 2368/2368/2368 2369/2369/2369 2370/2370/2370
f 2371/2371/2371 2372/2372/2372 2373/2373/2373
f 2374/2374/2374 2375/2375/2375 2376/2376/2376
f 2377/2377/2377 2378/2378/2378 2379/2379/2379
f 2380/2380/2380 2381/2381/2381 2382/2382/2382
f 2383/2383/2383 2384/2384/2384 2385/2385/2385
f 2386/2386/2386 2387/2387/2387 2388/2388/2388
f 2389/2389/2389 2390/2390/2390 2391/2391/2391
f 2392/2392/2392 2393/2393/2393 2394/2394/2394
f 2395/2395/2395 2396/2396/2396 2397/2397/2397
f 2398/2398/2398 2399/2399/2399 2400/2400/2400
f 2401/2401/2401 2402/2402/2402 2403/2403/2403
f 2404/2404/2404 2405/2405/2405 2406/2406/2406
f 2407/2407/2407 2408/2408/2408 2409/2409/2409
f 2410/2410/2410 2411/2411/2411 2412/2412/2412
f 2413/2413/2413 2414/2414/2414 2415/2415/2415
f 2416/2416/2416 2417/2417/2417 2418/2418/2418
f 2419/2419/2419 2420/2420/2420 2421/2421/2421
f 2422/2422/2422 2423/2423/2423 2424/2424/2424
f 2425/2425/2425 2426/2426/2426 2427/2427/2427
f 2428/2428/2428 2429/2429/2429 2430/2430/2430
f 2431/2431/2431 2432/2432/2432 2433/2433/2433
f 2434/2434/2434 2435/2435/2435 2436/2436/2436
f 2437/2437/2437 2438/2438/2438 2439/2439/2439
f 2440/2440/2440 2441/2441/2441 2442/2442/2442
